Company Account,Merchant Account,Psp Reference,Merchant Reference,Record Type,Creation Date,TimeZone,Gross Currency,Gross Debit,Gross Credit,Commission,Markup,Net Currency,Net Debit,Net Credit,Batch Number
LumoGroup,LumoAPP_US,8620000000000623,ORD-504573,Authorised,2026-06-01 09:13:28,Europe/Amsterdam,USD,,24.99,,,USD,,,23
LumoGroup,LumoECOM_EU,8620000000000500,ORD-504450,Authorised,2026-06-01 09:15:43,Europe/Amsterdam,EUR,,9.99,,,EUR,,,23
LumoGroup,LumoECOM_EU,8620000000000115,ORD-504065,Authorised,2026-06-01 09:18:57,Europe/Amsterdam,EUR,,24.99,,,EUR,,,23
LumoGroup,LumoAPP_US,8620000000000623,ORD-504573,Settled,2026-06-01 09:36:28,Europe/Amsterdam,USD,,24.99,0.47,0.15,USD,,24.37,23
LumoGroup,LumoAPP_US,8620000000000575,ORD-504525,Authorised,2026-06-01 09:41:36,Europe/Amsterdam,USD,,9.99,,,USD,,,23
LumoGroup,LumoECOM_EU,8620000000001232,ORD-505182,Authorised,2026-06-01 09:45:50,Europe/Amsterdam,GBP,,21.99,,,GBP,,,23
LumoGroup,LumoAPP_US,8620000000000182,ORD-504132,Authorised,2026-06-01 09:57:39,Europe/Amsterdam,USD,,9.99,,,USD,,,23
LumoGroup,LumoECOM_EU,8620000000000500,ORD-504450,Settled,2026-06-01 10:03:43,Europe/Amsterdam,EUR,,9.99,0.19,0.06,EUR,,9.74,23
LumoGroup,LumoECOM_EU,8620000000001622,ORD-505572,Authorised,2026-06-01 10:06:07,Europe/Amsterdam,EUR,,9.99,,,EUR,,,23
LumoGroup,LumoECOM_EU,8620000000000003,ORD-503953,Authorised,2026-06-01 10:08:56,Europe/Amsterdam,GBP,,8.99,,,GBP,,,23
LumoGroup,LumoECOM_EU,8620000000000047,ORD-503997,Authorised,2026-06-01 10:11:16,Europe/Amsterdam,EUR,,59.99,,,EUR,,,23
LumoGroup,LumoECOM_EU,8620000000001160,ORD-505110,Authorised,2026-06-01 10:13:05,Europe/Amsterdam,EUR,,9.99,,,EUR,,,23
LumoGroup,LumoECOM_EU,8620000000000358,ORD-504308,Authorised,2026-06-01 10:14:23,Europe/Amsterdam,EUR,,9.99,,,EUR,,,23
LumoGroup,LumoECOM_EU,8620000000001592,ORD-505542,Authorised,2026-06-01 10:14:24,Europe/Amsterdam,EUR,,59.99,,,EUR,,,23
LumoGroup,LumoECOM_EU,8620000000001124,ORD-505074,Authorised,2026-06-01 10:23:31,Europe/Amsterdam,EUR,,59.99,,,EUR,,,23
LumoGroup,LumoECOM_EU,8620000000000047,ORD-503997,Settled,2026-06-01 10:34:16,Europe/Amsterdam,EUR,,59.99,1.14,0.36,EUR,,58.49,23
LumoGroup,LumoAPP_US,8620000000000182,ORD-504132,Settled,2026-06-01 10:35:39,Europe/Amsterdam,USD,,9.99,0.19,0.06,USD,,9.74,23
LumoGroup,LumoECOM_EU,8620000000001592,ORD-505542,Settled,2026-06-01 10:39:24,Europe/Amsterdam,EUR,,59.99,1.14,0.36,EUR,,58.49,23
LumoGroup,LumoECOM_EU,8620000000000003,ORD-503953,Settled,2026-06-01 10:41:56,Europe/Amsterdam,GBP,,8.99,0.17,0.05,GBP,,8.77,23
LumoGroup,LumoECOM_EU,8620000000000785,ORD-504735,Authorised,2026-06-01 10:46:58,Europe/Amsterdam,EUR,,59.99,,,EUR,,,23
LumoGroup,LumoECOM_EU,8620000000001160,ORD-505110,Settled,2026-06-01 10:49:05,Europe/Amsterdam,EUR,,9.99,0.19,0.06,EUR,,9.74,23
LumoGroup,LumoECOM_EU,8620000000000309,ORD-504259,Authorised,2026-06-01 10:49:16,Europe/Amsterdam,EUR,,59.99,,,EUR,,,23
LumoGroup,LumoAPP_US,8620000000000575,ORD-504525,Settled,2026-06-01 10:50:36,Europe/Amsterdam,USD,,9.99,0.19,0.06,USD,,9.74,23
LumoGroup,LumoECOM_EU,8620000000000115,ORD-504065,Settled,2026-06-01 10:50:57,Europe/Amsterdam,EUR,,24.99,0.47,0.15,EUR,,24.37,23
LumoGroup,LumoAPP_US,8620000000000218,ORD-504168,Authorised,2026-06-01 11:08:20,Europe/Amsterdam,USD,,9.99,,,USD,,,23
LumoGroup,LumoECOM_EU,8620000000001124,ORD-505074,Settled,2026-06-01 11:24:31,Europe/Amsterdam,EUR,,59.99,1.14,0.36,EUR,,58.49,23
LumoGroup,LumoECOM_EU,8620000000001232,ORD-505182,Settled,2026-06-01 11:27:50,Europe/Amsterdam,GBP,,21.99,0.42,0.13,GBP,,21.44,23
LumoGroup,LumoECOM_EU,8620000000001622,ORD-505572,Settled,2026-06-01 11:32:07,Europe/Amsterdam,EUR,,9.99,0.19,0.06,EUR,,9.74,23
LumoGroup,LumoECOM_EU,8620000000000358,ORD-504308,Settled,2026-06-01 11:39:23,Europe/Amsterdam,EUR,,9.99,0.19,0.06,EUR,,9.74,23
LumoGroup,LumoECOM_EU,8620000000001074,ORD-505024,Authorised,2026-06-01 11:39:32,Europe/Amsterdam,EUR,,9.99,,,EUR,,,23
LumoGroup,LumoECOM_EU,8620000000000814,ORD-504764,Authorised,2026-06-01 11:42:25,Europe/Amsterdam,EUR,,9.99,,,EUR,,,23
LumoGroup,LumoAPP_US,8620000000001347,ORD-505297,Authorised,2026-06-01 11:47:43,Europe/Amsterdam,USD,,4.99,,,USD,,,23
LumoGroup,LumoECOM_EU,8620000000000309,ORD-504259,Settled,2026-06-01 11:49:16,Europe/Amsterdam,EUR,,59.99,1.14,0.36,EUR,,58.49,23
LumoGroup,LumoAPP_US,8620000000000218,ORD-504168,Settled,2026-06-01 11:57:20,Europe/Amsterdam,USD,,9.99,0.19,0.06,USD,,9.74,23
LumoGroup,LumoECOM_EU,8620000000000785,ORD-504735,Settled,2026-06-01 12:02:58,Europe/Amsterdam,EUR,,59.99,1.14,0.36,EUR,,58.49,23
LumoGroup,LumoAPP_US,8620000000000100,ORD-504050,Authorised,2026-06-01 12:11:43,Europe/Amsterdam,USD,,9.99,,,USD,,,23
LumoGroup,LumoECOM_EU,8620000000001308,ORD-505258,Authorised,2026-06-01 12:13:06,Europe/Amsterdam,EUR,,24.99,,,EUR,,,23
LumoGroup,LumoECOM_EU,8620000000000762,ORD-504712,Authorised,2026-06-01 12:18:40,Europe/Amsterdam,EUR,,9.99,,,EUR,,,23
LumoGroup,LumoECOM_EU,8620000000000549,ORD-504499,Authorised,2026-06-01 12:19:18,Europe/Amsterdam,EUR,,9.99,,,EUR,,,23
LumoGroup,LumoECOM_EU,8620000000000814,ORD-504764,Settled,2026-06-01 12:36:25,Europe/Amsterdam,EUR,,9.99,0.19,0.06,EUR,,9.74,23
LumoGroup,LumoAPP_US,8620000000000878,ORD-504828,Authorised,2026-06-01 12:36:50,Europe/Amsterdam,USD,,9.99,,,USD,,,23
LumoGroup,LumoAPP_US,8620000000000326,ORD-504276,Authorised,2026-06-01 12:39:01,Europe/Amsterdam,USD,,9.99,,,USD,,,23
LumoGroup,LumoAPP_US,8620000000001347,ORD-505297,Settled,2026-06-01 12:53:43,Europe/Amsterdam,USD,,4.99,0.09,0.03,USD,,4.87,23
LumoGroup,LumoECOM_EU,8620000000000762,ORD-504712,Settled,2026-06-01 12:55:40,Europe/Amsterdam,EUR,,9.99,0.19,0.06,EUR,,9.74,23
LumoGroup,LumoAPP_US,8620000000000100,ORD-504050,Settled,2026-06-01 13:06:43,Europe/Amsterdam,USD,,9.99,0.19,0.06,USD,,9.74,23
LumoGroup,LumoECOM_EU,8620000000000646,ORD-504596,Authorised,2026-06-01 13:08:08,Europe/Amsterdam,GBP,,21.99,,,GBP,,,23
LumoGroup,LumoECOM_EU,8620000000001074,ORD-505024,Settled,2026-06-01 13:21:32,Europe/Amsterdam,EUR,,9.99,0.19,0.06,EUR,,9.74,23
LumoGroup,LumoECOM_EU,8620000000001004,ORD-504954,Authorised,2026-06-01 13:25:59,Europe/Amsterdam,EUR,,9.99,,,EUR,,,23
LumoGroup,LumoECOM_EU,8620000000000444,ORD-504394,Authorised,2026-06-01 13:31:13,Europe/Amsterdam,EUR,,9.99,,,EUR,,,23
LumoGroup,LumoECOM_EU,8620000000000607,ORD-504557,Authorised,2026-06-01 13:34:03,Europe/Amsterdam,EUR,,9.99,,,EUR,,,23
LumoGroup,LumoECOM_EU,8620000000000261,ORD-504211,Authorised,2026-06-01 13:34:11,Europe/Amsterdam,EUR,,24.99,,,EUR,,,23
LumoGroup,LumoAPP_US,8620000000000789,ORD-504739,Authorised,2026-06-01 13:39:54,Europe/Amsterdam,USD,,24.99,,,USD,,,23
LumoGroup,LumoECOM_EU,8620000000000261,ORD-504211,Settled,2026-06-01 13:44:11,Europe/Amsterdam,EUR,,24.99,0.47,0.15,EUR,,24.37,23
LumoGroup,LumoECOM_EU,8620000000000549,ORD-504499,Settled,2026-06-01 13:49:18,Europe/Amsterdam,EUR,,9.99,0.19,0.06,EUR,,9.74,23
LumoGroup,LumoECOM_EU,8620000000001308,ORD-505258,Settled,2026-06-01 13:55:06,Europe/Amsterdam,EUR,,24.99,0.47,0.15,EUR,,24.37,23
LumoGroup,LumoAPP_US,8620000000000878,ORD-504828,Settled,2026-06-01 13:56:50,Europe/Amsterdam,USD,,9.99,0.19,0.06,USD,,9.74,23
LumoGroup,LumoECOM_EU,8620000000000849,ORD-504799,Authorised,2026-06-01 13:56:56,Europe/Amsterdam,EUR,,9.99,,,EUR,,,23
LumoGroup,LumoECOM_EU,8620000000000607,ORD-504557,Settled,2026-06-01 14:08:03,Europe/Amsterdam,EUR,,9.99,0.19,0.06,EUR,,9.74,23
LumoGroup,LumoECOM_EU,8620000000000022,ORD-503972,Authorised,2026-06-01 14:10:12,Europe/Amsterdam,EUR,,9.99,,,EUR,,,23
LumoGroup,LumoECOM_EU,8620000000001004,ORD-504954,Settled,2026-06-01 14:18:59,Europe/Amsterdam,EUR,,9.99,0.19,0.06,EUR,,9.74,23
LumoGroup,LumoAPP_US,8620000000000789,ORD-504739,Settled,2026-06-01 14:20:54,Europe/Amsterdam,USD,,24.99,0.47,0.15,USD,,24.37,23
LumoGroup,LumoAPP_US,8620000000000326,ORD-504276,Settled,2026-06-01 14:28:01,Europe/Amsterdam,USD,,9.99,0.19,0.06,USD,,9.74,23
LumoGroup,LumoECOM_EU,8620000000000444,ORD-504394,Settled,2026-06-01 14:32:13,Europe/Amsterdam,EUR,,9.99,0.19,0.06,EUR,,9.74,23
LumoGroup,LumoECOM_EU,8620000000000404,ORD-504354,Authorised,2026-06-01 14:40:46,Europe/Amsterdam,EUR,,9.99,,,EUR,,,23
LumoGroup,LumoECOM_EU,8620000000000646,ORD-504596,Settled,2026-06-01 14:41:08,Europe/Amsterdam,GBP,,21.99,0.42,0.13,GBP,,21.44,23
LumoGroup,LumoECOM_EU,8620000000000022,ORD-503972,Settled,2026-06-01 14:43:12,Europe/Amsterdam,EUR,,9.99,0.19,0.06,EUR,,9.74,23
LumoGroup,LumoECOM_EU,8620000000000404,ORD-504354,Settled,2026-06-01 14:53:46,Europe/Amsterdam,EUR,,9.99,0.19,0.06,EUR,,9.74,23
LumoGroup,LumoAPP_US,8620000000001616,ORD-505566,Authorised,2026-06-01 15:01:12,Europe/Amsterdam,USD,,24.99,,,USD,,,23
LumoGroup,LumoAPP_US,8620000000001677,ORD-505627,Refused,2026-06-01 15:01:28,Europe/Amsterdam,USD,,9.99,,,USD,,,23
LumoGroup,LumoECOM_EU,8620000000001392,ORD-505342,Refused,2026-06-01 15:15:16,Europe/Amsterdam,EUR,,59.99,,,EUR,,,23
LumoGroup,LumoECOM_EU,8620000000001579,ORD-505529,Authorised,2026-06-01 15:15:17,Europe/Amsterdam,GBP,,4.49,,,GBP,,,23
LumoGroup,LumoECOM_EU,8620000000001663,ORD-505613,Authorised,2026-06-01 15:24:01,Europe/Amsterdam,EUR,,24.99,,,EUR,,,23
LumoGroup,LumoECOM_EU,8620000000001323,ORD-505273,Authorised,2026-06-01 15:29:22,Europe/Amsterdam,EUR,,9.99,,,EUR,,,23
LumoGroup,LumoECOM_EU,8620000000001663,ORD-505613,Settled,2026-06-01 15:33:01,Europe/Amsterdam,EUR,,24.99,0.47,0.15,EUR,,24.37,23
LumoGroup,LumoECOM_EU,8620000000001141,ORD-505091,Authorised,2026-06-01 15:36:41,Europe/Amsterdam,EUR,,59.99,,,EUR,,,23
LumoGroup,LumoECOM_EU,8620000000000849,ORD-504799,Settled,2026-06-01 15:42:56,Europe/Amsterdam,EUR,,9.99,0.19,0.06,EUR,,9.74,23
LumoGroup,LumoECOM_EU,8620000000000521,ORD-504471,Authorised,2026-06-01 15:43:08,Europe/Amsterdam,EUR,,24.99,,,EUR,,,23
LumoGroup,LumoECOM_EU,8620000000001141,ORD-505091,Settled,2026-06-01 15:58:41,Europe/Amsterdam,EUR,,59.99,1.14,0.36,EUR,,58.49,23
LumoGroup,LumoAPP_US,8620000000001616,ORD-505566,Settled,2026-06-01 16:09:12,Europe/Amsterdam,USD,,24.99,0.47,0.15,USD,,24.37,23
LumoGroup,LumoECOM_EU,8620000000001122,ORD-505072,Authorised,2026-06-01 16:10:25,Europe/Amsterdam,EUR,,9.99,,,EUR,,,23
LumoGroup,LumoECOM_EU,8620000000001035,ORD-504985,Authorised,2026-06-01 16:15:59,Europe/Amsterdam,EUR,,59.99,,,EUR,,,23
LumoGroup,LumoECOM_EU,8620000000000796,ORD-504746,Authorised,2026-06-01 16:16:12,Europe/Amsterdam,EUR,,4.99,,,EUR,,,23
LumoGroup,LumoECOM_EU,8620000000000796,ORD-504746,Settled,2026-06-01 16:28:12,Europe/Amsterdam,EUR,,4.99,0.09,0.03,EUR,,4.87,23
LumoGroup,LumoECOM_EU,8620000000001579,ORD-505529,Settled,2026-06-01 16:35:17,Europe/Amsterdam,GBP,,4.49,0.09,0.02,GBP,,4.38,23
LumoGroup,LumoECOM_EU,8620000000000521,ORD-504471,Settled,2026-06-01 16:41:08,Europe/Amsterdam,EUR,,24.99,0.47,0.15,EUR,,24.37,23
LumoGroup,LumoECOM_EU,8620000000000044,ORD-503994,Authorised,2026-06-01 16:41:20,Europe/Amsterdam,EUR,,9.99,,,EUR,,,23
LumoGroup,LumoECOM_EU,8620000000001035,ORD-504985,Settled,2026-06-01 16:44:59,Europe/Amsterdam,EUR,,59.99,1.14,0.36,EUR,,58.49,23
LumoGroup,LumoECOM_EU,8620000000001323,ORD-505273,Settled,2026-06-01 16:47:22,Europe/Amsterdam,EUR,,9.99,0.19,0.06,EUR,,9.74,23
LumoGroup,LumoECOM_EU,8620000000000044,ORD-503994,Settled,2026-06-01 17:30:20,Europe/Amsterdam,EUR,,9.99,0.19,0.06,EUR,,9.74,23
LumoGroup,LumoAPP_US,8620000000000136,ORD-504086,Authorised,2026-06-01 17:33:57,Europe/Amsterdam,USD,,59.99,,,USD,,,23
LumoGroup,LumoAPP_US,8620000000000098,ORD-504048,Authorised,2026-06-01 17:44:15,Europe/Amsterdam,USD,,9.99,,,USD,,,23
LumoGroup,LumoECOM_EU,8620000000001122,ORD-505072,Settled,2026-06-01 18:00:25,Europe/Amsterdam,EUR,,9.99,0.19,0.06,EUR,,9.74,23
LumoGroup,LumoECOM_EU,8620000000000313,ORD-504263,Authorised,2026-06-01 18:07:23,Europe/Amsterdam,EUR,,4.99,,,EUR,,,23
LumoGroup,LumoAPP_US,8620000000000119,ORD-504069,Authorised,2026-06-01 18:25:08,Europe/Amsterdam,USD,,24.99,,,USD,,,23
LumoGroup,LumoAPP_US,8620000000000136,ORD-504086,Settled,2026-06-01 18:49:57,Europe/Amsterdam,USD,,59.99,1.14,0.36,USD,,58.49,23
LumoGroup,LumoECOM_EU,8620000000001505,ORD-505455,Authorised,2026-06-01 18:51:08,Europe/Amsterdam,EUR,,9.99,,,EUR,,,23
LumoGroup,LumoECOM_EU,8620000000000313,ORD-504263,Settled,2026-06-01 18:51:23,Europe/Amsterdam,EUR,,4.99,0.09,0.03,EUR,,4.87,23
LumoGroup,LumoAPP_US,8620000000000098,ORD-504048,Settled,2026-06-01 19:09:15,Europe/Amsterdam,USD,,9.99,0.19,0.06,USD,,9.74,23
LumoGroup,LumoECOM_EU,8620000000001505,ORD-505455,Settled,2026-06-01 19:17:08,Europe/Amsterdam,EUR,,9.99,0.19,0.06,EUR,,9.74,23
LumoGroup,LumoAPP_US,8620000000000119,ORD-504069,Settled,2026-06-01 19:54:08,Europe/Amsterdam,USD,,24.99,0.47,0.15,USD,,24.37,23
LumoGroup,LumoAPP_US,8620000000001618,ORD-505568,Authorised,2026-06-01 20:20:17,Europe/Amsterdam,USD,,4.99,,,USD,,,23
LumoGroup,LumoECOM_EU,8620000000000619,ORD-504569,Authorised,2026-06-01 20:25:47,Europe/Amsterdam,EUR,,9.99,,,EUR,,,23
LumoGroup,LumoECOM_EU,8620000000000571,ORD-504521,Authorised,2026-06-01 20:33:35,Europe/Amsterdam,EUR,,59.99,,,EUR,,,23
LumoGroup,LumoECOM_EU,8620000000000257,ORD-504207,Authorised,2026-06-01 20:42:24,Europe/Amsterdam,GBP,,8.99,,,GBP,,,23
LumoGroup,LumoECOM_EU,8620000000000509,ORD-504459,Authorised,2026-06-01 20:49:29,Europe/Amsterdam,EUR,,9.99,,,EUR,,,23
LumoGroup,LumoECOM_EU,8620000000001534,ORD-505484,Authorised,2026-06-01 20:55:48,Europe/Amsterdam,EUR,,24.99,,,EUR,,,23
LumoGroup,LumoECOM_EU,8620000000000619,ORD-504569,Settled,2026-06-01 21:09:47,Europe/Amsterdam,EUR,,9.99,0.19,0.06,EUR,,9.74,23
LumoGroup,LumoECOM_EU,8620000000000257,ORD-504207,Settled,2026-06-01 21:27:24,Europe/Amsterdam,GBP,,8.99,0.17,0.05,GBP,,8.77,23
LumoGroup,LumoECOM_EU,8620000000000571,ORD-504521,Settled,2026-06-01 21:52:35,Europe/Amsterdam,EUR,,59.99,1.14,0.36,EUR,,58.49,23
LumoGroup,LumoAPP_US,8620000000001618,ORD-505568,Settled,2026-06-01 22:10:17,Europe/Amsterdam,USD,,4.99,0.09,0.03,USD,,4.87,23
LumoGroup,LumoECOM_EU,8620000000001534,ORD-505484,Settled,2026-06-01 22:33:48,Europe/Amsterdam,EUR,,24.99,0.47,0.15,EUR,,24.37,23
LumoGroup,LumoECOM_EU,8620000000000509,ORD-504459,Settled,2026-06-01 22:35:29,Europe/Amsterdam,EUR,,9.99,0.19,0.06,EUR,,9.74,23
LumoGroup,LumoECOM_EU,8620000000001211,ORD-505161,Authorised,2026-06-02 09:01:44,Europe/Amsterdam,GBP,,8.99,,,GBP,,,23
LumoGroup,LumoECOM_EU,8620000000001494,ORD-505444,Authorised,2026-06-02 09:14:31,Europe/Amsterdam,GBP,,4.49,,,GBP,,,23
LumoGroup,LumoECOM_EU,8620000000000887,ORD-504837,Authorised,2026-06-02 09:32:14,Europe/Amsterdam,EUR,,9.99,,,EUR,,,23
LumoGroup,LumoECOM_EU,8620000000001608,ORD-505558,Authorised,2026-06-02 09:37:23,Europe/Amsterdam,GBP,,21.99,,,GBP,,,23
LumoGroup,LumoAPP_US,8620000000000634,ORD-504584,Authorised,2026-06-02 09:42:39,Europe/Amsterdam,USD,,24.99,,,USD,,,23
LumoGroup,LumoECOM_EU,8620000000001211,ORD-505161,Settled,2026-06-02 09:42:44,Europe/Amsterdam,GBP,,8.99,0.17,0.05,GBP,,8.77,23
LumoGroup,LumoECOM_EU,8620000000000939,ORD-504889,Refused,2026-06-02 09:48:36,Europe/Amsterdam,EUR,,9.99,,,EUR,,,23
LumoGroup,LumoAPP_US,8620000000000580,ORD-504530,Authorised,2026-06-02 09:54:43,Europe/Amsterdam,USD,,4.99,,,USD,,,23
LumoGroup,LumoECOM_EU,8620000000000754,ORD-504704,Refused,2026-06-02 10:01:49,Europe/Amsterdam,EUR,,9.99,,,EUR,,,23
LumoGroup,LumoAPP_US,8620000000000634,ORD-504584,Settled,2026-06-02 10:06:39,Europe/Amsterdam,USD,,24.99,0.47,0.15,USD,,24.37,23
LumoGroup,LumoAPP_US,8620000000001127,ORD-505077,Authorised,2026-06-02 10:17:12,Europe/Amsterdam,USD,,24.99,,,USD,,,23
LumoGroup,LumoECOM_EU,8620000000001581,ORD-505531,Authorised,2026-06-02 10:18:10,Europe/Amsterdam,EUR,,9.99,,,EUR,,,23
LumoGroup,LumoECOM_EU,8620000000000887,ORD-504837,Settled,2026-06-02 10:25:14,Europe/Amsterdam,EUR,,9.99,0.19,0.06,EUR,,9.74,23
LumoGroup,LumoAPP_US,8620000000000580,ORD-504530,Settled,2026-06-02 10:31:43,Europe/Amsterdam,USD,,4.99,0.09,0.03,USD,,4.87,23
LumoGroup,LumoECOM_EU,8620000000001401,ORD-505351,Refused,2026-06-02 10:38:41,Europe/Amsterdam,EUR,,59.99,,,EUR,,,23
LumoGroup,LumoECOM_EU,8620000000001494,ORD-505444,Settled,2026-06-02 10:42:31,Europe/Amsterdam,GBP,,4.49,0.09,0.02,GBP,,4.38,23
LumoGroup,LumoECOM_EU,8620000000001608,ORD-505558,Settled,2026-06-02 10:45:23,Europe/Amsterdam,GBP,,21.99,0.42,0.13,GBP,,21.44,23
LumoGroup,LumoECOM_EU,8620000000000145,ORD-504095,Authorised,2026-06-02 11:06:45,Europe/Amsterdam,GBP,,21.99,,,GBP,,,23
LumoGroup,LumoAPP_US,8620000000000736,ORD-504686,Authorised,2026-06-02 11:11:00,Europe/Amsterdam,USD,,9.99,,,USD,,,23
LumoGroup,LumoAPP_US,8620000000001127,ORD-505077,Settled,2026-06-02 11:11:12,Europe/Amsterdam,USD,,24.99,0.47,0.15,USD,,24.37,23
LumoGroup,LumoECOM_EU,8620000000000139,ORD-504089,Authorised,2026-06-02 11:20:46,Europe/Amsterdam,EUR,,9.99,,,EUR,,,23
LumoGroup,LumoECOM_EU,8620000000000145,ORD-504095,Settled,2026-06-02 11:30:45,Europe/Amsterdam,GBP,,21.99,0.42,0.13,GBP,,21.44,23
LumoGroup,LumoECOM_EU,8620000000001690,ORD-505640,Authorised,2026-06-02 11:50:08,Europe/Amsterdam,EUR,,9.99,,,EUR,,,23
LumoGroup,LumoECOM_EU,8620000000001581,ORD-505531,Settled,2026-06-02 11:52:10,Europe/Amsterdam,EUR,,9.99,0.19,0.06,EUR,,9.74,23
LumoGroup,LumoECOM_EU,8620000000000300,ORD-504250,Authorised,2026-06-02 11:58:31,Europe/Amsterdam,EUR,,9.99,,,EUR,,,23
LumoGroup,LumoECOM_EU,8620000000001294,ORD-505244,Authorised,2026-06-02 11:59:51,Europe/Amsterdam,EUR,,4.99,,,EUR,,,23
LumoGroup,LumoECOM_EU,8620000000000777,ORD-504727,Authorised,2026-06-02 12:02:04,Europe/Amsterdam,EUR,,24.99,,,EUR,,,23
LumoGroup,LumoAPP_US,8620000000000736,ORD-504686,Settled,2026-06-02 12:04:00,Europe/Amsterdam,USD,,9.99,0.19,0.06,USD,,9.74,23
LumoGroup,LumoAPP_US,8620000000000421,ORD-504371,Authorised,2026-06-02 12:10:18,Europe/Amsterdam,USD,,59.99,,,USD,,,23
LumoGroup,LumoECOM_EU,8620000000000777,ORD-504727,Settled,2026-06-02 12:19:04,Europe/Amsterdam,EUR,,24.99,0.47,0.15,EUR,,24.37,23
LumoGroup,LumoECOM_EU,8620000000001294,ORD-505244,Settled,2026-06-02 12:39:51,Europe/Amsterdam,EUR,,4.99,0.09,0.03,EUR,,4.87,23
LumoGroup,LumoECOM_EU,8620000000000139,ORD-504089,Settled,2026-06-02 12:49:46,Europe/Amsterdam,EUR,,9.99,0.19,0.06,EUR,,9.74,23
LumoGroup,LumoECOM_EU,8620000000000077,ORD-504027,Authorised,2026-06-02 12:54:26,Europe/Amsterdam,EUR,,9.99,,,EUR,,,23
LumoGroup,LumoECOM_EU,8620000000001259,ORD-505209,Authorised,2026-06-02 13:05:24,Europe/Amsterdam,EUR,,9.99,,,EUR,,,23
LumoGroup,LumoECOM_EU,8620000000001690,ORD-505640,Settled,2026-06-02 13:18:08,Europe/Amsterdam,EUR,,9.99,0.19,0.06,EUR,,9.74,23
LumoGroup,LumoECOM_EU,8620000000000004,ORD-503954,Authorised,2026-06-02 13:31:10,Europe/Amsterdam,EUR,,9.99,,,EUR,,,23
LumoGroup,LumoECOM_EU,8620000000000077,ORD-504027,Settled,2026-06-02 13:39:26,Europe/Amsterdam,EUR,,9.99,0.19,0.06,EUR,,9.74,23
LumoGroup,LumoECOM_EU,8620000000001558,ORD-505508,Authorised,2026-06-02 13:43:06,Europe/Amsterdam,EUR,,4.99,,,EUR,,,23
LumoGroup,LumoECOM_EU,8620000000000300,ORD-504250,Settled,2026-06-02 13:45:31,Europe/Amsterdam,EUR,,9.99,0.19,0.06,EUR,,9.74,23
LumoGroup,LumoAPP_US,8620000000000421,ORD-504371,Settled,2026-06-02 13:47:18,Europe/Amsterdam,USD,,59.99,1.14,0.36,USD,,58.49,23
LumoGroup,LumoECOM_EU,8620000000000397,ORD-504347,Authorised,2026-06-02 13:50:02,Europe/Amsterdam,EUR,,59.99,,,EUR,,,23
LumoGroup,LumoECOM_EU,8620000000001558,ORD-505508,Settled,2026-06-02 14:00:06,Europe/Amsterdam,EUR,,4.99,0.09,0.03,EUR,,4.87,23
LumoGroup,LumoAPP_US,8620000000000019,ORD-503969,Authorised,2026-06-02 14:11:59,Europe/Amsterdam,USD,,4.99,,,USD,,,23
LumoGroup,LumoECOM_EU,8620000000000004,ORD-503954,Settled,2026-06-02 14:14:10,Europe/Amsterdam,EUR,,9.99,0.19,0.06,EUR,,9.74,23
LumoGroup,LumoECOM_EU,8620000000001259,ORD-505209,Settled,2026-06-02 14:20:24,Europe/Amsterdam,EUR,,9.99,0.19,0.06,EUR,,9.74,23
LumoGroup,LumoECOM_EU,8620000000000397,ORD-504347,Settled,2026-06-02 14:29:02,Europe/Amsterdam,EUR,,59.99,1.14,0.36,EUR,,58.49,23
LumoGroup,LumoECOM_EU,8620000000000069,ORD-504019,Authorised,2026-06-02 15:11:51,Europe/Amsterdam,EUR,,9.99,,,EUR,,,23
LumoGroup,LumoECOM_EU,8620000000000270,ORD-504220,Refused,2026-06-02 15:13:40,Europe/Amsterdam,EUR,,59.99,,,EUR,,,23
LumoGroup,LumoECOM_EU,8620000000000054,ORD-504004,Authorised,2026-06-02 15:23:46,Europe/Amsterdam,EUR,,24.99,,,EUR,,,23
LumoGroup,LumoAPP_US,8620000000000019,ORD-503969,Settled,2026-06-02 15:28:59,Europe/Amsterdam,USD,,4.99,0.09,0.03,USD,,4.87,23
LumoGroup,LumoAPP_US,8620000000000723,ORD-504673,Authorised,2026-06-02 15:36:40,Europe/Amsterdam,USD,,59.99,,,USD,,,23
LumoGroup,LumoECOM_EU,8620000000000069,ORD-504019,Settled,2026-06-02 15:38:51,Europe/Amsterdam,EUR,,9.99,0.19,0.06,EUR,,9.74,23
LumoGroup,LumoAPP_US,8620000000000078,ORD-504028,Authorised,2026-06-02 15:49:42,Europe/Amsterdam,USD,,24.99,,,USD,,,23
LumoGroup,LumoAPP_US,8620000000000723,ORD-504673,Settled,2026-06-02 15:50:40,Europe/Amsterdam,USD,,59.99,1.14,0.36,USD,,58.49,23
LumoGroup,LumoAPP_US,8620000000000078,ORD-504028,Settled,2026-06-02 15:58:42,Europe/Amsterdam,USD,,24.99,0.47,0.15,USD,,24.37,23
LumoGroup,LumoECOM_EU,8620000000000964,ORD-504914,Authorised,2026-06-02 16:38:09,Europe/Amsterdam,GBP,,54.99,,,GBP,,,23
LumoGroup,LumoECOM_EU,8620000000000054,ORD-504004,Settled,2026-06-02 16:45:46,Europe/Amsterdam,EUR,,24.99,0.47,0.15,EUR,,24.37,23
LumoGroup,LumoECOM_EU,8620000000000958,ORD-504908,Authorised,2026-06-02 16:46:42,Europe/Amsterdam,EUR,,9.99,,,EUR,,,23
LumoGroup,LumoECOM_EU,8620000000001096,ORD-505046,Refused,2026-06-02 16:54:13,Europe/Amsterdam,EUR,,24.99,,,EUR,,,23
LumoGroup,LumoECOM_EU,8620000000000679,ORD-504629,Authorised,2026-06-02 16:55:40,Europe/Amsterdam,EUR,,24.99,,,EUR,,,23
LumoGroup,LumoECOM_EU,8620000000001174,ORD-505124,Authorised,2026-06-02 17:02:10,Europe/Amsterdam,EUR,,9.99,,,EUR,,,23
LumoGroup,LumoECOM_EU,8620000000001538,ORD-505488,Authorised,2026-06-02 17:08:39,Europe/Amsterdam,EUR,,9.99,,,EUR,,,23
LumoGroup,LumoECOM_EU,8620000000000958,ORD-504908,Settled,2026-06-02 17:10:42,Europe/Amsterdam,EUR,,9.99,0.19,0.06,EUR,,9.74,23
LumoGroup,LumoECOM_EU,8620000000000126,ORD-504076,Authorised,2026-06-02 17:26:42,Europe/Amsterdam,GBP,,21.99,,,GBP,,,23
LumoGroup,LumoECOM_EU,8620000000000420,ORD-504370,Authorised,2026-06-02 17:36:07,Europe/Amsterdam,GBP,,4.49,,,GBP,,,23
LumoGroup,LumoAPP_US,8620000000000188,ORD-504138,Authorised,2026-06-02 17:42:28,Europe/Amsterdam,USD,,9.99,,,USD,,,23
LumoGroup,LumoECOM_EU,8620000000000671,ORD-504621,Authorised,2026-06-02 17:52:05,Europe/Amsterdam,EUR,,24.99,,,EUR,,,23
LumoGroup,LumoECOM_EU,8620000000000353,ORD-504303,Authorised,2026-06-02 17:56:21,Europe/Amsterdam,EUR,,9.99,,,EUR,,,23
LumoGroup,LumoECOM_EU,8620000000001222,ORD-505172,Refused,2026-06-02 18:06:13,Europe/Amsterdam,EUR,,4.99,,,EUR,,,23
LumoGroup,LumoECOM_EU,8620000000000964,ORD-504914,Settled,2026-06-02 18:15:09,Europe/Amsterdam,GBP,,54.99,1.04,0.33,GBP,,53.62,23
LumoGroup,LumoAPP_US,8620000000000188,ORD-504138,Settled,2026-06-02 18:28:28,Europe/Amsterdam,USD,,9.99,0.19,0.06,USD,,9.74,23
LumoGroup,LumoECOM_EU,8620000000001590,ORD-505540,Refused,2026-06-02 18:30:27,Europe/Amsterdam,EUR,,59.99,,,EUR,,,23
LumoGroup,LumoECOM_EU,8620000000000671,ORD-504621,Settled,2026-06-02 18:32:05,Europe/Amsterdam,EUR,,24.99,0.47,0.15,EUR,,24.37,23
LumoGroup,LumoECOM_EU,8620000000001538,ORD-505488,Settled,2026-06-02 18:32:39,Europe/Amsterdam,EUR,,9.99,0.19,0.06,EUR,,9.74,23
LumoGroup,LumoECOM_EU,8620000000000679,ORD-504629,Settled,2026-06-02 18:37:40,Europe/Amsterdam,EUR,,24.99,0.47,0.15,EUR,,24.37,23
LumoGroup,LumoECOM_EU,8620000000001174,ORD-505124,Settled,2026-06-02 18:40:10,Europe/Amsterdam,EUR,,9.99,0.19,0.06,EUR,,9.74,23
LumoGroup,LumoECOM_EU,8620000000000919,ORD-504869,Authorised,2026-06-02 18:43:21,Europe/Amsterdam,EUR,,9.99,,,EUR,,,23
LumoGroup,LumoECOM_EU,8620000000001445,ORD-505395,Authorised,2026-06-02 18:49:26,Europe/Amsterdam,EUR,,9.99,,,EUR,,,23
LumoGroup,LumoECOM_EU,8620000000000420,ORD-504370,Settled,2026-06-02 18:50:07,Europe/Amsterdam,GBP,,4.49,0.09,0.02,GBP,,4.38,23
LumoGroup,LumoECOM_EU,8620000000000353,ORD-504303,Settled,2026-06-02 18:58:21,Europe/Amsterdam,EUR,,9.99,0.19,0.06,EUR,,9.74,23
LumoGroup,LumoECOM_EU,8620000000000613,ORD-504563,Authorised,2026-06-02 19:03:25,Europe/Amsterdam,EUR,,9.99,,,EUR,,,23
LumoGroup,LumoECOM_EU,8620000000001258,ORD-505208,Authorised,2026-06-02 19:12:53,Europe/Amsterdam,GBP,,8.99,,,GBP,,,23
LumoGroup,LumoECOM_EU,8620000000000919,ORD-504869,Settled,2026-06-02 19:13:21,Europe/Amsterdam,EUR,,9.99,0.19,0.06,EUR,,9.74,23
LumoGroup,LumoECOM_EU,8620000000000126,ORD-504076,Settled,2026-06-02 19:14:42,Europe/Amsterdam,GBP,,21.99,0.42,0.13,GBP,,21.44,23
LumoGroup,LumoECOM_EU,8620000000000648,ORD-504598,Authorised,2026-06-02 19:15:01,Europe/Amsterdam,EUR,,9.99,,,EUR,,,23
LumoGroup,LumoECOM_EU,8620000000001346,ORD-505296,Authorised,2026-06-02 19:15:27,Europe/Amsterdam,EUR,,24.99,,,EUR,,,23
LumoGroup,LumoECOM_EU,8620000000001445,ORD-505395,Settled,2026-06-02 19:20:26,Europe/Amsterdam,EUR,,9.99,0.19,0.06,EUR,,9.74,23
LumoGroup,LumoECOM_EU,8620000000000648,ORD-504598,Settled,2026-06-02 19:32:01,Europe/Amsterdam,EUR,,9.99,0.19,0.06,EUR,,9.74,23
LumoGroup,LumoECOM_EU,8620000000001647,ORD-505597,Authorised,2026-06-02 19:57:27,Europe/Amsterdam,GBP,,21.99,,,GBP,,,23
LumoGroup,LumoECOM_EU,8620000000000598,ORD-504548,Authorised,2026-06-02 19:57:42,Europe/Amsterdam,EUR,,24.99,,,EUR,,,23
LumoGroup,LumoECOM_EU,8620000000001557,ORD-505507,Authorised,2026-06-02 20:11:13,Europe/Amsterdam,EUR,,9.99,,,EUR,,,23
LumoGroup,LumoECOM_EU,8620000000000613,ORD-504563,Settled,2026-06-02 20:25:25,Europe/Amsterdam,EUR,,9.99,0.19,0.06,EUR,,9.74,23
LumoGroup,LumoECOM_EU,8620000000001346,ORD-505296,Settled,2026-06-02 20:25:27,Europe/Amsterdam,EUR,,24.99,0.47,0.15,EUR,,24.37,23
LumoGroup,LumoAPP_US,8620000000000260,ORD-504210,Authorised,2026-06-02 20:26:55,Europe/Amsterdam,USD,,4.99,,,USD,,,23
LumoGroup,LumoECOM_EU,8620000000001258,ORD-505208,Settled,2026-06-02 20:32:53,Europe/Amsterdam,GBP,,8.99,0.17,0.05,GBP,,8.77,23
LumoGroup,LumoECOM_EU,8620000000000598,ORD-504548,Settled,2026-06-02 20:49:42,Europe/Amsterdam,EUR,,24.99,0.47,0.15,EUR,,24.37,23
LumoGroup,LumoECOM_EU,8620000000001557,ORD-505507,Settled,2026-06-02 21:10:13,Europe/Amsterdam,EUR,,9.99,0.19,0.06,EUR,,9.74,23
LumoGroup,LumoECOM_EU,8620000000001647,ORD-505597,Settled,2026-06-02 21:24:27,Europe/Amsterdam,GBP,,21.99,0.42,0.13,GBP,,21.44,23
LumoGroup,LumoAPP_US,8620000000000260,ORD-504210,Settled,2026-06-02 22:07:55,Europe/Amsterdam,USD,,4.99,0.09,0.03,USD,,4.87,23
LumoGroup,LumoECOM_EU,8620000000001285,ORD-505235,Authorised,2026-06-03 09:10:44,Europe/Amsterdam,EUR,,4.99,,,EUR,,,23
LumoGroup,LumoAPP_US,8620000000001598,ORD-505548,Authorised,2026-06-03 09:23:48,Europe/Amsterdam,USD,,9.99,,,USD,,,23
LumoGroup,LumoECOM_EU,8620000000000381,ORD-504331,Authorised,2026-06-03 09:34:53,Europe/Amsterdam,EUR,,9.99,,,EUR,,,23
LumoGroup,LumoAPP_US,8620000000000658,ORD-504608,Authorised,2026-06-03 09:36:33,Europe/Amsterdam,USD,,9.99,,,USD,,,23
LumoGroup,LumoAPP_US,8620000000000658,ORD-504608,Settled,2026-06-03 09:53:33,Europe/Amsterdam,USD,,9.99,0.19,0.06,USD,,9.74,23
LumoGroup,LumoAPP_US,8620000000000573,ORD-504523,Refused,2026-06-03 09:59:32,Europe/Amsterdam,USD,,59.99,,,USD,,,23
LumoGroup,LumoECOM_EU,8620000000001536,ORD-505486,Authorised,2026-06-03 10:19:16,Europe/Amsterdam,EUR,,9.99,,,EUR,,,23
LumoGroup,LumoECOM_EU,8620000000000381,ORD-504331,Settled,2026-06-03 10:34:53,Europe/Amsterdam,EUR,,9.99,0.19,0.06,EUR,,9.74,23
LumoGroup,LumoECOM_EU,8620000000000618,ORD-504568,Authorised,2026-06-03 10:37:12,Europe/Amsterdam,GBP,,8.99,,,GBP,,,23
LumoGroup,LumoECOM_EU,8620000000001285,ORD-505235,Settled,2026-06-03 10:43:44,Europe/Amsterdam,EUR,,4.99,0.09,0.03,EUR,,4.87,23
LumoGroup,LumoECOM_EU,8620000000000030,ORD-503980,Authorised,2026-06-03 10:47:49,Europe/Amsterdam,GBP,,21.99,,,GBP,,,23
LumoGroup,LumoECOM_EU,8620000000001089,ORD-505039,Authorised,2026-06-03 10:49:31,Europe/Amsterdam,EUR,,9.99,,,EUR,,,23
LumoGroup,LumoAPP_US,8620000000001598,ORD-505548,Settled,2026-06-03 10:56:48,Europe/Amsterdam,USD,,9.99,0.19,0.06,USD,,9.74,23
LumoGroup,LumoECOM_EU,8620000000001536,ORD-505486,Settled,2026-06-03 10:58:16,Europe/Amsterdam,EUR,,9.99,0.19,0.06,EUR,,9.74,23
LumoGroup,LumoECOM_EU,8620000000001089,ORD-505039,Settled,2026-06-03 11:10:31,Europe/Amsterdam,EUR,,9.99,0.19,0.06,EUR,,9.74,23
LumoGroup,LumoECOM_EU,8620000000001185,ORD-505135,Authorised,2026-06-03 11:17:35,Europe/Amsterdam,GBP,,8.99,,,GBP,,,23
LumoGroup,LumoECOM_EU,8620000000001688,ORD-505638,Authorised,2026-06-03 11:24:47,Europe/Amsterdam,EUR,,24.99,,,EUR,,,23
LumoGroup,LumoECOM_EU,8620000000000030,ORD-503980,Settled,2026-06-03 11:40:49,Europe/Amsterdam,GBP,,21.99,0.42,0.13,GBP,,21.44,23
LumoGroup,LumoECOM_EU,8620000000000596,ORD-504546,Authorised,2026-06-03 11:42:19,Europe/Amsterdam,EUR,,9.99,,,EUR,,,23
LumoGroup,LumoECOM_EU,8620000000000618,ORD-504568,Settled,2026-06-03 12:02:12,Europe/Amsterdam,GBP,,8.99,0.17,0.05,GBP,,8.77,23
LumoGroup,LumoECOM_EU,8620000000001185,ORD-505135,Settled,2026-06-03 12:09:35,Europe/Amsterdam,GBP,,8.99,0.17,0.05,GBP,,8.77,23
LumoGroup,LumoECOM_EU,8620000000001688,ORD-505638,Settled,2026-06-03 12:11:47,Europe/Amsterdam,EUR,,24.99,0.47,0.15,EUR,,24.37,23
LumoGroup,LumoECOM_EU,8620000000000596,ORD-504546,Settled,2026-06-03 12:16:19,Europe/Amsterdam,EUR,,9.99,0.19,0.06,EUR,,9.74,23
LumoGroup,LumoECOM_EU,8620000000001279,ORD-505229,Authorised,2026-06-03 12:21:34,Europe/Amsterdam,EUR,,9.99,,,EUR,,,23
LumoGroup,LumoAPP_US,8620000000000380,ORD-504330,Authorised,2026-06-03 12:46:49,Europe/Amsterdam,USD,,59.99,,,USD,,,23
LumoGroup,LumoECOM_EU,8620000000000329,ORD-504279,Authorised,2026-06-03 12:52:28,Europe/Amsterdam,GBP,,21.99,,,GBP,,,23
LumoGroup,LumoAPP_US,8620000000000633,ORD-504583,Authorised,2026-06-03 13:02:25,Europe/Amsterdam,USD,,24.99,,,USD,,,23
LumoGroup,LumoECOM_EU,8620000000000200,ORD-504150,Authorised,2026-06-03 13:05:20,Europe/Amsterdam,EUR,,9.99,,,EUR,,,23
LumoGroup,LumoECOM_EU,8620000000001279,ORD-505229,Settled,2026-06-03 13:23:34,Europe/Amsterdam,EUR,,9.99,0.19,0.06,EUR,,9.74,23
LumoGroup,LumoECOM_EU,8620000000001582,ORD-505532,Authorised,2026-06-03 13:25:24,Europe/Amsterdam,EUR,,24.99,,,EUR,,,23
LumoGroup,LumoECOM_EU,8620000000000818,ORD-504768,Authorised,2026-06-03 13:30:18,Europe/Amsterdam,EUR,,9.99,,,EUR,,,23
LumoGroup,LumoAPP_US,8620000000000380,ORD-504330,Settled,2026-06-03 13:35:49,Europe/Amsterdam,USD,,59.99,1.14,0.36,USD,,58.49,23
LumoGroup,LumoAPP_US,8620000000000633,ORD-504583,Settled,2026-06-03 13:46:25,Europe/Amsterdam,USD,,24.99,0.47,0.15,USD,,24.37,23
LumoGroup,LumoECOM_EU,8620000000001575,ORD-505525,Refused,2026-06-03 13:48:08,Europe/Amsterdam,GBP,,21.99,,,GBP,,,23
LumoGroup,LumoECOM_EU,8620000000000818,ORD-504768,Settled,2026-06-03 13:49:18,Europe/Amsterdam,EUR,,9.99,0.19,0.06,EUR,,9.74,23
LumoGroup,LumoECOM_EU,8620000000000329,ORD-504279,Settled,2026-06-03 13:51:28,Europe/Amsterdam,GBP,,21.99,0.42,0.13,GBP,,21.44,23
LumoGroup,LumoAPP_US,8620000000000693,ORD-504643,Authorised,2026-06-03 13:53:57,Europe/Amsterdam,USD,,9.99,,,USD,,,23
LumoGroup,LumoECOM_EU,8620000000001582,ORD-505532,Settled,2026-06-03 13:58:24,Europe/Amsterdam,EUR,,24.99,0.47,0.15,EUR,,24.37,23
LumoGroup,LumoECOM_EU,8620000000000200,ORD-504150,Settled,2026-06-03 14:35:20,Europe/Amsterdam,EUR,,9.99,0.19,0.06,EUR,,9.74,23
LumoGroup,LumoAPP_US,8620000000000693,ORD-504643,Settled,2026-06-03 14:45:57,Europe/Amsterdam,USD,,9.99,0.19,0.06,USD,,9.74,23
LumoGroup,LumoAPP_US,8620000000000199,ORD-504149,Authorised,2026-06-03 14:55:46,Europe/Amsterdam,USD,,9.99,,,USD,,,23
LumoGroup,LumoECOM_EU,8620000000000327,ORD-504277,Refused,2026-06-03 15:02:55,Europe/Amsterdam,EUR,,9.99,,,EUR,,,23
LumoGroup,LumoECOM_EU,8620000000001390,ORD-505340,Authorised,2026-06-03 15:17:16,Europe/Amsterdam,GBP,,21.99,,,GBP,,,23
LumoGroup,LumoECOM_EU,8620000000000700,ORD-504650,Authorised,2026-06-03 15:28:30,Europe/Amsterdam,GBP,,21.99,,,GBP,,,23
LumoGroup,LumoAPP_US,8620000000000199,ORD-504149,Settled,2026-06-03 15:39:46,Europe/Amsterdam,USD,,9.99,0.19,0.06,USD,,9.74,23
LumoGroup,LumoECOM_EU,8620000000001639,ORD-505589,Authorised,2026-06-03 15:50:40,Europe/Amsterdam,GBP,,8.99,,,GBP,,,23
LumoGroup,LumoECOM_EU,8620000000000291,ORD-504241,Authorised,2026-06-03 16:14:07,Europe/Amsterdam,EUR,,9.99,,,EUR,,,23
LumoGroup,LumoECOM_EU,8620000000000779,ORD-504729,Authorised,2026-06-03 16:20:13,Europe/Amsterdam,EUR,,9.99,,,EUR,,,23
LumoGroup,LumoAPP_US,8620000000000239,ORD-504189,Authorised,2026-06-03 16:37:46,Europe/Amsterdam,USD,,9.99,,,USD,,,23
LumoGroup,LumoECOM_EU,8620000000001406,ORD-505356,Authorised,2026-06-03 16:46:00,Europe/Amsterdam,EUR,,4.99,,,EUR,,,23
LumoGroup,LumoAPP_US,8620000000000239,ORD-504189,Settled,2026-06-03 16:52:46,Europe/Amsterdam,USD,,9.99,0.19,0.06,USD,,9.74,23
LumoGroup,LumoECOM_EU,8620000000001406,ORD-505356,Settled,2026-06-03 16:56:00,Europe/Amsterdam,EUR,,4.99,0.09,0.03,EUR,,4.87,23
LumoGroup,LumoECOM_EU,8620000000001390,ORD-505340,Settled,2026-06-03 16:58:16,Europe/Amsterdam,GBP,,21.99,0.42,0.13,GBP,,21.44,23
LumoGroup,LumoECOM_EU,8620000000000779,ORD-504729,Settled,2026-06-03 17:03:13,Europe/Amsterdam,EUR,,9.99,0.19,0.06,EUR,,9.74,23
LumoGroup,LumoAPP_US,8620000000001541,ORD-505491,Authorised,2026-06-03 17:03:56,Europe/Amsterdam,USD,,24.99,,,USD,,,23
LumoGroup,LumoECOM_EU,8620000000000700,ORD-504650,Settled,2026-06-03 17:07:30,Europe/Amsterdam,GBP,,21.99,0.42,0.13,GBP,,21.44,23
LumoGroup,LumoECOM_EU,8620000000000197,ORD-504147,Authorised,2026-06-03 17:08:49,Europe/Amsterdam,EUR,,9.99,,,EUR,,,23
LumoGroup,LumoECOM_EU,8620000000001639,ORD-505589,Settled,2026-06-03 17:18:40,Europe/Amsterdam,GBP,,8.99,0.17,0.05,GBP,,8.77,23
LumoGroup,LumoAPP_US,8620000000001541,ORD-505491,Settled,2026-06-03 17:27:56,Europe/Amsterdam,USD,,24.99,0.47,0.15,USD,,24.37,23
LumoGroup,LumoECOM_EU,8620000000000291,ORD-504241,Settled,2026-06-03 17:29:07,Europe/Amsterdam,EUR,,9.99,0.19,0.06,EUR,,9.74,23
LumoGroup,LumoECOM_EU,8620000000001032,ORD-504982,Authorised,2026-06-03 17:32:34,Europe/Amsterdam,EUR,,9.99,,,EUR,,,23
LumoGroup,LumoECOM_EU,8620000000000752,ORD-504702,Authorised,2026-06-03 17:39:50,Europe/Amsterdam,EUR,,9.99,,,EUR,,,23
LumoGroup,LumoECOM_EU,8620000000001250,ORD-505200,Authorised,2026-06-03 17:43:17,Europe/Amsterdam,EUR,,9.99,,,EUR,,,23
LumoGroup,LumoECOM_EU,8620000000001032,ORD-504982,Settled,2026-06-03 18:08:34,Europe/Amsterdam,EUR,,9.99,0.19,0.06,EUR,,9.74,23
LumoGroup,LumoECOM_EU,8620000000000006,ORD-503956,Authorised,2026-06-03 18:16:40,Europe/Amsterdam,EUR,,9.99,,,EUR,,,23
LumoGroup,LumoECOM_EU,8620000000001250,ORD-505200,Settled,2026-06-03 18:22:17,Europe/Amsterdam,EUR,,9.99,0.19,0.06,EUR,,9.74,23
LumoGroup,LumoECOM_EU,8620000000000006,ORD-503956,Settled,2026-06-03 18:25:40,Europe/Amsterdam,EUR,,9.99,0.19,0.06,EUR,,9.74,23
LumoGroup,LumoECOM_EU,8620000000000197,ORD-504147,Settled,2026-06-03 18:31:49,Europe/Amsterdam,EUR,,9.99,0.19,0.06,EUR,,9.74,23
LumoGroup,LumoAPP_US,8620000000001379,ORD-505329,Authorised,2026-06-03 18:44:01,Europe/Amsterdam,USD,,9.99,,,USD,,,23
LumoGroup,LumoECOM_EU,8620000000000293,ORD-504243,Authorised,2026-06-03 18:46:48,Europe/Amsterdam,GBP,,54.99,,,GBP,,,23
LumoGroup,LumoAPP_US,8620000000000345,ORD-504295,Authorised,2026-06-03 18:51:11,Europe/Amsterdam,USD,,24.99,,,USD,,,23
LumoGroup,LumoAPP_US,8620000000001379,ORD-505329,Settled,2026-06-03 19:05:01,Europe/Amsterdam,USD,,9.99,0.19,0.06,USD,,9.74,23
LumoGroup,LumoECOM_EU,8620000000000228,ORD-504178,Authorised,2026-06-03 19:08:15,Europe/Amsterdam,EUR,,59.99,,,EUR,,,23
LumoGroup,LumoECOM_EU,8620000000000752,ORD-504702,Settled,2026-06-03 19:11:50,Europe/Amsterdam,EUR,,9.99,0.19,0.06,EUR,,9.74,23
LumoGroup,LumoECOM_EU,8620000000000228,ORD-504178,Settled,2026-06-03 19:14:15,Europe/Amsterdam,EUR,,59.99,1.14,0.36,EUR,,58.49,23
LumoGroup,LumoAPP_US,8620000000001271,ORD-505221,Authorised,2026-06-03 19:23:23,Europe/Amsterdam,USD,,4.99,,,USD,,,23
LumoGroup,LumoECOM_EU,8620000000001103,ORD-505053,Authorised,2026-06-03 19:23:47,Europe/Amsterdam,EUR,,9.99,,,EUR,,,23
LumoGroup,LumoECOM_EU,8620000000001163,ORD-505113,Authorised,2026-06-03 19:24:36,Europe/Amsterdam,EUR,,9.99,,,EUR,,,23
LumoGroup,LumoAPP_US,8620000000000345,ORD-504295,Settled,2026-06-03 19:28:11,Europe/Amsterdam,USD,,24.99,0.47,0.15,USD,,24.37,23
LumoGroup,LumoAPP_US,8620000000000305,ORD-504255,Authorised,2026-06-03 19:39:16,Europe/Amsterdam,USD,,4.99,,,USD,,,23
LumoGroup,LumoECOM_EU,8620000000000293,ORD-504243,Settled,2026-06-03 19:46:48,Europe/Amsterdam,GBP,,54.99,1.04,0.33,GBP,,53.62,23
LumoGroup,LumoECOM_EU,8620000000001103,ORD-505053,Settled,2026-06-03 19:53:47,Europe/Amsterdam,EUR,,9.99,0.19,0.06,EUR,,9.74,23
LumoGroup,LumoECOM_EU,8620000000000039,ORD-503989,Authorised,2026-06-03 19:53:58,Europe/Amsterdam,EUR,,9.99,,,EUR,,,23
LumoGroup,LumoECOM_EU,8620000000000804,ORD-504754,Authorised,2026-06-03 20:13:26,Europe/Amsterdam,EUR,,9.99,,,EUR,,,23
LumoGroup,LumoECOM_EU,8620000000000039,ORD-503989,Settled,2026-06-03 20:16:58,Europe/Amsterdam,EUR,,9.99,0.19,0.06,EUR,,9.74,23
LumoGroup,LumoECOM_EU,8620000000001073,ORD-505023,Authorised,2026-06-03 20:20:26,Europe/Amsterdam,EUR,,24.99,,,EUR,,,23
LumoGroup,LumoAPP_US,8620000000001271,ORD-505221,Settled,2026-06-03 20:31:23,Europe/Amsterdam,USD,,4.99,0.09,0.03,USD,,4.87,23
LumoGroup,LumoAPP_US,8620000000001200,ORD-505150,Authorised,2026-06-03 20:32:51,Europe/Amsterdam,USD,,24.99,,,USD,,,23
LumoGroup,LumoECOM_EU,8620000000001368,ORD-505318,Authorised,2026-06-03 20:44:17,Europe/Amsterdam,EUR,,59.99,,,EUR,,,23
LumoGroup,LumoECOM_EU,8620000000001163,ORD-505113,Settled,2026-06-03 20:46:36,Europe/Amsterdam,EUR,,9.99,0.19,0.06,EUR,,9.74,23
LumoGroup,LumoECOM_EU,8620000000001073,ORD-505023,Settled,2026-06-03 21:02:26,Europe/Amsterdam,EUR,,24.99,0.47,0.15,EUR,,24.37,23
LumoGroup,LumoECOM_EU,8620000000000804,ORD-504754,Settled,2026-06-03 21:21:26,Europe/Amsterdam,EUR,,9.99,0.19,0.06,EUR,,9.74,23
LumoGroup,LumoAPP_US,8620000000000305,ORD-504255,Settled,2026-06-03 21:23:16,Europe/Amsterdam,USD,,4.99,0.09,0.03,USD,,4.87,23
LumoGroup,LumoECOM_EU,8620000000001368,ORD-505318,Settled,2026-06-03 21:29:17,Europe/Amsterdam,EUR,,59.99,1.14,0.36,EUR,,58.49,23
LumoGroup,LumoAPP_US,8620000000001200,ORD-505150,Settled,2026-06-03 22:11:51,Europe/Amsterdam,USD,,24.99,0.47,0.15,USD,,24.37,23
LumoGroup,LumoAPP_US,8620000000001600,ORD-505550,Refused,2026-06-04 09:01:39,Europe/Amsterdam,USD,,9.99,,,USD,,,23
LumoGroup,LumoECOM_EU,8620000000000114,ORD-504064,Authorised,2026-06-04 09:34:04,Europe/Amsterdam,EUR,,24.99,,,EUR,,,23
LumoGroup,LumoECOM_EU,8620000000000913,ORD-504863,Refused,2026-06-04 09:44:25,Europe/Amsterdam,EUR,,59.99,,,EUR,,,23
LumoGroup,LumoECOM_EU,8620000000000961,ORD-504911,Authorised,2026-06-04 10:02:27,Europe/Amsterdam,EUR,,9.99,,,EUR,,,23
LumoGroup,LumoECOM_EU,8620000000000114,ORD-504064,Settled,2026-06-04 10:09:04,Europe/Amsterdam,EUR,,24.99,0.47,0.15,EUR,,24.37,23
LumoGroup,LumoECOM_EU,8620000000001609,ORD-505559,Authorised,2026-06-04 10:27:26,Europe/Amsterdam,EUR,,9.99,,,EUR,,,23
LumoGroup,LumoAPP_US,8620000000000143,ORD-504093,Authorised,2026-06-04 10:30:15,Europe/Amsterdam,USD,,9.99,,,USD,,,23
LumoGroup,LumoECOM_EU,8620000000001609,ORD-505559,Settled,2026-06-04 10:41:26,Europe/Amsterdam,EUR,,9.99,0.19,0.06,EUR,,9.74,23
LumoGroup,LumoECOM_EU,8620000000000853,ORD-504803,Authorised,2026-06-04 10:43:05,Europe/Amsterdam,EUR,,9.99,,,EUR,,,23
LumoGroup,LumoECOM_EU,8620000000000127,ORD-504077,Authorised,2026-06-04 10:46:52,Europe/Amsterdam,EUR,,24.99,,,EUR,,,23
LumoGroup,LumoAPP_US,8620000000000143,ORD-504093,Settled,2026-06-04 10:48:15,Europe/Amsterdam,USD,,9.99,0.19,0.06,USD,,9.74,23
LumoGroup,LumoECOM_EU,8620000000000127,ORD-504077,Settled,2026-06-04 10:54:52,Europe/Amsterdam,EUR,,24.99,0.47,0.15,EUR,,24.37,23
LumoGroup,LumoECOM_EU,8620000000001384,ORD-505334,Authorised,2026-06-04 11:05:50,Europe/Amsterdam,EUR,,24.99,,,EUR,,,23
LumoGroup,LumoECOM_EU,8620000000000961,ORD-504911,Settled,2026-06-04 11:17:27,Europe/Amsterdam,EUR,,9.99,0.19,0.06,EUR,,9.74,23
LumoGroup,LumoECOM_EU,8620000000000853,ORD-504803,Settled,2026-06-04 11:28:05,Europe/Amsterdam,EUR,,9.99,0.19,0.06,EUR,,9.74,23
LumoGroup,LumoECOM_EU,8620000000001384,ORD-505334,Settled,2026-06-04 11:55:50,Europe/Amsterdam,EUR,,24.99,0.47,0.15,EUR,,24.37,23
LumoGroup,LumoECOM_EU,8620000000001792,ORD-507808,Authorised,2026-06-04 12:00:00,Europe/Amsterdam,EUR,,59.99,,,EUR,,,23
LumoGroup,LumoECOM_EU,8620000000000969,ORD-504919,Refused,2026-06-04 12:04:52,Europe/Amsterdam,EUR,,9.99,,,EUR,,,23
LumoGroup,LumoECOM_EU,8620000000000507,ORD-504457,Authorised,2026-06-04 12:11:12,Europe/Amsterdam,EUR,,24.99,,,EUR,,,23
LumoGroup,LumoECOM_EU,8620000000000865,ORD-504815,Authorised,2026-06-04 12:19:08,Europe/Amsterdam,EUR,,59.99,,,EUR,,,23
LumoGroup,LumoECOM_EU,8620000000000865,ORD-504815,Settled,2026-06-04 12:28:08,Europe/Amsterdam,EUR,,59.99,1.14,0.36,EUR,,58.49,23
LumoGroup,LumoECOM_EU,8620000000001792,ORD-507808,Settled,2026-06-04 12:37:00,Europe/Amsterdam,EUR,,59.99,1.14,0.36,EUR,,58.49,23
LumoGroup,LumoECOM_EU,8620000000000821,ORD-504771,Authorised,2026-06-04 12:42:05,Europe/Amsterdam,EUR,,9.99,,,EUR,,,23
LumoGroup,LumoECOM_EU,8620000000000770,ORD-504720,Authorised,2026-06-04 12:59:54,Europe/Amsterdam,GBP,,54.99,,,GBP,,,23
LumoGroup,LumoECOM_EU,8620000000000090,ORD-504040,Authorised,2026-06-04 13:07:31,Europe/Amsterdam,GBP,,54.99,,,GBP,,,23
LumoGroup,LumoECOM_EU,8620000000000507,ORD-504457,Settled,2026-06-04 13:14:12,Europe/Amsterdam,EUR,,24.99,0.47,0.15,EUR,,24.37,23
LumoGroup,LumoECOM_EU,8620000000000821,ORD-504771,Settled,2026-06-04 13:17:05,Europe/Amsterdam,EUR,,9.99,0.19,0.06,EUR,,9.74,23
LumoGroup,LumoECOM_EU,8620000000000790,ORD-504740,Authorised,2026-06-04 13:32:50,Europe/Amsterdam,EUR,,9.99,,,EUR,,,23
LumoGroup,LumoAPP_US,8620000000000994,ORD-504944,Authorised,2026-06-04 13:49:54,Europe/Amsterdam,USD,,9.99,,,USD,,,23
LumoGroup,LumoECOM_EU,8620000000000770,ORD-504720,Settled,2026-06-04 14:15:54,Europe/Amsterdam,GBP,,54.99,1.04,0.33,GBP,,53.62,23
LumoGroup,LumoECOM_EU,8620000000001418,ORD-505368,Authorised,2026-06-04 14:17:16,Europe/Amsterdam,EUR,,9.99,,,EUR,,,23
LumoGroup,LumoECOM_EU,8620000000000790,ORD-504740,Settled,2026-06-04 14:25:50,Europe/Amsterdam,EUR,,9.99,0.19,0.06,EUR,,9.74,23
LumoGroup,LumoAPP_US,8620000000001458,ORD-505408,Authorised,2026-06-04 14:26:04,Europe/Amsterdam,USD,,9.99,,,USD,,,23
LumoGroup,LumoECOM_EU,8620000000000001,ORD-503951,Authorised,2026-06-04 14:27:59,Europe/Amsterdam,EUR,,4.99,,,EUR,,,23
LumoGroup,LumoAPP_US,8620000000000994,ORD-504944,Settled,2026-06-04 14:37:54,Europe/Amsterdam,USD,,9.99,0.19,0.06,USD,,9.74,23
LumoGroup,LumoECOM_EU,8620000000000636,ORD-504586,Authorised,2026-06-04 14:38:07,Europe/Amsterdam,GBP,,21.99,,,GBP,,,23
LumoGroup,LumoECOM_EU,8620000000000090,ORD-504040,Settled,2026-06-04 14:45:31,Europe/Amsterdam,GBP,,54.99,1.04,0.33,GBP,,53.62,23
LumoGroup,LumoECOM_EU,8620000000001418,ORD-505368,Settled,2026-06-04 14:53:16,Europe/Amsterdam,EUR,,9.99,0.19,0.06,EUR,,9.74,23
LumoGroup,LumoAPP_US,8620000000001226,ORD-505176,Authorised,2026-06-04 14:56:28,Europe/Amsterdam,USD,,24.99,,,USD,,,23
LumoGroup,LumoECOM_EU,8620000000001427,ORD-505377,Authorised,2026-06-04 15:10:00,Europe/Amsterdam,EUR,,24.99,,,EUR,,,23
LumoGroup,LumoECOM_EU,8620000000000001,ORD-503951,Settled,2026-06-04 15:25:59,Europe/Amsterdam,EUR,,4.99,0.09,0.03,EUR,,4.87,23
LumoGroup,LumoECOM_EU,8620000000001427,ORD-505377,Settled,2026-06-04 15:33:00,Europe/Amsterdam,EUR,,24.99,0.47,0.15,EUR,,24.37,23
LumoGroup,LumoECOM_EU,8620000000001685,ORD-505635,Authorised,2026-06-04 15:35:19,Europe/Amsterdam,EUR,,9.99,,,EUR,,,23
LumoGroup,LumoECOM_EU,8620000000001027,ORD-504977,Authorised,2026-06-04 15:39:39,Europe/Amsterdam,EUR,,9.99,,,EUR,,,23
LumoGroup,LumoECOM_EU,8620000000000574,ORD-504524,Authorised,2026-06-04 15:42:25,Europe/Amsterdam,EUR,,9.99,,,EUR,,,23
LumoGroup,LumoECOM_EU,8620000000001242,ORD-505192,Authorised,2026-06-04 15:43:59,Europe/Amsterdam,EUR,,24.99,,,EUR,,,23
LumoGroup,LumoECOM_EU,8620000000000697,ORD-504647,Authorised,2026-06-04 15:46:35,Europe/Amsterdam,EUR,,4.99,,,EUR,,,23
LumoGroup,LumoECOM_EU,8620000000001584,ORD-505534,Authorised,2026-06-04 15:51:24,Europe/Amsterdam,EUR,,9.99,,,EUR,,,23
LumoGroup,LumoECOM_EU,8620000000001242,ORD-505192,Settled,2026-06-04 15:54:59,Europe/Amsterdam,EUR,,24.99,0.47,0.15,EUR,,24.37,23
LumoGroup,LumoECOM_EU,8620000000001584,ORD-505534,Settled,2026-06-04 15:58:24,Europe/Amsterdam,EUR,,9.99,0.19,0.06,EUR,,9.74,23
LumoGroup,LumoAPP_US,8620000000001458,ORD-505408,Settled,2026-06-04 16:06:04,Europe/Amsterdam,USD,,9.99,0.19,0.06,USD,,9.74,23
LumoGroup,LumoAPP_US,8620000000001226,ORD-505176,Settled,2026-06-04 16:06:28,Europe/Amsterdam,USD,,24.99,0.47,0.15,USD,,24.37,23
LumoGroup,LumoECOM_EU,8620000000000636,ORD-504586,Settled,2026-06-04 16:14:07,Europe/Amsterdam,GBP,,21.99,0.42,0.13,GBP,,21.44,23
LumoGroup,LumoECOM_EU,8620000000000946,ORD-504896,Authorised,2026-06-04 16:18:44,Europe/Amsterdam,EUR,,9.99,,,EUR,,,23
LumoGroup,LumoAPP_US,8620000000000518,ORD-504468,Authorised,2026-06-04 16:21:28,Europe/Amsterdam,USD,,24.99,,,USD,,,23
LumoGroup,LumoAPP_US,8620000000000071,ORD-504021,Authorised,2026-06-04 16:40:55,Europe/Amsterdam,USD,,9.99,,,USD,,,23
LumoGroup,LumoECOM_EU,8620000000000574,ORD-504524,Settled,2026-06-04 16:42:25,Europe/Amsterdam,EUR,,9.99,0.19,0.06,EUR,,9.74,23
LumoGroup,LumoECOM_EU,8620000000000092,ORD-504042,Authorised,2026-06-04 16:47:03,Europe/Amsterdam,EUR,,9.99,,,EUR,,,23
LumoGroup,LumoECOM_EU,8620000000000282,ORD-504232,Authorised,2026-06-04 16:47:56,Europe/Amsterdam,EUR,,59.99,,,EUR,,,23
LumoGroup,LumoAPP_US,8620000000000518,ORD-504468,Settled,2026-06-04 16:54:28,Europe/Amsterdam,USD,,24.99,0.47,0.15,USD,,24.37,23
LumoGroup,LumoECOM_EU,8620000000001685,ORD-505635,Settled,2026-06-04 16:57:19,Europe/Amsterdam,EUR,,9.99,0.19,0.06,EUR,,9.74,23
LumoGroup,LumoECOM_EU,8620000000000946,ORD-504896,Settled,2026-06-04 17:01:44,Europe/Amsterdam,EUR,,9.99,0.19,0.06,EUR,,9.74,23
LumoGroup,LumoECOM_EU,8620000000000921,ORD-504871,Authorised,2026-06-04 17:14:39,Europe/Amsterdam,GBP,,54.99,,,GBP,,,23
LumoGroup,LumoECOM_EU,8620000000001027,ORD-504977,Settled,2026-06-04 17:21:39,Europe/Amsterdam,EUR,,9.99,0.19,0.06,EUR,,9.74,23
LumoGroup,LumoECOM_EU,8620000000000697,ORD-504647,Settled,2026-06-04 17:27:35,Europe/Amsterdam,EUR,,4.99,0.09,0.03,EUR,,4.87,23
LumoGroup,LumoECOM_EU,8620000000001476,ORD-505426,Authorised,2026-06-04 17:41:43,Europe/Amsterdam,EUR,,24.99,,,EUR,,,23
LumoGroup,LumoECOM_EU,8620000000000282,ORD-504232,Settled,2026-06-04 17:44:56,Europe/Amsterdam,EUR,,59.99,1.14,0.36,EUR,,58.49,23
LumoGroup,LumoECOM_EU,8620000000000092,ORD-504042,Settled,2026-06-04 17:48:03,Europe/Amsterdam,EUR,,9.99,0.19,0.06,EUR,,9.74,23
LumoGroup,LumoECOM_EU,8620000000001550,ORD-505500,Refused,2026-06-04 17:53:18,Europe/Amsterdam,EUR,,59.99,,,EUR,,,23
LumoGroup,LumoECOM_EU,8620000000000921,ORD-504871,Settled,2026-06-04 17:55:39,Europe/Amsterdam,GBP,,54.99,1.04,0.33,GBP,,53.62,23
LumoGroup,LumoAPP_US,8620000000000071,ORD-504021,Settled,2026-06-04 18:18:55,Europe/Amsterdam,USD,,9.99,0.19,0.06,USD,,9.74,23
LumoGroup,LumoECOM_EU,8620000000000682,ORD-504632,Authorised,2026-06-04 18:37:39,Europe/Amsterdam,EUR,,4.99,,,EUR,,,23
LumoGroup,LumoAPP_US,8620000000000972,ORD-504922,Authorised,2026-06-04 18:50:41,Europe/Amsterdam,USD,,9.99,,,USD,,,23
LumoGroup,LumoECOM_EU,8620000000000682,ORD-504632,Settled,2026-06-04 18:51:39,Europe/Amsterdam,EUR,,4.99,0.09,0.03,EUR,,4.87,23
LumoGroup,LumoECOM_EU,8620000000001476,ORD-505426,Settled,2026-06-04 19:17:43,Europe/Amsterdam,EUR,,24.99,0.47,0.15,EUR,,24.37,23
LumoGroup,LumoECOM_EU,8620000000001136,ORD-505086,Authorised,2026-06-04 19:28:06,Europe/Amsterdam,EUR,,9.99,,,EUR,,,23
LumoGroup,LumoECOM_EU,8620000000001426,ORD-505376,Authorised,2026-06-04 19:28:54,Europe/Amsterdam,EUR,,59.99,,,EUR,,,23
LumoGroup,LumoECOM_EU,8620000000000846,ORD-504796,Authorised,2026-06-04 19:45:19,Europe/Amsterdam,GBP,,21.99,,,GBP,,,23
LumoGroup,LumoECOM_EU,8620000000001136,ORD-505086,Settled,2026-06-04 19:46:06,Europe/Amsterdam,EUR,,9.99,0.19,0.06,EUR,,9.74,23
LumoGroup,LumoAPP_US,8620000000001640,ORD-505590,Authorised,2026-06-04 19:51:15,Europe/Amsterdam,USD,,59.99,,,USD,,,23
LumoGroup,LumoECOM_EU,8620000000001649,ORD-505599,Authorised,2026-06-04 19:55:34,Europe/Amsterdam,EUR,,4.99,,,EUR,,,23
LumoGroup,LumoECOM_EU,8620000000000111,ORD-504061,Authorised,2026-06-04 20:08:43,Europe/Amsterdam,EUR,,59.99,,,EUR,,,23
LumoGroup,LumoECOM_EU,8620000000000220,ORD-504170,Authorised,2026-06-04 20:11:11,Europe/Amsterdam,EUR,,4.99,,,EUR,,,23
LumoGroup,LumoECOM_EU,8620000000001109,ORD-505059,Authorised,2026-06-04 20:11:33,Europe/Amsterdam,EUR,,59.99,,,EUR,,,23
LumoGroup,LumoAPP_US,8620000000000972,ORD-504922,Settled,2026-06-04 20:19:41,Europe/Amsterdam,USD,,9.99,0.19,0.06,USD,,9.74,23
LumoGroup,LumoECOM_EU,8620000000000846,ORD-504796,Settled,2026-06-04 20:21:19,Europe/Amsterdam,GBP,,21.99,0.42,0.13,GBP,,21.44,23
LumoGroup,LumoECOM_EU,8620000000001109,ORD-505059,Settled,2026-06-04 20:42:33,Europe/Amsterdam,EUR,,59.99,1.14,0.36,EUR,,58.49,23
LumoGroup,LumoAPP_US,8620000000001640,ORD-505590,Settled,2026-06-04 20:43:15,Europe/Amsterdam,USD,,59.99,1.14,0.36,USD,,58.49,23
LumoGroup,LumoECOM_EU,8620000000000220,ORD-504170,Settled,2026-06-04 20:46:11,Europe/Amsterdam,EUR,,4.99,0.09,0.03,EUR,,4.87,23
LumoGroup,LumoECOM_EU,8620000000000107,ORD-504057,Authorised,2026-06-04 20:48:06,Europe/Amsterdam,EUR,,24.99,,,EUR,,,23
LumoGroup,LumoECOM_EU,8620000000001216,ORD-505166,Authorised,2026-06-04 20:51:21,Europe/Amsterdam,GBP,,8.99,,,GBP,,,23
LumoGroup,LumoECOM_EU,8620000000001426,ORD-505376,Settled,2026-06-04 20:54:54,Europe/Amsterdam,EUR,,59.99,1.14,0.36,EUR,,58.49,23
LumoGroup,LumoECOM_EU,8620000000001649,ORD-505599,Settled,2026-06-04 21:06:34,Europe/Amsterdam,EUR,,4.99,0.09,0.03,EUR,,4.87,23
LumoGroup,LumoECOM_EU,8620000000000107,ORD-504057,Settled,2026-06-04 21:38:06,Europe/Amsterdam,EUR,,24.99,0.47,0.15,EUR,,24.37,23
LumoGroup,LumoECOM_EU,8620000000000111,ORD-504061,Settled,2026-06-04 21:53:43,Europe/Amsterdam,EUR,,59.99,1.14,0.36,EUR,,58.49,23
LumoGroup,LumoECOM_EU,8620000000001216,ORD-505166,Settled,2026-06-04 22:21:21,Europe/Amsterdam,GBP,,8.99,0.17,0.05,GBP,,8.77,23
LumoGroup,LumoAPP_US,8620000000001414,ORD-505364,Authorised,2026-06-05 09:22:26,Europe/Amsterdam,USD,,9.99,,,USD,,,23
LumoGroup,LumoECOM_EU,8620000000000756,ORD-504706,Authorised,2026-06-05 09:44:16,Europe/Amsterdam,EUR,,9.99,,,EUR,,,23
LumoGroup,LumoECOM_EU,8620000000000463,ORD-504413,Authorised,2026-06-05 09:56:32,Europe/Amsterdam,EUR,,59.99,,,EUR,,,23
LumoGroup,LumoECOM_EU,8620000000000183,ORD-504133,Authorised,2026-06-05 09:56:52,Europe/Amsterdam,EUR,,9.99,,,EUR,,,23
LumoGroup,LumoAPP_US,8620000000001589,ORD-505539,Authorised,2026-06-05 09:57:54,Europe/Amsterdam,USD,,4.99,,,USD,,,23
LumoGroup,LumoAPP_US,8620000000001414,ORD-505364,Settled,2026-06-05 09:58:26,Europe/Amsterdam,USD,,9.99,0.19,0.06,USD,,9.74,23
LumoGroup,LumoAPP_US,8620000000001322,ORD-505272,Refused,2026-06-05 10:06:08,Europe/Amsterdam,USD,,59.99,,,USD,,,23
LumoGroup,LumoECOM_EU,8620000000000357,ORD-504307,Authorised,2026-06-05 10:08:52,Europe/Amsterdam,EUR,,4.99,,,EUR,,,23
LumoGroup,LumoAPP_US,8620000000001272,ORD-505222,Authorised,2026-06-05 10:13:05,Europe/Amsterdam,USD,,4.99,,,USD,,,23
LumoGroup,LumoAPP_US,8620000000001310,ORD-505260,Authorised,2026-06-05 10:14:56,Europe/Amsterdam,USD,,4.99,,,USD,,,23
LumoGroup,LumoAPP_US,8620000000001178,ORD-505128,Authorised,2026-06-05 10:25:22,Europe/Amsterdam,USD,,9.99,,,USD,,,23
LumoGroup,LumoECOM_EU,8620000000000504,ORD-504454,Authorised,2026-06-05 10:33:32,Europe/Amsterdam,EUR,,24.99,,,EUR,,,23
LumoGroup,LumoECOM_EU,8620000000000614,ORD-504564,Authorised,2026-06-05 10:35:09,Europe/Amsterdam,EUR,,9.99,,,EUR,,,23
LumoGroup,LumoECOM_EU,8620000000000463,ORD-504413,Settled,2026-06-05 10:42:32,Europe/Amsterdam,EUR,,59.99,1.14,0.36,EUR,,58.49,23
LumoGroup,LumoECOM_EU,8620000000000560,ORD-504510,Authorised,2026-06-05 10:54:19,Europe/Amsterdam,EUR,,9.99,,,EUR,,,23
LumoGroup,LumoAPP_US,8620000000001310,ORD-505260,Settled,2026-06-05 10:57:56,Europe/Amsterdam,USD,,4.99,0.09,0.03,USD,,4.87,23
LumoGroup,LumoECOM_EU,8620000000000504,ORD-504454,Settled,2026-06-05 11:04:32,Europe/Amsterdam,EUR,,24.99,0.47,0.15,EUR,,24.37,23
LumoGroup,LumoECOM_EU,8620000000000756,ORD-504706,Settled,2026-06-05 11:05:16,Europe/Amsterdam,EUR,,9.99,0.19,0.06,EUR,,9.74,23
LumoGroup,LumoECOM_EU,8620000000000339,ORD-504289,Authorised,2026-06-05 11:09:05,Europe/Amsterdam,GBP,,8.99,,,GBP,,,23
LumoGroup,LumoECOM_EU,8620000000000614,ORD-504564,Settled,2026-06-05 11:10:09,Europe/Amsterdam,EUR,,9.99,0.19,0.06,EUR,,9.74,23
LumoGroup,LumoAPP_US,8620000000001272,ORD-505222,Settled,2026-06-05 11:12:05,Europe/Amsterdam,USD,,4.99,0.09,0.03,USD,,4.87,23
LumoGroup,LumoAPP_US,8620000000001589,ORD-505539,Settled,2026-06-05 11:14:54,Europe/Amsterdam,USD,,4.99,0.09,0.03,USD,,4.87,23
LumoGroup,LumoAPP_US,8620000000001178,ORD-505128,Settled,2026-06-05 11:18:22,Europe/Amsterdam,USD,,9.99,0.19,0.06,USD,,9.74,23
LumoGroup,LumoECOM_EU,8620000000000855,ORD-504805,Authorised,2026-06-05 11:19:25,Europe/Amsterdam,EUR,,24.99,,,EUR,,,23
LumoGroup,LumoECOM_EU,8620000000000183,ORD-504133,Settled,2026-06-05 11:20:52,Europe/Amsterdam,EUR,,9.99,0.19,0.06,EUR,,9.74,23
LumoGroup,LumoECOM_EU,8620000000000599,ORD-504549,Refused,2026-06-05 11:25:56,Europe/Amsterdam,EUR,,59.99,,,EUR,,,23
LumoGroup,LumoECOM_EU,8620000000000357,ORD-504307,Settled,2026-06-05 11:38:52,Europe/Amsterdam,EUR,,4.99,0.09,0.03,EUR,,4.87,23
LumoGroup,LumoECOM_EU,8620000000001404,ORD-505354,Authorised,2026-06-05 11:42:06,Europe/Amsterdam,GBP,,8.99,,,GBP,,,23
LumoGroup,LumoECOM_EU,8620000000000974,ORD-504924,Authorised,2026-06-05 11:48:05,Europe/Amsterdam,GBP,,8.99,,,GBP,,,23
LumoGroup,LumoECOM_EU,8620000000000560,ORD-504510,Settled,2026-06-05 11:49:19,Europe/Amsterdam,EUR,,9.99,0.19,0.06,EUR,,9.74,23
LumoGroup,LumoECOM_EU,8620000000000667,ORD-504617,Authorised,2026-06-05 11:52:45,Europe/Amsterdam,EUR,,9.99,,,EUR,,,23
LumoGroup,LumoECOM_EU,8620000000001570,ORD-505520,Authorised,2026-06-05 11:59:31,Europe/Amsterdam,EUR,,59.99,,,EUR,,,23
LumoGroup,LumoECOM_EU,8620000000000450,ORD-504400,Authorised,2026-06-05 12:04:41,Europe/Amsterdam,EUR,,24.99,,,EUR,,,23
LumoGroup,LumoECOM_EU,8620000000000855,ORD-504805,Settled,2026-06-05 12:06:25,Europe/Amsterdam,EUR,,24.99,0.47,0.15,EUR,,24.37,23
LumoGroup,LumoECOM_EU,8620000000001315,ORD-505265,Authorised,2026-06-05 12:14:16,Europe/Amsterdam,EUR,,9.99,,,EUR,,,23
LumoGroup,LumoAPP_US,8620000000001143,ORD-505093,Authorised,2026-06-05 12:16:10,Europe/Amsterdam,USD,,9.99,,,USD,,,23
LumoGroup,LumoECOM_EU,8620000000000667,ORD-504617,Settled,2026-06-05 12:18:45,Europe/Amsterdam,EUR,,9.99,0.19,0.06,EUR,,9.74,23
LumoGroup,LumoECOM_EU,8620000000000343,ORD-504293,Authorised,2026-06-05 12:20:49,Europe/Amsterdam,EUR,,24.99,,,EUR,,,23
LumoGroup,LumoECOM_EU,8620000000000339,ORD-504289,Settled,2026-06-05 12:23:05,Europe/Amsterdam,GBP,,8.99,0.17,0.05,GBP,,8.77,23
LumoGroup,LumoECOM_EU,8620000000000418,ORD-504368,Authorised,2026-06-05 12:23:46,Europe/Amsterdam,GBP,,8.99,,,GBP,,,23
LumoGroup,LumoECOM_EU,8620000000000251,ORD-504201,Authorised,2026-06-05 12:26:21,Europe/Amsterdam,EUR,,9.99,,,EUR,,,23
LumoGroup,LumoECOM_EU,8620000000001188,ORD-505138,Authorised,2026-06-05 12:34:05,Europe/Amsterdam,GBP,,21.99,,,GBP,,,23
LumoGroup,LumoECOM_EU,8620000000000343,ORD-504293,Settled,2026-06-05 12:39:49,Europe/Amsterdam,EUR,,24.99,0.47,0.15,EUR,,24.37,23
LumoGroup,LumoECOM_EU,8620000000001198,ORD-505148,Authorised,2026-06-05 12:42:10,Europe/Amsterdam,EUR,,9.99,,,EUR,,,23
LumoGroup,LumoECOM_EU,8620000000001570,ORD-505520,Settled,2026-06-05 12:44:31,Europe/Amsterdam,EUR,,59.99,1.14,0.36,EUR,,58.49,23
LumoGroup,LumoECOM_EU,8620000000000436,ORD-504386,Authorised,2026-06-05 12:52:36,Europe/Amsterdam,EUR,,9.99,,,EUR,,,23
LumoGroup,LumoECOM_EU,8620000000001404,ORD-505354,Settled,2026-06-05 12:54:06,Europe/Amsterdam,GBP,,8.99,0.17,0.05,GBP,,8.77,23
LumoGroup,LumoECOM_EU,8620000000000450,ORD-504400,Settled,2026-06-05 12:59:41,Europe/Amsterdam,EUR,,24.99,0.47,0.15,EUR,,24.37,23
LumoGroup,LumoECOM_EU,8620000000000974,ORD-504924,Settled,2026-06-05 13:08:05,Europe/Amsterdam,GBP,,8.99,0.17,0.05,GBP,,8.77,23
LumoGroup,LumoECOM_EU,8620000000001315,ORD-505265,Settled,2026-06-05 13:14:16,Europe/Amsterdam,EUR,,9.99,0.19,0.06,EUR,,9.74,23
LumoGroup,LumoECOM_EU,8620000000000418,ORD-504368,Settled,2026-06-05 13:33:46,Europe/Amsterdam,GBP,,8.99,0.17,0.05,GBP,,8.77,23
LumoGroup,LumoAPP_US,8620000000001143,ORD-505093,Settled,2026-06-05 13:38:10,Europe/Amsterdam,USD,,9.99,0.19,0.06,USD,,9.74,23
LumoGroup,LumoECOM_EU,8620000000001188,ORD-505138,Settled,2026-06-05 13:43:05,Europe/Amsterdam,GBP,,21.99,0.42,0.13,GBP,,21.44,23
LumoGroup,LumoECOM_EU,8620000000001198,ORD-505148,Settled,2026-06-05 13:46:10,Europe/Amsterdam,EUR,,9.99,0.19,0.06,EUR,,9.74,23
LumoGroup,LumoECOM_EU,8620000000000251,ORD-504201,Settled,2026-06-05 13:50:21,Europe/Amsterdam,EUR,,9.99,0.19,0.06,EUR,,9.74,23
LumoGroup,LumoECOM_EU,8620000000000691,ORD-504641,Authorised,2026-06-05 13:51:31,Europe/Amsterdam,GBP,,21.99,,,GBP,,,23
LumoGroup,LumoECOM_EU,8620000000001662,ORD-505612,Authorised,2026-06-05 13:57:15,Europe/Amsterdam,EUR,,24.99,,,EUR,,,23
LumoGroup,LumoECOM_EU,8620000000000436,ORD-504386,Settled,2026-06-05 14:06:36,Europe/Amsterdam,EUR,,9.99,0.19,0.06,EUR,,9.74,23
LumoGroup,LumoECOM_EU,8620000000000691,ORD-504641,Settled,2026-06-05 14:10:31,Europe/Amsterdam,GBP,,21.99,0.42,0.13,GBP,,21.44,23
LumoGroup,LumoECOM_EU,8620000000000497,ORD-504447,Authorised,2026-06-05 14:25:49,Europe/Amsterdam,GBP,,8.99,,,GBP,,,23
LumoGroup,LumoAPP_US,8620000000001153,ORD-505103,Authorised,2026-06-05 14:27:31,Europe/Amsterdam,USD,,9.99,,,USD,,,23
LumoGroup,LumoECOM_EU,8620000000000497,ORD-504447,Settled,2026-06-05 14:32:49,Europe/Amsterdam,GBP,,8.99,0.17,0.05,GBP,,8.77,23
LumoGroup,LumoECOM_EU,8620000000001662,ORD-505612,Settled,2026-06-05 14:34:15,Europe/Amsterdam,EUR,,24.99,0.47,0.15,EUR,,24.37,23
LumoGroup,LumoECOM_EU,8620000000001342,ORD-505292,Authorised,2026-06-05 14:35:42,Europe/Amsterdam,GBP,,8.99,,,GBP,,,23
LumoGroup,LumoECOM_EU,8620000000001280,ORD-505230,Authorised,2026-06-05 14:40:36,Europe/Amsterdam,EUR,,9.99,,,EUR,,,23
LumoGroup,LumoECOM_EU,8620000000001209,ORD-505159,Authorised,2026-06-05 14:44:49,Europe/Amsterdam,EUR,,9.99,,,EUR,,,23
LumoGroup,LumoAPP_US,8620000000001153,ORD-505103,Settled,2026-06-05 14:48:31,Europe/Amsterdam,USD,,9.99,0.19,0.06,USD,,9.74,23
LumoGroup,LumoECOM_EU,8620000000001544,ORD-505494,Authorised,2026-06-05 15:01:36,Europe/Amsterdam,EUR,,9.99,,,EUR,,,23
LumoGroup,LumoECOM_EU,8620000000001280,ORD-505230,Settled,2026-06-05 15:20:36,Europe/Amsterdam,EUR,,9.99,0.19,0.06,EUR,,9.74,23
LumoGroup,LumoECOM_EU,8620000000001544,ORD-505494,Settled,2026-06-05 15:21:36,Europe/Amsterdam,EUR,,9.99,0.19,0.06,EUR,,9.74,23
LumoGroup,LumoECOM_EU,8620000000001342,ORD-505292,Settled,2026-06-05 15:26:42,Europe/Amsterdam,GBP,,8.99,0.17,0.05,GBP,,8.77,23
LumoGroup,LumoECOM_EU,8620000000000408,ORD-504358,Authorised,2026-06-05 15:41:14,Europe/Amsterdam,GBP,,21.99,,,GBP,,,23
LumoGroup,LumoECOM_EU,8620000000001486,ORD-505436,Authorised,2026-06-05 15:41:58,Europe/Amsterdam,EUR,,9.99,,,EUR,,,23
LumoGroup,LumoECOM_EU,8620000000000734,ORD-504684,Authorised,2026-06-05 15:46:27,Europe/Amsterdam,EUR,,9.99,,,EUR,,,23
LumoGroup,LumoECOM_EU,8620000000001209,ORD-505159,Settled,2026-06-05 15:49:49,Europe/Amsterdam,EUR,,9.99,0.19,0.06,EUR,,9.74,23
LumoGroup,LumoECOM_EU,8620000000000408,ORD-504358,Settled,2026-06-05 15:54:14,Europe/Amsterdam,GBP,,21.99,0.42,0.13,GBP,,21.44,23
LumoGroup,LumoECOM_EU,8620000000001486,ORD-505436,Settled,2026-06-05 16:02:58,Europe/Amsterdam,EUR,,9.99,0.19,0.06,EUR,,9.74,23
LumoGroup,LumoECOM_EU,8620000000000734,ORD-504684,Settled,2026-06-05 16:09:27,Europe/Amsterdam,EUR,,9.99,0.19,0.06,EUR,,9.74,23
LumoGroup,LumoECOM_EU,8620000000000096,ORD-504046,Authorised,2026-06-05 16:09:37,Europe/Amsterdam,EUR,,9.99,,,EUR,,,23
LumoGroup,LumoECOM_EU,8620000000001180,ORD-505130,Authorised,2026-06-05 16:29:53,Europe/Amsterdam,GBP,,8.99,,,GBP,,,23
LumoGroup,LumoAPP_US,8620000000001108,ORD-505058,Authorised,2026-06-05 16:43:00,Europe/Amsterdam,USD,,59.99,,,USD,,,23
LumoGroup,LumoECOM_EU,8620000000001234,ORD-505184,Authorised,2026-06-05 16:48:56,Europe/Amsterdam,EUR,,9.99,,,EUR,,,23
LumoGroup,LumoECOM_EU,8620000000000513,ORD-504463,Authorised,2026-06-05 17:02:19,Europe/Amsterdam,EUR,,9.99,,,EUR,,,23
LumoGroup,LumoECOM_EU,8620000000001161,ORD-505111,Authorised,2026-06-05 17:07:59,Europe/Amsterdam,EUR,,9.99,,,EUR,,,23
LumoGroup,LumoECOM_EU,8620000000001106,ORD-505056,Authorised,2026-06-05 17:11:59,Europe/Amsterdam,GBP,,54.99,,,GBP,,,23
LumoGroup,LumoECOM_EU,8620000000001320,ORD-505270,Authorised,2026-06-05 17:13:50,Europe/Amsterdam,EUR,,24.99,,,EUR,,,23
LumoGroup,LumoECOM_EU,8620000000001646,ORD-505596,Authorised,2026-06-05 17:14:19,Europe/Amsterdam,GBP,,8.99,,,GBP,,,23
LumoGroup,LumoAPP_US,8620000000001108,ORD-505058,Settled,2026-06-05 17:19:00,Europe/Amsterdam,USD,,59.99,1.14,0.36,USD,,58.49,23
LumoGroup,LumoECOM_EU,8620000000000013,ORD-503963,Authorised,2026-06-05 17:19:13,Europe/Amsterdam,EUR,,9.99,,,EUR,,,23
LumoGroup,LumoECOM_EU,8620000000001234,ORD-505184,Settled,2026-06-05 17:27:56,Europe/Amsterdam,EUR,,9.99,0.19,0.06,EUR,,9.74,23
LumoGroup,LumoECOM_EU,8620000000001646,ORD-505596,Settled,2026-06-05 17:31:19,Europe/Amsterdam,GBP,,8.99,0.17,0.05,GBP,,8.77,23
LumoGroup,LumoECOM_EU,8620000000000644,ORD-504594,Authorised,2026-06-05 17:38:13,Europe/Amsterdam,GBP,,21.99,,,GBP,,,23
LumoGroup,LumoECOM_EU,8620000000001122,ORD-505072,Refunded,2026-06-05 17:38:25,Europe/Amsterdam,EUR,5.00,,,,EUR,5.00,,23
LumoGroup,LumoECOM_EU,8620000000000995,ORD-504945,Authorised,2026-06-05 17:40:35,Europe/Amsterdam,EUR,,9.99,,,EUR,,,23
LumoGroup,LumoECOM_EU,8620000000001320,ORD-505270,Settled,2026-06-05 17:46:50,Europe/Amsterdam,EUR,,24.99,0.47,0.15,EUR,,24.37,23
LumoGroup,LumoECOM_EU,8620000000000096,ORD-504046,Settled,2026-06-05 17:49:37,Europe/Amsterdam,EUR,,9.99,0.19,0.06,EUR,,9.74,23
LumoGroup,LumoECOM_EU,8620000000001588,ORD-505538,Authorised,2026-06-05 17:49:40,Europe/Amsterdam,EUR,,59.99,,,EUR,,,23
LumoGroup,LumoECOM_EU,8620000000000513,ORD-504463,Settled,2026-06-05 17:50:19,Europe/Amsterdam,EUR,,9.99,0.19,0.06,EUR,,9.74,23
LumoGroup,LumoECOM_EU,8620000000001180,ORD-505130,Settled,2026-06-05 17:55:53,Europe/Amsterdam,GBP,,8.99,0.17,0.05,GBP,,8.77,23
LumoGroup,LumoECOM_EU,8620000000000840,ORD-504790,Authorised,2026-06-05 18:04:45,Europe/Amsterdam,EUR,,9.99,,,EUR,,,23
LumoGroup,LumoECOM_EU,8620000000001161,ORD-505111,Settled,2026-06-05 18:04:59,Europe/Amsterdam,EUR,,9.99,0.19,0.06,EUR,,9.74,23
LumoGroup,LumoECOM_EU,8620000000001106,ORD-505056,Settled,2026-06-05 18:09:59,Europe/Amsterdam,GBP,,54.99,1.04,0.33,GBP,,53.62,23
LumoGroup,LumoECOM_EU,8620000000000840,ORD-504790,Settled,2026-06-05 18:12:45,Europe/Amsterdam,EUR,,9.99,0.19,0.06,EUR,,9.74,23
LumoGroup,LumoECOM_EU,8620000000000471,ORD-504421,Authorised,2026-06-05 18:13:46,Europe/Amsterdam,EUR,,9.99,,,EUR,,,23
LumoGroup,LumoECOM_EU,8620000000000013,ORD-503963,Settled,2026-06-05 18:17:13,Europe/Amsterdam,EUR,,9.99,0.19,0.06,EUR,,9.74,23
LumoGroup,LumoECOM_EU,8620000000000231,ORD-504181,Authorised,2026-06-05 18:17:23,Europe/Amsterdam,GBP,,8.99,,,GBP,,,23
LumoGroup,LumoECOM_EU,8620000000000528,ORD-504478,Authorised,2026-06-05 18:27:54,Europe/Amsterdam,EUR,,4.99,,,EUR,,,23
LumoGroup,LumoECOM_EU,8620000000000995,ORD-504945,Settled,2026-06-05 18:29:35,Europe/Amsterdam,EUR,,9.99,0.19,0.06,EUR,,9.74,23
LumoGroup,LumoECOM_EU,8620000000001588,ORD-505538,Settled,2026-06-05 18:35:40,Europe/Amsterdam,EUR,,59.99,1.14,0.36,EUR,,58.49,23
LumoGroup,LumoECOM_EU,8620000000000231,ORD-504181,Settled,2026-06-05 18:36:23,Europe/Amsterdam,GBP,,8.99,0.17,0.05,GBP,,8.77,23
LumoGroup,LumoECOM_EU,8620000000000722,ORD-504672,Authorised,2026-06-05 18:54:15,Europe/Amsterdam,GBP,,8.99,,,GBP,,,23
LumoGroup,LumoECOM_EU,8620000000001525,ORD-505475,Refused,2026-06-05 18:55:04,Europe/Amsterdam,EUR,,9.99,,,EUR,,,23
LumoGroup,LumoECOM_EU,8620000000001059,ORD-505009,Authorised,2026-06-05 18:59:17,Europe/Amsterdam,GBP,,4.49,,,GBP,,,23
LumoGroup,LumoECOM_EU,8620000000000644,ORD-504594,Settled,2026-06-05 19:03:13,Europe/Amsterdam,GBP,,21.99,0.42,0.13,GBP,,21.44,23
LumoGroup,LumoECOM_EU,8620000000001607,ORD-505557,Authorised,2026-06-05 19:28:01,Europe/Amsterdam,EUR,,24.99,,,EUR,,,23
LumoGroup,LumoECOM_EU,8620000000000927,ORD-504877,Authorised,2026-06-05 19:28:14,Europe/Amsterdam,EUR,,9.99,,,EUR,,,23
LumoGroup,LumoECOM_EU,8620000000000528,ORD-504478,Settled,2026-06-05 19:30:54,Europe/Amsterdam,EUR,,4.99,0.09,0.03,EUR,,4.87,23
LumoGroup,LumoECOM_EU,8620000000000180,ORD-504130,Authorised,2026-06-05 19:41:04,Europe/Amsterdam,EUR,,9.99,,,EUR,,,23
LumoGroup,LumoECOM_EU,8620000000001607,ORD-505557,Settled,2026-06-05 19:44:01,Europe/Amsterdam,EUR,,24.99,0.47,0.15,EUR,,24.37,23
LumoGroup,LumoECOM_EU,8620000000001059,ORD-505009,Settled,2026-06-05 19:46:17,Europe/Amsterdam,GBP,,4.49,0.09,0.02,GBP,,4.38,23
LumoGroup,LumoECOM_EU,8620000000000471,ORD-504421,Settled,2026-06-05 19:47:46,Europe/Amsterdam,EUR,,9.99,0.19,0.06,EUR,,9.74,23
LumoGroup,LumoECOM_EU,8620000000000927,ORD-504877,Settled,2026-06-05 20:01:14,Europe/Amsterdam,EUR,,9.99,0.19,0.06,EUR,,9.74,23
LumoGroup,LumoECOM_EU,8620000000000929,ORD-504879,Authorised,2026-06-05 20:01:43,Europe/Amsterdam,EUR,,9.99,,,EUR,,,23
LumoGroup,LumoECOM_EU,8620000000001668,ORD-505618,Authorised,2026-06-05 20:22:27,Europe/Amsterdam,GBP,,21.99,,,GBP,,,23
LumoGroup,LumoECOM_EU,8620000000000722,ORD-504672,Settled,2026-06-05 20:28:15,Europe/Amsterdam,GBP,,8.99,0.17,0.05,GBP,,8.77,23
LumoGroup,LumoECOM_EU,8620000000000180,ORD-504130,Settled,2026-06-05 20:39:04,Europe/Amsterdam,EUR,,9.99,0.19,0.06,EUR,,9.74,23
LumoGroup,LumoECOM_EU,8620000000000064,ORD-504014,Authorised,2026-06-05 20:45:59,Europe/Amsterdam,EUR,,4.99,,,EUR,,,23
LumoGroup,LumoECOM_EU,8620000000001668,ORD-505618,Settled,2026-06-05 20:50:27,Europe/Amsterdam,GBP,,21.99,0.42,0.13,GBP,,21.44,23
LumoGroup,LumoECOM_EU,8620000000000064,ORD-504014,Settled,2026-06-05 20:57:59,Europe/Amsterdam,EUR,,4.99,0.09,0.03,EUR,,4.87,23
LumoGroup,LumoECOM_EU,8620000000000929,ORD-504879,Settled,2026-06-05 21:20:43,Europe/Amsterdam,EUR,,9.99,0.19,0.06,EUR,,9.74,23
LumoGroup,LumoECOM_EU,8620000000000192,ORD-504142,Authorised,2026-06-06 09:01:53,Europe/Amsterdam,GBP,,54.99,,,GBP,,,23
LumoGroup,LumoECOM_EU,8620000000001463,ORD-505413,Authorised,2026-06-06 09:07:51,Europe/Amsterdam,GBP,,54.99,,,GBP,,,23
LumoGroup,LumoECOM_EU,8620000000000192,ORD-504142,Settled,2026-06-06 09:12:53,Europe/Amsterdam,GBP,,54.99,1.04,0.33,GBP,,53.62,23
LumoGroup,LumoECOM_EU,8620000000001463,ORD-505413,Settled,2026-06-06 09:27:51,Europe/Amsterdam,GBP,,54.99,1.04,0.33,GBP,,53.62,23
LumoGroup,LumoECOM_EU,8620000000001138,ORD-505088,Authorised,2026-06-06 09:30:25,Europe/Amsterdam,EUR,,9.99,,,EUR,,,23
LumoGroup,LumoECOM_EU,8620000000000425,ORD-504375,Authorised,2026-06-06 10:04:39,Europe/Amsterdam,EUR,,59.99,,,EUR,,,23
LumoGroup,LumoECOM_EU,8620000000001138,ORD-505088,Settled,2026-06-06 10:11:25,Europe/Amsterdam,EUR,,9.99,0.19,0.06,EUR,,9.74,23
LumoGroup,LumoECOM_EU,8620000000000002,ORD-503952,Authorised,2026-06-06 10:33:30,Europe/Amsterdam,EUR,,24.99,,,EUR,,,23
LumoGroup,LumoECOM_EU,8620000000000672,ORD-504622,Authorised,2026-06-06 10:33:35,Europe/Amsterdam,EUR,,24.99,,,EUR,,,23
LumoGroup,LumoECOM_EU,8620000000001425,ORD-505375,Authorised,2026-06-06 10:46:04,Europe/Amsterdam,EUR,,4.99,,,EUR,,,23
LumoGroup,LumoECOM_EU,8620000000000425,ORD-504375,Settled,2026-06-06 11:01:39,Europe/Amsterdam,EUR,,59.99,1.14,0.36,EUR,,58.49,23
LumoGroup,LumoECOM_EU,8620000000000129,ORD-504079,Authorised,2026-06-06 11:06:40,Europe/Amsterdam,EUR,,59.99,,,EUR,,,23
LumoGroup,LumoECOM_EU,8620000000000672,ORD-504622,Settled,2026-06-06 11:13:35,Europe/Amsterdam,EUR,,24.99,0.47,0.15,EUR,,24.37,23
LumoGroup,LumoECOM_EU,8620000000000406,ORD-504356,Authorised,2026-06-06 11:16:49,Europe/Amsterdam,EUR,,4.99,,,EUR,,,23
LumoGroup,LumoECOM_EU,8620000000001547,ORD-505497,Authorised,2026-06-06 11:17:25,Europe/Amsterdam,EUR,,24.99,,,EUR,,,23
LumoGroup,LumoECOM_EU,8620000000000002,ORD-503952,Settled,2026-06-06 11:31:30,Europe/Amsterdam,EUR,,24.99,0.47,0.15,EUR,,24.37,23
LumoGroup,LumoECOM_EU,8620000000000406,ORD-504356,Settled,2026-06-06 11:34:49,Europe/Amsterdam,EUR,,4.99,0.09,0.03,EUR,,4.87,23
LumoGroup,LumoECOM_EU,8620000000000129,ORD-504079,Settled,2026-06-06 11:47:40,Europe/Amsterdam,EUR,,59.99,1.14,0.36,EUR,,58.49,23
LumoGroup,LumoECOM_EU,8620000000000264,ORD-504214,Authorised,2026-06-06 11:48:35,Europe/Amsterdam,GBP,,8.99,,,GBP,,,23
LumoGroup,LumoECOM_EU,8620000000000018,ORD-503968,Authorised,2026-06-06 11:49:26,Europe/Amsterdam,EUR,,9.99,,,EUR,,,23
LumoGroup,LumoECOM_EU,8620000000001425,ORD-505375,Settled,2026-06-06 11:50:04,Europe/Amsterdam,EUR,,4.99,0.09,0.03,EUR,,4.87,23
LumoGroup,LumoECOM_EU,8620000000000057,ORD-504007,Refused,2026-06-06 11:50:28,Europe/Amsterdam,EUR,,4.99,,,EUR,,,23
LumoGroup,LumoECOM_EU,8620000000000986,ORD-504936,Authorised,2026-06-06 12:10:53,Europe/Amsterdam,GBP,,21.99,,,GBP,,,23
LumoGroup,LumoECOM_EU,8620000000001547,ORD-505497,Settled,2026-06-06 12:11:25,Europe/Amsterdam,EUR,,24.99,0.47,0.15,EUR,,24.37,23
LumoGroup,LumoECOM_EU,8620000000000990,ORD-504940,Authorised,2026-06-06 12:27:41,Europe/Amsterdam,EUR,,9.99,,,EUR,,,23
LumoGroup,LumoECOM_EU,8620000000000986,ORD-504936,Settled,2026-06-06 12:37:53,Europe/Amsterdam,GBP,,21.99,0.42,0.13,GBP,,21.44,23
LumoGroup,LumoECOM_EU,8620000000000990,ORD-504940,Settled,2026-06-06 12:52:41,Europe/Amsterdam,EUR,,9.99,0.19,0.06,EUR,,9.74,23
LumoGroup,LumoECOM_EU,8620000000000264,ORD-504214,Settled,2026-06-06 13:02:35,Europe/Amsterdam,GBP,,8.99,0.17,0.05,GBP,,8.77,23
LumoGroup,LumoECOM_EU,8620000000001118,ORD-505068,Authorised,2026-06-06 13:08:04,Europe/Amsterdam,EUR,,9.99,,,EUR,,,23
LumoGroup,LumoECOM_EU,8620000000000782,ORD-504732,Authorised,2026-06-06 13:08:19,Europe/Amsterdam,EUR,,9.99,,,EUR,,,23
LumoGroup,LumoECOM_EU,8620000000001013,ORD-504963,Refused,2026-06-06 13:20:39,Europe/Amsterdam,EUR,,9.99,,,EUR,,,23
LumoGroup,LumoECOM_EU,8620000000000018,ORD-503968,Settled,2026-06-06 13:26:26,Europe/Amsterdam,EUR,,9.99,0.19,0.06,EUR,,9.74,23
LumoGroup,LumoECOM_EU,8620000000001152,ORD-505102,Authorised,2026-06-06 13:28:10,Europe/Amsterdam,EUR,,4.99,,,EUR,,,23
LumoGroup,LumoECOM_EU,8620000000000782,ORD-504732,Settled,2026-06-06 13:29:19,Europe/Amsterdam,EUR,,9.99,0.19,0.06,EUR,,9.74,23
LumoGroup,LumoECOM_EU,8620000000000888,ORD-504838,Authorised,2026-06-06 13:50:31,Europe/Amsterdam,EUR,,59.99,,,EUR,,,23
LumoGroup,LumoECOM_EU,8620000000000888,ORD-504838,Settled,2026-06-06 14:22:31,Europe/Amsterdam,EUR,,59.99,1.14,0.36,EUR,,58.49,23
LumoGroup,LumoECOM_EU,8620000000001374,ORD-505324,Refused,2026-06-06 14:25:29,Europe/Amsterdam,GBP,,54.99,,,GBP,,,23
LumoGroup,LumoAPP_US,8620000000000953,ORD-504903,Authorised,2026-06-06 14:31:24,Europe/Amsterdam,USD,,4.99,,,USD,,,23
LumoGroup,LumoECOM_EU,8620000000001118,ORD-505068,Settled,2026-06-06 14:39:04,Europe/Amsterdam,EUR,,9.99,0.19,0.06,EUR,,9.74,23
LumoGroup,LumoECOM_EU,8620000000001152,ORD-505102,Settled,2026-06-06 14:51:10,Europe/Amsterdam,EUR,,4.99,0.09,0.03,EUR,,4.87,23
LumoGroup,LumoECOM_EU,8620000000001023,ORD-504973,Refused,2026-06-06 14:53:29,Europe/Amsterdam,EUR,,4.99,,,EUR,,,23
LumoGroup,LumoECOM_EU,8620000000000274,ORD-504224,Authorised,2026-06-06 14:57:51,Europe/Amsterdam,EUR,,24.99,,,EUR,,,23
LumoGroup,LumoECOM_EU,8620000000000698,ORD-504648,Authorised,2026-06-06 15:08:17,Europe/Amsterdam,EUR,,9.99,,,EUR,,,23
LumoGroup,LumoECOM_EU,8620000000001193,ORD-505143,Authorised,2026-06-06 15:14:55,Europe/Amsterdam,GBP,,4.49,,,GBP,,,23
LumoGroup,LumoECOM_EU,8620000000000140,ORD-504090,Authorised,2026-06-06 15:24:33,Europe/Amsterdam,EUR,,9.99,,,EUR,,,23
LumoGroup,LumoECOM_EU,8620000000000274,ORD-504224,Settled,2026-06-06 15:42:51,Europe/Amsterdam,EUR,,24.99,0.47,0.15,EUR,,24.37,23
LumoGroup,LumoECOM_EU,8620000000000629,ORD-504579,Authorised,2026-06-06 15:52:33,Europe/Amsterdam,GBP,,8.99,,,GBP,,,23
LumoGroup,LumoECOM_EU,8620000000000750,ORD-504700,Authorised,2026-06-06 15:53:01,Europe/Amsterdam,EUR,,9.99,,,EUR,,,23
LumoGroup,LumoAPP_US,8620000000000953,ORD-504903,Settled,2026-06-06 15:55:24,Europe/Amsterdam,USD,,4.99,0.09,0.03,USD,,4.87,23
LumoGroup,LumoECOM_EU,8620000000000750,ORD-504700,Settled,2026-06-06 16:01:01,Europe/Amsterdam,EUR,,9.99,0.19,0.06,EUR,,9.74,23
LumoGroup,LumoECOM_EU,8620000000001193,ORD-505143,Settled,2026-06-06 16:04:55,Europe/Amsterdam,GBP,,4.49,0.09,0.02,GBP,,4.38,23
LumoGroup,LumoECOM_EU,8620000000000140,ORD-504090,Settled,2026-06-06 16:17:33,Europe/Amsterdam,EUR,,9.99,0.19,0.06,EUR,,9.74,23
LumoGroup,LumoECOM_EU,8620000000000805,ORD-504755,Authorised,2026-06-06 16:29:54,Europe/Amsterdam,EUR,,24.99,,,EUR,,,23
LumoGroup,LumoECOM_EU,8620000000000805,ORD-504755,Settled,2026-06-06 16:43:54,Europe/Amsterdam,EUR,,24.99,0.47,0.15,EUR,,24.37,23
LumoGroup,LumoECOM_EU,8620000000000698,ORD-504648,Settled,2026-06-06 16:44:17,Europe/Amsterdam,EUR,,9.99,0.19,0.06,EUR,,9.74,23
LumoGroup,LumoECOM_EU,8620000000000854,ORD-504804,Authorised,2026-06-06 16:47:43,Europe/Amsterdam,EUR,,9.99,,,EUR,,,23
LumoGroup,LumoECOM_EU,8620000000000992,ORD-504942,Authorised,2026-06-06 16:51:58,Europe/Amsterdam,EUR,,59.99,,,EUR,,,23
LumoGroup,LumoECOM_EU,8620000000000334,ORD-504284,Authorised,2026-06-06 16:53:32,Europe/Amsterdam,EUR,,59.99,,,EUR,,,23
LumoGroup,LumoECOM_EU,8620000000000992,ORD-504942,Settled,2026-06-06 16:58:58,Europe/Amsterdam,EUR,,59.99,1.14,0.36,EUR,,58.49,23
LumoGroup,LumoECOM_EU,8620000000000225,ORD-504175,Authorised,2026-06-06 17:02:55,Europe/Amsterdam,EUR,,9.99,,,EUR,,,23
LumoGroup,LumoECOM_EU,8620000000000957,ORD-504907,Authorised,2026-06-06 17:19:12,Europe/Amsterdam,EUR,,9.99,,,EUR,,,23
LumoGroup,LumoECOM_EU,8620000000000629,ORD-504579,Settled,2026-06-06 17:39:33,Europe/Amsterdam,GBP,,8.99,0.17,0.05,GBP,,8.77,23
LumoGroup,LumoECOM_EU,8620000000000688,ORD-504638,Authorised,2026-06-06 17:42:56,Europe/Amsterdam,EUR,,9.99,,,EUR,,,23
LumoGroup,LumoECOM_EU,8620000000000854,ORD-504804,Settled,2026-06-06 17:43:43,Europe/Amsterdam,EUR,,9.99,0.19,0.06,EUR,,9.74,23
LumoGroup,LumoAPP_US,8620000000000884,ORD-504834,Refused,2026-06-06 18:03:44,Europe/Amsterdam,USD,,59.99,,,USD,,,23
LumoGroup,LumoECOM_EU,8620000000000273,ORD-504223,Authorised,2026-06-06 18:17:17,Europe/Amsterdam,GBP,,8.99,,,GBP,,,23
LumoGroup,LumoECOM_EU,8620000000001286,ORD-505236,Authorised,2026-06-06 18:18:41,Europe/Amsterdam,GBP,,8.99,,,GBP,,,23
LumoGroup,LumoAPP_US,8620000000000072,ORD-504022,Authorised,2026-06-06 18:22:49,Europe/Amsterdam,USD,,9.99,,,USD,,,23
LumoGroup,LumoECOM_EU,8620000000000334,ORD-504284,Settled,2026-06-06 18:25:32,Europe/Amsterdam,EUR,,59.99,1.14,0.36,EUR,,58.49,23
LumoGroup,LumoECOM_EU,8620000000000453,ORD-504403,Authorised,2026-06-06 18:29:29,Europe/Amsterdam,EUR,,59.99,,,EUR,,,23
LumoGroup,LumoECOM_EU,8620000000000957,ORD-504907,Settled,2026-06-06 18:36:12,Europe/Amsterdam,EUR,,9.99,0.19,0.06,EUR,,9.74,23
LumoGroup,LumoECOM_EU,8620000000000787,ORD-504737,Authorised,2026-06-06 18:37:14,Europe/Amsterdam,EUR,,4.99,,,EUR,,,23
LumoGroup,LumoECOM_EU,8620000000000055,ORD-504005,Authorised,2026-06-06 18:42:11,Europe/Amsterdam,EUR,,9.99,,,EUR,,,23
LumoGroup,LumoECOM_EU,8620000000000225,ORD-504175,Settled,2026-06-06 18:42:55,Europe/Amsterdam,EUR,,9.99,0.19,0.06,EUR,,9.74,23
LumoGroup,LumoECOM_EU,8620000000000416,ORD-504366,Authorised,2026-06-06 19:08:59,Europe/Amsterdam,EUR,,4.99,,,EUR,,,23
LumoGroup,LumoAPP_US,8620000000000590,ORD-504540,Authorised,2026-06-06 19:11:23,Europe/Amsterdam,USD,,59.99,,,USD,,,23
LumoGroup,LumoECOM_EU,8620000000000453,ORD-504403,Settled,2026-06-06 19:12:29,Europe/Amsterdam,EUR,,59.99,1.14,0.36,EUR,,58.49,23
LumoGroup,LumoECOM_EU,8620000000000720,ORD-504670,Authorised,2026-06-06 19:12:55,Europe/Amsterdam,EUR,,9.99,,,EUR,,,23
LumoGroup,LumoECOM_EU,8620000000000688,ORD-504638,Settled,2026-06-06 19:15:56,Europe/Amsterdam,EUR,,9.99,0.19,0.06,EUR,,9.74,23
LumoGroup,LumoECOM_EU,8620000000001286,ORD-505236,Settled,2026-06-06 19:17:41,Europe/Amsterdam,GBP,,8.99,0.17,0.05,GBP,,8.77,23
LumoGroup,LumoECOM_EU,8620000000000055,ORD-504005,Settled,2026-06-06 19:22:11,Europe/Amsterdam,EUR,,9.99,0.19,0.06,EUR,,9.74,23
LumoGroup,LumoAPP_US,8620000000000590,ORD-504540,Settled,2026-06-06 19:24:23,Europe/Amsterdam,USD,,59.99,1.14,0.36,USD,,58.49,23
LumoGroup,LumoECOM_EU,8620000000000858,ORD-504808,Authorised,2026-06-06 19:26:15,Europe/Amsterdam,EUR,,59.99,,,EUR,,,23
LumoGroup,LumoECOM_EU,8620000000000416,ORD-504366,Settled,2026-06-06 19:29:59,Europe/Amsterdam,EUR,,4.99,0.09,0.03,EUR,,4.87,23
LumoGroup,LumoECOM_EU,8620000000000858,ORD-504808,Settled,2026-06-06 19:33:15,Europe/Amsterdam,EUR,,59.99,1.14,0.36,EUR,,58.49,23
LumoGroup,LumoAPP_US,8620000000000072,ORD-504022,Settled,2026-06-06 19:36:49,Europe/Amsterdam,USD,,9.99,0.19,0.06,USD,,9.74,23
LumoGroup,LumoECOM_EU,8620000000000534,ORD-504484,Authorised,2026-06-06 19:56:38,Europe/Amsterdam,EUR,,9.99,,,EUR,,,23
LumoGroup,LumoECOM_EU,8620000000000273,ORD-504223,Settled,2026-06-06 20:03:17,Europe/Amsterdam,GBP,,8.99,0.17,0.05,GBP,,8.77,23
LumoGroup,LumoAPP_US,8620000000000227,ORD-504177,Authorised,2026-06-06 20:07:35,Europe/Amsterdam,USD,,9.99,,,USD,,,23
LumoGroup,LumoAPP_US,8620000000000484,ORD-504434,Authorised,2026-06-06 20:15:39,Europe/Amsterdam,USD,,9.99,,,USD,,,23
LumoGroup,LumoECOM_EU,8620000000000787,ORD-504737,Settled,2026-06-06 20:19:14,Europe/Amsterdam,EUR,,4.99,0.09,0.03,EUR,,4.87,23
LumoGroup,LumoECOM_EU,8620000000000534,ORD-504484,Settled,2026-06-06 20:26:38,Europe/Amsterdam,EUR,,9.99,0.19,0.06,EUR,,9.74,23
LumoGroup,LumoAPP_US,8620000000001306,ORD-505256,Authorised,2026-06-06 20:39:32,Europe/Amsterdam,USD,,59.99,,,USD,,,23
LumoGroup,LumoAPP_US,8620000000000227,ORD-504177,Settled,2026-06-06 20:46:35,Europe/Amsterdam,USD,,9.99,0.19,0.06,USD,,9.74,23
LumoGroup,LumoAPP_US,8620000000000484,ORD-504434,Settled,2026-06-06 20:48:39,Europe/Amsterdam,USD,,9.99,0.19,0.06,USD,,9.74,23
LumoGroup,LumoAPP_US,8620000000000810,ORD-504760,Authorised,2026-06-06 20:54:48,Europe/Amsterdam,USD,,24.99,,,USD,,,23
LumoGroup,LumoECOM_EU,8620000000000720,ORD-504670,Settled,2026-06-06 21:00:55,Europe/Amsterdam,EUR,,9.99,0.19,0.06,EUR,,9.74,23
LumoGroup,LumoAPP_US,8620000000001306,ORD-505256,Settled,2026-06-06 21:43:32,Europe/Amsterdam,USD,,59.99,1.14,0.36,USD,,58.49,23
LumoGroup,LumoAPP_US,8620000000000810,ORD-504760,Settled,2026-06-06 22:38:48,Europe/Amsterdam,USD,,24.99,0.47,0.15,USD,,24.37,23
LumoGroup,LumoECOM_EU,8620000000001244,ORD-505194,Authorised,2026-06-07 09:11:40,Europe/Amsterdam,EUR,,4.99,,,EUR,,,23
LumoGroup,LumoAPP_US,8620000000001197,ORD-505147,Refused,2026-06-07 09:17:04,Europe/Amsterdam,USD,,59.99,,,USD,,,23
LumoGroup,LumoECOM_EU,8620000000001218,ORD-505168,Authorised,2026-06-07 09:33:54,Europe/Amsterdam,EUR,,9.99,,,EUR,,,23
LumoGroup,LumoAPP_US,8620000000001113,ORD-505063,Authorised,2026-06-07 09:36:16,Europe/Amsterdam,USD,,59.99,,,USD,,,23
LumoGroup,LumoECOM_EU,8620000000000907,ORD-504857,Authorised,2026-06-07 09:51:31,Europe/Amsterdam,GBP,,8.99,,,GBP,,,23
LumoGroup,LumoECOM_EU,8620000000001244,ORD-505194,Settled,2026-06-07 09:51:40,Europe/Amsterdam,EUR,,4.99,0.09,0.03,EUR,,4.87,23
LumoGroup,LumoECOM_EU,8620000000000988,ORD-504938,Authorised,2026-06-07 10:03:05,Europe/Amsterdam,EUR,,9.99,,,EUR,,,23
LumoGroup,LumoECOM_EU,8620000000000907,ORD-504857,Settled,2026-06-07 10:07:31,Europe/Amsterdam,GBP,,8.99,0.17,0.05,GBP,,8.77,23
LumoGroup,LumoAPP_US,8620000000000645,ORD-504595,Authorised,2026-06-07 10:14:56,Europe/Amsterdam,USD,,9.99,,,USD,,,23
LumoGroup,LumoECOM_EU,8620000000001129,ORD-505079,Authorised,2026-06-07 10:31:43,Europe/Amsterdam,GBP,,8.99,,,GBP,,,23
LumoGroup,LumoECOM_EU,8620000000000898,ORD-504848,Authorised,2026-06-07 10:32:18,Europe/Amsterdam,EUR,,4.99,,,EUR,,,23
LumoGroup,LumoECOM_EU,8620000000001218,ORD-505168,Settled,2026-06-07 10:44:54,Europe/Amsterdam,EUR,,9.99,0.19,0.06,EUR,,9.74,23
LumoGroup,LumoECOM_EU,8620000000000491,ORD-504441,Authorised,2026-06-07 10:45:35,Europe/Amsterdam,EUR,,9.99,,,EUR,,,23
LumoGroup,LumoECOM_EU,8620000000000378,ORD-504328,Refused,2026-06-07 10:49:30,Europe/Amsterdam,GBP,,8.99,,,GBP,,,23
LumoGroup,LumoECOM_EU,8620000000000118,ORD-504068,Authorised,2026-06-07 10:57:54,Europe/Amsterdam,EUR,,4.99,,,EUR,,,23
LumoGroup,LumoAPP_US,8620000000000106,ORD-504056,Authorised,2026-06-07 10:59:16,Europe/Amsterdam,USD,,24.99,,,USD,,,23
LumoGroup,LumoECOM_EU,8620000000001305,ORD-505255,Authorised,2026-06-07 11:01:33,Europe/Amsterdam,EUR,,24.99,,,EUR,,,23
LumoGroup,LumoECOM_EU,8620000000000898,ORD-504848,Settled,2026-06-07 11:02:18,Europe/Amsterdam,EUR,,4.99,0.09,0.03,EUR,,4.87,23
LumoGroup,LumoECOM_EU,8620000000001261,ORD-505211,Authorised,2026-06-07 11:08:46,Europe/Amsterdam,EUR,,9.99,,,EUR,,,23
LumoGroup,LumoAPP_US,8620000000001113,ORD-505063,Settled,2026-06-07 11:14:16,Europe/Amsterdam,USD,,59.99,1.14,0.36,USD,,58.49,23
LumoGroup,LumoECOM_EU,8620000000000988,ORD-504938,Settled,2026-06-07 11:23:05,Europe/Amsterdam,EUR,,9.99,0.19,0.06,EUR,,9.74,23
LumoGroup,LumoECOM_EU,8620000000001129,ORD-505079,Settled,2026-06-07 11:28:43,Europe/Amsterdam,GBP,,8.99,0.17,0.05,GBP,,8.77,23
LumoGroup,LumoECOM_EU,8620000000000491,ORD-504441,Settled,2026-06-07 11:31:35,Europe/Amsterdam,EUR,,9.99,0.19,0.06,EUR,,9.74,23
LumoGroup,LumoECOM_EU,8620000000001467,ORD-505417,Authorised,2026-06-07 11:50:11,Europe/Amsterdam,EUR,,9.99,,,EUR,,,23
LumoGroup,LumoAPP_US,8620000000000645,ORD-504595,Settled,2026-06-07 11:57:56,Europe/Amsterdam,USD,,9.99,0.19,0.06,USD,,9.74,23
LumoGroup,LumoAPP_US,8620000000000106,ORD-504056,Settled,2026-06-07 12:02:16,Europe/Amsterdam,USD,,24.99,0.47,0.15,USD,,24.37,23
LumoGroup,LumoECOM_EU,8620000000000292,ORD-504242,Authorised,2026-06-07 12:10:30,Europe/Amsterdam,GBP,,8.99,,,GBP,,,23
LumoGroup,LumoECOM_EU,8620000000001305,ORD-505255,Settled,2026-06-07 12:15:33,Europe/Amsterdam,EUR,,24.99,0.47,0.15,EUR,,24.37,23
LumoGroup,LumoECOM_EU,8620000000001386,ORD-505336,Authorised,2026-06-07 12:27:57,Europe/Amsterdam,EUR,,9.99,,,EUR,,,23
LumoGroup,LumoECOM_EU,8620000000001467,ORD-505417,Settled,2026-06-07 12:30:11,Europe/Amsterdam,EUR,,9.99,0.19,0.06,EUR,,9.74,23
LumoGroup,LumoECOM_EU,8620000000001261,ORD-505211,Settled,2026-06-07 12:31:46,Europe/Amsterdam,EUR,,9.99,0.19,0.06,EUR,,9.74,23
LumoGroup,LumoECOM_EU,8620000000000592,ORD-504542,Authorised,2026-06-07 12:35:35,Europe/Amsterdam,GBP,,4.49,,,GBP,,,23
LumoGroup,LumoECOM_EU,8620000000000118,ORD-504068,Settled,2026-06-07 12:35:54,Europe/Amsterdam,EUR,,4.99,0.09,0.03,EUR,,4.87,23
LumoGroup,LumoECOM_EU,8620000000000292,ORD-504242,Settled,2026-06-07 12:39:30,Europe/Amsterdam,GBP,,8.99,0.17,0.05,GBP,,8.77,23
LumoGroup,LumoECOM_EU,8620000000001386,ORD-505336,Settled,2026-06-07 12:43:57,Europe/Amsterdam,EUR,,9.99,0.19,0.06,EUR,,9.74,23
LumoGroup,LumoAPP_US,8620000000000065,ORD-504015,Authorised,2026-06-07 13:14:36,Europe/Amsterdam,USD,,9.99,,,USD,,,23
LumoGroup,LumoECOM_EU,8620000000000014,ORD-503964,Authorised,2026-06-07 13:20:30,Europe/Amsterdam,GBP,,8.99,,,GBP,,,23
LumoGroup,LumoECOM_EU,8620000000000592,ORD-504542,Settled,2026-06-07 13:25:35,Europe/Amsterdam,GBP,,4.49,0.09,0.02,GBP,,4.38,23
LumoGroup,LumoECOM_EU,8620000000001472,ORD-505422,Authorised,2026-06-07 13:30:59,Europe/Amsterdam,EUR,,24.99,,,EUR,,,23
LumoGroup,LumoECOM_EU,8620000000000577,ORD-504527,Refused,2026-06-07 13:32:49,Europe/Amsterdam,EUR,,9.99,,,EUR,,,23
LumoGroup,LumoAPP_US,8620000000000065,ORD-504015,Settled,2026-06-07 13:36:36,Europe/Amsterdam,USD,,9.99,0.19,0.06,USD,,9.74,23
LumoGroup,LumoECOM_EU,8620000000000299,ORD-504249,Authorised,2026-06-07 13:44:48,Europe/Amsterdam,GBP,,8.99,,,GBP,,,23
LumoGroup,LumoECOM_EU,8620000000001331,ORD-505281,Authorised,2026-06-07 13:55:42,Europe/Amsterdam,EUR,,4.99,,,EUR,,,23
LumoGroup,LumoECOM_EU,8620000000001086,ORD-505036,Authorised,2026-06-07 14:28:23,Europe/Amsterdam,EUR,,24.99,,,EUR,,,23
LumoGroup,LumoECOM_EU,8620000000001331,ORD-505281,Settled,2026-06-07 14:43:42,Europe/Amsterdam,EUR,,4.99,0.09,0.03,EUR,,4.87,23
LumoGroup,LumoECOM_EU,8620000000001443,ORD-505393,Authorised,2026-06-07 14:54:06,Europe/Amsterdam,GBP,,8.99,,,GBP,,,23
LumoGroup,LumoECOM_EU,8620000000000014,ORD-503964,Settled,2026-06-07 14:57:30,Europe/Amsterdam,GBP,,8.99,0.17,0.05,GBP,,8.77,23
LumoGroup,LumoECOM_EU,8620000000000299,ORD-504249,Settled,2026-06-07 14:58:48,Europe/Amsterdam,GBP,,8.99,0.17,0.05,GBP,,8.77,23
LumoGroup,LumoECOM_EU,8620000000001472,ORD-505422,Settled,2026-06-07 15:04:59,Europe/Amsterdam,EUR,,24.99,0.47,0.15,EUR,,24.37,23
LumoGroup,LumoECOM_EU,8620000000001086,ORD-505036,Settled,2026-06-07 15:07:23,Europe/Amsterdam,EUR,,24.99,0.47,0.15,EUR,,24.37,23
LumoGroup,LumoECOM_EU,8620000000000856,ORD-504806,Authorised,2026-06-07 15:26:08,Europe/Amsterdam,GBP,,8.99,,,GBP,,,23
LumoGroup,LumoECOM_EU,8620000000001671,ORD-505621,Authorised,2026-06-07 15:27:24,Europe/Amsterdam,EUR,,24.99,,,EUR,,,23
LumoGroup,LumoAPP_US,8620000000000364,ORD-504314,Authorised,2026-06-07 15:28:30,Europe/Amsterdam,USD,,9.99,,,USD,,,23
LumoGroup,LumoECOM_EU,8620000000001671,ORD-505621,Settled,2026-06-07 15:47:24,Europe/Amsterdam,EUR,,24.99,0.47,0.15,EUR,,24.37,23
LumoGroup,LumoAPP_US,8620000000000364,ORD-504314,Settled,2026-06-07 15:48:30,Europe/Amsterdam,USD,,9.99,0.19,0.06,USD,,9.74,23
LumoGroup,LumoECOM_EU,8620000000001492,ORD-505442,Authorised,2026-06-07 15:51:32,Europe/Amsterdam,GBP,,8.99,,,GBP,,,23
LumoGroup,LumoECOM_EU,8620000000001266,ORD-505216,Authorised,2026-06-07 15:55:30,Europe/Amsterdam,GBP,,8.99,,,GBP,,,23
LumoGroup,LumoECOM_EU,8620000000000526,ORD-504476,Authorised,2026-06-07 16:03:52,Europe/Amsterdam,EUR,,24.99,,,EUR,,,23
LumoGroup,LumoECOM_EU,8620000000000526,ORD-504476,Settled,2026-06-07 16:13:52,Europe/Amsterdam,EUR,,24.99,0.47,0.15,EUR,,24.37,23
LumoGroup,LumoECOM_EU,8620000000000760,ORD-504710,Authorised,2026-06-07 16:15:02,Europe/Amsterdam,EUR,,59.99,,,EUR,,,23
LumoGroup,LumoECOM_EU,8620000000000856,ORD-504806,Settled,2026-06-07 16:15:08,Europe/Amsterdam,GBP,,8.99,0.17,0.05,GBP,,8.77,23
LumoGroup,LumoECOM_EU,8620000000001443,ORD-505393,Settled,2026-06-07 16:23:06,Europe/Amsterdam,GBP,,8.99,0.17,0.05,GBP,,8.77,23
LumoGroup,LumoECOM_EU,8620000000001337,ORD-505287,Authorised,2026-06-07 16:31:12,Europe/Amsterdam,EUR,,59.99,,,EUR,,,23
LumoGroup,LumoECOM_EU,8620000000000347,ORD-504297,Authorised,2026-06-07 16:33:56,Europe/Amsterdam,EUR,,9.99,,,EUR,,,23
LumoGroup,LumoECOM_EU,8620000000000760,ORD-504710,Settled,2026-06-07 16:46:02,Europe/Amsterdam,EUR,,59.99,1.14,0.36,EUR,,58.49,23
LumoGroup,LumoAPP_US,8620000000000314,ORD-504264,Authorised,2026-06-07 16:50:29,Europe/Amsterdam,USD,,59.99,,,USD,,,23
LumoGroup,LumoECOM_EU,8620000000000606,ORD-504556,Authorised,2026-06-07 17:02:26,Europe/Amsterdam,EUR,,9.99,,,EUR,,,23
LumoGroup,LumoECOM_EU,8620000000000579,ORD-504529,Authorised,2026-06-07 17:06:19,Europe/Amsterdam,EUR,,59.99,,,EUR,,,23
LumoGroup,LumoAPP_US,8620000000000943,ORD-504893,Authorised,2026-06-07 17:14:58,Europe/Amsterdam,USD,,9.99,,,USD,,,23
LumoGroup,LumoECOM_EU,8620000000001225,ORD-505175,Authorised,2026-06-07 17:16:04,Europe/Amsterdam,GBP,,4.49,,,GBP,,,23
LumoGroup,LumoECOM_EU,8620000000000606,ORD-504556,Settled,2026-06-07 17:26:26,Europe/Amsterdam,EUR,,9.99,0.19,0.06,EUR,,9.74,23
LumoGroup,LumoECOM_EU,8620000000000243,ORD-504193,Refused,2026-06-07 17:27:23,Europe/Amsterdam,EUR,,9.99,,,EUR,,,23
LumoGroup,LumoAPP_US,8620000000000314,ORD-504264,Settled,2026-06-07 17:27:29,Europe/Amsterdam,USD,,59.99,1.14,0.36,USD,,58.49,23
LumoGroup,LumoECOM_EU,8620000000001492,ORD-505442,Settled,2026-06-07 17:34:32,Europe/Amsterdam,GBP,,8.99,0.17,0.05,GBP,,8.77,23
LumoGroup,LumoAPP_US,8620000000000943,ORD-504893,Settled,2026-06-07 17:36:58,Europe/Amsterdam,USD,,9.99,0.19,0.06,USD,,9.74,23
LumoGroup,LumoECOM_EU,8620000000001022,ORD-504972,Authorised,2026-06-07 17:43:26,Europe/Amsterdam,GBP,,4.49,,,GBP,,,23
LumoGroup,LumoECOM_EU,8620000000000233,ORD-504183,Authorised,2026-06-07 17:43:56,Europe/Amsterdam,GBP,,54.99,,,GBP,,,23
LumoGroup,LumoECOM_EU,8620000000000347,ORD-504297,Settled,2026-06-07 17:43:56,Europe/Amsterdam,EUR,,9.99,0.19,0.06,EUR,,9.74,23
LumoGroup,LumoECOM_EU,8620000000001266,ORD-505216,Settled,2026-06-07 17:45:30,Europe/Amsterdam,GBP,,8.99,0.17,0.05,GBP,,8.77,23
LumoGroup,LumoECOM_EU,8620000000001263,ORD-505213,Authorised,2026-06-07 17:47:50,Europe/Amsterdam,EUR,,4.99,,,EUR,,,23
LumoGroup,LumoECOM_EU,8620000000001337,ORD-505287,Settled,2026-06-07 17:55:12,Europe/Amsterdam,EUR,,59.99,1.14,0.36,EUR,,58.49,23
LumoGroup,LumoECOM_EU,8620000000000579,ORD-504529,Settled,2026-06-07 18:26:19,Europe/Amsterdam,EUR,,59.99,1.14,0.36,EUR,,58.49,23
LumoGroup,LumoECOM_EU,8620000000001225,ORD-505175,Settled,2026-06-07 18:37:04,Europe/Amsterdam,GBP,,4.49,0.09,0.02,GBP,,4.38,23
LumoGroup,LumoECOM_EU,8620000000001237,ORD-505187,Authorised,2026-06-07 18:40:59,Europe/Amsterdam,EUR,,24.99,,,EUR,,,23
LumoGroup,LumoECOM_EU,8620000000000713,ORD-504663,Authorised,2026-06-07 18:47:49,Europe/Amsterdam,EUR,,9.99,,,EUR,,,23
LumoGroup,LumoECOM_EU,8620000000001237,ORD-505187,Settled,2026-06-07 18:56:59,Europe/Amsterdam,EUR,,24.99,0.47,0.15,EUR,,24.37,23
LumoGroup,LumoECOM_EU,8620000000000233,ORD-504183,Settled,2026-06-07 19:04:56,Europe/Amsterdam,GBP,,54.99,1.04,0.33,GBP,,53.62,23
LumoGroup,LumoECOM_EU,8620000000001022,ORD-504972,Settled,2026-06-07 19:15:26,Europe/Amsterdam,GBP,,4.49,0.09,0.02,GBP,,4.38,23
LumoGroup,LumoECOM_EU,8620000000001263,ORD-505213,Settled,2026-06-07 19:16:50,Europe/Amsterdam,EUR,,4.99,0.09,0.03,EUR,,4.87,23
LumoGroup,LumoECOM_EU,8620000000000095,ORD-504045,Authorised,2026-06-07 19:30:43,Europe/Amsterdam,EUR,,9.99,,,EUR,,,23
LumoGroup,LumoECOM_EU,8620000000001177,ORD-505127,Authorised,2026-06-07 19:34:39,Europe/Amsterdam,EUR,,9.99,,,EUR,,,23
LumoGroup,LumoECOM_EU,8620000000000895,ORD-504845,Authorised,2026-06-07 19:46:09,Europe/Amsterdam,EUR,,59.99,,,EUR,,,23
LumoGroup,LumoECOM_EU,8620000000001399,ORD-505349,Authorised,2026-06-07 19:51:17,Europe/Amsterdam,EUR,,9.99,,,EUR,,,23
LumoGroup,LumoECOM_EU,8620000000000034,ORD-503984,Authorised,2026-06-07 19:52:17,Europe/Amsterdam,EUR,,24.99,,,EUR,,,23
LumoGroup,LumoECOM_EU,8620000000001328,ORD-505278,Authorised,2026-06-07 20:07:20,Europe/Amsterdam,EUR,,9.99,,,EUR,,,23
LumoGroup,LumoECOM_EU,8620000000001291,ORD-505241,Authorised,2026-06-07 20:12:03,Europe/Amsterdam,EUR,,9.99,,,EUR,,,23
LumoGroup,LumoECOM_EU,8620000000001328,ORD-505278,Settled,2026-06-07 20:17:20,Europe/Amsterdam,EUR,,9.99,0.19,0.06,EUR,,9.74,23
LumoGroup,LumoAPP_US,8620000000000601,ORD-504551,Authorised,2026-06-07 20:18:41,Europe/Amsterdam,USD,,24.99,,,USD,,,23
LumoGroup,LumoECOM_EU,8620000000001587,ORD-505537,Authorised,2026-06-07 20:19:02,Europe/Amsterdam,GBP,,8.99,,,GBP,,,23
LumoGroup,LumoECOM_EU,8620000000001630,ORD-505580,Authorised,2026-06-07 20:19:15,Europe/Amsterdam,GBP,,8.99,,,GBP,,,23
LumoGroup,LumoECOM_EU,8620000000000822,ORD-504772,Authorised,2026-06-07 20:19:52,Europe/Amsterdam,EUR,,9.99,,,EUR,,,23
LumoGroup,LumoECOM_EU,8620000000000713,ORD-504663,Settled,2026-06-07 20:21:49,Europe/Amsterdam,EUR,,9.99,0.19,0.06,EUR,,9.74,23
LumoGroup,LumoECOM_EU,8620000000000895,ORD-504845,Settled,2026-06-07 20:24:09,Europe/Amsterdam,EUR,,59.99,1.14,0.36,EUR,,58.49,23
LumoGroup,LumoECOM_EU,8620000000000046,ORD-503996,Authorised,2026-06-07 20:26:11,Europe/Amsterdam,EUR,,9.99,,,EUR,,,23
LumoGroup,LumoECOM_EU,8620000000000638,ORD-504588,Authorised,2026-06-07 20:31:55,Europe/Amsterdam,EUR,,9.99,,,EUR,,,23
LumoGroup,LumoECOM_EU,8620000000001187,ORD-505137,Authorised,2026-06-07 20:33:48,Europe/Amsterdam,EUR,,59.99,,,EUR,,,23
LumoGroup,LumoECOM_EU,8620000000000247,ORD-504197,Authorised,2026-06-07 20:36:48,Europe/Amsterdam,EUR,,9.99,,,EUR,,,23
LumoGroup,LumoECOM_EU,8620000000001291,ORD-505241,Settled,2026-06-07 20:39:03,Europe/Amsterdam,EUR,,9.99,0.19,0.06,EUR,,9.74,23
LumoGroup,LumoECOM_EU,8620000000000046,ORD-503996,Settled,2026-06-07 20:39:11,Europe/Amsterdam,EUR,,9.99,0.19,0.06,EUR,,9.74,23
LumoGroup,LumoAPP_US,8620000000000360,ORD-504310,Authorised,2026-06-07 20:41:35,Europe/Amsterdam,USD,,24.99,,,USD,,,23
LumoGroup,LumoECOM_EU,8620000000001630,ORD-505580,Settled,2026-06-07 20:42:15,Europe/Amsterdam,GBP,,8.99,0.17,0.05,GBP,,8.77,23
LumoGroup,LumoECOM_EU,8620000000001048,ORD-504998,Refused,2026-06-07 20:51:05,Europe/Amsterdam,EUR,,24.99,,,EUR,,,23
LumoGroup,LumoECOM_EU,8620000000001177,ORD-505127,Settled,2026-06-07 20:55:39,Europe/Amsterdam,EUR,,9.99,0.19,0.06,EUR,,9.74,23
LumoGroup,LumoECOM_EU,8620000000001312,ORD-505262,Authorised,2026-06-07 20:57:23,Europe/Amsterdam,EUR,,9.99,,,EUR,,,23
LumoGroup,LumoECOM_EU,8620000000000095,ORD-504045,Settled,2026-06-07 20:57:43,Europe/Amsterdam,EUR,,9.99,0.19,0.06,EUR,,9.74,23
LumoGroup,LumoECOM_EU,8620000000001312,ORD-505262,Settled,2026-06-07 21:07:23,Europe/Amsterdam,EUR,,9.99,0.19,0.06,EUR,,9.74,23
LumoGroup,LumoAPP_US,8620000000000601,ORD-504551,Settled,2026-06-07 21:14:41,Europe/Amsterdam,USD,,24.99,0.47,0.15,USD,,24.37,23
LumoGroup,LumoECOM_EU,8620000000001399,ORD-505349,Settled,2026-06-07 21:17:17,Europe/Amsterdam,EUR,,9.99,0.19,0.06,EUR,,9.74,23
LumoGroup,LumoAPP_US,8620000000000360,ORD-504310,Settled,2026-06-07 21:20:35,Europe/Amsterdam,USD,,24.99,0.47,0.15,USD,,24.37,23
LumoGroup,LumoECOM_EU,8620000000001587,ORD-505537,Settled,2026-06-07 21:22:02,Europe/Amsterdam,GBP,,8.99,0.17,0.05,GBP,,8.77,23
LumoGroup,LumoECOM_EU,8620000000000247,ORD-504197,Settled,2026-06-07 21:29:48,Europe/Amsterdam,EUR,,9.99,0.19,0.06,EUR,,9.74,23
LumoGroup,LumoECOM_EU,8620000000000034,ORD-503984,Settled,2026-06-07 21:34:17,Europe/Amsterdam,EUR,,24.99,0.47,0.15,EUR,,24.37,23
LumoGroup,LumoECOM_EU,8620000000000638,ORD-504588,Settled,2026-06-07 21:41:55,Europe/Amsterdam,EUR,,9.99,0.19,0.06,EUR,,9.74,23
LumoGroup,LumoECOM_EU,8620000000001187,ORD-505137,Settled,2026-06-07 21:42:48,Europe/Amsterdam,EUR,,59.99,1.14,0.36,EUR,,58.49,23
LumoGroup,LumoECOM_EU,8620000000000822,ORD-504772,Settled,2026-06-07 22:03:52,Europe/Amsterdam,EUR,,9.99,0.19,0.06,EUR,,9.74,23
LumoGroup,LumoAPP_US,8620000000000325,ORD-504275,Refused,2026-06-08 09:07:27,Europe/Amsterdam,USD,,9.99,,,USD,,,24
LumoGroup,LumoECOM_EU,8620000000000664,ORD-504614,Authorised,2026-06-08 09:46:51,Europe/Amsterdam,EUR,,9.99,,,EUR,,,24
LumoGroup,LumoECOM_EU,8620000000001360,ORD-505310,Authorised,2026-06-08 09:51:58,Europe/Amsterdam,EUR,,9.99,,,EUR,,,24
LumoGroup,LumoAPP_US,8620000000000999,ORD-504949,Authorised,2026-06-08 09:52:00,Europe/Amsterdam,USD,,9.99,,,USD,,,24
LumoGroup,LumoECOM_EU,8620000000001360,ORD-505310,Settled,2026-06-08 10:14:58,Europe/Amsterdam,EUR,,9.99,0.19,0.06,EUR,,9.74,24
LumoGroup,LumoECOM_EU,8620000000000768,ORD-504718,Authorised,2026-06-08 10:32:11,Europe/Amsterdam,GBP,,21.99,,,GBP,,,24
LumoGroup,LumoECOM_EU,8620000000000439,ORD-504389,Authorised,2026-06-08 10:38:51,Europe/Amsterdam,EUR,,9.99,,,EUR,,,24
LumoGroup,LumoECOM_EU,8620000000001352,ORD-505302,Authorised,2026-06-08 10:40:26,Europe/Amsterdam,EUR,,24.99,,,EUR,,,24
LumoGroup,LumoECOM_EU,8620000000000768,ORD-504718,Settled,2026-06-08 10:41:11,Europe/Amsterdam,GBP,,21.99,0.42,0.13,GBP,,21.44,24
LumoGroup,LumoECOM_EU,8620000000000664,ORD-504614,Settled,2026-06-08 10:49:51,Europe/Amsterdam,EUR,,9.99,0.19,0.06,EUR,,9.74,24
LumoGroup,LumoECOM_EU,8620000000000219,ORD-504169,Authorised,2026-06-08 10:50:24,Europe/Amsterdam,EUR,,24.99,,,EUR,,,24
LumoGroup,LumoAPP_US,8620000000000999,ORD-504949,Settled,2026-06-08 10:54:00,Europe/Amsterdam,USD,,9.99,0.19,0.06,USD,,9.74,24
LumoGroup,LumoECOM_EU,8620000000001017,ORD-504967,Authorised,2026-06-08 10:59:40,Europe/Amsterdam,EUR,,59.99,,,EUR,,,24
LumoGroup,LumoECOM_EU,8620000000001052,ORD-505002,Authorised,2026-06-08 11:16:25,Europe/Amsterdam,EUR,,9.99,,,EUR,,,24
LumoGroup,LumoECOM_EU,8620000000000776,ORD-504726,Authorised,2026-06-08 11:17:36,Europe/Amsterdam,EUR,,24.99,,,EUR,,,24
LumoGroup,LumoECOM_EU,8620000000000344,ORD-504294,Authorised,2026-06-08 11:23:53,Europe/Amsterdam,EUR,,9.99,,,EUR,,,24
LumoGroup,LumoECOM_EU,8620000000000477,ORD-504427,Authorised,2026-06-08 11:25:37,Europe/Amsterdam,EUR,,9.99,,,EUR,,,24
LumoGroup,LumoECOM_EU,8620000000000477,ORD-504427,Settled,2026-06-08 11:41:37,Europe/Amsterdam,EUR,,9.99,0.19,0.06,EUR,,9.74,24
LumoGroup,LumoECOM_EU,8620000000001352,ORD-505302,Settled,2026-06-08 11:51:26,Europe/Amsterdam,EUR,,24.99,0.47,0.15,EUR,,24.37,24
LumoGroup,LumoECOM_EU,8620000000001017,ORD-504967,Settled,2026-06-08 11:58:40,Europe/Amsterdam,EUR,,59.99,1.14,0.36,EUR,,58.49,24
LumoGroup,LumoECOM_EU,8620000000000776,ORD-504726,Settled,2026-06-08 11:59:36,Europe/Amsterdam,EUR,,24.99,0.47,0.15,EUR,,24.37,24
LumoGroup,LumoAPP_US,8620000000001100,ORD-505050,Authorised,2026-06-08 12:07:01,Europe/Amsterdam,USD,,9.99,,,USD,,,24
LumoGroup,LumoECOM_EU,8620000000001052,ORD-505002,Settled,2026-06-08 12:12:25,Europe/Amsterdam,EUR,,9.99,0.19,0.06,EUR,,9.74,24
LumoGroup,LumoECOM_EU,8620000000000439,ORD-504389,Settled,2026-06-08 12:24:51,Europe/Amsterdam,EUR,,9.99,0.19,0.06,EUR,,9.74,24
LumoGroup,LumoECOM_EU,8620000000001093,ORD-505043,Authorised,2026-06-08 12:25:51,Europe/Amsterdam,GBP,,54.99,,,GBP,,,24
LumoGroup,LumoAPP_US,8620000000000061,ORD-504011,Authorised,2026-06-08 12:26:32,Europe/Amsterdam,USD,,59.99,,,USD,,,24
LumoGroup,LumoECOM_EU,8620000000000219,ORD-504169,Settled,2026-06-08 12:33:24,Europe/Amsterdam,EUR,,24.99,0.47,0.15,EUR,,24.37,24
LumoGroup,LumoECOM_EU,8620000000001382,ORD-505332,Refused,2026-06-08 12:34:15,Europe/Amsterdam,EUR,,9.99,,,EUR,,,24
LumoGroup,LumoECOM_EU,8620000000000344,ORD-504294,Settled,2026-06-08 12:41:53,Europe/Amsterdam,EUR,,9.99,0.19,0.06,EUR,,9.74,24
LumoGroup,LumoAPP_US,8620000000001282,ORD-505232,Refused,2026-06-08 12:56:26,Europe/Amsterdam,USD,,9.99,,,USD,,,24
LumoGroup,LumoECOM_EU,8620000000001784,ORD-507785,Refused,2026-06-08 13:00:00,Europe/Amsterdam,EUR,,9.99,,,EUR,,,24
LumoGroup,LumoECOM_EU,8620000000001093,ORD-505043,Settled,2026-06-08 13:11:51,Europe/Amsterdam,GBP,,54.99,1.04,0.33,GBP,,53.62,24
LumoGroup,LumoECOM_EU,8620000000000499,ORD-504449,Authorised,2026-06-08 13:14:40,Europe/Amsterdam,EUR,,24.99,,,EUR,,,24
LumoGroup,LumoAPP_US,8620000000001100,ORD-505050,Settled,2026-06-08 13:50:01,Europe/Amsterdam,USD,,9.99,0.19,0.06,USD,,9.74,24
LumoGroup,LumoAPP_US,8620000000000061,ORD-504011,Settled,2026-06-08 13:57:32,Europe/Amsterdam,USD,,59.99,1.14,0.36,USD,,58.49,24
LumoGroup,LumoECOM_EU,8620000000000170,ORD-504120,Authorised,2026-06-08 14:28:15,Europe/Amsterdam,EUR,,9.99,,,EUR,,,24
LumoGroup,LumoECOM_EU,8620000000001353,ORD-505303,Authorised,2026-06-08 14:48:13,Europe/Amsterdam,EUR,,59.99,,,EUR,,,24
LumoGroup,LumoECOM_EU,8620000000000499,ORD-504449,Settled,2026-06-08 15:04:40,Europe/Amsterdam,EUR,,24.99,0.47,0.15,EUR,,24.37,24
LumoGroup,LumoECOM_EU,8620000000001377,ORD-505327,Authorised,2026-06-08 15:09:14,Europe/Amsterdam,GBP,,8.99,,,GBP,,,24
LumoGroup,LumoECOM_EU,8620000000000616,ORD-504566,Refused,2026-06-08 15:11:29,Europe/Amsterdam,EUR,,4.99,,,EUR,,,24
LumoGroup,LumoAPP_US,8620000000001571,ORD-505521,Authorised,2026-06-08 15:18:08,Europe/Amsterdam,USD,,9.99,,,USD,,,24
LumoGroup,LumoAPP_US,8620000000001435,ORD-505385,Authorised,2026-06-08 15:25:11,Europe/Amsterdam,USD,,24.99,,,USD,,,24
LumoGroup,LumoECOM_EU,8620000000001377,ORD-505327,Settled,2026-06-08 15:32:14,Europe/Amsterdam,GBP,,8.99,0.17,0.05,GBP,,8.77,24
LumoGroup,LumoAPP_US,8620000000001435,ORD-505385,Settled,2026-06-08 15:36:11,Europe/Amsterdam,USD,,24.99,0.47,0.15,USD,,24.37,24
LumoGroup,LumoECOM_EU,8620000000001353,ORD-505303,Settled,2026-06-08 15:38:13,Europe/Amsterdam,EUR,,59.99,1.14,0.36,EUR,,58.49,24
LumoGroup,LumoECOM_EU,8620000000000170,ORD-504120,Settled,2026-06-08 15:39:15,Europe/Amsterdam,EUR,,9.99,0.19,0.06,EUR,,9.74,24
LumoGroup,LumoECOM_EU,8620000000000109,ORD-504059,Authorised,2026-06-08 15:51:39,Europe/Amsterdam,EUR,,9.99,,,EUR,,,24
LumoGroup,LumoECOM_EU,8620000000000659,ORD-504609,Authorised,2026-06-08 16:09:06,Europe/Amsterdam,EUR,,59.99,,,EUR,,,24
LumoGroup,LumoECOM_EU,8620000000000659,ORD-504609,Settled,2026-06-08 16:26:06,Europe/Amsterdam,EUR,,59.99,1.14,0.36,EUR,,58.49,24
LumoGroup,LumoECOM_EU,8620000000000812,ORD-504762,Authorised,2026-06-08 16:32:38,Europe/Amsterdam,EUR,,9.99,,,EUR,,,24
LumoGroup,LumoAPP_US,8620000000001571,ORD-505521,Settled,2026-06-08 16:36:08,Europe/Amsterdam,USD,,9.99,0.19,0.06,USD,,9.74,24
LumoGroup,LumoECOM_EU,8620000000000978,ORD-504928,Authorised,2026-06-08 17:00:48,Europe/Amsterdam,EUR,,9.99,,,EUR,,,24
LumoGroup,LumoAPP_US,8620000000000610,ORD-504560,Authorised,2026-06-08 17:01:24,Europe/Amsterdam,USD,,9.99,,,USD,,,24
LumoGroup,LumoECOM_EU,8620000000000109,ORD-504059,Settled,2026-06-08 17:03:39,Europe/Amsterdam,EUR,,9.99,0.19,0.06,EUR,,9.74,24
LumoGroup,LumoAPP_US,8620000000000485,ORD-504435,Authorised,2026-06-08 17:27:53,Europe/Amsterdam,USD,,9.99,,,USD,,,24
LumoGroup,LumoECOM_EU,8620000000000812,ORD-504762,Settled,2026-06-08 17:35:38,Europe/Amsterdam,EUR,,9.99,0.19,0.06,EUR,,9.74,24
LumoGroup,LumoECOM_EU,8620000000000978,ORD-504928,Settled,2026-06-08 17:42:48,Europe/Amsterdam,EUR,,9.99,0.19,0.06,EUR,,9.74,24
LumoGroup,LumoAPP_US,8620000000000610,ORD-504560,Settled,2026-06-08 17:45:24,Europe/Amsterdam,USD,,9.99,0.19,0.06,USD,,9.74,24
LumoGroup,LumoECOM_EU,8620000000001169,ORD-505119,Authorised,2026-06-08 18:21:23,Europe/Amsterdam,GBP,,8.99,,,GBP,,,24
LumoGroup,LumoAPP_US,8620000000000485,ORD-504435,Settled,2026-06-08 18:32:53,Europe/Amsterdam,USD,,9.99,0.19,0.06,USD,,9.74,24
LumoGroup,LumoECOM_EU,8620000000001134,ORD-505084,Authorised,2026-06-08 18:36:10,Europe/Amsterdam,EUR,,9.99,,,EUR,,,24
LumoGroup,LumoECOM_EU,8620000000000724,ORD-504674,Authorised,2026-06-08 18:46:45,Europe/Amsterdam,EUR,,9.99,,,EUR,,,24
LumoGroup,LumoECOM_EU,8620000000001134,ORD-505084,Settled,2026-06-08 19:00:10,Europe/Amsterdam,EUR,,9.99,0.19,0.06,EUR,,9.74,24
LumoGroup,LumoECOM_EU,8620000000000294,ORD-504244,Authorised,2026-06-08 19:15:46,Europe/Amsterdam,EUR,,4.99,,,EUR,,,24
LumoGroup,LumoECOM_EU,8620000000001366,ORD-505316,Authorised,2026-06-08 19:34:34,Europe/Amsterdam,EUR,,24.99,,,EUR,,,24
LumoGroup,LumoECOM_EU,8620000000001169,ORD-505119,Settled,2026-06-08 19:48:23,Europe/Amsterdam,GBP,,8.99,0.17,0.05,GBP,,8.77,24
LumoGroup,LumoECOM_EU,8620000000000294,ORD-504244,Settled,2026-06-08 19:52:46,Europe/Amsterdam,EUR,,4.99,0.09,0.03,EUR,,4.87,24
LumoGroup,LumoECOM_EU,8620000000000724,ORD-504674,Settled,2026-06-08 19:56:45,Europe/Amsterdam,EUR,,9.99,0.19,0.06,EUR,,9.74,24
LumoGroup,LumoECOM_EU,8620000000001256,ORD-505206,Refused,2026-06-08 20:05:51,Europe/Amsterdam,EUR,,9.99,,,EUR,,,24
LumoGroup,LumoECOM_EU,8620000000000341,ORD-504291,Authorised,2026-06-08 20:12:31,Europe/Amsterdam,EUR,,24.99,,,EUR,,,24
LumoGroup,LumoECOM_EU,8620000000000731,ORD-504681,Authorised,2026-06-08 20:14:58,Europe/Amsterdam,GBP,,8.99,,,GBP,,,24
LumoGroup,LumoECOM_EU,8620000000000394,ORD-504344,Authorised,2026-06-08 20:16:17,Europe/Amsterdam,EUR,,24.99,,,EUR,,,24
LumoGroup,LumoECOM_EU,8620000000000341,ORD-504291,Settled,2026-06-08 20:30:31,Europe/Amsterdam,EUR,,24.99,0.47,0.15,EUR,,24.37,24
LumoGroup,LumoAPP_US,8620000000000221,ORD-504171,Authorised,2026-06-08 20:45:38,Europe/Amsterdam,USD,,9.99,,,USD,,,24
LumoGroup,LumoECOM_EU,8620000000000881,ORD-504831,Authorised,2026-06-08 20:47:56,Europe/Amsterdam,EUR,,9.99,,,EUR,,,24
LumoGroup,LumoECOM_EU,8620000000000931,ORD-504881,Authorised,2026-06-08 20:50:49,Europe/Amsterdam,EUR,,4.99,,,EUR,,,24
LumoGroup,LumoECOM_EU,8620000000001366,ORD-505316,Settled,2026-06-08 20:52:34,Europe/Amsterdam,EUR,,24.99,0.47,0.15,EUR,,24.37,24
LumoGroup,LumoAPP_US,8620000000000174,ORD-504124,Authorised,2026-06-08 20:58:58,Europe/Amsterdam,USD,,9.99,,,USD,,,24
LumoGroup,LumoAPP_US,8620000000000221,ORD-504171,Settled,2026-06-08 21:22:38,Europe/Amsterdam,USD,,9.99,0.19,0.06,USD,,9.74,24
LumoGroup,LumoECOM_EU,8620000000000881,ORD-504831,Settled,2026-06-08 21:29:56,Europe/Amsterdam,EUR,,9.99,0.19,0.06,EUR,,9.74,24
LumoGroup,LumoECOM_EU,8620000000000731,ORD-504681,Settled,2026-06-08 21:32:58,Europe/Amsterdam,GBP,,8.99,0.17,0.05,GBP,,8.77,24
LumoGroup,LumoECOM_EU,8620000000000394,ORD-504344,Settled,2026-06-08 21:46:17,Europe/Amsterdam,EUR,,24.99,0.47,0.15,EUR,,24.37,24
LumoGroup,LumoECOM_EU,8620000000000931,ORD-504881,Settled,2026-06-08 21:47:49,Europe/Amsterdam,EUR,,4.99,0.09,0.03,EUR,,4.87,24
LumoGroup,LumoAPP_US,8620000000000174,ORD-504124,Settled,2026-06-08 22:12:58,Europe/Amsterdam,USD,,9.99,0.19,0.06,USD,,9.74,24
LumoGroup,LumoECOM_EU,8620000000000083,ORD-504033,Authorised,2026-06-09 09:02:46,Europe/Amsterdam,EUR,,9.99,,,EUR,,,24
LumoGroup,LumoECOM_EU,8620000000000332,ORD-504282,Refused,2026-06-09 09:04:45,Europe/Amsterdam,EUR,,9.99,,,EUR,,,24
LumoGroup,LumoECOM_EU,8620000000000411,ORD-504361,Refused,2026-06-09 09:13:51,Europe/Amsterdam,GBP,,8.99,,,GBP,,,24
LumoGroup,LumoECOM_EU,8620000000001000,ORD-504950,Authorised,2026-06-09 09:16:57,Europe/Amsterdam,EUR,,59.99,,,EUR,,,24
LumoGroup,LumoECOM_EU,8620000000000366,ORD-504316,Authorised,2026-06-09 09:21:55,Europe/Amsterdam,EUR,,24.99,,,EUR,,,24
LumoGroup,LumoECOM_EU,8620000000001332,ORD-505282,Authorised,2026-06-09 09:22:10,Europe/Amsterdam,EUR,,59.99,,,EUR,,,24
LumoGroup,LumoAPP_US,8620000000000038,ORD-503988,Authorised,2026-06-09 09:29:03,Europe/Amsterdam,USD,,4.99,,,USD,,,24
LumoGroup,LumoECOM_EU,8620000000000366,ORD-504316,Settled,2026-06-09 09:31:55,Europe/Amsterdam,EUR,,24.99,0.47,0.15,EUR,,24.37,24
LumoGroup,LumoECOM_EU,8620000000001332,ORD-505282,Settled,2026-06-09 09:33:10,Europe/Amsterdam,EUR,,59.99,1.14,0.36,EUR,,58.49,24
LumoGroup,LumoECOM_EU,8620000000000354,ORD-504304,Authorised,2026-06-09 09:39:03,Europe/Amsterdam,EUR,,59.99,,,EUR,,,24
LumoGroup,LumoECOM_EU,8620000000000007,ORD-503957,Authorised,2026-06-09 09:47:23,Europe/Amsterdam,EUR,,9.99,,,EUR,,,24
LumoGroup,LumoECOM_EU,8620000000000083,ORD-504033,Settled,2026-06-09 09:52:46,Europe/Amsterdam,EUR,,9.99,0.19,0.06,EUR,,9.74,24
LumoGroup,LumoECOM_EU,8620000000001276,ORD-505226,Authorised,2026-06-09 09:56:14,Europe/Amsterdam,EUR,,59.99,,,EUR,,,24
LumoGroup,LumoAPP_US,8620000000000038,ORD-503988,Settled,2026-06-09 10:05:03,Europe/Amsterdam,USD,,4.99,0.09,0.03,USD,,4.87,24
LumoGroup,LumoECOM_EU,8620000000000167,ORD-504117,Authorised,2026-06-09 10:06:42,Europe/Amsterdam,EUR,,9.99,,,EUR,,,24
LumoGroup,LumoECOM_EU,8620000000001276,ORD-505226,Settled,2026-06-09 10:08:14,Europe/Amsterdam,EUR,,59.99,1.14,0.36,EUR,,58.49,24
LumoGroup,LumoECOM_EU,8620000000001551,ORD-505501,Authorised,2026-06-09 10:14:30,Europe/Amsterdam,EUR,,9.99,,,EUR,,,24
LumoGroup,LumoECOM_EU,8620000000000163,ORD-504113,Authorised,2026-06-09 10:33:30,Europe/Amsterdam,EUR,,9.99,,,EUR,,,24
LumoGroup,LumoECOM_EU,8620000000001115,ORD-505065,Authorised,2026-06-09 10:43:38,Europe/Amsterdam,EUR,,9.99,,,EUR,,,24
LumoGroup,LumoAPP_US,8620000000000588,ORD-504538,Authorised,2026-06-09 10:52:20,Europe/Amsterdam,USD,,9.99,,,USD,,,24
LumoGroup,LumoECOM_EU,8620000000001000,ORD-504950,Settled,2026-06-09 10:52:57,Europe/Amsterdam,EUR,,59.99,1.14,0.36,EUR,,58.49,24
LumoGroup,LumoECOM_EU,8620000000000354,ORD-504304,Settled,2026-06-09 10:58:03,Europe/Amsterdam,EUR,,59.99,1.14,0.36,EUR,,58.49,24
LumoGroup,LumoAPP_US,8620000000000588,ORD-504538,Settled,2026-06-09 10:58:20,Europe/Amsterdam,USD,,9.99,0.19,0.06,USD,,9.74,24
LumoGroup,LumoECOM_EU,8620000000000007,ORD-503957,Settled,2026-06-09 10:59:23,Europe/Amsterdam,EUR,,9.99,0.19,0.06,EUR,,9.74,24
LumoGroup,LumoECOM_EU,8620000000000147,ORD-504097,Authorised,2026-06-09 11:03:34,Europe/Amsterdam,EUR,,9.99,,,EUR,,,24
LumoGroup,LumoECOM_EU,8620000000000167,ORD-504117,Settled,2026-06-09 11:04:42,Europe/Amsterdam,EUR,,9.99,0.19,0.06,EUR,,9.74,24
LumoGroup,LumoECOM_EU,8620000000001149,ORD-505099,Authorised,2026-06-09 11:11:50,Europe/Amsterdam,GBP,,4.49,,,GBP,,,24
LumoGroup,LumoAPP_US,8620000000000447,ORD-504397,Authorised,2026-06-09 11:19:04,Europe/Amsterdam,USD,,24.99,,,USD,,,24
LumoGroup,LumoECOM_EU,8620000000001115,ORD-505065,Settled,2026-06-09 11:22:38,Europe/Amsterdam,EUR,,9.99,0.19,0.06,EUR,,9.74,24
LumoGroup,LumoECOM_EU,8620000000001037,ORD-504987,Authorised,2026-06-09 11:29:00,Europe/Amsterdam,EUR,,59.99,,,EUR,,,24
LumoGroup,LumoECOM_EU,8620000000000163,ORD-504113,Settled,2026-06-09 11:34:30,Europe/Amsterdam,EUR,,9.99,0.19,0.06,EUR,,9.74,24
LumoGroup,LumoECOM_EU,8620000000001233,ORD-505183,Authorised,2026-06-09 11:35:37,Europe/Amsterdam,EUR,,24.99,,,EUR,,,24
LumoGroup,LumoAPP_US,8620000000000352,ORD-504302,Authorised,2026-06-09 11:37:35,Europe/Amsterdam,USD,,9.99,,,USD,,,24
LumoGroup,LumoECOM_EU,8620000000000396,ORD-504346,Authorised,2026-06-09 11:38:26,Europe/Amsterdam,EUR,,59.99,,,EUR,,,24
LumoGroup,LumoAPP_US,8620000000000447,ORD-504397,Settled,2026-06-09 11:41:04,Europe/Amsterdam,USD,,24.99,0.47,0.15,USD,,24.37,24
LumoGroup,LumoECOM_EU,8620000000001444,ORD-505394,Authorised,2026-06-09 11:55:19,Europe/Amsterdam,GBP,,21.99,,,GBP,,,24
LumoGroup,LumoECOM_EU,8620000000001208,ORD-505158,Authorised,2026-06-09 11:56:11,Europe/Amsterdam,EUR,,9.99,,,EUR,,,24
LumoGroup,LumoECOM_EU,8620000000000593,ORD-504543,Authorised,2026-06-09 11:56:31,Europe/Amsterdam,EUR,,59.99,,,EUR,,,24
LumoGroup,LumoECOM_EU,8620000000000024,ORD-503974,Authorised,2026-06-09 11:57:12,Europe/Amsterdam,EUR,,9.99,,,EUR,,,24
LumoGroup,LumoECOM_EU,8620000000001551,ORD-505501,Settled,2026-06-09 11:57:30,Europe/Amsterdam,EUR,,9.99,0.19,0.06,EUR,,9.74,24
LumoGroup,LumoECOM_EU,8620000000001037,ORD-504987,Settled,2026-06-09 11:58:00,Europe/Amsterdam,EUR,,59.99,1.14,0.36,EUR,,58.49,24
LumoGroup,LumoECOM_EU,8620000000001444,ORD-505394,Settled,2026-06-09 12:00:19,Europe/Amsterdam,GBP,,21.99,0.42,0.13,GBP,,21.44,24
LumoGroup,LumoECOM_EU,8620000000001453,ORD-505403,Authorised,2026-06-09 12:19:30,Europe/Amsterdam,EUR,,59.99,,,EUR,,,24
LumoGroup,LumoECOM_EU,8620000000000147,ORD-504097,Settled,2026-06-09 12:21:34,Europe/Amsterdam,EUR,,9.99,0.19,0.06,EUR,,9.74,24
LumoGroup,LumoAPP_US,8620000000000352,ORD-504302,Settled,2026-06-09 12:21:35,Europe/Amsterdam,USD,,9.99,0.19,0.06,USD,,9.74,24
LumoGroup,LumoECOM_EU,8620000000000008,ORD-503958,Authorised,2026-06-09 12:37:20,Europe/Amsterdam,GBP,,8.99,,,GBP,,,24
LumoGroup,LumoECOM_EU,8620000000001208,ORD-505158,Settled,2026-06-09 12:42:11,Europe/Amsterdam,EUR,,9.99,0.19,0.06,EUR,,9.74,24
LumoGroup,LumoECOM_EU,8620000000001149,ORD-505099,Settled,2026-06-09 12:45:50,Europe/Amsterdam,GBP,,4.49,0.09,0.02,GBP,,4.38,24
LumoGroup,LumoECOM_EU,8620000000000593,ORD-504543,Settled,2026-06-09 12:57:31,Europe/Amsterdam,EUR,,59.99,1.14,0.36,EUR,,58.49,24
LumoGroup,LumoECOM_EU,8620000000000211,ORD-504161,Authorised,2026-06-09 13:01:58,Europe/Amsterdam,EUR,,9.99,,,EUR,,,24
LumoGroup,LumoECOM_EU,8620000000000024,ORD-503974,Settled,2026-06-09 13:02:12,Europe/Amsterdam,EUR,,9.99,0.19,0.06,EUR,,9.74,24
LumoGroup,LumoECOM_EU,8620000000000198,ORD-504148,Refused,2026-06-09 13:09:39,Europe/Amsterdam,GBP,,8.99,,,GBP,,,24
LumoGroup,LumoECOM_EU,8620000000000396,ORD-504346,Settled,2026-06-09 13:11:26,Europe/Amsterdam,EUR,,59.99,1.14,0.36,EUR,,58.49,24
LumoGroup,LumoECOM_EU,8620000000001233,ORD-505183,Settled,2026-06-09 13:14:37,Europe/Amsterdam,EUR,,24.99,0.47,0.15,EUR,,24.37,24
LumoGroup,LumoECOM_EU,8620000000001361,ORD-505311,Authorised,2026-06-09 13:17:15,Europe/Amsterdam,GBP,,21.99,,,GBP,,,24
LumoGroup,LumoECOM_EU,8620000000001569,ORD-505519,Authorised,2026-06-09 13:17:37,Europe/Amsterdam,EUR,,24.99,,,EUR,,,24
LumoGroup,LumoECOM_EU,8620000000001329,ORD-505279,Authorised,2026-06-09 13:22:32,Europe/Amsterdam,EUR,,9.99,,,EUR,,,24
LumoGroup,LumoECOM_EU,8620000000001361,ORD-505311,Settled,2026-06-09 13:30:15,Europe/Amsterdam,GBP,,21.99,0.42,0.13,GBP,,21.44,24
LumoGroup,LumoECOM_EU,8620000000001194,ORD-505144,Authorised,2026-06-09 13:37:05,Europe/Amsterdam,EUR,,9.99,,,EUR,,,24
LumoGroup,LumoECOM_EU,8620000000000008,ORD-503958,Settled,2026-06-09 13:39:20,Europe/Amsterdam,GBP,,8.99,0.17,0.05,GBP,,8.77,24
LumoGroup,LumoAPP_US,8620000000001267,ORD-505217,Authorised,2026-06-09 13:42:55,Europe/Amsterdam,USD,,9.99,,,USD,,,24
LumoGroup,LumoECOM_EU,8620000000000132,ORD-504082,Authorised,2026-06-09 13:53:16,Europe/Amsterdam,EUR,,4.99,,,EUR,,,24
LumoGroup,LumoECOM_EU,8620000000001453,ORD-505403,Settled,2026-06-09 13:53:30,Europe/Amsterdam,EUR,,59.99,1.14,0.36,EUR,,58.49,24
LumoGroup,LumoAPP_US,8620000000001267,ORD-505217,Settled,2026-06-09 13:54:55,Europe/Amsterdam,USD,,9.99,0.19,0.06,USD,,9.74,24
LumoGroup,LumoECOM_EU,8620000000000848,ORD-504798,Authorised,2026-06-09 14:10:05,Europe/Amsterdam,EUR,,9.99,,,EUR,,,24
LumoGroup,LumoECOM_EU,8620000000000211,ORD-504161,Settled,2026-06-09 14:12:58,Europe/Amsterdam,EUR,,9.99,0.19,0.06,EUR,,9.74,24
LumoGroup,LumoAPP_US,8620000000000242,ORD-504192,Authorised,2026-06-09 14:15:01,Europe/Amsterdam,USD,,24.99,,,USD,,,24
LumoGroup,LumoECOM_EU,8620000000000185,ORD-504135,Authorised,2026-06-09 14:21:37,Europe/Amsterdam,EUR,,9.99,,,EUR,,,24
LumoGroup,LumoAPP_US,8620000000000558,ORD-504508,Authorised,2026-06-09 14:24:10,Europe/Amsterdam,USD,,4.99,,,USD,,,24
LumoGroup,LumoECOM_EU,8620000000000280,ORD-504230,Authorised,2026-06-09 14:28:10,Europe/Amsterdam,EUR,,59.99,,,EUR,,,24
LumoGroup,LumoECOM_EU,8620000000001252,ORD-505202,Authorised,2026-06-09 14:28:40,Europe/Amsterdam,EUR,,9.99,,,EUR,,,24
LumoGroup,LumoECOM_EU,8620000000001254,ORD-505204,Authorised,2026-06-09 14:33:29,Europe/Amsterdam,EUR,,9.99,,,EUR,,,24
LumoGroup,LumoECOM_EU,8620000000000280,ORD-504230,Settled,2026-06-09 14:38:10,Europe/Amsterdam,EUR,,59.99,1.14,0.36,EUR,,58.49,24
LumoGroup,LumoECOM_EU,8620000000001329,ORD-505279,Settled,2026-06-09 14:49:32,Europe/Amsterdam,EUR,,9.99,0.19,0.06,EUR,,9.74,24
LumoGroup,LumoECOM_EU,8620000000001254,ORD-505204,Settled,2026-06-09 14:51:29,Europe/Amsterdam,EUR,,9.99,0.19,0.06,EUR,,9.74,24
LumoGroup,LumoECOM_EU,8620000000001569,ORD-505519,Settled,2026-06-09 14:53:37,Europe/Amsterdam,EUR,,24.99,0.47,0.15,EUR,,24.37,24
LumoGroup,LumoAPP_US,8620000000000558,ORD-504508,Settled,2026-06-09 14:55:10,Europe/Amsterdam,USD,,4.99,0.09,0.03,USD,,4.87,24
LumoGroup,LumoECOM_EU,8620000000000461,ORD-504411,Authorised,2026-06-09 15:00:56,Europe/Amsterdam,EUR,,9.99,,,EUR,,,24
LumoGroup,LumoAPP_US,8620000000000242,ORD-504192,Settled,2026-06-09 15:01:01,Europe/Amsterdam,USD,,24.99,0.47,0.15,USD,,24.37,24
LumoGroup,LumoECOM_EU,8620000000000128,ORD-504078,Authorised,2026-06-09 15:09:49,Europe/Amsterdam,EUR,,59.99,,,EUR,,,24
LumoGroup,LumoECOM_EU,8620000000000132,ORD-504082,Settled,2026-06-09 15:13:16,Europe/Amsterdam,EUR,,4.99,0.09,0.03,EUR,,4.87,24
LumoGroup,LumoECOM_EU,8620000000001252,ORD-505202,Settled,2026-06-09 15:15:40,Europe/Amsterdam,EUR,,9.99,0.19,0.06,EUR,,9.74,24
LumoGroup,LumoECOM_EU,8620000000000128,ORD-504078,Settled,2026-06-09 15:18:49,Europe/Amsterdam,EUR,,59.99,1.14,0.36,EUR,,58.49,24
LumoGroup,LumoECOM_EU,8620000000001194,ORD-505144,Settled,2026-06-09 15:20:05,Europe/Amsterdam,EUR,,9.99,0.19,0.06,EUR,,9.74,24
LumoGroup,LumoECOM_EU,8620000000000185,ORD-504135,Settled,2026-06-09 15:23:37,Europe/Amsterdam,EUR,,9.99,0.19,0.06,EUR,,9.74,24
LumoGroup,LumoECOM_EU,8620000000001206,ORD-505156,Authorised,2026-06-09 15:30:25,Europe/Amsterdam,EUR,,9.99,,,EUR,,,24
LumoGroup,LumoECOM_EU,8620000000000333,ORD-504283,Authorised,2026-06-09 15:46:14,Europe/Amsterdam,GBP,,8.99,,,GBP,,,24
LumoGroup,LumoECOM_EU,8620000000000848,ORD-504798,Settled,2026-06-09 15:50:05,Europe/Amsterdam,EUR,,9.99,0.19,0.06,EUR,,9.74,24
LumoGroup,LumoECOM_EU,8620000000000186,ORD-504136,Authorised,2026-06-09 15:53:28,Europe/Amsterdam,EUR,,4.99,,,EUR,,,24
LumoGroup,LumoECOM_EU,8620000000000845,ORD-504795,Authorised,2026-06-09 16:00:39,Europe/Amsterdam,EUR,,59.99,,,EUR,,,24
LumoGroup,LumoAPP_US,8620000000000906,ORD-504856,Authorised,2026-06-09 16:04:10,Europe/Amsterdam,USD,,9.99,,,USD,,,24
LumoGroup,LumoECOM_EU,8620000000001083,ORD-505033,Authorised,2026-06-09 16:23:07,Europe/Amsterdam,EUR,,9.99,,,EUR,,,24
LumoGroup,LumoECOM_EU,8620000000001179,ORD-505129,Authorised,2026-06-09 16:33:10,Europe/Amsterdam,EUR,,24.99,,,EUR,,,24
LumoGroup,LumoECOM_EU,8620000000000461,ORD-504411,Settled,2026-06-09 16:35:56,Europe/Amsterdam,EUR,,9.99,0.19,0.06,EUR,,9.74,24
LumoGroup,LumoECOM_EU,8620000000000845,ORD-504795,Settled,2026-06-09 16:37:39,Europe/Amsterdam,EUR,,59.99,1.14,0.36,EUR,,58.49,24
LumoGroup,LumoECOM_EU,8620000000000766,ORD-504716,Authorised,2026-06-09 16:50:30,Europe/Amsterdam,GBP,,4.49,,,GBP,,,24
LumoGroup,LumoECOM_EU,8620000000000333,ORD-504283,Settled,2026-06-09 16:51:14,Europe/Amsterdam,GBP,,8.99,0.17,0.05,GBP,,8.77,24
LumoGroup,LumoECOM_EU,8620000000001179,ORD-505129,Settled,2026-06-09 16:52:10,Europe/Amsterdam,EUR,,24.99,0.47,0.15,EUR,,24.37,24
LumoGroup,LumoECOM_EU,8620000000001206,ORD-505156,Settled,2026-06-09 17:10:25,Europe/Amsterdam,EUR,,9.99,0.19,0.06,EUR,,9.74,24
LumoGroup,LumoECOM_EU,8620000000001083,ORD-505033,Settled,2026-06-09 17:15:07,Europe/Amsterdam,EUR,,9.99,0.19,0.06,EUR,,9.74,24
LumoGroup,LumoECOM_EU,8620000000000186,ORD-504136,Settled,2026-06-09 17:16:28,Europe/Amsterdam,EUR,,4.99,0.09,0.03,EUR,,4.87,24
LumoGroup,LumoECOM_EU,8620000000000193,ORD-504143,Authorised,2026-06-09 17:16:30,Europe/Amsterdam,EUR,,9.99,,,EUR,,,24
LumoGroup,LumoAPP_US,8620000000000906,ORD-504856,Settled,2026-06-09 17:41:10,Europe/Amsterdam,USD,,9.99,0.19,0.06,USD,,9.74,24
LumoGroup,LumoECOM_EU,8620000000000554,ORD-504504,Authorised,2026-06-09 17:57:31,Europe/Amsterdam,EUR,,9.99,,,EUR,,,24
LumoGroup,LumoECOM_EU,8620000000001151,ORD-505101,Authorised,2026-06-09 18:04:08,Europe/Amsterdam,EUR,,9.99,,,EUR,,,24
LumoGroup,LumoECOM_EU,8620000000000193,ORD-504143,Settled,2026-06-09 18:14:30,Europe/Amsterdam,EUR,,9.99,0.19,0.06,EUR,,9.74,24
LumoGroup,LumoECOM_EU,8620000000000289,ORD-504239,Authorised,2026-06-09 18:27:15,Europe/Amsterdam,EUR,,9.99,,,EUR,,,24
LumoGroup,LumoECOM_EU,8620000000001162,ORD-505112,Authorised,2026-06-09 18:29:37,Europe/Amsterdam,EUR,,24.99,,,EUR,,,24
LumoGroup,LumoECOM_EU,8620000000000766,ORD-504716,Settled,2026-06-09 18:32:30,Europe/Amsterdam,GBP,,4.49,0.09,0.02,GBP,,4.38,24
LumoGroup,LumoECOM_EU,8620000000001151,ORD-505101,Settled,2026-06-09 18:35:08,Europe/Amsterdam,EUR,,9.99,0.19,0.06,EUR,,9.74,24
LumoGroup,LumoAPP_US,8620000000000427,ORD-504377,Authorised,2026-06-09 18:42:43,Europe/Amsterdam,USD,,9.99,,,USD,,,24
LumoGroup,LumoECOM_EU,8620000000001196,ORD-505146,Refused,2026-06-09 18:45:59,Europe/Amsterdam,EUR,,9.99,,,EUR,,,24
LumoGroup,LumoAPP_US,8620000000000427,ORD-504377,Settled,2026-06-09 18:51:43,Europe/Amsterdam,USD,,9.99,0.19,0.06,USD,,9.74,24
LumoGroup,LumoECOM_EU,8620000000000554,ORD-504504,Settled,2026-06-09 18:55:31,Europe/Amsterdam,EUR,,9.99,0.19,0.06,EUR,,9.74,24
LumoGroup,LumoECOM_EU,8620000000001586,ORD-505536,Authorised,2026-06-09 19:08:55,Europe/Amsterdam,EUR,,9.99,,,EUR,,,24
LumoGroup,LumoECOM_EU,8620000000000289,ORD-504239,Settled,2026-06-09 19:11:15,Europe/Amsterdam,EUR,,9.99,0.19,0.06,EUR,,9.74,24
LumoGroup,LumoECOM_EU,8620000000000746,ORD-504696,Authorised,2026-06-09 19:12:53,Europe/Amsterdam,EUR,,9.99,,,EUR,,,24
LumoGroup,LumoECOM_EU,8620000000000746,ORD-504696,Settled,2026-06-09 19:21:53,Europe/Amsterdam,EUR,,9.99,0.19,0.06,EUR,,9.74,24
LumoGroup,LumoECOM_EU,8620000000001631,ORD-505581,Authorised,2026-06-09 19:33:11,Europe/Amsterdam,EUR,,9.99,,,EUR,,,24
LumoGroup,LumoECOM_EU,8620000000001162,ORD-505112,Settled,2026-06-09 19:49:37,Europe/Amsterdam,EUR,,24.99,0.47,0.15,EUR,,24.37,24
LumoGroup,LumoECOM_EU,8620000000000852,ORD-504802,Authorised,2026-06-09 20:10:04,Europe/Amsterdam,EUR,,24.99,,,EUR,,,24
LumoGroup,LumoECOM_EU,8620000000001586,ORD-505536,Settled,2026-06-09 20:20:55,Europe/Amsterdam,EUR,,9.99,0.19,0.06,EUR,,9.74,24
LumoGroup,LumoECOM_EU,8620000000000852,ORD-504802,Settled,2026-06-09 20:25:04,Europe/Amsterdam,EUR,,24.99,0.47,0.15,EUR,,24.37,24
LumoGroup,LumoECOM_EU,8620000000001631,ORD-505581,Settled,2026-06-09 20:26:11,Europe/Amsterdam,EUR,,9.99,0.19,0.06,EUR,,9.74,24
LumoGroup,LumoAPP_US,8620000000000524,ORD-504474,Authorised,2026-06-09 20:32:52,Europe/Amsterdam,USD,,4.99,,,USD,,,24
LumoGroup,LumoECOM_EU,8620000000001297,ORD-505247,Authorised,2026-06-09 20:38:38,Europe/Amsterdam,GBP,,21.99,,,GBP,,,24
LumoGroup,LumoECOM_EU,8620000000000144,ORD-504094,Authorised,2026-06-09 20:59:23,Europe/Amsterdam,GBP,,4.49,,,GBP,,,24
LumoGroup,LumoECOM_EU,8620000000001297,ORD-505247,Settled,2026-06-09 21:04:38,Europe/Amsterdam,GBP,,21.99,0.42,0.13,GBP,,21.44,24
LumoGroup,LumoAPP_US,8620000000000524,ORD-504474,Settled,2026-06-09 21:04:52,Europe/Amsterdam,USD,,4.99,0.09,0.03,USD,,4.87,24
LumoGroup,LumoECOM_EU,8620000000000144,ORD-504094,Settled,2026-06-09 21:22:23,Europe/Amsterdam,GBP,,4.49,0.09,0.02,GBP,,4.38,24
LumoGroup,LumoAPP_US,8620000000000331,ORD-504281,Authorised,2026-06-10 09:09:41,Europe/Amsterdam,USD,,4.99,,,USD,,,24
LumoGroup,LumoAPP_US,8620000000000331,ORD-504281,Settled,2026-06-10 09:37:41,Europe/Amsterdam,USD,,4.99,0.09,0.03,USD,,4.87,24
LumoGroup,LumoAPP_US,8620000000000925,ORD-504875,Authorised,2026-06-10 09:37:52,Europe/Amsterdam,USD,,9.99,,,USD,,,24
LumoGroup,LumoECOM_EU,8620000000000236,ORD-504186,Authorised,2026-06-10 09:49:08,Europe/Amsterdam,GBP,,8.99,,,GBP,,,24
LumoGroup,LumoECOM_EU,8620000000000108,ORD-504058,Authorised,2026-06-10 09:51:41,Europe/Amsterdam,EUR,,9.99,,,EUR,,,24
LumoGroup,LumoECOM_EU,8620000000000108,ORD-504058,Settled,2026-06-10 10:11:41,Europe/Amsterdam,EUR,,9.99,0.19,0.06,EUR,,9.74,24
LumoGroup,LumoECOM_EU,8620000000000259,ORD-504209,Authorised,2026-06-10 10:21:47,Europe/Amsterdam,GBP,,8.99,,,GBP,,,24
LumoGroup,LumoECOM_EU,8620000000001576,ORD-505526,Authorised,2026-06-10 10:31:28,Europe/Amsterdam,GBP,,8.99,,,GBP,,,24
LumoGroup,LumoECOM_EU,8620000000001498,ORD-505448,Authorised,2026-06-10 10:35:03,Europe/Amsterdam,EUR,,9.99,,,EUR,,,24
LumoGroup,LumoAPP_US,8620000000000869,ORD-504819,Authorised,2026-06-10 10:37:08,Europe/Amsterdam,USD,,9.99,,,USD,,,24
LumoGroup,LumoECOM_EU,8620000000001049,ORD-504999,Authorised,2026-06-10 10:39:45,Europe/Amsterdam,EUR,,9.99,,,EUR,,,24
LumoGroup,LumoECOM_EU,8620000000000194,ORD-504144,Authorised,2026-06-10 10:49:32,Europe/Amsterdam,GBP,,8.99,,,GBP,,,24
LumoGroup,LumoECOM_EU,8620000000000540,ORD-504490,Authorised,2026-06-10 10:52:25,Europe/Amsterdam,EUR,,59.99,,,EUR,,,24
LumoGroup,LumoAPP_US,8620000000000925,ORD-504875,Settled,2026-06-10 11:03:52,Europe/Amsterdam,USD,,9.99,0.19,0.06,USD,,9.74,24
LumoGroup,LumoECOM_EU,8620000000000799,ORD-504749,Authorised,2026-06-10 11:15:21,Europe/Amsterdam,EUR,,24.99,,,EUR,,,24
LumoGroup,LumoECOM_EU,8620000000001576,ORD-505526,Settled,2026-06-10 11:16:28,Europe/Amsterdam,GBP,,8.99,0.17,0.05,GBP,,8.77,24
LumoGroup,LumoECOM_EU,8620000000000236,ORD-504186,Settled,2026-06-10 11:23:08,Europe/Amsterdam,GBP,,8.99,0.17,0.05,GBP,,8.77,24
LumoGroup,LumoECOM_EU,8620000000000259,ORD-504209,Settled,2026-06-10 11:23:47,Europe/Amsterdam,GBP,,8.99,0.17,0.05,GBP,,8.77,24
LumoGroup,LumoECOM_EU,8620000000001204,ORD-505154,Authorised,2026-06-10 11:24:29,Europe/Amsterdam,GBP,,8.99,,,GBP,,,24
LumoGroup,LumoECOM_EU,8620000000001397,ORD-505347,Authorised,2026-06-10 11:36:29,Europe/Amsterdam,EUR,,9.99,,,EUR,,,24
LumoGroup,LumoECOM_EU,8620000000001049,ORD-504999,Settled,2026-06-10 11:36:45,Europe/Amsterdam,EUR,,9.99,0.19,0.06,EUR,,9.74,24
LumoGroup,LumoECOM_EU,8620000000001204,ORD-505154,Settled,2026-06-10 11:39:29,Europe/Amsterdam,GBP,,8.99,0.17,0.05,GBP,,8.77,24
LumoGroup,LumoECOM_EU,8620000000000799,ORD-504749,Settled,2026-06-10 11:45:21,Europe/Amsterdam,EUR,,24.99,0.47,0.15,EUR,,24.37,24
LumoGroup,LumoECOM_EU,8620000000001498,ORD-505448,Settled,2026-06-10 11:59:03,Europe/Amsterdam,EUR,,9.99,0.19,0.06,EUR,,9.74,24
LumoGroup,LumoECOM_EU,8620000000001559,ORD-505509,Refused,2026-06-10 11:59:27,Europe/Amsterdam,EUR,,9.99,,,EUR,,,24
LumoGroup,LumoECOM_EU,8620000000001560,ORD-505510,Refused,2026-06-10 12:02:14,Europe/Amsterdam,EUR,,24.99,,,EUR,,,24
LumoGroup,LumoECOM_EU,8620000000000194,ORD-504144,Settled,2026-06-10 12:03:32,Europe/Amsterdam,GBP,,8.99,0.17,0.05,GBP,,8.77,24
LumoGroup,LumoECOM_EU,8620000000001126,ORD-505076,Authorised,2026-06-10 12:09:58,Europe/Amsterdam,EUR,,9.99,,,EUR,,,24
LumoGroup,LumoAPP_US,8620000000000680,ORD-504630,Authorised,2026-06-10 12:10:31,Europe/Amsterdam,USD,,24.99,,,USD,,,24
LumoGroup,LumoAPP_US,8620000000000869,ORD-504819,Settled,2026-06-10 12:16:08,Europe/Amsterdam,USD,,9.99,0.19,0.06,USD,,9.74,24
LumoGroup,LumoECOM_EU,8620000000001397,ORD-505347,Settled,2026-06-10 12:19:29,Europe/Amsterdam,EUR,,9.99,0.19,0.06,EUR,,9.74,24
LumoGroup,LumoECOM_EU,8620000000000540,ORD-504490,Settled,2026-06-10 12:36:25,Europe/Amsterdam,EUR,,59.99,1.14,0.36,EUR,,58.49,24
LumoGroup,LumoECOM_EU,8620000000000402,ORD-504352,Authorised,2026-06-10 12:45:28,Europe/Amsterdam,EUR,,9.99,,,EUR,,,24
LumoGroup,LumoAPP_US,8620000000000188,ORD-504138,Refunded,2026-06-10 12:45:28,Europe/Amsterdam,USD,9.99,,,,USD,9.99,,24
LumoGroup,LumoECOM_EU,8620000000000402,ORD-504352,Settled,2026-06-10 13:16:28,Europe/Amsterdam,EUR,,9.99,0.19,0.06,EUR,,9.74,24
LumoGroup,LumoECOM_EU,8620000000000813,ORD-504763,Authorised,2026-06-10 13:20:04,Europe/Amsterdam,EUR,,9.99,,,EUR,,,24
LumoGroup,LumoECOM_EU,8620000000000912,ORD-504862,Authorised,2026-06-10 13:32:21,Europe/Amsterdam,EUR,,9.99,,,EUR,,,24
LumoGroup,LumoECOM_EU,8620000000000912,ORD-504862,Settled,2026-06-10 13:43:21,Europe/Amsterdam,EUR,,9.99,0.19,0.06,EUR,,9.74,24
LumoGroup,LumoAPP_US,8620000000000680,ORD-504630,Settled,2026-06-10 13:44:31,Europe/Amsterdam,USD,,24.99,0.47,0.15,USD,,24.37,24
LumoGroup,LumoECOM_EU,8620000000001126,ORD-505076,Settled,2026-06-10 13:49:58,Europe/Amsterdam,EUR,,9.99,0.19,0.06,EUR,,9.74,24
LumoGroup,LumoECOM_EU,8620000000000121,ORD-504071,Authorised,2026-06-10 14:12:44,Europe/Amsterdam,EUR,,9.99,,,EUR,,,24
LumoGroup,LumoECOM_EU,8620000000001477,ORD-505427,Authorised,2026-06-10 14:14:26,Europe/Amsterdam,EUR,,4.99,,,EUR,,,24
LumoGroup,LumoECOM_EU,8620000000000548,ORD-504498,Authorised,2026-06-10 14:17:42,Europe/Amsterdam,EUR,,9.99,,,EUR,,,24
LumoGroup,LumoECOM_EU,8620000000001477,ORD-505427,Settled,2026-06-10 14:21:26,Europe/Amsterdam,EUR,,4.99,0.09,0.03,EUR,,4.87,24
LumoGroup,LumoECOM_EU,8620000000001654,ORD-505604,Authorised,2026-06-10 14:27:00,Europe/Amsterdam,EUR,,9.99,,,EUR,,,24
LumoGroup,LumoECOM_EU,8620000000000548,ORD-504498,Settled,2026-06-10 14:28:42,Europe/Amsterdam,EUR,,9.99,0.19,0.06,EUR,,9.74,24
LumoGroup,LumoECOM_EU,8620000000001654,ORD-505604,Settled,2026-06-10 14:40:00,Europe/Amsterdam,EUR,,9.99,0.19,0.06,EUR,,9.74,24
LumoGroup,LumoECOM_EU,8620000000000813,ORD-504763,Settled,2026-06-10 14:53:04,Europe/Amsterdam,EUR,,9.99,0.19,0.06,EUR,,9.74,24
LumoGroup,LumoECOM_EU,8620000000000516,ORD-504466,Authorised,2026-06-10 15:30:15,Europe/Amsterdam,EUR,,9.99,,,EUR,,,24
LumoGroup,LumoECOM_EU,8620000000000121,ORD-504071,Settled,2026-06-10 15:31:44,Europe/Amsterdam,EUR,,9.99,0.19,0.06,EUR,,9.74,24
LumoGroup,LumoECOM_EU,8620000000001009,ORD-504959,Authorised,2026-06-10 15:32:42,Europe/Amsterdam,EUR,,4.99,,,EUR,,,24
LumoGroup,LumoECOM_EU,8620000000001502,ORD-505452,Authorised,2026-06-10 15:37:51,Europe/Amsterdam,EUR,,9.99,,,EUR,,,24
LumoGroup,LumoECOM_EU,8620000000000565,ORD-504515,Authorised,2026-06-10 15:54:54,Europe/Amsterdam,GBP,,21.99,,,GBP,,,24
LumoGroup,LumoECOM_EU,8620000000001009,ORD-504959,Settled,2026-06-10 16:12:42,Europe/Amsterdam,EUR,,4.99,0.09,0.03,EUR,,4.87,24
LumoGroup,LumoECOM_EU,8620000000001155,ORD-505105,Authorised,2026-06-10 16:50:50,Europe/Amsterdam,EUR,,9.99,,,EUR,,,24
LumoGroup,LumoECOM_EU,8620000000000516,ORD-504466,Settled,2026-06-10 17:03:15,Europe/Amsterdam,EUR,,9.99,0.19,0.06,EUR,,9.74,24
LumoGroup,LumoECOM_EU,8620000000000860,ORD-504810,Authorised,2026-06-10 17:09:03,Europe/Amsterdam,EUR,,24.99,,,EUR,,,24
LumoGroup,LumoECOM_EU,8620000000001502,ORD-505452,Settled,2026-06-10 17:09:51,Europe/Amsterdam,EUR,,9.99,0.19,0.06,EUR,,9.74,24
LumoGroup,LumoECOM_EU,8620000000001268,ORD-505218,Authorised,2026-06-10 17:17:05,Europe/Amsterdam,EUR,,4.99,,,EUR,,,24
LumoGroup,LumoECOM_EU,8620000000000565,ORD-504515,Settled,2026-06-10 17:18:54,Europe/Amsterdam,GBP,,21.99,0.42,0.13,GBP,,21.44,24
LumoGroup,LumoECOM_EU,8620000000000361,ORD-504311,Authorised,2026-06-10 17:31:12,Europe/Amsterdam,EUR,,24.99,,,EUR,,,24
LumoGroup,LumoECOM_EU,8620000000001628,ORD-505578,Authorised,2026-06-10 17:32:38,Europe/Amsterdam,EUR,,59.99,,,EUR,,,24
LumoGroup,LumoECOM_EU,8620000000001155,ORD-505105,Settled,2026-06-10 17:34:50,Europe/Amsterdam,EUR,,9.99,0.19,0.06,EUR,,9.74,24
LumoGroup,LumoECOM_EU,8620000000000235,ORD-504185,Authorised,2026-06-10 18:14:45,Europe/Amsterdam,EUR,,9.99,,,EUR,,,24
LumoGroup,LumoECOM_EU,8620000000000829,ORD-504779,Authorised,2026-06-10 18:22:11,Europe/Amsterdam,EUR,,9.99,,,EUR,,,24
LumoGroup,LumoECOM_EU,8620000000000235,ORD-504185,Settled,2026-06-10 18:22:45,Europe/Amsterdam,EUR,,9.99,0.19,0.06,EUR,,9.74,24
LumoGroup,LumoECOM_EU,8620000000001268,ORD-505218,Settled,2026-06-10 18:28:05,Europe/Amsterdam,EUR,,4.99,0.09,0.03,EUR,,4.87,24
LumoGroup,LumoECOM_EU,8620000000000860,ORD-504810,Settled,2026-06-10 18:29:03,Europe/Amsterdam,EUR,,24.99,0.47,0.15,EUR,,24.37,24
LumoGroup,LumoECOM_EU,8620000000001628,ORD-505578,Settled,2026-06-10 18:50:38,Europe/Amsterdam,EUR,,59.99,1.14,0.36,EUR,,58.49,24
LumoGroup,LumoECOM_EU,8620000000001555,ORD-505505,Authorised,2026-06-10 19:00:48,Europe/Amsterdam,GBP,,8.99,,,GBP,,,24
LumoGroup,LumoECOM_EU,8620000000000829,ORD-504779,Settled,2026-06-10 19:08:11,Europe/Amsterdam,EUR,,9.99,0.19,0.06,EUR,,9.74,24
LumoGroup,LumoAPP_US,8620000000000712,ORD-504662,Authorised,2026-06-10 19:08:30,Europe/Amsterdam,USD,,9.99,,,USD,,,24
LumoGroup,LumoECOM_EU,8620000000000643,ORD-504593,Authorised,2026-06-10 19:09:54,Europe/Amsterdam,EUR,,9.99,,,EUR,,,24
LumoGroup,LumoECOM_EU,8620000000000361,ORD-504311,Settled,2026-06-10 19:10:12,Europe/Amsterdam,EUR,,24.99,0.47,0.15,EUR,,24.37,24
LumoGroup,LumoECOM_EU,8620000000001552,ORD-505502,Authorised,2026-06-10 19:18:29,Europe/Amsterdam,EUR,,24.99,,,EUR,,,24
LumoGroup,LumoECOM_EU,8620000000000546,ORD-504496,Authorised,2026-06-10 19:27:35,Europe/Amsterdam,GBP,,21.99,,,GBP,,,24
LumoGroup,LumoECOM_EU,8620000000001555,ORD-505505,Settled,2026-06-10 19:31:48,Europe/Amsterdam,GBP,,8.99,0.17,0.05,GBP,,8.77,24
LumoGroup,LumoECOM_EU,8620000000000643,ORD-504593,Settled,2026-06-10 19:39:54,Europe/Amsterdam,EUR,,9.99,0.19,0.06,EUR,,9.74,24
LumoGroup,LumoECOM_EU,8620000000000460,ORD-504410,Authorised,2026-06-10 19:41:12,Europe/Amsterdam,GBP,,8.99,,,GBP,,,24
LumoGroup,LumoECOM_EU,8620000000001684,ORD-505634,Authorised,2026-06-10 19:42:54,Europe/Amsterdam,EUR,,9.99,,,EUR,,,24
LumoGroup,LumoAPP_US,8620000000001388,ORD-505338,Authorised,2026-06-10 19:47:49,Europe/Amsterdam,USD,,59.99,,,USD,,,24
LumoGroup,LumoECOM_EU,8620000000001371,ORD-505321,Authorised,2026-06-10 19:48:10,Europe/Amsterdam,EUR,,9.99,,,EUR,,,24
LumoGroup,LumoECOM_EU,8620000000000639,ORD-504589,Authorised,2026-06-10 20:02:04,Europe/Amsterdam,EUR,,59.99,,,EUR,,,24
LumoGroup,LumoECOM_EU,8620000000001684,ORD-505634,Settled,2026-06-10 20:09:54,Europe/Amsterdam,EUR,,9.99,0.19,0.06,EUR,,9.74,24
LumoGroup,LumoECOM_EU,8620000000000546,ORD-504496,Settled,2026-06-10 20:10:35,Europe/Amsterdam,GBP,,21.99,0.42,0.13,GBP,,21.44,24
LumoGroup,LumoECOM_EU,8620000000001670,ORD-505620,Authorised,2026-06-10 20:16:23,Europe/Amsterdam,EUR,,9.99,,,EUR,,,24
LumoGroup,LumoECOM_EU,8620000000000924,ORD-504874,Authorised,2026-06-10 20:19:45,Europe/Amsterdam,EUR,,9.99,,,EUR,,,24
LumoGroup,LumoECOM_EU,8620000000001552,ORD-505502,Settled,2026-06-10 20:21:29,Europe/Amsterdam,EUR,,24.99,0.47,0.15,EUR,,24.37,24
LumoGroup,LumoECOM_EU,8620000000000687,ORD-504637,Authorised,2026-06-10 20:23:19,Europe/Amsterdam,GBP,,54.99,,,GBP,,,24
LumoGroup,LumoAPP_US,8620000000000712,ORD-504662,Settled,2026-06-10 20:27:30,Europe/Amsterdam,USD,,9.99,0.19,0.06,USD,,9.74,24
LumoGroup,LumoECOM_EU,8620000000001632,ORD-505582,Authorised,2026-06-10 20:27:34,Europe/Amsterdam,EUR,,9.99,,,EUR,,,24
LumoGroup,LumoECOM_EU,8620000000001367,ORD-505317,Authorised,2026-06-10 20:27:52,Europe/Amsterdam,GBP,,21.99,,,GBP,,,24
LumoGroup,LumoAPP_US,8620000000001388,ORD-505338,Settled,2026-06-10 20:28:49,Europe/Amsterdam,USD,,59.99,1.14,0.36,USD,,58.49,24
LumoGroup,LumoECOM_EU,8620000000000519,ORD-504469,Authorised,2026-06-10 20:32:33,Europe/Amsterdam,EUR,,9.99,,,EUR,,,24
LumoGroup,LumoECOM_EU,8620000000000460,ORD-504410,Settled,2026-06-10 20:34:12,Europe/Amsterdam,GBP,,8.99,0.17,0.05,GBP,,8.77,24
LumoGroup,LumoECOM_EU,8620000000001367,ORD-505317,Settled,2026-06-10 20:39:52,Europe/Amsterdam,GBP,,21.99,0.42,0.13,GBP,,21.44,24
LumoGroup,LumoECOM_EU,8620000000000924,ORD-504874,Settled,2026-06-10 20:53:45,Europe/Amsterdam,EUR,,9.99,0.19,0.06,EUR,,9.74,24
LumoGroup,LumoECOM_EU,8620000000000639,ORD-504589,Settled,2026-06-10 21:09:04,Europe/Amsterdam,EUR,,59.99,1.14,0.36,EUR,,58.49,24
LumoGroup,LumoECOM_EU,8620000000001371,ORD-505321,Settled,2026-06-10 21:30:10,Europe/Amsterdam,EUR,,9.99,0.19,0.06,EUR,,9.74,24
LumoGroup,LumoECOM_EU,8620000000001670,ORD-505620,Settled,2026-06-10 21:34:23,Europe/Amsterdam,EUR,,9.99,0.19,0.06,EUR,,9.74,24
LumoGroup,LumoECOM_EU,8620000000001632,ORD-505582,Settled,2026-06-10 21:53:34,Europe/Amsterdam,EUR,,9.99,0.19,0.06,EUR,,9.74,24
LumoGroup,LumoECOM_EU,8620000000000519,ORD-504469,Settled,2026-06-10 22:00:33,Europe/Amsterdam,EUR,,9.99,0.19,0.06,EUR,,9.74,24
LumoGroup,LumoECOM_EU,8620000000000687,ORD-504637,Settled,2026-06-10 22:12:19,Europe/Amsterdam,GBP,,54.99,1.04,0.33,GBP,,53.62,24
LumoGroup,LumoECOM_EU,8620000000001184,ORD-505134,Authorised,2026-06-11 09:13:36,Europe/Amsterdam,EUR,,9.99,,,EUR,,,24
LumoGroup,LumoECOM_EU,8620000000000124,ORD-504074,Authorised,2026-06-11 09:17:00,Europe/Amsterdam,EUR,,4.99,,,EUR,,,24
LumoGroup,LumoECOM_EU,8620000000000819,ORD-504769,Authorised,2026-06-11 09:19:39,Europe/Amsterdam,EUR,,9.99,,,EUR,,,24
LumoGroup,LumoECOM_EU,8620000000001378,ORD-505328,Authorised,2026-06-11 09:22:18,Europe/Amsterdam,EUR,,59.99,,,EUR,,,24
LumoGroup,LumoECOM_EU,8620000000000124,ORD-504074,Settled,2026-06-11 09:29:00,Europe/Amsterdam,EUR,,4.99,0.09,0.03,EUR,,4.87,24
LumoGroup,LumoECOM_EU,8620000000000819,ORD-504769,Settled,2026-06-11 09:39:39,Europe/Amsterdam,EUR,,9.99,0.19,0.06,EUR,,9.74,24
LumoGroup,LumoECOM_EU,8620000000000373,ORD-504323,Authorised,2026-06-11 09:47:04,Europe/Amsterdam,GBP,,54.99,,,GBP,,,24
LumoGroup,LumoECOM_EU,8620000000000215,ORD-504165,Authorised,2026-06-11 09:54:17,Europe/Amsterdam,EUR,,4.99,,,EUR,,,24
LumoGroup,LumoECOM_EU,8620000000000373,ORD-504323,Settled,2026-06-11 09:58:04,Europe/Amsterdam,GBP,,54.99,1.04,0.33,GBP,,53.62,24
LumoGroup,LumoECOM_EU,8620000000000428,ORD-504378,Authorised,2026-06-11 10:18:53,Europe/Amsterdam,EUR,,9.99,,,EUR,,,24
LumoGroup,LumoECOM_EU,8620000000001184,ORD-505134,Settled,2026-06-11 10:22:36,Europe/Amsterdam,EUR,,9.99,0.19,0.06,EUR,,9.74,24
LumoGroup,LumoECOM_EU,8620000000001098,ORD-505048,Authorised,2026-06-11 10:28:50,Europe/Amsterdam,EUR,,4.99,,,EUR,,,24
LumoGroup,LumoECOM_EU,8620000000001474,ORD-505424,Authorised,2026-06-11 10:34:25,Europe/Amsterdam,EUR,,9.99,,,EUR,,,24
LumoGroup,LumoECOM_EU,8620000000000162,ORD-504112,Authorised,2026-06-11 10:39:11,Europe/Amsterdam,EUR,,9.99,,,EUR,,,24
LumoGroup,LumoAPP_US,8620000000001202,ORD-505152,Authorised,2026-06-11 10:51:49,Europe/Amsterdam,USD,,9.99,,,USD,,,24
LumoGroup,LumoECOM_EU,8620000000001783,ORD-507777,Authorised,2026-06-11 11:00:00,Europe/Amsterdam,GBP,,21.99,,,GBP,,,24
LumoGroup,LumoECOM_EU,8620000000001378,ORD-505328,Settled,2026-06-11 11:02:18,Europe/Amsterdam,EUR,,59.99,1.14,0.36,EUR,,58.49,24
LumoGroup,LumoECOM_EU,8620000000001007,ORD-504957,Authorised,2026-06-11 11:03:02,Europe/Amsterdam,EUR,,9.99,,,EUR,,,24
LumoGroup,LumoECOM_EU,8620000000001471,ORD-505421,Authorised,2026-06-11 11:22:23,Europe/Amsterdam,GBP,,8.99,,,GBP,,,24
LumoGroup,LumoECOM_EU,8620000000000936,ORD-504886,Authorised,2026-06-11 11:25:31,Europe/Amsterdam,EUR,,9.99,,,EUR,,,24
LumoGroup,LumoECOM_EU,8620000000001783,ORD-507777,Settled,2026-06-11 11:26:00,Europe/Amsterdam,GBP,,21.99,0.42,0.13,GBP,,21.44,24
LumoGroup,LumoECOM_EU,8620000000000428,ORD-504378,Settled,2026-06-11 11:30:53,Europe/Amsterdam,EUR,,9.99,0.19,0.06,EUR,,9.74,24
LumoGroup,LumoECOM_EU,8620000000000678,ORD-504628,Authorised,2026-06-11 11:36:40,Europe/Amsterdam,EUR,,9.99,,,EUR,,,24
LumoGroup,LumoECOM_EU,8620000000001066,ORD-505016,Authorised,2026-06-11 11:39:29,Europe/Amsterdam,EUR,,59.99,,,EUR,,,24
LumoGroup,LumoECOM_EU,8620000000000215,ORD-504165,Settled,2026-06-11 11:40:17,Europe/Amsterdam,EUR,,4.99,0.09,0.03,EUR,,4.87,24
LumoGroup,LumoECOM_EU,8620000000001098,ORD-505048,Settled,2026-06-11 11:40:50,Europe/Amsterdam,EUR,,4.99,0.09,0.03,EUR,,4.87,24
LumoGroup,LumoECOM_EU,8620000000001007,ORD-504957,Settled,2026-06-11 11:47:02,Europe/Amsterdam,EUR,,9.99,0.19,0.06,EUR,,9.74,24
LumoGroup,LumoAPP_US,8620000000001202,ORD-505152,Settled,2026-06-11 11:47:49,Europe/Amsterdam,USD,,9.99,0.19,0.06,USD,,9.74,24
LumoGroup,LumoECOM_EU,8620000000001471,ORD-505421,Settled,2026-06-11 11:53:23,Europe/Amsterdam,GBP,,8.99,0.17,0.05,GBP,,8.77,24
LumoGroup,LumoECOM_EU,8620000000000179,ORD-504129,Authorised,2026-06-11 11:57:25,Europe/Amsterdam,EUR,,4.99,,,EUR,,,24
LumoGroup,LumoECOM_EU,8620000000000405,ORD-504355,Authorised,2026-06-11 12:10:02,Europe/Amsterdam,EUR,,59.99,,,EUR,,,24
LumoGroup,LumoECOM_EU,8620000000001066,ORD-505016,Settled,2026-06-11 12:18:29,Europe/Amsterdam,EUR,,59.99,1.14,0.36,EUR,,58.49,24
LumoGroup,LumoECOM_EU,8620000000000179,ORD-504129,Settled,2026-06-11 12:19:25,Europe/Amsterdam,EUR,,4.99,0.09,0.03,EUR,,4.87,24
LumoGroup,LumoECOM_EU,8620000000001117,ORD-505067,Authorised,2026-06-11 12:21:40,Europe/Amsterdam,GBP,,8.99,,,GBP,,,24
LumoGroup,LumoECOM_EU,8620000000000405,ORD-504355,Settled,2026-06-11 12:22:02,Europe/Amsterdam,EUR,,59.99,1.14,0.36,EUR,,58.49,24
LumoGroup,LumoECOM_EU,8620000000000162,ORD-504112,Settled,2026-06-11 12:24:11,Europe/Amsterdam,EUR,,9.99,0.19,0.06,EUR,,9.74,24
LumoGroup,LumoECOM_EU,8620000000001474,ORD-505424,Settled,2026-06-11 12:24:25,Europe/Amsterdam,EUR,,9.99,0.19,0.06,EUR,,9.74,24
LumoGroup,LumoECOM_EU,8620000000000581,ORD-504531,Authorised,2026-06-11 12:39:39,Europe/Amsterdam,GBP,,8.99,,,GBP,,,24
LumoGroup,LumoECOM_EU,8620000000000678,ORD-504628,Settled,2026-06-11 12:41:40,Europe/Amsterdam,EUR,,9.99,0.19,0.06,EUR,,9.74,24
LumoGroup,LumoECOM_EU,8620000000000794,ORD-504744,Authorised,2026-06-11 12:57:18,Europe/Amsterdam,EUR,,9.99,,,EUR,,,24
LumoGroup,LumoECOM_EU,8620000000000936,ORD-504886,Settled,2026-06-11 13:01:31,Europe/Amsterdam,EUR,,9.99,0.19,0.06,EUR,,9.74,24
LumoGroup,LumoAPP_US,8620000000000290,ORD-504240,Authorised,2026-06-11 13:07:50,Europe/Amsterdam,USD,,4.99,,,USD,,,24
LumoGroup,LumoECOM_EU,8620000000000794,ORD-504744,Settled,2026-06-11 13:17:18,Europe/Amsterdam,EUR,,9.99,0.19,0.06,EUR,,9.74,24
LumoGroup,LumoAPP_US,8620000000001530,ORD-505480,Authorised,2026-06-11 13:19:39,Europe/Amsterdam,USD,,4.99,,,USD,,,24
LumoGroup,LumoECOM_EU,8620000000001117,ORD-505067,Settled,2026-06-11 13:33:40,Europe/Amsterdam,GBP,,8.99,0.17,0.05,GBP,,8.77,24
LumoGroup,LumoECOM_EU,8620000000001217,ORD-505167,Refused,2026-06-11 13:37:36,Europe/Amsterdam,EUR,,9.99,,,EUR,,,24
LumoGroup,LumoAPP_US,8620000000000290,ORD-504240,Settled,2026-06-11 13:45:50,Europe/Amsterdam,USD,,4.99,0.09,0.03,USD,,4.87,24
LumoGroup,LumoECOM_EU,8620000000001627,ORD-505577,Authorised,2026-06-11 13:54:18,Europe/Amsterdam,GBP,,54.99,,,GBP,,,24
LumoGroup,LumoAPP_US,8620000000000419,ORD-504369,Authorised,2026-06-11 14:01:42,Europe/Amsterdam,USD,,59.99,,,USD,,,24
LumoGroup,LumoECOM_EU,8620000000001627,ORD-505577,Settled,2026-06-11 14:10:18,Europe/Amsterdam,GBP,,54.99,1.04,0.33,GBP,,53.62,24
LumoGroup,LumoAPP_US,8620000000000419,ORD-504369,Settled,2026-06-11 14:10:42,Europe/Amsterdam,USD,,59.99,1.14,0.36,USD,,58.49,24
LumoGroup,LumoECOM_EU,8620000000000581,ORD-504531,Settled,2026-06-11 14:15:39,Europe/Amsterdam,GBP,,8.99,0.17,0.05,GBP,,8.77,24
LumoGroup,LumoECOM_EU,8620000000001269,ORD-505219,Authorised,2026-06-11 14:25:26,Europe/Amsterdam,EUR,,9.99,,,EUR,,,24
LumoGroup,LumoAPP_US,8620000000001357,ORD-505307,Refused,2026-06-11 14:27:54,Europe/Amsterdam,USD,,9.99,,,USD,,,24
LumoGroup,LumoAPP_US,8620000000000686,ORD-504636,Authorised,2026-06-11 14:56:02,Europe/Amsterdam,USD,,9.99,,,USD,,,24
LumoGroup,LumoECOM_EU,8620000000001005,ORD-504955,Authorised,2026-06-11 15:03:13,Europe/Amsterdam,EUR,,9.99,,,EUR,,,24
LumoGroup,LumoAPP_US,8620000000001530,ORD-505480,Settled,2026-06-11 15:09:39,Europe/Amsterdam,USD,,4.99,0.09,0.03,USD,,4.87,24
LumoGroup,LumoAPP_US,8620000000000889,ORD-504839,Authorised,2026-06-11 15:16:06,Europe/Amsterdam,USD,,9.99,,,USD,,,24
LumoGroup,LumoECOM_EU,8620000000000208,ORD-504158,Authorised,2026-06-11 15:31:59,Europe/Amsterdam,GBP,,8.99,,,GBP,,,24
LumoGroup,LumoECOM_EU,8620000000000555,ORD-504505,Authorised,2026-06-11 15:43:04,Europe/Amsterdam,EUR,,9.99,,,EUR,,,24
LumoGroup,LumoECOM_EU,8620000000001269,ORD-505219,Settled,2026-06-11 15:46:26,Europe/Amsterdam,EUR,,9.99,0.19,0.06,EUR,,9.74,24
LumoGroup,LumoECOM_EU,8620000000001005,ORD-504955,Settled,2026-06-11 15:57:13,Europe/Amsterdam,EUR,,9.99,0.19,0.06,EUR,,9.74,24
LumoGroup,LumoAPP_US,8620000000000349,ORD-504299,Authorised,2026-06-11 16:12:18,Europe/Amsterdam,USD,,9.99,,,USD,,,24
LumoGroup,LumoECOM_EU,8620000000000204,ORD-504154,Authorised,2026-06-11 16:22:56,Europe/Amsterdam,GBP,,4.49,,,GBP,,,24
LumoGroup,LumoAPP_US,8620000000000349,ORD-504299,Settled,2026-06-11 16:26:18,Europe/Amsterdam,USD,,9.99,0.19,0.06,USD,,9.74,24
LumoGroup,LumoAPP_US,8620000000000889,ORD-504839,Settled,2026-06-11 16:31:06,Europe/Amsterdam,USD,,9.99,0.19,0.06,USD,,9.74,24
LumoGroup,LumoECOM_EU,8620000000000555,ORD-504505,Settled,2026-06-11 16:32:04,Europe/Amsterdam,EUR,,9.99,0.19,0.06,EUR,,9.74,24
LumoGroup,LumoECOM_EU,8620000000000213,ORD-504163,Authorised,2026-06-11 16:32:07,Europe/Amsterdam,GBP,,8.99,,,GBP,,,24
LumoGroup,LumoAPP_US,8620000000000686,ORD-504636,Settled,2026-06-11 16:36:02,Europe/Amsterdam,USD,,9.99,0.19,0.06,USD,,9.74,24
LumoGroup,LumoECOM_EU,8620000000000597,ORD-504547,Authorised,2026-06-11 16:36:03,Europe/Amsterdam,GBP,,21.99,,,GBP,,,24
LumoGroup,LumoECOM_EU,8620000000000833,ORD-504783,Refused,2026-06-11 16:40:02,Europe/Amsterdam,EUR,,24.99,,,EUR,,,24
LumoGroup,LumoECOM_EU,8620000000000208,ORD-504158,Settled,2026-06-11 16:51:59,Europe/Amsterdam,GBP,,8.99,0.17,0.05,GBP,,8.77,24
LumoGroup,LumoECOM_EU,8620000000000597,ORD-504547,Settled,2026-06-11 16:54:03,Europe/Amsterdam,GBP,,21.99,0.42,0.13,GBP,,21.44,24
LumoGroup,LumoECOM_EU,8620000000001686,ORD-505636,Authorised,2026-06-11 16:59:03,Europe/Amsterdam,EUR,,9.99,,,EUR,,,24
LumoGroup,LumoECOM_EU,8620000000000204,ORD-504154,Settled,2026-06-11 17:03:56,Europe/Amsterdam,GBP,,4.49,0.09,0.02,GBP,,4.38,24
LumoGroup,LumoECOM_EU,8620000000000213,ORD-504163,Settled,2026-06-11 17:30:07,Europe/Amsterdam,GBP,,8.99,0.17,0.05,GBP,,8.77,24
LumoGroup,LumoECOM_EU,8620000000000391,ORD-504341,Authorised,2026-06-11 17:46:07,Europe/Amsterdam,GBP,,54.99,,,GBP,,,24
LumoGroup,LumoECOM_EU,8620000000000391,ORD-504341,Settled,2026-06-11 17:55:07,Europe/Amsterdam,GBP,,54.99,1.04,0.33,GBP,,53.62,24
LumoGroup,LumoAPP_US,8620000000001130,ORD-505080,Authorised,2026-06-11 17:56:20,Europe/Amsterdam,USD,,9.99,,,USD,,,24
LumoGroup,LumoECOM_EU,8620000000001686,ORD-505636,Settled,2026-06-11 18:00:03,Europe/Amsterdam,EUR,,9.99,0.19,0.06,EUR,,9.74,24
LumoGroup,LumoAPP_US,8620000000000403,ORD-504353,Authorised,2026-06-11 18:13:56,Europe/Amsterdam,USD,,24.99,,,USD,,,24
LumoGroup,LumoECOM_EU,8620000000000283,ORD-504233,Authorised,2026-06-11 18:28:48,Europe/Amsterdam,EUR,,59.99,,,EUR,,,24
LumoGroup,LumoAPP_US,8620000000001130,ORD-505080,Settled,2026-06-11 18:30:20,Europe/Amsterdam,USD,,9.99,0.19,0.06,USD,,9.74,24
LumoGroup,LumoECOM_EU,8620000000001687,ORD-505637,Authorised,2026-06-11 18:51:28,Europe/Amsterdam,EUR,,9.99,,,EUR,,,24
LumoGroup,LumoECOM_EU,8620000000001687,ORD-505637,Settled,2026-06-11 18:56:28,Europe/Amsterdam,EUR,,9.99,0.19,0.06,EUR,,9.74,24
LumoGroup,LumoECOM_EU,8620000000000821,ORD-504771,Refunded,2026-06-11 18:57:05,Europe/Amsterdam,EUR,9.99,,,,EUR,9.99,,24
LumoGroup,LumoAPP_US,8620000000000403,ORD-504353,Settled,2026-06-11 19:01:56,Europe/Amsterdam,USD,,24.99,0.47,0.15,USD,,24.37,24
LumoGroup,LumoECOM_EU,8620000000000630,ORD-504580,Authorised,2026-06-11 19:03:19,Europe/Amsterdam,EUR,,9.99,,,EUR,,,24
LumoGroup,LumoECOM_EU,8620000000000383,ORD-504333,Authorised,2026-06-11 19:04:59,Europe/Amsterdam,EUR,,9.99,,,EUR,,,24
LumoGroup,LumoECOM_EU,8620000000000383,ORD-504333,Settled,2026-06-11 19:41:59,Europe/Amsterdam,EUR,,9.99,0.19,0.06,EUR,,9.74,24
LumoGroup,LumoECOM_EU,8620000000000262,ORD-504212,Authorised,2026-06-11 19:44:16,Europe/Amsterdam,EUR,,9.99,,,EUR,,,24
LumoGroup,LumoECOM_EU,8620000000000630,ORD-504580,Settled,2026-06-11 20:00:19,Europe/Amsterdam,EUR,,9.99,0.19,0.06,EUR,,9.74,24
LumoGroup,LumoECOM_EU,8620000000000283,ORD-504233,Settled,2026-06-11 20:02:48,Europe/Amsterdam,EUR,,59.99,1.14,0.36,EUR,,58.49,24
LumoGroup,LumoECOM_EU,8620000000001391,ORD-505341,Authorised,2026-06-11 20:10:00,Europe/Amsterdam,EUR,,9.99,,,EUR,,,24
LumoGroup,LumoECOM_EU,8620000000000311,ORD-504261,Authorised,2026-06-11 20:37:36,Europe/Amsterdam,EUR,,24.99,,,EUR,,,24
LumoGroup,LumoECOM_EU,8620000000000262,ORD-504212,Settled,2026-06-11 21:13:16,Europe/Amsterdam,EUR,,9.99,0.19,0.06,EUR,,9.74,24
LumoGroup,LumoECOM_EU,8620000000001391,ORD-505341,Settled,2026-06-11 21:34:00,Europe/Amsterdam,EUR,,9.99,0.19,0.06,EUR,,9.74,24
LumoGroup,LumoECOM_EU,8620000000000311,ORD-504261,Settled,2026-06-11 22:17:36,Europe/Amsterdam,EUR,,24.99,0.47,0.15,EUR,,24.37,24
LumoGroup,LumoAPP_US,8620000000001468,ORD-505418,Authorised,2026-06-12 09:07:41,Europe/Amsterdam,USD,,59.99,,,USD,,,24
LumoGroup,LumoAPP_US,8620000000000023,ORD-503973,Refused,2026-06-12 09:36:16,Europe/Amsterdam,USD,,9.99,,,USD,,,24
LumoGroup,LumoECOM_EU,8620000000000028,ORD-503978,Authorised,2026-06-12 09:48:23,Europe/Amsterdam,EUR,,59.99,,,EUR,,,24
LumoGroup,LumoECOM_EU,8620000000001437,ORD-505387,Authorised,2026-06-12 09:53:43,Europe/Amsterdam,GBP,,54.99,,,GBP,,,24
LumoGroup,LumoECOM_EU,8620000000000307,ORD-504257,Authorised,2026-06-12 09:55:19,Europe/Amsterdam,EUR,,59.99,,,EUR,,,24
LumoGroup,LumoECOM_EU,8620000000001236,ORD-505186,Refused,2026-06-12 10:01:02,Europe/Amsterdam,EUR,,9.99,,,EUR,,,24
LumoGroup,LumoECOM_EU,8620000000000103,ORD-504053,Authorised,2026-06-12 10:12:44,Europe/Amsterdam,EUR,,59.99,,,EUR,,,24
LumoGroup,LumoAPP_US,8620000000001468,ORD-505418,Settled,2026-06-12 10:14:41,Europe/Amsterdam,USD,,59.99,1.14,0.36,USD,,58.49,24
LumoGroup,LumoECOM_EU,8620000000000028,ORD-503978,Settled,2026-06-12 10:16:23,Europe/Amsterdam,EUR,,59.99,1.14,0.36,EUR,,58.49,24
LumoGroup,LumoECOM_EU,8620000000001696,ORD-505646,Authorised,2026-06-12 10:22:09,Europe/Amsterdam,EUR,,59.99,,,EUR,,,24
LumoGroup,LumoAPP_US,8620000000001230,ORD-505180,Authorised,2026-06-12 10:54:20,Europe/Amsterdam,USD,,24.99,,,USD,,,24
LumoGroup,LumoECOM_EU,8620000000001437,ORD-505387,Settled,2026-06-12 11:14:43,Europe/Amsterdam,GBP,,54.99,1.04,0.33,GBP,,53.62,24
LumoGroup,LumoECOM_EU,8620000000000307,ORD-504257,Settled,2026-06-12 11:39:19,Europe/Amsterdam,EUR,,59.99,1.14,0.36,EUR,,58.49,24
LumoGroup,LumoAPP_US,8620000000000589,ORD-504539,Authorised,2026-06-12 11:49:31,Europe/Amsterdam,USD,,9.99,,,USD,,,24
LumoGroup,LumoECOM_EU,8620000000001696,ORD-505646,Settled,2026-06-12 11:53:09,Europe/Amsterdam,EUR,,59.99,1.14,0.36,EUR,,58.49,24
LumoGroup,LumoECOM_EU,8620000000001029,ORD-504979,Authorised,2026-06-12 11:55:14,Europe/Amsterdam,GBP,,8.99,,,GBP,,,24
LumoGroup,LumoECOM_EU,8620000000001301,ORD-505251,Authorised,2026-06-12 11:59:56,Europe/Amsterdam,EUR,,24.99,,,EUR,,,24
LumoGroup,LumoECOM_EU,8620000000000103,ORD-504053,Settled,2026-06-12 12:02:44,Europe/Amsterdam,EUR,,59.99,1.14,0.36,EUR,,58.49,24
LumoGroup,LumoAPP_US,8620000000001230,ORD-505180,Settled,2026-06-12 12:19:20,Europe/Amsterdam,USD,,24.99,0.47,0.15,USD,,24.37,24
LumoGroup,LumoECOM_EU,8620000000000105,ORD-504055,Authorised,2026-06-12 12:24:08,Europe/Amsterdam,EUR,,24.99,,,EUR,,,24
LumoGroup,LumoECOM_EU,8620000000001121,ORD-505071,Authorised,2026-06-12 12:48:45,Europe/Amsterdam,EUR,,9.99,,,EUR,,,24
LumoGroup,LumoAPP_US,8620000000001450,ORD-505400,Refused,2026-06-12 13:03:11,Europe/Amsterdam,USD,,9.99,,,USD,,,24
LumoGroup,LumoAPP_US,8620000000000070,ORD-504020,Authorised,2026-06-12 13:04:08,Europe/Amsterdam,USD,,59.99,,,USD,,,24
LumoGroup,LumoECOM_EU,8620000000001121,ORD-505071,Settled,2026-06-12 13:14:45,Europe/Amsterdam,EUR,,9.99,0.19,0.06,EUR,,9.74,24
LumoGroup,LumoAPP_US,8620000000000589,ORD-504539,Settled,2026-06-12 13:15:31,Europe/Amsterdam,USD,,9.99,0.19,0.06,USD,,9.74,24
LumoGroup,LumoECOM_EU,8620000000000105,ORD-504055,Settled,2026-06-12 13:18:08,Europe/Amsterdam,EUR,,24.99,0.47,0.15,EUR,,24.37,24
LumoGroup,LumoECOM_EU,8620000000000036,ORD-503986,Authorised,2026-06-12 13:19:04,Europe/Amsterdam,EUR,,9.99,,,EUR,,,24
LumoGroup,LumoECOM_EU,8620000000000133,ORD-504083,Refused,2026-06-12 13:19:21,Europe/Amsterdam,GBP,,21.99,,,GBP,,,24
LumoGroup,LumoECOM_EU,8620000000000975,ORD-504925,Authorised,2026-06-12 13:19:35,Europe/Amsterdam,EUR,,4.99,,,EUR,,,24
LumoGroup,LumoECOM_EU,8620000000000685,ORD-504635,Authorised,2026-06-12 13:20:33,Europe/Amsterdam,EUR,,9.99,,,EUR,,,24
LumoGroup,LumoECOM_EU,8620000000001301,ORD-505251,Settled,2026-06-12 13:20:56,Europe/Amsterdam,EUR,,24.99,0.47,0.15,EUR,,24.37,24
LumoGroup,LumoECOM_EU,8620000000001625,ORD-505575,Authorised,2026-06-12 13:21:07,Europe/Amsterdam,GBP,,54.99,,,GBP,,,24
LumoGroup,LumoECOM_EU,8620000000001029,ORD-504979,Settled,2026-06-12 13:35:14,Europe/Amsterdam,GBP,,8.99,0.17,0.05,GBP,,8.77,24
LumoGroup,LumoECOM_EU,8620000000001625,ORD-505575,Settled,2026-06-12 13:40:07,Europe/Amsterdam,GBP,,54.99,1.04,0.33,GBP,,53.62,24
LumoGroup,LumoAPP_US,8620000000000070,ORD-504020,Settled,2026-06-12 13:44:08,Europe/Amsterdam,USD,,59.99,1.14,0.36,USD,,58.49,24
LumoGroup,LumoECOM_EU,8620000000000250,ORD-504200,Authorised,2026-06-12 13:47:16,Europe/Amsterdam,EUR,,59.99,,,EUR,,,24
LumoGroup,LumoECOM_EU,8620000000000902,ORD-504852,Authorised,2026-06-12 13:48:54,Europe/Amsterdam,EUR,,59.99,,,EUR,,,24
LumoGroup,LumoECOM_EU,8620000000000975,ORD-504925,Settled,2026-06-12 13:49:35,Europe/Amsterdam,EUR,,4.99,0.09,0.03,EUR,,4.87,24
LumoGroup,LumoECOM_EU,8620000000000036,ORD-503986,Settled,2026-06-12 13:51:04,Europe/Amsterdam,EUR,,9.99,0.19,0.06,EUR,,9.74,24
LumoGroup,LumoECOM_EU,8620000000000685,ORD-504635,Settled,2026-06-12 14:02:33,Europe/Amsterdam,EUR,,9.99,0.19,0.06,EUR,,9.74,24
LumoGroup,LumoECOM_EU,8620000000000414,ORD-504364,Authorised,2026-06-12 14:05:33,Europe/Amsterdam,EUR,,4.99,,,EUR,,,24
LumoGroup,LumoAPP_US,8620000000000157,ORD-504107,Authorised,2026-06-12 14:09:03,Europe/Amsterdam,USD,,9.99,,,USD,,,24
LumoGroup,LumoECOM_EU,8620000000000923,ORD-504873,Refused,2026-06-12 14:17:30,Europe/Amsterdam,EUR,,9.99,,,EUR,,,24
LumoGroup,LumoECOM_EU,8620000000000152,ORD-504102,Authorised,2026-06-12 14:23:33,Europe/Amsterdam,EUR,,24.99,,,EUR,,,24
LumoGroup,LumoAPP_US,8620000000000398,ORD-504348,Authorised,2026-06-12 14:23:36,Europe/Amsterdam,USD,,59.99,,,USD,,,24
LumoGroup,LumoECOM_EU,8620000000000250,ORD-504200,Settled,2026-06-12 14:25:16,Europe/Amsterdam,EUR,,59.99,1.14,0.36,EUR,,58.49,24
LumoGroup,LumoECOM_EU,8620000000000027,ORD-503977,Authorised,2026-06-12 14:30:12,Europe/Amsterdam,GBP,,21.99,,,GBP,,,24
LumoGroup,LumoECOM_EU,8620000000000771,ORD-504721,Authorised,2026-06-12 14:35:07,Europe/Amsterdam,GBP,,8.99,,,GBP,,,24
LumoGroup,LumoECOM_EU,8620000000000027,ORD-503977,Settled,2026-06-12 14:36:12,Europe/Amsterdam,GBP,,21.99,0.42,0.13,GBP,,21.44,24
LumoGroup,LumoECOM_EU,8620000000001024,ORD-504974,Authorised,2026-06-12 14:37:59,Europe/Amsterdam,EUR,,9.99,,,EUR,,,24
LumoGroup,LumoECOM_EU,8620000000001110,ORD-505060,Authorised,2026-06-12 14:43:02,Europe/Amsterdam,EUR,,59.99,,,EUR,,,24
LumoGroup,LumoECOM_EU,8620000000001024,ORD-504974,Settled,2026-06-12 14:46:59,Europe/Amsterdam,EUR,,9.99,0.19,0.06,EUR,,9.74,24
LumoGroup,LumoAPP_US,8620000000000157,ORD-504107,Settled,2026-06-12 14:47:03,Europe/Amsterdam,USD,,9.99,0.19,0.06,USD,,9.74,24
LumoGroup,LumoECOM_EU,8620000000000970,ORD-504920,Authorised,2026-06-12 15:02:40,Europe/Amsterdam,EUR,,9.99,,,EUR,,,24
LumoGroup,LumoECOM_EU,8620000000001290,ORD-505240,Authorised,2026-06-12 15:03:40,Europe/Amsterdam,EUR,,9.99,,,EUR,,,24
LumoGroup,LumoECOM_EU,8620000000000073,ORD-504023,Authorised,2026-06-12 15:15:25,Europe/Amsterdam,EUR,,24.99,,,EUR,,,24
LumoGroup,LumoECOM_EU,8620000000000468,ORD-504418,Refused,2026-06-12 15:20:08,Europe/Amsterdam,EUR,,9.99,,,EUR,,,24
LumoGroup,LumoECOM_EU,8620000000000902,ORD-504852,Settled,2026-06-12 15:23:54,Europe/Amsterdam,EUR,,59.99,1.14,0.36,EUR,,58.49,24
LumoGroup,LumoAPP_US,8620000000000793,ORD-504743,Authorised,2026-06-12 15:31:11,Europe/Amsterdam,USD,,9.99,,,USD,,,24
LumoGroup,LumoECOM_EU,8620000000000152,ORD-504102,Settled,2026-06-12 15:31:33,Europe/Amsterdam,EUR,,24.99,0.47,0.15,EUR,,24.37,24
LumoGroup,LumoECOM_EU,8620000000000414,ORD-504364,Settled,2026-06-12 15:32:33,Europe/Amsterdam,EUR,,4.99,0.09,0.03,EUR,,4.87,24
LumoGroup,LumoAPP_US,8620000000000398,ORD-504348,Settled,2026-06-12 15:34:36,Europe/Amsterdam,USD,,59.99,1.14,0.36,USD,,58.49,24
LumoGroup,LumoECOM_EU,8620000000000073,ORD-504023,Settled,2026-06-12 15:42:25,Europe/Amsterdam,EUR,,24.99,0.47,0.15,EUR,,24.37,24
LumoGroup,LumoECOM_EU,8620000000000728,ORD-504678,Authorised,2026-06-12 15:52:07,Europe/Amsterdam,EUR,,9.99,,,EUR,,,24
LumoGroup,LumoAPP_US,8620000000001030,ORD-504980,Authorised,2026-06-12 15:52:12,Europe/Amsterdam,USD,,24.99,,,USD,,,24
LumoGroup,LumoECOM_EU,8620000000001110,ORD-505060,Settled,2026-06-12 16:10:02,Europe/Amsterdam,EUR,,59.99,1.14,0.36,EUR,,58.49,24
LumoGroup,LumoAPP_US,8620000000001210,ORD-505160,Authorised,2026-06-12 16:12:12,Europe/Amsterdam,USD,,9.99,,,USD,,,24
LumoGroup,LumoECOM_EU,8620000000001041,ORD-504991,Authorised,2026-06-12 16:14:00,Europe/Amsterdam,EUR,,9.99,,,EUR,,,24
LumoGroup,LumoECOM_EU,8620000000000771,ORD-504721,Settled,2026-06-12 16:17:07,Europe/Amsterdam,GBP,,8.99,0.17,0.05,GBP,,8.77,24
LumoGroup,LumoECOM_EU,8620000000000728,ORD-504678,Settled,2026-06-12 16:28:07,Europe/Amsterdam,EUR,,9.99,0.19,0.06,EUR,,9.74,24
LumoGroup,LumoECOM_EU,8620000000001389,ORD-505339,Authorised,2026-06-12 16:32:42,Europe/Amsterdam,EUR,,59.99,,,EUR,,,24
LumoGroup,LumoECOM_EU,8620000000000295,ORD-504245,Authorised,2026-06-12 16:34:41,Europe/Amsterdam,EUR,,24.99,,,EUR,,,24
LumoGroup,LumoECOM_EU,8620000000000970,ORD-504920,Settled,2026-06-12 16:36:40,Europe/Amsterdam,EUR,,9.99,0.19,0.06,EUR,,9.74,24
LumoGroup,LumoECOM_EU,8620000000001372,ORD-505322,Authorised,2026-06-12 16:38:46,Europe/Amsterdam,EUR,,9.99,,,EUR,,,24
LumoGroup,LumoECOM_EU,8620000000001290,ORD-505240,Settled,2026-06-12 16:43:40,Europe/Amsterdam,EUR,,9.99,0.19,0.06,EUR,,9.74,24
LumoGroup,LumoECOM_EU,8620000000000442,ORD-504392,Authorised,2026-06-12 16:44:02,Europe/Amsterdam,GBP,,8.99,,,GBP,,,24
LumoGroup,LumoECOM_EU,8620000000001389,ORD-505339,Settled,2026-06-12 16:55:42,Europe/Amsterdam,EUR,,59.99,1.14,0.36,EUR,,58.49,24
LumoGroup,LumoAPP_US,8620000000001030,ORD-504980,Settled,2026-06-12 17:04:12,Europe/Amsterdam,USD,,24.99,0.47,0.15,USD,,24.37,24
LumoGroup,LumoECOM_EU,8620000000000093,ORD-504043,Authorised,2026-06-12 17:13:23,Europe/Amsterdam,EUR,,9.99,,,EUR,,,24
LumoGroup,LumoAPP_US,8620000000000793,ORD-504743,Settled,2026-06-12 17:17:11,Europe/Amsterdam,USD,,9.99,0.19,0.06,USD,,9.74,24
LumoGroup,LumoECOM_EU,8620000000001372,ORD-505322,Settled,2026-06-12 17:18:46,Europe/Amsterdam,EUR,,9.99,0.19,0.06,EUR,,9.74,24
LumoGroup,LumoECOM_EU,8620000000000385,ORD-504335,Authorised,2026-06-12 17:19:38,Europe/Amsterdam,EUR,,9.99,,,EUR,,,24
LumoGroup,LumoECOM_EU,8620000000000093,ORD-504043,Settled,2026-06-12 17:26:23,Europe/Amsterdam,EUR,,9.99,0.19,0.06,EUR,,9.74,24
LumoGroup,LumoECOM_EU,8620000000000295,ORD-504245,Settled,2026-06-12 17:28:41,Europe/Amsterdam,EUR,,24.99,0.47,0.15,EUR,,24.37,24
LumoGroup,LumoAPP_US,8620000000001284,ORD-505234,Refused,2026-06-12 17:32:54,Europe/Amsterdam,USD,,9.99,,,USD,,,24
LumoGroup,LumoECOM_EU,8620000000000442,ORD-504392,Settled,2026-06-12 17:33:02,Europe/Amsterdam,GBP,,8.99,0.17,0.05,GBP,,8.77,24
LumoGroup,LumoAPP_US,8620000000001210,ORD-505160,Settled,2026-06-12 17:58:12,Europe/Amsterdam,USD,,9.99,0.19,0.06,USD,,9.74,24
LumoGroup,LumoECOM_EU,8620000000001041,ORD-504991,Settled,2026-06-12 17:59:00,Europe/Amsterdam,EUR,,9.99,0.19,0.06,EUR,,9.74,24
LumoGroup,LumoECOM_EU,8620000000000276,ORD-504226,Authorised,2026-06-12 18:11:07,Europe/Amsterdam,EUR,,9.99,,,EUR,,,24
LumoGroup,LumoAPP_US,8620000000001540,ORD-505490,Authorised,2026-06-12 18:15:25,Europe/Amsterdam,USD,,59.99,,,USD,,,24
LumoGroup,LumoECOM_EU,8620000000001137,ORD-505087,Authorised,2026-06-12 18:23:09,Europe/Amsterdam,EUR,,9.99,,,EUR,,,24
LumoGroup,LumoAPP_US,8620000000000155,ORD-504105,Authorised,2026-06-12 18:24:15,Europe/Amsterdam,USD,,59.99,,,USD,,,24
LumoGroup,LumoECOM_EU,8620000000001376,ORD-505326,Authorised,2026-06-12 18:27:32,Europe/Amsterdam,EUR,,9.99,,,EUR,,,24
LumoGroup,LumoECOM_EU,8620000000001137,ORD-505087,Settled,2026-06-12 18:28:09,Europe/Amsterdam,EUR,,9.99,0.19,0.06,EUR,,9.74,24
LumoGroup,LumoECOM_EU,8620000000000479,ORD-504429,Authorised,2026-06-12 18:32:23,Europe/Amsterdam,EUR,,9.99,,,EUR,,,24
LumoGroup,LumoECOM_EU,8620000000000276,ORD-504226,Settled,2026-06-12 18:40:07,Europe/Amsterdam,EUR,,9.99,0.19,0.06,EUR,,9.74,24
LumoGroup,LumoECOM_EU,8620000000000385,ORD-504335,Settled,2026-06-12 18:42:38,Europe/Amsterdam,EUR,,9.99,0.19,0.06,EUR,,9.74,24
LumoGroup,LumoECOM_EU,8620000000001643,ORD-505593,Authorised,2026-06-12 18:48:50,Europe/Amsterdam,GBP,,8.99,,,GBP,,,24
LumoGroup,LumoECOM_EU,8620000000000279,ORD-504229,Authorised,2026-06-12 18:57:18,Europe/Amsterdam,GBP,,8.99,,,GBP,,,24
LumoGroup,LumoECOM_EU,8620000000000661,ORD-504611,Authorised,2026-06-12 19:01:13,Europe/Amsterdam,EUR,,9.99,,,EUR,,,24
LumoGroup,LumoECOM_EU,8620000000000479,ORD-504429,Settled,2026-06-12 19:02:23,Europe/Amsterdam,EUR,,9.99,0.19,0.06,EUR,,9.74,24
LumoGroup,LumoAPP_US,8620000000001540,ORD-505490,Settled,2026-06-12 19:08:25,Europe/Amsterdam,USD,,59.99,1.14,0.36,USD,,58.49,24
LumoGroup,LumoAPP_US,8620000000000155,ORD-504105,Settled,2026-06-12 19:09:15,Europe/Amsterdam,USD,,59.99,1.14,0.36,USD,,58.49,24
LumoGroup,LumoECOM_EU,8620000000000910,ORD-504860,Authorised,2026-06-12 19:12:54,Europe/Amsterdam,GBP,,8.99,,,GBP,,,24
LumoGroup,LumoECOM_EU,8620000000001553,ORD-505503,Authorised,2026-06-12 19:41:02,Europe/Amsterdam,EUR,,4.99,,,EUR,,,24
LumoGroup,LumoECOM_EU,8620000000000910,ORD-504860,Settled,2026-06-12 19:42:54,Europe/Amsterdam,GBP,,8.99,0.17,0.05,GBP,,8.77,24
LumoGroup,LumoECOM_EU,8620000000001643,ORD-505593,Settled,2026-06-12 19:50:50,Europe/Amsterdam,GBP,,8.99,0.17,0.05,GBP,,8.77,24
LumoGroup,LumoECOM_EU,8620000000000312,ORD-504262,Authorised,2026-06-12 19:53:45,Europe/Amsterdam,GBP,,8.99,,,GBP,,,24
LumoGroup,LumoECOM_EU,8620000000001376,ORD-505326,Settled,2026-06-12 19:56:32,Europe/Amsterdam,EUR,,9.99,0.19,0.06,EUR,,9.74,24
LumoGroup,LumoECOM_EU,8620000000000279,ORD-504229,Settled,2026-06-12 20:22:18,Europe/Amsterdam,GBP,,8.99,0.17,0.05,GBP,,8.77,24
LumoGroup,LumoECOM_EU,8620000000000489,ORD-504439,Authorised,2026-06-12 20:25:53,Europe/Amsterdam,GBP,,8.99,,,GBP,,,24
LumoGroup,LumoECOM_EU,8620000000000661,ORD-504611,Settled,2026-06-12 20:29:13,Europe/Amsterdam,EUR,,9.99,0.19,0.06,EUR,,9.74,24
LumoGroup,LumoECOM_EU,8620000000001148,ORD-505098,Authorised,2026-06-12 20:32:37,Europe/Amsterdam,EUR,,9.99,,,EUR,,,24
LumoGroup,LumoECOM_EU,8620000000001553,ORD-505503,Settled,2026-06-12 20:34:02,Europe/Amsterdam,EUR,,4.99,0.09,0.03,EUR,,4.87,24
LumoGroup,LumoECOM_EU,8620000000000238,ORD-504188,Authorised,2026-06-12 20:55:39,Europe/Amsterdam,EUR,,24.99,,,EUR,,,24
LumoGroup,LumoECOM_EU,8620000000000701,ORD-504651,Authorised,2026-06-12 20:55:48,Europe/Amsterdam,EUR,,9.99,,,EUR,,,24
LumoGroup,LumoECOM_EU,8620000000000312,ORD-504262,Settled,2026-06-12 21:14:45,Europe/Amsterdam,GBP,,8.99,0.17,0.05,GBP,,8.77,24
LumoGroup,LumoECOM_EU,8620000000000238,ORD-504188,Settled,2026-06-12 21:26:39,Europe/Amsterdam,EUR,,24.99,0.47,0.15,EUR,,24.37,24
LumoGroup,LumoECOM_EU,8620000000001148,ORD-505098,Settled,2026-06-12 21:54:37,Europe/Amsterdam,EUR,,9.99,0.19,0.06,EUR,,9.74,24
LumoGroup,LumoECOM_EU,8620000000000701,ORD-504651,Settled,2026-06-12 22:05:48,Europe/Amsterdam,EUR,,9.99,0.19,0.06,EUR,,9.74,24
LumoGroup,LumoECOM_EU,8620000000000489,ORD-504439,Settled,2026-06-12 22:11:53,Europe/Amsterdam,GBP,,8.99,0.17,0.05,GBP,,8.77,24
LumoGroup,LumoAPP_US,8620000000001363,ORD-505313,Authorised,2026-06-13 09:01:32,Europe/Amsterdam,USD,,24.99,,,USD,,,24
LumoGroup,LumoECOM_EU,8620000000001466,ORD-505416,Authorised,2026-06-13 09:08:33,Europe/Amsterdam,GBP,,4.49,,,GBP,,,24
LumoGroup,LumoECOM_EU,8620000000000841,ORD-504791,Authorised,2026-06-13 09:13:10,Europe/Amsterdam,EUR,,59.99,,,EUR,,,24
LumoGroup,LumoECOM_EU,8620000000000851,ORD-504801,Authorised,2026-06-13 09:13:35,Europe/Amsterdam,EUR,,9.99,,,EUR,,,24
LumoGroup,LumoAPP_US,8620000000001363,ORD-505313,Settled,2026-06-13 09:21:32,Europe/Amsterdam,USD,,24.99,0.47,0.15,USD,,24.37,24
LumoGroup,LumoECOM_EU,8620000000001168,ORD-505118,Authorised,2026-06-13 09:33:08,Europe/Amsterdam,EUR,,59.99,,,EUR,,,24
LumoGroup,LumoECOM_EU,8620000000000851,ORD-504801,Settled,2026-06-13 09:37:35,Europe/Amsterdam,EUR,,9.99,0.19,0.06,EUR,,9.74,24
LumoGroup,LumoECOM_EU,8620000000001572,ORD-505522,Authorised,2026-06-13 09:38:26,Europe/Amsterdam,EUR,,4.99,,,EUR,,,24
LumoGroup,LumoECOM_EU,8620000000000627,ORD-504577,Authorised,2026-06-13 09:46:20,Europe/Amsterdam,EUR,,9.99,,,EUR,,,24
LumoGroup,LumoECOM_EU,8620000000001168,ORD-505118,Settled,2026-06-13 09:51:08,Europe/Amsterdam,EUR,,59.99,1.14,0.36,EUR,,58.49,24
LumoGroup,LumoECOM_EU,8620000000001466,ORD-505416,Settled,2026-06-13 10:02:33,Europe/Amsterdam,GBP,,4.49,0.09,0.02,GBP,,4.38,24
LumoGroup,LumoECOM_EU,8620000000000894,ORD-504844,Authorised,2026-06-13 10:03:13,Europe/Amsterdam,GBP,,8.99,,,GBP,,,24
LumoGroup,LumoECOM_EU,8620000000001572,ORD-505522,Settled,2026-06-13 10:05:26,Europe/Amsterdam,EUR,,4.99,0.09,0.03,EUR,,4.87,24
LumoGroup,LumoAPP_US,8620000000000112,ORD-504062,Authorised,2026-06-13 10:08:58,Europe/Amsterdam,USD,,9.99,,,USD,,,24
LumoGroup,LumoECOM_EU,8620000000000841,ORD-504791,Settled,2026-06-13 10:11:10,Europe/Amsterdam,EUR,,59.99,1.14,0.36,EUR,,58.49,24
LumoGroup,LumoECOM_EU,8620000000000306,ORD-504256,Authorised,2026-06-13 10:13:56,Europe/Amsterdam,EUR,,9.99,,,EUR,,,24
LumoGroup,LumoECOM_EU,8620000000000627,ORD-504577,Settled,2026-06-13 10:25:20,Europe/Amsterdam,EUR,,9.99,0.19,0.06,EUR,,9.74,24
LumoGroup,LumoAPP_US,8620000000000050,ORD-504000,Authorised,2026-06-13 10:25:26,Europe/Amsterdam,USD,,9.99,,,USD,,,24
LumoGroup,LumoAPP_US,8620000000000112,ORD-504062,Settled,2026-06-13 10:56:58,Europe/Amsterdam,USD,,9.99,0.19,0.06,USD,,9.74,24
LumoGroup,LumoECOM_EU,8620000000001653,ORD-505603,Authorised,2026-06-13 11:06:57,Europe/Amsterdam,EUR,,9.99,,,EUR,,,24
LumoGroup,LumoECOM_EU,8620000000000068,ORD-504018,Authorised,2026-06-13 11:12:15,Europe/Amsterdam,EUR,,9.99,,,EUR,,,24
LumoGroup,LumoECOM_EU,8620000000000743,ORD-504693,Authorised,2026-06-13 11:19:04,Europe/Amsterdam,EUR,,9.99,,,EUR,,,24
LumoGroup,LumoAPP_US,8620000000000148,ORD-504098,Authorised,2026-06-13 11:25:13,Europe/Amsterdam,USD,,9.99,,,USD,,,24
LumoGroup,LumoECOM_EU,8620000000000985,ORD-504935,Refused,2026-06-13 11:26:25,Europe/Amsterdam,EUR,,24.99,,,EUR,,,24
LumoGroup,LumoECOM_EU,8620000000001213,ORD-505163,Refused,2026-06-13 11:35:59,Europe/Amsterdam,EUR,,9.99,,,EUR,,,24
LumoGroup,LumoAPP_US,8620000000000050,ORD-504000,Settled,2026-06-13 11:38:26,Europe/Amsterdam,USD,,9.99,0.19,0.06,USD,,9.74,24
LumoGroup,LumoECOM_EU,8620000000000894,ORD-504844,Settled,2026-06-13 11:39:13,Europe/Amsterdam,GBP,,8.99,0.17,0.05,GBP,,8.77,24
LumoGroup,LumoECOM_EU,8620000000000306,ORD-504256,Settled,2026-06-13 11:47:56,Europe/Amsterdam,EUR,,9.99,0.19,0.06,EUR,,9.74,24
LumoGroup,LumoAPP_US,8620000000000148,ORD-504098,Settled,2026-06-13 11:50:13,Europe/Amsterdam,USD,,9.99,0.19,0.06,USD,,9.74,24
LumoGroup,LumoECOM_EU,8620000000001653,ORD-505603,Settled,2026-06-13 12:05:57,Europe/Amsterdam,EUR,,9.99,0.19,0.06,EUR,,9.74,24
LumoGroup,LumoECOM_EU,8620000000001480,ORD-505430,Authorised,2026-06-13 12:08:32,Europe/Amsterdam,EUR,,59.99,,,EUR,,,24
LumoGroup,LumoECOM_EU,8620000000001617,ORD-505567,Authorised,2026-06-13 12:20:51,Europe/Amsterdam,EUR,,9.99,,,EUR,,,24
LumoGroup,LumoECOM_EU,8620000000000451,ORD-504401,Authorised,2026-06-13 12:25:52,Europe/Amsterdam,EUR,,9.99,,,EUR,,,24
LumoGroup,LumoECOM_EU,8620000000000514,ORD-504464,Authorised,2026-06-13 12:40:16,Europe/Amsterdam,EUR,,9.99,,,EUR,,,24
LumoGroup,LumoECOM_EU,8620000000000922,ORD-504872,Authorised,2026-06-13 12:50:22,Europe/Amsterdam,GBP,,8.99,,,GBP,,,24
LumoGroup,LumoECOM_EU,8620000000000068,ORD-504018,Settled,2026-06-13 12:52:15,Europe/Amsterdam,EUR,,9.99,0.19,0.06,EUR,,9.74,24
LumoGroup,LumoECOM_EU,8620000000000743,ORD-504693,Settled,2026-06-13 12:56:04,Europe/Amsterdam,EUR,,9.99,0.19,0.06,EUR,,9.74,24
LumoGroup,LumoECOM_EU,8620000000001480,ORD-505430,Settled,2026-06-13 13:02:32,Europe/Amsterdam,EUR,,59.99,1.14,0.36,EUR,,58.49,24
LumoGroup,LumoECOM_EU,8620000000000514,ORD-504464,Settled,2026-06-13 13:06:16,Europe/Amsterdam,EUR,,9.99,0.19,0.06,EUR,,9.74,24
LumoGroup,LumoECOM_EU,8620000000000719,ORD-504669,Authorised,2026-06-13 13:08:21,Europe/Amsterdam,GBP,,8.99,,,GBP,,,24
LumoGroup,LumoECOM_EU,8620000000001617,ORD-505567,Settled,2026-06-13 13:15:51,Europe/Amsterdam,EUR,,9.99,0.19,0.06,EUR,,9.74,24
LumoGroup,LumoECOM_EU,8620000000000719,ORD-504669,Settled,2026-06-13 13:16:21,Europe/Amsterdam,GBP,,8.99,0.17,0.05,GBP,,8.77,24
LumoGroup,LumoECOM_EU,8620000000001621,ORD-505571,Authorised,2026-06-13 13:22:37,Europe/Amsterdam,EUR,,59.99,,,EUR,,,24
LumoGroup,LumoECOM_EU,8620000000000930,ORD-504880,Authorised,2026-06-13 13:23:49,Europe/Amsterdam,EUR,,9.99,,,EUR,,,24
LumoGroup,LumoECOM_EU,8620000000000922,ORD-504872,Settled,2026-06-13 13:24:22,Europe/Amsterdam,GBP,,8.99,0.17,0.05,GBP,,8.77,24
LumoGroup,LumoECOM_EU,8620000000000502,ORD-504452,Authorised,2026-06-13 13:33:40,Europe/Amsterdam,EUR,,4.99,,,EUR,,,24
LumoGroup,LumoECOM_EU,8620000000000909,ORD-504859,Authorised,2026-06-13 13:47:19,Europe/Amsterdam,EUR,,59.99,,,EUR,,,24
LumoGroup,LumoECOM_EU,8620000000000930,ORD-504880,Settled,2026-06-13 13:57:49,Europe/Amsterdam,EUR,,9.99,0.19,0.06,EUR,,9.74,24
LumoGroup,LumoECOM_EU,8620000000000451,ORD-504401,Settled,2026-06-13 14:03:52,Europe/Amsterdam,EUR,,9.99,0.19,0.06,EUR,,9.74,24
LumoGroup,LumoECOM_EU,8620000000001220,ORD-505170,Authorised,2026-06-13 14:25:02,Europe/Amsterdam,EUR,,9.99,,,EUR,,,24
LumoGroup,LumoECOM_EU,8620000000001101,ORD-505051,Authorised,2026-06-13 14:33:03,Europe/Amsterdam,EUR,,59.99,,,EUR,,,24
LumoGroup,LumoECOM_EU,8620000000000224,ORD-504174,Authorised,2026-06-13 14:35:36,Europe/Amsterdam,EUR,,9.99,,,EUR,,,24
LumoGroup,LumoECOM_EU,8620000000000825,ORD-504775,Authorised,2026-06-13 14:41:04,Europe/Amsterdam,EUR,,9.99,,,EUR,,,24
LumoGroup,LumoECOM_EU,8620000000000272,ORD-504222,Authorised,2026-06-13 14:44:00,Europe/Amsterdam,EUR,,24.99,,,EUR,,,24
LumoGroup,LumoECOM_EU,8620000000001063,ORD-505013,Authorised,2026-06-13 14:52:20,Europe/Amsterdam,EUR,,24.99,,,EUR,,,24
LumoGroup,LumoECOM_EU,8620000000000909,ORD-504859,Settled,2026-06-13 14:58:19,Europe/Amsterdam,EUR,,59.99,1.14,0.36,EUR,,58.49,24
LumoGroup,LumoECOM_EU,8620000000001621,ORD-505571,Settled,2026-06-13 15:01:37,Europe/Amsterdam,EUR,,59.99,1.14,0.36,EUR,,58.49,24
LumoGroup,LumoECOM_EU,8620000000001220,ORD-505170,Settled,2026-06-13 15:14:02,Europe/Amsterdam,EUR,,9.99,0.19,0.06,EUR,,9.74,24
LumoGroup,LumoECOM_EU,8620000000000502,ORD-504452,Settled,2026-06-13 15:15:40,Europe/Amsterdam,EUR,,4.99,0.09,0.03,EUR,,4.87,24
LumoGroup,LumoECOM_EU,8620000000000825,ORD-504775,Settled,2026-06-13 15:30:04,Europe/Amsterdam,EUR,,9.99,0.19,0.06,EUR,,9.74,24
LumoGroup,LumoECOM_EU,8620000000001063,ORD-505013,Settled,2026-06-13 15:45:20,Europe/Amsterdam,EUR,,24.99,0.47,0.15,EUR,,24.37,24
LumoGroup,LumoECOM_EU,8620000000001101,ORD-505051,Settled,2026-06-13 15:59:03,Europe/Amsterdam,EUR,,59.99,1.14,0.36,EUR,,58.49,24
LumoGroup,LumoECOM_EU,8620000000000272,ORD-504222,Settled,2026-06-13 16:09:00,Europe/Amsterdam,EUR,,24.99,0.47,0.15,EUR,,24.37,24
LumoGroup,LumoECOM_EU,8620000000001491,ORD-505441,Authorised,2026-06-13 16:10:43,Europe/Amsterdam,GBP,,8.99,,,GBP,,,24
LumoGroup,LumoECOM_EU,8620000000000224,ORD-504174,Settled,2026-06-13 16:11:36,Europe/Amsterdam,EUR,,9.99,0.19,0.06,EUR,,9.74,24
LumoGroup,LumoECOM_EU,8620000000000226,ORD-504176,Authorised,2026-06-13 16:40:19,Europe/Amsterdam,EUR,,9.99,,,EUR,,,24
LumoGroup,LumoAPP_US,8620000000000798,ORD-504748,Authorised,2026-06-13 16:44:45,Europe/Amsterdam,USD,,9.99,,,USD,,,24
LumoGroup,LumoECOM_EU,8620000000001442,ORD-505392,Authorised,2026-06-13 16:57:29,Europe/Amsterdam,EUR,,4.99,,,EUR,,,24
LumoGroup,LumoECOM_EU,8620000000001790,ORD-507798,Authorised,2026-06-13 17:00:00,Europe/Amsterdam,EUR,,59.99,,,EUR,,,24
LumoGroup,LumoECOM_EU,8620000000001508,ORD-505458,Authorised,2026-06-13 17:01:16,Europe/Amsterdam,EUR,,59.99,,,EUR,,,24
LumoGroup,LumoECOM_EU,8620000000000226,ORD-504176,Settled,2026-06-13 17:09:19,Europe/Amsterdam,EUR,,9.99,0.19,0.06,EUR,,9.74,24
LumoGroup,LumoECOM_EU,8620000000000230,ORD-504180,Authorised,2026-06-13 17:23:04,Europe/Amsterdam,EUR,,9.99,,,EUR,,,24
LumoGroup,LumoECOM_EU,8620000000001604,ORD-505554,Refused,2026-06-13 17:26:52,Europe/Amsterdam,EUR,,9.99,,,EUR,,,24
LumoGroup,LumoECOM_EU,8620000000001790,ORD-507798,Settled,2026-06-13 17:30:00,Europe/Amsterdam,EUR,,59.99,2.28,0.36,EUR,,57.35,24
LumoGroup,LumoECOM_EU,8620000000000230,ORD-504180,Settled,2026-06-13 17:39:04,Europe/Amsterdam,EUR,,9.99,0.19,0.06,EUR,,9.74,24
LumoGroup,LumoECOM_EU,8620000000001036,ORD-504986,Authorised,2026-06-13 17:53:36,Europe/Amsterdam,GBP,,8.99,,,GBP,,,24
LumoGroup,LumoECOM_EU,8620000000000765,ORD-504715,Refused,2026-06-13 17:56:57,Europe/Amsterdam,EUR,,9.99,,,EUR,,,24
LumoGroup,LumoECOM_EU,8620000000001491,ORD-505441,Settled,2026-06-13 18:00:43,Europe/Amsterdam,GBP,,8.99,0.17,0.05,GBP,,8.77,24
LumoGroup,LumoECOM_EU,8620000000000377,ORD-504327,Authorised,2026-06-13 18:03:02,Europe/Amsterdam,GBP,,54.99,,,GBP,,,24
LumoGroup,LumoECOM_EU,8620000000001442,ORD-505392,Settled,2026-06-13 18:10:29,Europe/Amsterdam,EUR,,4.99,0.09,0.03,EUR,,4.87,24
LumoGroup,LumoECOM_EU,8620000000000934,ORD-504884,Authorised,2026-06-13 18:25:57,Europe/Amsterdam,EUR,,59.99,,,EUR,,,24
LumoGroup,LumoECOM_EU,8620000000001508,ORD-505458,Settled,2026-06-13 18:29:16,Europe/Amsterdam,EUR,,59.99,1.14,0.36,EUR,,58.49,24
LumoGroup,LumoAPP_US,8620000000000798,ORD-504748,Settled,2026-06-13 18:29:45,Europe/Amsterdam,USD,,9.99,0.19,0.06,USD,,9.74,24
LumoGroup,LumoECOM_EU,8620000000001289,ORD-505239,Authorised,2026-06-13 18:42:50,Europe/Amsterdam,EUR,,9.99,,,EUR,,,24
LumoGroup,LumoECOM_EU,8620000000000377,ORD-504327,Settled,2026-06-13 18:46:02,Europe/Amsterdam,GBP,,54.99,1.04,0.33,GBP,,53.62,24
LumoGroup,LumoAPP_US,8620000000000267,ORD-504217,Authorised,2026-06-13 19:12:46,Europe/Amsterdam,USD,,24.99,,,USD,,,24
LumoGroup,LumoECOM_EU,8620000000000016,ORD-503966,Authorised,2026-06-13 19:15:04,Europe/Amsterdam,EUR,,59.99,,,EUR,,,24
LumoGroup,LumoECOM_EU,8620000000001289,ORD-505239,Settled,2026-06-13 19:22:50,Europe/Amsterdam,EUR,,9.99,0.19,0.06,EUR,,9.74,24
LumoGroup,LumoECOM_EU,8620000000000104,ORD-504054,Authorised,2026-06-13 19:23:55,Europe/Amsterdam,EUR,,59.99,,,EUR,,,24
LumoGroup,LumoECOM_EU,8620000000000834,ORD-504784,Authorised,2026-06-13 19:24:02,Europe/Amsterdam,EUR,,9.99,,,EUR,,,24
LumoGroup,LumoAPP_US,8620000000001452,ORD-505402,Authorised,2026-06-13 19:36:46,Europe/Amsterdam,USD,,24.99,,,USD,,,24
LumoGroup,LumoECOM_EU,8620000000001036,ORD-504986,Settled,2026-06-13 19:37:36,Europe/Amsterdam,GBP,,8.99,0.17,0.05,GBP,,8.77,24
LumoGroup,LumoECOM_EU,8620000000000934,ORD-504884,Settled,2026-06-13 19:39:57,Europe/Amsterdam,EUR,,59.99,1.14,0.36,EUR,,58.49,24
LumoGroup,LumoAPP_US,8620000000000267,ORD-504217,Settled,2026-06-13 19:51:46,Europe/Amsterdam,USD,,24.99,0.47,0.15,USD,,24.37,24
LumoGroup,LumoECOM_EU,8620000000000016,ORD-503966,Settled,2026-06-13 19:55:04,Europe/Amsterdam,EUR,,59.99,1.14,0.36,EUR,,58.49,24
LumoGroup,LumoECOM_EU,8620000000001400,ORD-505350,Authorised,2026-06-13 20:03:43,Europe/Amsterdam,EUR,,9.99,,,EUR,,,24
LumoGroup,LumoAPP_US,8620000000000959,ORD-504909,Authorised,2026-06-13 20:14:09,Europe/Amsterdam,USD,,24.99,,,USD,,,24
LumoGroup,LumoECOM_EU,8620000000001375,ORD-505325,Authorised,2026-06-13 20:34:46,Europe/Amsterdam,EUR,,59.99,,,EUR,,,24
LumoGroup,LumoECOM_EU,8620000000000861,ORD-504811,Authorised,2026-06-13 20:35:31,Europe/Amsterdam,GBP,,21.99,,,GBP,,,24
LumoGroup,LumoECOM_EU,8620000000000395,ORD-504345,Refused,2026-06-13 20:44:08,Europe/Amsterdam,EUR,,9.99,,,EUR,,,24
LumoGroup,LumoECOM_EU,8620000000000834,ORD-504784,Settled,2026-06-13 20:47:02,Europe/Amsterdam,EUR,,9.99,0.19,0.06,EUR,,9.74,24
LumoGroup,LumoECOM_EU,8620000000000563,ORD-504513,Authorised,2026-06-13 20:56:54,Europe/Amsterdam,EUR,,4.99,,,EUR,,,24
LumoGroup,LumoECOM_EU,8620000000000104,ORD-504054,Settled,2026-06-13 20:57:55,Europe/Amsterdam,EUR,,59.99,1.14,0.36,EUR,,58.49,24
LumoGroup,LumoAPP_US,8620000000001452,ORD-505402,Settled,2026-06-13 21:24:46,Europe/Amsterdam,USD,,24.99,0.47,0.15,USD,,24.37,24
LumoGroup,LumoECOM_EU,8620000000000861,ORD-504811,Settled,2026-06-13 21:31:31,Europe/Amsterdam,GBP,,21.99,0.42,0.13,GBP,,21.44,24
LumoGroup,LumoAPP_US,8620000000000959,ORD-504909,Settled,2026-06-13 21:32:09,Europe/Amsterdam,USD,,24.99,0.47,0.15,USD,,24.37,24
LumoGroup,LumoECOM_EU,8620000000001400,ORD-505350,Settled,2026-06-13 21:40:43,Europe/Amsterdam,EUR,,9.99,0.19,0.06,EUR,,9.74,24
LumoGroup,LumoECOM_EU,8620000000000563,ORD-504513,Settled,2026-06-13 21:44:54,Europe/Amsterdam,EUR,,4.99,0.09,0.03,EUR,,4.87,24
LumoGroup,LumoECOM_EU,8620000000001375,ORD-505325,Settled,2026-06-13 21:50:46,Europe/Amsterdam,EUR,,59.99,1.14,0.36,EUR,,58.49,24
LumoGroup,LumoECOM_EU,8620000000000850,ORD-504800,Authorised,2026-06-14 09:00:45,Europe/Amsterdam,EUR,,9.99,,,EUR,,,24
LumoGroup,LumoECOM_EU,8620000000000751,ORD-504701,Authorised,2026-06-14 09:16:12,Europe/Amsterdam,GBP,,21.99,,,GBP,,,24
LumoGroup,LumoECOM_EU,8620000000000168,ORD-504118,Authorised,2026-06-14 09:31:20,Europe/Amsterdam,GBP,,54.99,,,GBP,,,24
LumoGroup,LumoECOM_EU,8620000000000751,ORD-504701,Settled,2026-06-14 09:40:12,Europe/Amsterdam,GBP,,21.99,0.42,0.13,GBP,,21.44,24
LumoGroup,LumoECOM_EU,8620000000000168,ORD-504118,Settled,2026-06-14 09:48:20,Europe/Amsterdam,GBP,,54.99,1.04,0.33,GBP,,53.62,24
LumoGroup,LumoECOM_EU,8620000000001664,ORD-505614,Authorised,2026-06-14 09:57:00,Europe/Amsterdam,EUR,,9.99,,,EUR,,,24
LumoGroup,LumoECOM_EU,8620000000000850,ORD-504800,Settled,2026-06-14 10:00:45,Europe/Amsterdam,EUR,,9.99,0.19,0.06,EUR,,9.74,24
LumoGroup,LumoECOM_EU,8620000000001675,ORD-505625,Authorised,2026-06-14 10:10:45,Europe/Amsterdam,EUR,,4.99,,,EUR,,,24
LumoGroup,LumoECOM_EU,8620000000000413,ORD-504363,Authorised,2026-06-14 10:11:20,Europe/Amsterdam,EUR,,9.99,,,EUR,,,24
LumoGroup,LumoECOM_EU,8620000000000483,ORD-504433,Authorised,2026-06-14 10:27:59,Europe/Amsterdam,EUR,,24.99,,,EUR,,,24
LumoGroup,LumoECOM_EU,8620000000001348,ORD-505298,Authorised,2026-06-14 10:29:53,Europe/Amsterdam,EUR,,9.99,,,EUR,,,24
LumoGroup,LumoECOM_EU,8620000000001675,ORD-505625,Settled,2026-06-14 10:33:45,Europe/Amsterdam,EUR,,4.99,0.09,0.03,EUR,,4.87,24
LumoGroup,LumoECOM_EU,8620000000001615,ORD-505565,Authorised,2026-06-14 10:41:05,Europe/Amsterdam,EUR,,4.99,,,EUR,,,24
LumoGroup,LumoECOM_EU,8620000000000413,ORD-504363,Settled,2026-06-14 11:09:20,Europe/Amsterdam,EUR,,9.99,0.19,0.06,EUR,,9.74,24
LumoGroup,LumoAPP_US,8620000000000363,ORD-504313,Authorised,2026-06-14 11:10:07,Europe/Amsterdam,USD,,9.99,,,USD,,,24
LumoGroup,LumoECOM_EU,8620000000001362,ORD-505312,Refused,2026-06-14 11:13:56,Europe/Amsterdam,EUR,,59.99,,,EUR,,,24
LumoGroup,LumoECOM_EU,8620000000001664,ORD-505614,Settled,2026-06-14 11:20:00,Europe/Amsterdam,EUR,,9.99,0.19,0.06,EUR,,9.74,24
LumoGroup,LumoECOM_EU,8620000000001348,ORD-505298,Settled,2026-06-14 11:21:53,Europe/Amsterdam,EUR,,9.99,0.19,0.06,EUR,,9.74,24
LumoGroup,LumoECOM_EU,8620000000000859,ORD-504809,Authorised,2026-06-14 11:22:18,Europe/Amsterdam,EUR,,9.99,,,EUR,,,24
LumoGroup,LumoECOM_EU,8620000000000483,ORD-504433,Settled,2026-06-14 11:24:59,Europe/Amsterdam,EUR,,24.99,0.47,0.15,EUR,,24.37,24
LumoGroup,LumoAPP_US,8620000000000287,ORD-504237,Authorised,2026-06-14 11:49:28,Europe/Amsterdam,USD,,9.99,,,USD,,,24
LumoGroup,LumoECOM_EU,8620000000000532,ORD-504482,Authorised,2026-06-14 11:51:31,Europe/Amsterdam,GBP,,8.99,,,GBP,,,24
LumoGroup,LumoECOM_EU,8620000000000707,ORD-504657,Authorised,2026-06-14 11:51:32,Europe/Amsterdam,EUR,,9.99,,,EUR,,,24
LumoGroup,LumoECOM_EU,8620000000000753,ORD-504703,Authorised,2026-06-14 11:54:08,Europe/Amsterdam,EUR,,9.99,,,EUR,,,24
LumoGroup,LumoECOM_EU,8620000000001432,ORD-505382,Authorised,2026-06-14 11:59:49,Europe/Amsterdam,EUR,,9.99,,,EUR,,,24
LumoGroup,LumoECOM_EU,8620000000000979,ORD-504929,Authorised,2026-06-14 12:00:56,Europe/Amsterdam,GBP,,8.99,,,GBP,,,24
LumoGroup,LumoECOM_EU,8620000000000478,ORD-504428,Authorised,2026-06-14 12:02:02,Europe/Amsterdam,EUR,,4.99,,,EUR,,,24
LumoGroup,LumoECOM_EU,8620000000000979,ORD-504929,Settled,2026-06-14 12:05:56,Europe/Amsterdam,GBP,,8.99,0.17,0.05,GBP,,8.77,24
LumoGroup,LumoECOM_EU,8620000000001615,ORD-505565,Settled,2026-06-14 12:06:05,Europe/Amsterdam,EUR,,4.99,0.09,0.03,EUR,,4.87,24
LumoGroup,LumoAPP_US,8620000000000363,ORD-504313,Settled,2026-06-14 12:06:07,Europe/Amsterdam,USD,,9.99,0.19,0.06,USD,,9.74,24
LumoGroup,LumoECOM_EU,8620000000000532,ORD-504482,Settled,2026-06-14 12:20:31,Europe/Amsterdam,GBP,,8.99,0.17,0.05,GBP,,8.77,24
LumoGroup,LumoECOM_EU,8620000000001246,ORD-505196,Authorised,2026-06-14 12:25:23,Europe/Amsterdam,GBP,,8.99,,,GBP,,,24
LumoGroup,LumoECOM_EU,8620000000000859,ORD-504809,Settled,2026-06-14 12:30:18,Europe/Amsterdam,EUR,,9.99,0.19,0.06,EUR,,9.74,24
LumoGroup,LumoAPP_US,8620000000000287,ORD-504237,Settled,2026-06-14 12:45:28,Europe/Amsterdam,USD,,9.99,0.19,0.06,USD,,9.74,24
LumoGroup,LumoECOM_EU,8620000000000478,ORD-504428,Settled,2026-06-14 12:55:02,Europe/Amsterdam,EUR,,4.99,0.09,0.03,EUR,,4.87,24
LumoGroup,LumoECOM_EU,8620000000001246,ORD-505196,Settled,2026-06-14 12:56:23,Europe/Amsterdam,GBP,,8.99,0.17,0.05,GBP,,8.77,24
LumoGroup,LumoECOM_EU,8620000000001432,ORD-505382,Settled,2026-06-14 13:02:49,Europe/Amsterdam,EUR,,9.99,0.19,0.06,EUR,,9.74,24
LumoGroup,LumoECOM_EU,8620000000001626,ORD-505576,Authorised,2026-06-14 13:05:40,Europe/Amsterdam,EUR,,9.99,,,EUR,,,24
LumoGroup,LumoECOM_EU,8620000000000707,ORD-504657,Settled,2026-06-14 13:09:32,Europe/Amsterdam,EUR,,9.99,0.19,0.06,EUR,,9.74,24
LumoGroup,LumoECOM_EU,8620000000001481,ORD-505431,Authorised,2026-06-14 13:15:19,Europe/Amsterdam,GBP,,54.99,,,GBP,,,24
LumoGroup,LumoECOM_EU,8620000000000753,ORD-504703,Settled,2026-06-14 13:20:08,Europe/Amsterdam,EUR,,9.99,0.19,0.06,EUR,,9.74,24
LumoGroup,LumoAPP_US,8620000000000727,ORD-504677,Authorised,2026-06-14 13:26:40,Europe/Amsterdam,USD,,4.99,,,USD,,,24
LumoGroup,LumoECOM_EU,8620000000001481,ORD-505431,Settled,2026-06-14 13:30:19,Europe/Amsterdam,GBP,,54.99,1.04,0.33,GBP,,53.62,24
LumoGroup,LumoECOM_EU,8620000000001307,ORD-505257,Refused,2026-06-14 13:31:29,Europe/Amsterdam,EUR,,9.99,,,EUR,,,24
LumoGroup,LumoECOM_EU,8620000000001626,ORD-505576,Settled,2026-06-14 13:40:40,Europe/Amsterdam,EUR,,9.99,0.19,0.06,EUR,,9.74,24
LumoGroup,LumoECOM_EU,8620000000000772,ORD-504722,Authorised,2026-06-14 13:49:12,Europe/Amsterdam,EUR,,9.99,,,EUR,,,24
LumoGroup,LumoAPP_US,8620000000000727,ORD-504677,Settled,2026-06-14 14:04:40,Europe/Amsterdam,USD,,4.99,0.09,0.03,USD,,4.87,24
LumoGroup,LumoECOM_EU,8620000000000772,ORD-504722,Settled,2026-06-14 14:09:12,Europe/Amsterdam,EUR,,9.99,0.19,0.06,EUR,,9.74,24
LumoGroup,LumoECOM_EU,8620000000000624,ORD-504574,Authorised,2026-06-14 14:09:22,Europe/Amsterdam,EUR,,4.99,,,EUR,,,24
LumoGroup,LumoECOM_EU,8620000000001497,ORD-505447,Authorised,2026-06-14 14:14:58,Europe/Amsterdam,EUR,,59.99,,,EUR,,,24
LumoGroup,LumoECOM_EU,8620000000000564,ORD-504514,Authorised,2026-06-14 14:15:20,Europe/Amsterdam,EUR,,9.99,,,EUR,,,24
LumoGroup,LumoECOM_EU,8620000000000938,ORD-504888,Authorised,2026-06-14 14:19:34,Europe/Amsterdam,GBP,,8.99,,,GBP,,,24
LumoGroup,LumoECOM_EU,8620000000000310,ORD-504260,Authorised,2026-06-14 14:27:19,Europe/Amsterdam,EUR,,9.99,,,EUR,,,24
LumoGroup,LumoECOM_EU,8620000000000903,ORD-504853,Authorised,2026-06-14 15:24:57,Europe/Amsterdam,EUR,,9.99,,,EUR,,,24
LumoGroup,LumoECOM_EU,8620000000000564,ORD-504514,Settled,2026-06-14 15:29:20,Europe/Amsterdam,EUR,,9.99,0.19,0.06,EUR,,9.74,24
LumoGroup,LumoECOM_EU,8620000000000938,ORD-504888,Settled,2026-06-14 15:37:34,Europe/Amsterdam,GBP,,8.99,0.17,0.05,GBP,,8.77,24
LumoGroup,LumoECOM_EU,8620000000001099,ORD-505049,Authorised,2026-06-14 15:42:21,Europe/Amsterdam,EUR,,9.99,,,EUR,,,24
LumoGroup,LumoECOM_EU,8620000000000624,ORD-504574,Settled,2026-06-14 15:43:22,Europe/Amsterdam,EUR,,4.99,0.09,0.03,EUR,,4.87,24
LumoGroup,LumoECOM_EU,8620000000001099,ORD-505049,Settled,2026-06-14 15:49:21,Europe/Amsterdam,EUR,,9.99,0.19,0.06,EUR,,9.74,24
LumoGroup,LumoECOM_EU,8620000000001497,ORD-505447,Settled,2026-06-14 15:52:58,Europe/Amsterdam,EUR,,59.99,1.14,0.36,EUR,,58.49,24
LumoGroup,LumoECOM_EU,8620000000000310,ORD-504260,Settled,2026-06-14 16:13:19,Europe/Amsterdam,EUR,,9.99,0.19,0.06,EUR,,9.74,24
LumoGroup,LumoECOM_EU,8620000000000863,ORD-504813,Authorised,2026-06-14 16:13:23,Europe/Amsterdam,EUR,,4.99,,,EUR,,,24
LumoGroup,LumoAPP_US,8620000000001436,ORD-505386,Authorised,2026-06-14 16:31:40,Europe/Amsterdam,USD,,9.99,,,USD,,,24
LumoGroup,LumoECOM_EU,8620000000000863,ORD-504813,Settled,2026-06-14 16:33:23,Europe/Amsterdam,EUR,,4.99,0.09,0.03,EUR,,4.87,24
LumoGroup,LumoAPP_US,8620000000000202,ORD-504152,Authorised,2026-06-14 16:35:21,Europe/Amsterdam,USD,,9.99,,,USD,,,24
LumoGroup,LumoECOM_EU,8620000000000116,ORD-504066,Authorised,2026-06-14 16:49:03,Europe/Amsterdam,GBP,,21.99,,,GBP,,,24
LumoGroup,LumoAPP_US,8620000000001436,ORD-505386,Settled,2026-06-14 16:54:40,Europe/Amsterdam,USD,,9.99,0.19,0.06,USD,,9.74,24
LumoGroup,LumoECOM_EU,8620000000000116,ORD-504066,Settled,2026-06-14 17:14:03,Europe/Amsterdam,GBP,,21.99,0.42,0.13,GBP,,21.44,24
LumoGroup,LumoECOM_EU,8620000000000903,ORD-504853,Settled,2026-06-14 17:14:57,Europe/Amsterdam,EUR,,9.99,0.19,0.06,EUR,,9.74,24
LumoGroup,LumoECOM_EU,8620000000000587,ORD-504537,Authorised,2026-06-14 17:21:45,Europe/Amsterdam,EUR,,9.99,,,EUR,,,24
LumoGroup,LumoAPP_US,8620000000000429,ORD-504379,Authorised,2026-06-14 17:50:12,Europe/Amsterdam,USD,,9.99,,,USD,,,24
LumoGroup,LumoECOM_EU,8620000000000942,ORD-504892,Authorised,2026-06-14 17:56:55,Europe/Amsterdam,EUR,,9.99,,,EUR,,,24
LumoGroup,LumoAPP_US,8620000000000202,ORD-504152,Settled,2026-06-14 18:08:21,Europe/Amsterdam,USD,,9.99,0.19,0.06,USD,,9.74,24
LumoGroup,LumoECOM_EU,8620000000000942,ORD-504892,Settled,2026-06-14 18:14:55,Europe/Amsterdam,EUR,,9.99,0.19,0.06,EUR,,9.74,24
LumoGroup,LumoECOM_EU,8620000000000777,ORD-504727,Refunded,2026-06-14 18:23:04,Europe/Amsterdam,EUR,24.99,,,,EUR,24.99,,24
LumoGroup,LumoAPP_US,8620000000000429,ORD-504379,Settled,2026-06-14 18:29:12,Europe/Amsterdam,USD,,9.99,0.19,0.06,USD,,9.74,24
LumoGroup,LumoECOM_EU,8620000000000587,ORD-504537,Settled,2026-06-14 18:32:45,Europe/Amsterdam,EUR,,9.99,0.19,0.06,EUR,,9.74,24
LumoGroup,LumoECOM_EU,8620000000000401,ORD-504351,Authorised,2026-06-14 18:56:52,Europe/Amsterdam,GBP,,21.99,,,GBP,,,24
LumoGroup,LumoAPP_US,8620000000001181,ORD-505131,Authorised,2026-06-14 18:59:13,Europe/Amsterdam,USD,,9.99,,,USD,,,24
LumoGroup,LumoAPP_US,8620000000000591,ORD-504541,Authorised,2026-06-14 18:59:51,Europe/Amsterdam,USD,,4.99,,,USD,,,24
LumoGroup,LumoECOM_EU,8620000000001270,ORD-505220,Authorised,2026-06-14 18:59:51,Europe/Amsterdam,EUR,,9.99,,,EUR,,,24
LumoGroup,LumoAPP_US,8620000000000591,ORD-504541,Settled,2026-06-14 19:15:51,Europe/Amsterdam,USD,,4.99,0.09,0.03,USD,,4.87,24
LumoGroup,LumoECOM_EU,8620000000000914,ORD-504864,Authorised,2026-06-14 19:16:12,Europe/Amsterdam,EUR,,59.99,,,EUR,,,24
LumoGroup,LumoECOM_EU,8620000000000666,ORD-504616,Authorised,2026-06-14 19:26:30,Europe/Amsterdam,EUR,,9.99,,,EUR,,,24
LumoGroup,LumoECOM_EU,8620000000000401,ORD-504351,Settled,2026-06-14 19:27:52,Europe/Amsterdam,GBP,,21.99,0.42,0.13,GBP,,21.44,24
LumoGroup,LumoECOM_EU,8620000000000914,ORD-504864,Settled,2026-06-14 19:34:12,Europe/Amsterdam,EUR,,59.99,1.14,0.36,EUR,,58.49,24
LumoGroup,LumoECOM_EU,8620000000000666,ORD-504616,Settled,2026-06-14 19:36:30,Europe/Amsterdam,EUR,,9.99,0.19,0.06,EUR,,9.74,24
LumoGroup,LumoECOM_EU,8620000000000867,ORD-504817,Authorised,2026-06-14 19:38:14,Europe/Amsterdam,EUR,,24.99,,,EUR,,,24
LumoGroup,LumoECOM_EU,8620000000000371,ORD-504321,Authorised,2026-06-14 19:39:01,Europe/Amsterdam,EUR,,9.99,,,EUR,,,24
LumoGroup,LumoECOM_EU,8620000000001335,ORD-505285,Authorised,2026-06-14 19:40:34,Europe/Amsterdam,EUR,,9.99,,,EUR,,,24
LumoGroup,LumoECOM_EU,8620000000000446,ORD-504396,Authorised,2026-06-14 19:52:08,Europe/Amsterdam,GBP,,8.99,,,GBP,,,24
LumoGroup,LumoAPP_US,8620000000001181,ORD-505131,Settled,2026-06-14 20:01:13,Europe/Amsterdam,USD,,9.99,0.19,0.06,USD,,9.74,24
LumoGroup,LumoECOM_EU,8620000000001302,ORD-505252,Authorised,2026-06-14 20:03:17,Europe/Amsterdam,EUR,,4.99,,,EUR,,,24
LumoGroup,LumoECOM_EU,8620000000000203,ORD-504153,Authorised,2026-06-14 20:03:22,Europe/Amsterdam,EUR,,4.99,,,EUR,,,24
LumoGroup,LumoECOM_EU,8620000000000446,ORD-504396,Settled,2026-06-14 20:04:08,Europe/Amsterdam,GBP,,8.99,0.17,0.05,GBP,,8.77,24
LumoGroup,LumoECOM_EU,8620000000000544,ORD-504494,Authorised,2026-06-14 20:04:47,Europe/Amsterdam,GBP,,8.99,,,GBP,,,24
LumoGroup,LumoECOM_EU,8620000000000867,ORD-504817,Settled,2026-06-14 20:05:14,Europe/Amsterdam,EUR,,24.99,0.47,0.15,EUR,,24.37,24
LumoGroup,LumoECOM_EU,8620000000001651,ORD-505601,Authorised,2026-06-14 20:09:43,Europe/Amsterdam,EUR,,9.99,,,EUR,,,24
LumoGroup,LumoECOM_EU,8620000000000135,ORD-504085,Authorised,2026-06-14 20:11:36,Europe/Amsterdam,EUR,,24.99,,,EUR,,,24
LumoGroup,LumoECOM_EU,8620000000000371,ORD-504321,Settled,2026-06-14 20:12:01,Europe/Amsterdam,EUR,,9.99,0.19,0.06,EUR,,9.74,24
LumoGroup,LumoECOM_EU,8620000000001270,ORD-505220,Settled,2026-06-14 20:24:51,Europe/Amsterdam,EUR,,9.99,0.19,0.06,EUR,,9.74,24
LumoGroup,LumoECOM_EU,8620000000001302,ORD-505252,Settled,2026-06-14 20:27:17,Europe/Amsterdam,EUR,,4.99,0.09,0.03,EUR,,4.87,24
LumoGroup,LumoECOM_EU,8620000000000135,ORD-504085,Settled,2026-06-14 20:28:36,Europe/Amsterdam,EUR,,24.99,0.47,0.15,EUR,,24.37,24
LumoGroup,LumoECOM_EU,8620000000000203,ORD-504153,Settled,2026-06-14 20:30:22,Europe/Amsterdam,EUR,,4.99,0.09,0.03,EUR,,4.87,24
LumoGroup,LumoECOM_EU,8620000000001651,ORD-505601,Settled,2026-06-14 20:32:43,Europe/Amsterdam,EUR,,9.99,0.19,0.06,EUR,,9.74,24
LumoGroup,LumoECOM_EU,8620000000001335,ORD-505285,Settled,2026-06-14 20:55:34,Europe/Amsterdam,EUR,,9.99,0.19,0.06,EUR,,9.74,24
LumoGroup,LumoECOM_EU,8620000000000882,ORD-504832,Authorised,2026-06-14 20:56:28,Europe/Amsterdam,EUR,,24.99,,,EUR,,,24
LumoGroup,LumoECOM_EU,8620000000000544,ORD-504494,Settled,2026-06-14 21:28:47,Europe/Amsterdam,GBP,,8.99,0.17,0.05,GBP,,8.77,24
LumoGroup,LumoECOM_EU,8620000000000882,ORD-504832,Settled,2026-06-14 21:31:28,Europe/Amsterdam,EUR,,24.99,0.47,0.15,EUR,,24.37,24
LumoGroup,LumoECOM_EU,8620000000000431,ORD-504381,Authorised,2026-06-15 09:14:33,Europe/Amsterdam,EUR,,59.99,,,EUR,,,25
LumoGroup,LumoECOM_EU,8620000000000870,ORD-504820,Authorised,2026-06-15 09:31:00,Europe/Amsterdam,EUR,,24.99,,,EUR,,,25
LumoGroup,LumoECOM_EU,8620000000000134,ORD-504084,Authorised,2026-06-15 09:57:07,Europe/Amsterdam,EUR,,9.99,,,EUR,,,25
LumoGroup,LumoECOM_EU,8620000000000432,ORD-504382,Authorised,2026-06-15 10:03:27,Europe/Amsterdam,EUR,,9.99,,,EUR,,,25
LumoGroup,LumoECOM_EU,8620000000000240,ORD-504190,Authorised,2026-06-15 10:21:07,Europe/Amsterdam,EUR,,59.99,,,EUR,,,25
LumoGroup,LumoECOM_EU,8620000000001638,ORD-505588,Authorised,2026-06-15 10:21:54,Europe/Amsterdam,EUR,,59.99,,,EUR,,,25
LumoGroup,LumoECOM_EU,8620000000000870,ORD-504820,Settled,2026-06-15 10:22:00,Europe/Amsterdam,EUR,,24.99,0.47,0.15,EUR,,24.37,25
LumoGroup,LumoECOM_EU,8620000000001095,ORD-505045,Authorised,2026-06-15 10:24:28,Europe/Amsterdam,EUR,,4.99,,,EUR,,,25
LumoGroup,LumoECOM_EU,8620000000000904,ORD-504854,Authorised,2026-06-15 10:31:39,Europe/Amsterdam,EUR,,24.99,,,EUR,,,25
LumoGroup,LumoAPP_US,8620000000000271,ORD-504221,Authorised,2026-06-15 10:39:58,Europe/Amsterdam,USD,,24.99,,,USD,,,25
LumoGroup,LumoECOM_EU,8620000000000431,ORD-504381,Settled,2026-06-15 10:51:33,Europe/Amsterdam,EUR,,59.99,1.14,0.36,EUR,,58.49,25
LumoGroup,LumoECOM_EU,8620000000001296,ORD-505246,Authorised,2026-06-15 10:55:13,Europe/Amsterdam,EUR,,9.99,,,EUR,,,25
LumoGroup,LumoECOM_EU,8620000000000134,ORD-504084,Settled,2026-06-15 11:06:07,Europe/Amsterdam,EUR,,9.99,0.19,0.06,EUR,,9.74,25
LumoGroup,LumoECOM_EU,8620000000000240,ORD-504190,Settled,2026-06-15 11:06:07,Europe/Amsterdam,EUR,,59.99,1.14,0.36,EUR,,58.49,25
LumoGroup,LumoECOM_EU,8620000000000432,ORD-504382,Settled,2026-06-15 11:09:27,Europe/Amsterdam,EUR,,9.99,0.19,0.06,EUR,,9.74,25
LumoGroup,LumoECOM_EU,8620000000001095,ORD-505045,Settled,2026-06-15 11:21:28,Europe/Amsterdam,EUR,,4.99,0.09,0.03,EUR,,4.87,25
LumoGroup,LumoECOM_EU,8620000000001638,ORD-505588,Settled,2026-06-15 11:24:54,Europe/Amsterdam,EUR,,59.99,1.14,0.36,EUR,,58.49,25
LumoGroup,LumoAPP_US,8620000000001523,ORD-505473,Authorised,2026-06-15 11:51:50,Europe/Amsterdam,USD,,9.99,,,USD,,,25
LumoGroup,LumoECOM_EU,8620000000000904,ORD-504854,Settled,2026-06-15 11:53:39,Europe/Amsterdam,EUR,,24.99,0.47,0.15,EUR,,24.37,25
LumoGroup,LumoECOM_EU,8620000000000561,ORD-504511,Authorised,2026-06-15 12:11:39,Europe/Amsterdam,GBP,,54.99,,,GBP,,,25
LumoGroup,LumoECOM_EU,8620000000000263,ORD-504213,Refused,2026-06-15 12:24:02,Europe/Amsterdam,EUR,,9.99,,,EUR,,,25
LumoGroup,LumoAPP_US,8620000000000271,ORD-504221,Settled,2026-06-15 12:28:58,Europe/Amsterdam,USD,,24.99,0.47,0.15,USD,,24.37,25
LumoGroup,LumoECOM_EU,8620000000001296,ORD-505246,Settled,2026-06-15 12:33:13,Europe/Amsterdam,EUR,,9.99,0.19,0.06,EUR,,9.74,25
LumoGroup,LumoECOM_EU,8620000000000561,ORD-504511,Settled,2026-06-15 12:49:39,Europe/Amsterdam,GBP,,54.99,1.04,0.33,GBP,,53.62,25
LumoGroup,LumoAPP_US,8620000000001523,ORD-505473,Settled,2026-06-15 12:52:50,Europe/Amsterdam,USD,,9.99,0.19,0.06,USD,,9.74,25
LumoGroup,LumoECOM_EU,8620000000000237,ORD-504187,Refused,2026-06-15 13:02:28,Europe/Amsterdam,EUR,,9.99,,,EUR,,,25
LumoGroup,LumoAPP_US,8620000000000149,ORD-504099,Refused,2026-06-15 13:04:35,Europe/Amsterdam,USD,,59.99,,,USD,,,25
LumoGroup,LumoECOM_EU,8620000000000716,ORD-504666,Authorised,2026-06-15 13:07:47,Europe/Amsterdam,EUR,,4.99,,,EUR,,,25
LumoGroup,LumoECOM_EU,8620000000000695,ORD-504645,Authorised,2026-06-15 13:20:34,Europe/Amsterdam,EUR,,9.99,,,EUR,,,25
LumoGroup,LumoAPP_US,8620000000001504,ORD-505454,Authorised,2026-06-15 13:27:04,Europe/Amsterdam,USD,,9.99,,,USD,,,25
LumoGroup,LumoECOM_EU,8620000000000531,ORD-504481,Authorised,2026-06-15 13:31:11,Europe/Amsterdam,EUR,,9.99,,,EUR,,,25
LumoGroup,LumoECOM_EU,8620000000001419,ORD-505369,Authorised,2026-06-15 13:49:07,Europe/Amsterdam,EUR,,9.99,,,EUR,,,25
LumoGroup,LumoECOM_EU,8620000000000716,ORD-504666,Settled,2026-06-15 13:53:47,Europe/Amsterdam,EUR,,4.99,0.09,0.03,EUR,,4.87,25
LumoGroup,LumoECOM_EU,8620000000000695,ORD-504645,Settled,2026-06-15 14:02:34,Europe/Amsterdam,EUR,,9.99,0.19,0.06,EUR,,9.74,25
LumoGroup,LumoECOM_EU,8620000000000531,ORD-504481,Settled,2026-06-15 14:09:11,Europe/Amsterdam,EUR,,9.99,0.19,0.06,EUR,,9.74,25
LumoGroup,LumoECOM_EU,8620000000001637,ORD-505587,Authorised,2026-06-15 14:10:53,Europe/Amsterdam,GBP,,8.99,,,GBP,,,25
LumoGroup,LumoAPP_US,8620000000001504,ORD-505454,Settled,2026-06-15 14:11:04,Europe/Amsterdam,USD,,9.99,0.19,0.06,USD,,9.74,25
LumoGroup,LumoECOM_EU,8620000000000415,ORD-504365,Authorised,2026-06-15 14:25:25,Europe/Amsterdam,EUR,,9.99,,,EUR,,,25
LumoGroup,LumoAPP_US,8620000000000609,ORD-504559,Authorised,2026-06-15 14:42:22,Europe/Amsterdam,USD,,9.99,,,USD,,,25
LumoGroup,LumoECOM_EU,8620000000001419,ORD-505369,Settled,2026-06-15 14:44:07,Europe/Amsterdam,EUR,,9.99,0.19,0.06,EUR,,9.74,25
LumoGroup,LumoAPP_US,8620000000001517,ORD-505467,Authorised,2026-06-15 14:52:11,Europe/Amsterdam,USD,,9.99,,,USD,,,25
LumoGroup,LumoECOM_EU,8620000000000806,ORD-504756,Authorised,2026-06-15 14:55:09,Europe/Amsterdam,EUR,,9.99,,,EUR,,,25
LumoGroup,LumoECOM_EU,8620000000001591,ORD-505541,Authorised,2026-06-15 15:03:23,Europe/Amsterdam,EUR,,9.99,,,EUR,,,25
LumoGroup,LumoECOM_EU,8620000000001637,ORD-505587,Settled,2026-06-15 15:03:53,Europe/Amsterdam,GBP,,8.99,0.17,0.05,GBP,,8.77,25
LumoGroup,LumoECOM_EU,8620000000001565,ORD-505515,Authorised,2026-06-15 15:12:03,Europe/Amsterdam,EUR,,24.99,,,EUR,,,25
LumoGroup,LumoAPP_US,8620000000000940,ORD-504890,Authorised,2026-06-15 15:24:44,Europe/Amsterdam,USD,,24.99,,,USD,,,25
LumoGroup,LumoAPP_US,8620000000000252,ORD-504202,Authorised,2026-06-15 15:31:45,Europe/Amsterdam,USD,,59.99,,,USD,,,25
LumoGroup,LumoECOM_EU,8620000000001591,ORD-505541,Settled,2026-06-15 15:33:23,Europe/Amsterdam,EUR,,9.99,0.19,0.06,EUR,,9.74,25
LumoGroup,LumoECOM_EU,8620000000000960,ORD-504910,Authorised,2026-06-15 15:36:20,Europe/Amsterdam,EUR,,4.99,,,EUR,,,25
LumoGroup,LumoAPP_US,8620000000000609,ORD-504559,Settled,2026-06-15 15:46:22,Europe/Amsterdam,USD,,9.99,0.19,0.06,USD,,9.74,25
LumoGroup,LumoECOM_EU,8620000000000415,ORD-504365,Settled,2026-06-15 15:51:25,Europe/Amsterdam,EUR,,9.99,0.19,0.06,EUR,,9.74,25
LumoGroup,LumoAPP_US,8620000000000940,ORD-504890,Settled,2026-06-15 16:03:44,Europe/Amsterdam,USD,,24.99,0.47,0.15,USD,,24.37,25
LumoGroup,LumoECOM_EU,8620000000000960,ORD-504910,Settled,2026-06-15 16:04:20,Europe/Amsterdam,EUR,,4.99,0.09,0.03,EUR,,4.87,25
LumoGroup,LumoECOM_EU,8620000000000525,ORD-504475,Authorised,2026-06-15 16:15:08,Europe/Amsterdam,GBP,,8.99,,,GBP,,,25
LumoGroup,LumoECOM_EU,8620000000001313,ORD-505263,Authorised,2026-06-15 16:18:16,Europe/Amsterdam,EUR,,9.99,,,EUR,,,25
LumoGroup,LumoECOM_EU,8620000000000806,ORD-504756,Settled,2026-06-15 16:23:09,Europe/Amsterdam,EUR,,9.99,0.19,0.06,EUR,,9.74,25
LumoGroup,LumoECOM_EU,8620000000001565,ORD-505515,Settled,2026-06-15 16:26:03,Europe/Amsterdam,EUR,,24.99,0.47,0.15,EUR,,24.37,25
LumoGroup,LumoAPP_US,8620000000001090,ORD-505040,Authorised,2026-06-15 16:26:22,Europe/Amsterdam,USD,,24.99,,,USD,,,25
LumoGroup,LumoAPP_US,8620000000001517,ORD-505467,Settled,2026-06-15 16:32:11,Europe/Amsterdam,USD,,9.99,0.19,0.06,USD,,9.74,25
LumoGroup,LumoECOM_EU,8620000000001341,ORD-505291,Authorised,2026-06-15 16:46:25,Europe/Amsterdam,EUR,,24.99,,,EUR,,,25
LumoGroup,LumoAPP_US,8620000000001090,ORD-505040,Settled,2026-06-15 16:47:22,Europe/Amsterdam,USD,,24.99,0.47,0.15,USD,,24.37,25
LumoGroup,LumoECOM_EU,8620000000000525,ORD-504475,Settled,2026-06-15 16:53:08,Europe/Amsterdam,GBP,,8.99,0.17,0.05,GBP,,8.77,25
LumoGroup,LumoECOM_EU,8620000000000563,ORD-504513,Refunded,2026-06-15 16:57:54,Europe/Amsterdam,EUR,2.50,,,,EUR,2.50,,25
LumoGroup,LumoECOM_EU,8620000000001658,ORD-505608,Authorised,2026-06-15 17:04:25,Europe/Amsterdam,EUR,,24.99,,,EUR,,,25
LumoGroup,LumoAPP_US,8620000000000252,ORD-504202,Settled,2026-06-15 17:07:45,Europe/Amsterdam,USD,,59.99,1.14,0.36,USD,,58.49,25
LumoGroup,LumoAPP_US,8620000000001679,ORD-505629,Authorised,2026-06-15 17:20:02,Europe/Amsterdam,USD,,59.99,,,USD,,,25
LumoGroup,LumoAPP_US,8620000000001679,ORD-505629,Settled,2026-06-15 17:26:02,Europe/Amsterdam,USD,,59.99,1.14,0.36,USD,,58.49,25
LumoGroup,LumoAPP_US,8620000000000388,ORD-504338,Authorised,2026-06-15 17:27:16,Europe/Amsterdam,USD,,9.99,,,USD,,,25
LumoGroup,LumoAPP_US,8620000000000388,ORD-504338,Settled,2026-06-15 17:33:16,Europe/Amsterdam,USD,,9.99,0.19,0.06,USD,,9.74,25
LumoGroup,LumoECOM_EU,8620000000000171,ORD-504121,Authorised,2026-06-15 17:35:38,Europe/Amsterdam,EUR,,9.99,,,EUR,,,25
LumoGroup,LumoECOM_EU,8620000000001313,ORD-505263,Settled,2026-06-15 17:54:16,Europe/Amsterdam,EUR,,9.99,0.19,0.06,EUR,,9.74,25
LumoGroup,LumoECOM_EU,8620000000001658,ORD-505608,Settled,2026-06-15 17:56:25,Europe/Amsterdam,EUR,,24.99,0.47,0.15,EUR,,24.37,25
LumoGroup,LumoECOM_EU,8620000000000048,ORD-503998,Authorised,2026-06-15 18:03:31,Europe/Amsterdam,EUR,,59.99,,,EUR,,,25
LumoGroup,LumoECOM_EU,8620000000001405,ORD-505355,Authorised,2026-06-15 18:15:39,Europe/Amsterdam,EUR,,9.99,,,EUR,,,25
LumoGroup,LumoECOM_EU,8620000000001501,ORD-505451,Authorised,2026-06-15 18:15:45,Europe/Amsterdam,GBP,,4.49,,,GBP,,,25
LumoGroup,LumoECOM_EU,8620000000001341,ORD-505291,Settled,2026-06-15 18:18:25,Europe/Amsterdam,EUR,,24.99,0.47,0.15,EUR,,24.37,25
LumoGroup,LumoECOM_EU,8620000000001676,ORD-505626,Authorised,2026-06-15 18:30:33,Europe/Amsterdam,EUR,,9.99,,,EUR,,,25
LumoGroup,LumoECOM_EU,8620000000000048,ORD-503998,Settled,2026-06-15 18:36:31,Europe/Amsterdam,EUR,,59.99,1.14,0.36,EUR,,58.49,25
LumoGroup,LumoECOM_EU,8620000000001676,ORD-505626,Settled,2026-06-15 18:38:33,Europe/Amsterdam,EUR,,9.99,0.19,0.06,EUR,,9.74,25
LumoGroup,LumoECOM_EU,8620000000001405,ORD-505355,Settled,2026-06-15 18:46:39,Europe/Amsterdam,EUR,,9.99,0.19,0.06,EUR,,9.74,25
LumoGroup,LumoECOM_EU,8620000000000171,ORD-504121,Settled,2026-06-15 18:57:38,Europe/Amsterdam,EUR,,9.99,0.19,0.06,EUR,,9.74,25
LumoGroup,LumoECOM_EU,8620000000001612,ORD-505562,Authorised,2026-06-15 19:01:44,Europe/Amsterdam,GBP,,8.99,,,GBP,,,25
LumoGroup,LumoECOM_EU,8620000000001501,ORD-505451,Settled,2026-06-15 19:09:45,Europe/Amsterdam,GBP,,4.49,0.09,0.02,GBP,,4.38,25
LumoGroup,LumoECOM_EU,8620000000001338,ORD-505288,Authorised,2026-06-15 19:17:38,Europe/Amsterdam,EUR,,59.99,,,EUR,,,25
LumoGroup,LumoECOM_EU,8620000000000278,ORD-504228,Authorised,2026-06-15 19:18:29,Europe/Amsterdam,EUR,,9.99,,,EUR,,,25
LumoGroup,LumoECOM_EU,8620000000001612,ORD-505562,Settled,2026-06-15 19:19:44,Europe/Amsterdam,GBP,,8.99,0.17,0.05,GBP,,8.77,25
LumoGroup,LumoECOM_EU,8620000000000551,ORD-504501,Authorised,2026-06-15 19:20:45,Europe/Amsterdam,EUR,,24.99,,,EUR,,,25
LumoGroup,LumoECOM_EU,8620000000000045,ORD-503995,Authorised,2026-06-15 19:50:56,Europe/Amsterdam,EUR,,59.99,,,EUR,,,25
LumoGroup,LumoAPP_US,8620000000001325,ORD-505275,Authorised,2026-06-15 20:00:16,Europe/Amsterdam,USD,,9.99,,,USD,,,25
LumoGroup,LumoECOM_EU,8620000000000120,ORD-504070,Authorised,2026-06-15 20:03:19,Europe/Amsterdam,EUR,,24.99,,,EUR,,,25
LumoGroup,LumoECOM_EU,8620000000000045,ORD-503995,Settled,2026-06-15 20:17:56,Europe/Amsterdam,EUR,,59.99,1.14,0.36,EUR,,58.49,25
LumoGroup,LumoECOM_EU,8620000000000120,ORD-504070,Settled,2026-06-15 20:26:19,Europe/Amsterdam,EUR,,24.99,0.47,0.15,EUR,,24.37,25
LumoGroup,LumoAPP_US,8620000000001325,ORD-505275,Settled,2026-06-15 20:28:16,Europe/Amsterdam,USD,,9.99,0.19,0.06,USD,,9.74,25
LumoGroup,LumoECOM_EU,8620000000000278,ORD-504228,Settled,2026-06-15 20:29:29,Europe/Amsterdam,EUR,,9.99,0.19,0.06,EUR,,9.74,25
LumoGroup,LumoECOM_EU,8620000000001338,ORD-505288,Settled,2026-06-15 20:31:38,Europe/Amsterdam,EUR,,59.99,1.14,0.36,EUR,,58.49,25
LumoGroup,LumoECOM_EU,8620000000001606,ORD-505556,Authorised,2026-06-15 20:31:43,Europe/Amsterdam,EUR,,9.99,,,EUR,,,25
LumoGroup,LumoECOM_EU,8620000000000729,ORD-504679,Authorised,2026-06-15 20:34:45,Europe/Amsterdam,EUR,,9.99,,,EUR,,,25
LumoGroup,LumoECOM_EU,8620000000000268,ORD-504218,Authorised,2026-06-15 20:39:46,Europe/Amsterdam,EUR,,9.99,,,EUR,,,25
LumoGroup,LumoECOM_EU,8620000000000556,ORD-504506,Authorised,2026-06-15 20:40:21,Europe/Amsterdam,EUR,,59.99,,,EUR,,,25
LumoGroup,LumoECOM_EU,8620000000001413,ORD-505363,Refused,2026-06-15 20:57:09,Europe/Amsterdam,EUR,,59.99,,,EUR,,,25
LumoGroup,LumoECOM_EU,8620000000001116,ORD-505066,Authorised,2026-06-15 20:59:26,Europe/Amsterdam,EUR,,59.99,,,EUR,,,25
LumoGroup,LumoECOM_EU,8620000000000551,ORD-504501,Settled,2026-06-15 21:05:45,Europe/Amsterdam,EUR,,24.99,0.47,0.15,EUR,,24.37,25
LumoGroup,LumoECOM_EU,8620000000001116,ORD-505066,Settled,2026-06-15 21:11:26,Europe/Amsterdam,EUR,,59.99,1.14,0.36,EUR,,58.49,25
LumoGroup,LumoECOM_EU,8620000000000268,ORD-504218,Settled,2026-06-15 21:35:46,Europe/Amsterdam,EUR,,9.99,0.19,0.06,EUR,,9.74,25
LumoGroup,LumoECOM_EU,8620000000001606,ORD-505556,Settled,2026-06-15 21:43:43,Europe/Amsterdam,EUR,,9.99,0.19,0.06,EUR,,9.74,25
LumoGroup,LumoECOM_EU,8620000000000556,ORD-504506,Settled,2026-06-15 21:48:21,Europe/Amsterdam,EUR,,59.99,1.14,0.36,EUR,,58.49,25
LumoGroup,LumoECOM_EU,8620000000000729,ORD-504679,Settled,2026-06-15 22:23:45,Europe/Amsterdam,EUR,,9.99,0.19,0.06,EUR,,9.74,25
LumoGroup,LumoECOM_EU,8620000000000372,ORD-504322,Authorised,2026-06-16 09:10:46,Europe/Amsterdam,GBP,,8.99,,,GBP,,,25
LumoGroup,LumoECOM_EU,8620000000001316,ORD-505266,Authorised,2026-06-16 09:25:15,Europe/Amsterdam,EUR,,9.99,,,EUR,,,25
LumoGroup,LumoECOM_EU,8620000000001102,ORD-505052,Authorised,2026-06-16 09:29:51,Europe/Amsterdam,EUR,,9.99,,,EUR,,,25
LumoGroup,LumoECOM_EU,8620000000000131,ORD-504081,Authorised,2026-06-16 09:34:02,Europe/Amsterdam,GBP,,21.99,,,GBP,,,25
LumoGroup,LumoECOM_EU,8620000000001648,ORD-505598,Authorised,2026-06-16 09:37:17,Europe/Amsterdam,GBP,,21.99,,,GBP,,,25
LumoGroup,LumoECOM_EU,8620000000000302,ORD-504252,Authorised,2026-06-16 09:46:41,Europe/Amsterdam,EUR,,24.99,,,EUR,,,25
LumoGroup,LumoECOM_EU,8620000000000131,ORD-504081,Settled,2026-06-16 09:52:02,Europe/Amsterdam,GBP,,21.99,0.42,0.13,GBP,,21.44,25
LumoGroup,LumoECOM_EU,8620000000000372,ORD-504322,Settled,2026-06-16 10:07:46,Europe/Amsterdam,GBP,,8.99,0.17,0.05,GBP,,8.77,25
LumoGroup,LumoECOM_EU,8620000000000831,ORD-504781,Authorised,2026-06-16 10:17:20,Europe/Amsterdam,EUR,,9.99,,,EUR,,,25
LumoGroup,LumoAPP_US,8620000000000079,ORD-504029,Authorised,2026-06-16 10:19:42,Europe/Amsterdam,USD,,24.99,,,USD,,,25
LumoGroup,LumoECOM_EU,8620000000001102,ORD-505052,Settled,2026-06-16 10:28:51,Europe/Amsterdam,EUR,,9.99,0.19,0.06,EUR,,9.74,25
LumoGroup,LumoECOM_EU,8620000000001648,ORD-505598,Settled,2026-06-16 10:48:17,Europe/Amsterdam,GBP,,21.99,0.42,0.13,GBP,,21.44,25
LumoGroup,LumoAPP_US,8620000000000079,ORD-504029,Settled,2026-06-16 10:50:42,Europe/Amsterdam,USD,,24.99,0.47,0.15,USD,,24.37,25
LumoGroup,LumoECOM_EU,8620000000001257,ORD-505207,Authorised,2026-06-16 11:07:29,Europe/Amsterdam,EUR,,9.99,,,EUR,,,25
LumoGroup,LumoECOM_EU,8620000000001316,ORD-505266,Settled,2026-06-16 11:09:15,Europe/Amsterdam,EUR,,9.99,0.19,0.06,EUR,,9.74,25
LumoGroup,LumoECOM_EU,8620000000000302,ORD-504252,Settled,2026-06-16 11:09:41,Europe/Amsterdam,EUR,,24.99,0.47,0.15,EUR,,24.37,25
LumoGroup,LumoECOM_EU,8620000000001605,ORD-505555,Refused,2026-06-16 11:22:40,Europe/Amsterdam,EUR,,9.99,,,EUR,,,25
LumoGroup,LumoECOM_EU,8620000000000138,ORD-504088,Refused,2026-06-16 11:35:13,Europe/Amsterdam,EUR,,59.99,,,EUR,,,25
LumoGroup,LumoECOM_EU,8620000000001561,ORD-505511,Authorised,2026-06-16 11:35:50,Europe/Amsterdam,EUR,,59.99,,,EUR,,,25
LumoGroup,LumoECOM_EU,8620000000000831,ORD-504781,Settled,2026-06-16 11:41:20,Europe/Amsterdam,EUR,,9.99,0.19,0.06,EUR,,9.74,25
LumoGroup,LumoECOM_EU,8620000000001529,ORD-505479,Authorised,2026-06-16 11:44:23,Europe/Amsterdam,EUR,,9.99,,,EUR,,,25
LumoGroup,LumoECOM_EU,8620000000001257,ORD-505207,Settled,2026-06-16 11:55:29,Europe/Amsterdam,EUR,,9.99,0.19,0.06,EUR,,9.74,25
LumoGroup,LumoECOM_EU,8620000000001423,ORD-505373,Authorised,2026-06-16 12:01:14,Europe/Amsterdam,GBP,,8.99,,,GBP,,,25
LumoGroup,LumoECOM_EU,8620000000001561,ORD-505511,Settled,2026-06-16 12:10:50,Europe/Amsterdam,EUR,,59.99,1.14,0.36,EUR,,58.49,25
LumoGroup,LumoECOM_EU,8620000000000725,ORD-504675,Authorised,2026-06-16 12:17:56,Europe/Amsterdam,EUR,,9.99,,,EUR,,,25
LumoGroup,LumoAPP_US,8620000000001319,ORD-505269,Authorised,2026-06-16 12:19:26,Europe/Amsterdam,USD,,9.99,,,USD,,,25
LumoGroup,LumoAPP_US,8620000000000229,ORD-504179,Authorised,2026-06-16 12:23:54,Europe/Amsterdam,USD,,59.99,,,USD,,,25
LumoGroup,LumoECOM_EU,8620000000000387,ORD-504337,Authorised,2026-06-16 12:29:03,Europe/Amsterdam,EUR,,24.99,,,EUR,,,25
LumoGroup,LumoECOM_EU,8620000000001423,ORD-505373,Settled,2026-06-16 12:33:14,Europe/Amsterdam,GBP,,8.99,0.17,0.05,GBP,,8.77,25
LumoGroup,LumoECOM_EU,8620000000001330,ORD-505280,Authorised,2026-06-16 12:51:47,Europe/Amsterdam,EUR,,9.99,,,EUR,,,25
LumoGroup,LumoAPP_US,8620000000000362,ORD-504312,Authorised,2026-06-16 12:54:12,Europe/Amsterdam,USD,,9.99,,,USD,,,25
LumoGroup,LumoECOM_EU,8620000000001691,ORD-505641,Authorised,2026-06-16 13:05:42,Europe/Amsterdam,GBP,,8.99,,,GBP,,,25
LumoGroup,LumoECOM_EU,8620000000001529,ORD-505479,Settled,2026-06-16 13:07:23,Europe/Amsterdam,EUR,,9.99,0.19,0.06,EUR,,9.74,25
LumoGroup,LumoAPP_US,8620000000000229,ORD-504179,Settled,2026-06-16 13:12:54,Europe/Amsterdam,USD,,59.99,1.14,0.36,USD,,58.49,25
LumoGroup,LumoECOM_EU,8620000000001521,ORD-505471,Authorised,2026-06-16 13:19:21,Europe/Amsterdam,EUR,,9.99,,,EUR,,,25
LumoGroup,LumoECOM_EU,8620000000001693,ORD-505643,Authorised,2026-06-16 13:22:34,Europe/Amsterdam,EUR,,9.99,,,EUR,,,25
LumoGroup,LumoECOM_EU,8620000000000725,ORD-504675,Settled,2026-06-16 13:25:56,Europe/Amsterdam,EUR,,9.99,0.19,0.06,EUR,,9.74,25
LumoGroup,LumoECOM_EU,8620000000001691,ORD-505641,Settled,2026-06-16 13:39:42,Europe/Amsterdam,GBP,,8.99,0.17,0.05,GBP,,8.77,25
LumoGroup,LumoAPP_US,8620000000001319,ORD-505269,Settled,2026-06-16 13:48:26,Europe/Amsterdam,USD,,9.99,0.19,0.06,USD,,9.74,25
LumoGroup,LumoECOM_EU,8620000000001195,ORD-505145,Authorised,2026-06-16 13:54:53,Europe/Amsterdam,EUR,,9.99,,,EUR,,,25
LumoGroup,LumoECOM_EU,8620000000001133,ORD-505083,Authorised,2026-06-16 13:56:34,Europe/Amsterdam,EUR,,9.99,,,EUR,,,25
LumoGroup,LumoECOM_EU,8620000000000387,ORD-504337,Settled,2026-06-16 14:00:03,Europe/Amsterdam,EUR,,24.99,0.47,0.15,EUR,,24.37,25
LumoGroup,LumoECOM_EU,8620000000000281,ORD-504231,Authorised,2026-06-16 14:02:01,Europe/Amsterdam,EUR,,9.99,,,EUR,,,25
LumoGroup,LumoECOM_EU,8620000000001693,ORD-505643,Settled,2026-06-16 14:03:34,Europe/Amsterdam,EUR,,9.99,0.19,0.06,EUR,,9.74,25
LumoGroup,LumoECOM_EU,8620000000001133,ORD-505083,Settled,2026-06-16 14:07:34,Europe/Amsterdam,EUR,,9.99,0.19,0.06,EUR,,9.74,25
LumoGroup,LumoAPP_US,8620000000001455,ORD-505405,Authorised,2026-06-16 14:09:02,Europe/Amsterdam,USD,,9.99,,,USD,,,25
LumoGroup,LumoECOM_EU,8620000000000839,ORD-504789,Authorised,2026-06-16 14:09:30,Europe/Amsterdam,EUR,,24.99,,,EUR,,,25
LumoGroup,LumoAPP_US,8620000000000362,ORD-504312,Settled,2026-06-16 14:11:12,Europe/Amsterdam,USD,,9.99,0.19,0.06,USD,,9.74,25
LumoGroup,LumoECOM_EU,8620000000001542,ORD-505492,Authorised,2026-06-16 14:11:30,Europe/Amsterdam,EUR,,9.99,,,EUR,,,25
LumoGroup,LumoECOM_EU,8620000000000877,ORD-504827,Authorised,2026-06-16 14:26:00,Europe/Amsterdam,EUR,,4.99,,,EUR,,,25
LumoGroup,LumoECOM_EU,8620000000001330,ORD-505280,Settled,2026-06-16 14:26:47,Europe/Amsterdam,EUR,,9.99,0.19,0.06,EUR,,9.74,25
LumoGroup,LumoECOM_EU,8620000000001521,ORD-505471,Settled,2026-06-16 14:27:21,Europe/Amsterdam,EUR,,9.99,0.19,0.06,EUR,,9.74,25
LumoGroup,LumoECOM_EU,8620000000001459,ORD-505409,Authorised,2026-06-16 14:32:09,Europe/Amsterdam,EUR,,9.99,,,EUR,,,25
LumoGroup,LumoECOM_EU,8620000000001195,ORD-505145,Settled,2026-06-16 14:41:53,Europe/Amsterdam,EUR,,9.99,0.19,0.06,EUR,,9.74,25
LumoGroup,LumoAPP_US,8620000000001455,ORD-505405,Settled,2026-06-16 14:43:02,Europe/Amsterdam,USD,,9.99,0.19,0.06,USD,,9.74,25
LumoGroup,LumoECOM_EU,8620000000000677,ORD-504627,Authorised,2026-06-16 14:45:50,Europe/Amsterdam,EUR,,59.99,,,EUR,,,25
LumoGroup,LumoECOM_EU,8620000000001028,ORD-504978,Authorised,2026-06-16 14:58:00,Europe/Amsterdam,EUR,,59.99,,,EUR,,,25
LumoGroup,LumoECOM_EU,8620000000000839,ORD-504789,Settled,2026-06-16 15:21:30,Europe/Amsterdam,EUR,,24.99,0.47,0.15,EUR,,24.37,25
LumoGroup,LumoECOM_EU,8620000000001459,ORD-505409,Settled,2026-06-16 15:31:09,Europe/Amsterdam,EUR,,9.99,0.19,0.06,EUR,,9.74,25
LumoGroup,LumoECOM_EU,8620000000000281,ORD-504231,Settled,2026-06-16 15:34:01,Europe/Amsterdam,EUR,,9.99,0.19,0.06,EUR,,9.74,25
LumoGroup,LumoECOM_EU,8620000000001119,ORD-505069,Authorised,2026-06-16 15:35:01,Europe/Amsterdam,GBP,,8.99,,,GBP,,,25
LumoGroup,LumoECOM_EU,8620000000001542,ORD-505492,Settled,2026-06-16 15:41:30,Europe/Amsterdam,EUR,,9.99,0.19,0.06,EUR,,9.74,25
LumoGroup,LumoECOM_EU,8620000000001119,ORD-505069,Settled,2026-06-16 15:42:01,Europe/Amsterdam,GBP,,8.99,0.17,0.05,GBP,,8.77,25
LumoGroup,LumoECOM_EU,8620000000001428,ORD-505378,Authorised,2026-06-16 15:45:30,Europe/Amsterdam,EUR,,59.99,,,EUR,,,25
LumoGroup,LumoECOM_EU,8620000000001028,ORD-504978,Settled,2026-06-16 15:52:00,Europe/Amsterdam,EUR,,59.99,1.14,0.36,EUR,,58.49,25
LumoGroup,LumoAPP_US,8620000000001359,ORD-505309,Authorised,2026-06-16 15:53:12,Europe/Amsterdam,USD,,24.99,,,USD,,,25
LumoGroup,LumoECOM_EU,8620000000000480,ORD-504430,Authorised,2026-06-16 15:53:41,Europe/Amsterdam,EUR,,9.99,,,EUR,,,25
LumoGroup,LumoECOM_EU,8620000000001428,ORD-505378,Settled,2026-06-16 15:59:30,Europe/Amsterdam,EUR,,59.99,1.14,0.36,EUR,,58.49,25
LumoGroup,LumoECOM_EU,8620000000001794,ORD-507811,Authorised,2026-06-16 16:00:00,Europe/Amsterdam,EUR,,9.99,,,EUR,,,25
LumoGroup,LumoECOM_EU,8620000000000740,ORD-504690,Authorised,2026-06-16 16:06:44,Europe/Amsterdam,EUR,,9.99,,,EUR,,,25
LumoGroup,LumoECOM_EU,8620000000000677,ORD-504627,Settled,2026-06-16 16:11:50,Europe/Amsterdam,EUR,,59.99,1.14,0.36,EUR,,58.49,25
LumoGroup,LumoECOM_EU,8620000000000877,ORD-504827,Settled,2026-06-16 16:12:00,Europe/Amsterdam,EUR,,4.99,0.09,0.03,EUR,,4.87,25
LumoGroup,LumoECOM_EU,8620000000000480,ORD-504430,Settled,2026-06-16 16:17:41,Europe/Amsterdam,EUR,,9.99,0.19,0.06,EUR,,9.74,25
LumoGroup,LumoECOM_EU,8620000000000176,ORD-504126,Authorised,2026-06-16 16:20:57,Europe/Amsterdam,GBP,,8.99,,,GBP,,,25
LumoGroup,LumoECOM_EU,8620000000001794,ORD-507811,Settled,2026-06-16 16:30:00,Europe/Amsterdam,EUR,,9.99,0.19,0.06,EUR,,9.74,25
LumoGroup,LumoAPP_US,8620000000000207,ORD-504157,Authorised,2026-06-16 16:31:19,Europe/Amsterdam,USD,,9.99,,,USD,,,25
LumoGroup,LumoECOM_EU,8620000000000042,ORD-503992,Authorised,2026-06-16 16:41:41,Europe/Amsterdam,EUR,,9.99,,,EUR,,,25
LumoGroup,LumoECOM_EU,8620000000000740,ORD-504690,Settled,2026-06-16 16:54:44,Europe/Amsterdam,EUR,,9.99,0.19,0.06,EUR,,9.74,25
LumoGroup,LumoECOM_EU,8620000000001475,ORD-505425,Authorised,2026-06-16 16:57:10,Europe/Amsterdam,EUR,,9.99,,,EUR,,,25
LumoGroup,LumoAPP_US,8620000000001359,ORD-505309,Settled,2026-06-16 17:03:12,Europe/Amsterdam,USD,,24.99,0.47,0.15,USD,,24.37,25
LumoGroup,LumoECOM_EU,8620000000001434,ORD-505384,Authorised,2026-06-16 17:17:49,Europe/Amsterdam,GBP,,54.99,,,GBP,,,25
LumoGroup,LumoECOM_EU,8620000000000042,ORD-503992,Settled,2026-06-16 17:22:41,Europe/Amsterdam,EUR,,9.99,0.19,0.06,EUR,,9.74,25
LumoGroup,LumoAPP_US,8620000000000207,ORD-504157,Settled,2026-06-16 17:24:19,Europe/Amsterdam,USD,,9.99,0.19,0.06,USD,,9.74,25
LumoGroup,LumoECOM_EU,8620000000000568,ORD-504518,Authorised,2026-06-16 17:38:22,Europe/Amsterdam,EUR,,59.99,,,EUR,,,25
LumoGroup,LumoECOM_EU,8620000000001594,ORD-505544,Authorised,2026-06-16 17:40:01,Europe/Amsterdam,EUR,,59.99,,,EUR,,,25
LumoGroup,LumoECOM_EU,8620000000001081,ORD-505031,Refused,2026-06-16 18:00:40,Europe/Amsterdam,EUR,,59.99,,,EUR,,,25
LumoGroup,LumoECOM_EU,8620000000000117,ORD-504067,Authorised,2026-06-16 18:03:59,Europe/Amsterdam,EUR,,24.99,,,EUR,,,25
LumoGroup,LumoECOM_EU,8620000000001373,ORD-505323,Authorised,2026-06-16 18:05:32,Europe/Amsterdam,EUR,,9.99,,,EUR,,,25
LumoGroup,LumoECOM_EU,8620000000000176,ORD-504126,Settled,2026-06-16 18:07:57,Europe/Amsterdam,GBP,,8.99,0.17,0.05,GBP,,8.77,25
LumoGroup,LumoECOM_EU,8620000000001475,ORD-505425,Settled,2026-06-16 18:10:10,Europe/Amsterdam,EUR,,9.99,0.19,0.06,EUR,,9.74,25
LumoGroup,LumoECOM_EU,8620000000000568,ORD-504518,Settled,2026-06-16 18:16:22,Europe/Amsterdam,EUR,,59.99,1.14,0.36,EUR,,58.49,25
LumoGroup,LumoECOM_EU,8620000000001434,ORD-505384,Settled,2026-06-16 18:23:49,Europe/Amsterdam,GBP,,54.99,1.04,0.33,GBP,,53.62,25
LumoGroup,LumoECOM_EU,8620000000001387,ORD-505337,Authorised,2026-06-16 18:26:15,Europe/Amsterdam,EUR,,9.99,,,EUR,,,25
LumoGroup,LumoAPP_US,8620000000000065,ORD-504015,Refunded,2026-06-16 18:38:36,Europe/Amsterdam,USD,9.99,,,,USD,9.99,,25
LumoGroup,LumoECOM_EU,8620000000000209,ORD-504159,Authorised,2026-06-16 18:40:19,Europe/Amsterdam,GBP,,8.99,,,GBP,,,25
LumoGroup,LumoECOM_EU,8620000000000117,ORD-504067,Settled,2026-06-16 18:42:59,Europe/Amsterdam,EUR,,24.99,0.47,0.15,EUR,,24.37,25
LumoGroup,LumoECOM_EU,8620000000001373,ORD-505323,Settled,2026-06-16 18:58:32,Europe/Amsterdam,EUR,,9.99,0.19,0.06,EUR,,9.74,25
LumoGroup,LumoECOM_EU,8620000000001594,ORD-505544,Settled,2026-06-16 19:02:01,Europe/Amsterdam,EUR,,59.99,1.14,0.36,EUR,,58.49,25
LumoGroup,LumoECOM_EU,8620000000001387,ORD-505337,Settled,2026-06-16 19:05:15,Europe/Amsterdam,EUR,,9.99,0.19,0.06,EUR,,9.74,25
LumoGroup,LumoECOM_EU,8620000000000455,ORD-504405,Authorised,2026-06-16 19:12:13,Europe/Amsterdam,GBP,,8.99,,,GBP,,,25
LumoGroup,LumoAPP_US,8620000000001678,ORD-505628,Authorised,2026-06-16 19:14:00,Europe/Amsterdam,USD,,4.99,,,USD,,,25
LumoGroup,LumoECOM_EU,8620000000001069,ORD-505019,Authorised,2026-06-16 19:28:22,Europe/Amsterdam,EUR,,4.99,,,EUR,,,25
LumoGroup,LumoAPP_US,8620000000001104,ORD-505054,Authorised,2026-06-16 19:28:22,Europe/Amsterdam,USD,,9.99,,,USD,,,25
LumoGroup,LumoECOM_EU,8620000000000536,ORD-504486,Refused,2026-06-16 19:35:51,Europe/Amsterdam,EUR,,9.99,,,EUR,,,25
LumoGroup,LumoECOM_EU,8620000000000005,ORD-503955,Authorised,2026-06-16 19:38:52,Europe/Amsterdam,EUR,,4.99,,,EUR,,,25
LumoGroup,LumoAPP_US,8620000000001678,ORD-505628,Settled,2026-06-16 19:49:00,Europe/Amsterdam,USD,,4.99,0.09,0.03,USD,,4.87,25
LumoGroup,LumoECOM_EU,8620000000000209,ORD-504159,Settled,2026-06-16 19:56:19,Europe/Amsterdam,GBP,,8.99,0.17,0.05,GBP,,8.77,25
LumoGroup,LumoECOM_EU,8620000000001031,ORD-504981,Authorised,2026-06-16 19:56:23,Europe/Amsterdam,EUR,,9.99,,,EUR,,,25
LumoGroup,LumoECOM_EU,8620000000000005,ORD-503955,Settled,2026-06-16 20:03:52,Europe/Amsterdam,EUR,,4.99,0.09,0.03,EUR,,4.87,25
LumoGroup,LumoECOM_EU,8620000000001433,ORD-505383,Authorised,2026-06-16 20:06:17,Europe/Amsterdam,EUR,,9.99,,,EUR,,,25
LumoGroup,LumoAPP_US,8620000000000980,ORD-504930,Refused,2026-06-16 20:08:43,Europe/Amsterdam,USD,,9.99,,,USD,,,25
LumoGroup,LumoECOM_EU,8620000000000602,ORD-504552,Authorised,2026-06-16 20:17:28,Europe/Amsterdam,EUR,,9.99,,,EUR,,,25
LumoGroup,LumoAPP_US,8620000000001104,ORD-505054,Settled,2026-06-16 20:23:22,Europe/Amsterdam,USD,,9.99,0.19,0.06,USD,,9.74,25
LumoGroup,LumoECOM_EU,8620000000001069,ORD-505019,Settled,2026-06-16 20:30:22,Europe/Amsterdam,EUR,,4.99,0.09,0.03,EUR,,4.87,25
LumoGroup,LumoECOM_EU,8620000000000737,ORD-504687,Authorised,2026-06-16 20:44:11,Europe/Amsterdam,GBP,,4.49,,,GBP,,,25
LumoGroup,LumoECOM_EU,8620000000001183,ORD-505133,Authorised,2026-06-16 20:54:12,Europe/Amsterdam,EUR,,9.99,,,EUR,,,25
LumoGroup,LumoECOM_EU,8620000000000455,ORD-504405,Settled,2026-06-16 20:57:13,Europe/Amsterdam,GBP,,8.99,0.17,0.05,GBP,,8.77,25
LumoGroup,LumoECOM_EU,8620000000001235,ORD-505185,Authorised,2026-06-16 20:59:20,Europe/Amsterdam,EUR,,9.99,,,EUR,,,25
LumoGroup,LumoECOM_EU,8620000000001433,ORD-505383,Settled,2026-06-16 21:04:17,Europe/Amsterdam,EUR,,9.99,0.19,0.06,EUR,,9.74,25
LumoGroup,LumoECOM_EU,8620000000001183,ORD-505133,Settled,2026-06-16 21:06:12,Europe/Amsterdam,EUR,,9.99,0.19,0.06,EUR,,9.74,25
LumoGroup,LumoECOM_EU,8620000000001031,ORD-504981,Settled,2026-06-16 21:24:23,Europe/Amsterdam,EUR,,9.99,0.19,0.06,EUR,,9.74,25
LumoGroup,LumoECOM_EU,8620000000000602,ORD-504552,Settled,2026-06-16 21:42:28,Europe/Amsterdam,EUR,,9.99,0.19,0.06,EUR,,9.74,25
LumoGroup,LumoECOM_EU,8620000000000737,ORD-504687,Settled,2026-06-16 22:20:11,Europe/Amsterdam,GBP,,4.49,0.09,0.02,GBP,,4.38,25
LumoGroup,LumoECOM_EU,8620000000001235,ORD-505185,Settled,2026-06-16 22:47:20,Europe/Amsterdam,EUR,,9.99,0.19,0.06,EUR,,9.74,25
LumoGroup,LumoECOM_EU,8620000000000832,ORD-504782,Authorised,2026-06-17 09:05:56,Europe/Amsterdam,GBP,,8.99,,,GBP,,,25
LumoGroup,LumoECOM_EU,8620000000000337,ORD-504287,Authorised,2026-06-17 09:11:40,Europe/Amsterdam,EUR,,9.99,,,EUR,,,25
LumoGroup,LumoECOM_EU,8620000000001207,ORD-505157,Refused,2026-06-17 09:24:08,Europe/Amsterdam,EUR,,59.99,,,EUR,,,25
LumoGroup,LumoAPP_US,8620000000001451,ORD-505401,Authorised,2026-06-17 09:25:39,Europe/Amsterdam,USD,,24.99,,,USD,,,25
LumoGroup,LumoECOM_EU,8620000000000832,ORD-504782,Settled,2026-06-17 09:28:56,Europe/Amsterdam,GBP,,8.99,0.17,0.05,GBP,,8.77,25
LumoGroup,LumoECOM_EU,8620000000001578,ORD-505528,Authorised,2026-06-17 09:47:46,Europe/Amsterdam,EUR,,9.99,,,EUR,,,25
LumoGroup,LumoECOM_EU,8620000000000337,ORD-504287,Settled,2026-06-17 09:52:40,Europe/Amsterdam,EUR,,9.99,0.19,0.06,EUR,,9.74,25
LumoGroup,LumoECOM_EU,8620000000000595,ORD-504545,Authorised,2026-06-17 10:09:26,Europe/Amsterdam,EUR,,24.99,,,EUR,,,25
LumoGroup,LumoAPP_US,8620000000001451,ORD-505401,Settled,2026-06-17 10:18:39,Europe/Amsterdam,USD,,24.99,0.47,0.15,USD,,24.37,25
LumoGroup,LumoECOM_EU,8620000000001562,ORD-505512,Authorised,2026-06-17 10:21:13,Europe/Amsterdam,GBP,,8.99,,,GBP,,,25
LumoGroup,LumoECOM_EU,8620000000000715,ORD-504665,Authorised,2026-06-17 10:26:14,Europe/Amsterdam,EUR,,9.99,,,EUR,,,25
LumoGroup,LumoECOM_EU,8620000000001496,ORD-505446,Authorised,2026-06-17 10:37:58,Europe/Amsterdam,EUR,,24.99,,,EUR,,,25
LumoGroup,LumoECOM_EU,8620000000001496,ORD-505446,Settled,2026-06-17 10:49:58,Europe/Amsterdam,EUR,,24.99,0.47,0.15,EUR,,24.37,25
LumoGroup,LumoECOM_EU,8620000000000595,ORD-504545,Settled,2026-06-17 10:56:26,Europe/Amsterdam,EUR,,24.99,0.47,0.15,EUR,,24.37,25
LumoGroup,LumoECOM_EU,8620000000000714,ORD-504664,Authorised,2026-06-17 11:07:12,Europe/Amsterdam,EUR,,9.99,,,EUR,,,25
LumoGroup,LumoECOM_EU,8620000000001016,ORD-504966,Authorised,2026-06-17 11:11:43,Europe/Amsterdam,GBP,,8.99,,,GBP,,,25
LumoGroup,LumoECOM_EU,8620000000001596,ORD-505546,Refused,2026-06-17 11:12:07,Europe/Amsterdam,EUR,,9.99,,,EUR,,,25
LumoGroup,LumoAPP_US,8620000000000757,ORD-504707,Authorised,2026-06-17 11:17:33,Europe/Amsterdam,USD,,9.99,,,USD,,,25
LumoGroup,LumoECOM_EU,8620000000001578,ORD-505528,Settled,2026-06-17 11:17:46,Europe/Amsterdam,EUR,,9.99,0.19,0.06,EUR,,9.74,25
LumoGroup,LumoECOM_EU,8620000000000714,ORD-504664,Settled,2026-06-17 11:24:12,Europe/Amsterdam,EUR,,9.99,0.19,0.06,EUR,,9.74,25
LumoGroup,LumoECOM_EU,8620000000000212,ORD-504162,Authorised,2026-06-17 11:24:16,Europe/Amsterdam,EUR,,24.99,,,EUR,,,25
LumoGroup,LumoECOM_EU,8620000000000528,ORD-504478,Refunded,2026-06-17 11:24:54,Europe/Amsterdam,EUR,4.99,,,,EUR,4.99,,25
LumoGroup,LumoAPP_US,8620000000001189,ORD-505139,Authorised,2026-06-17 11:27:47,Europe/Amsterdam,USD,,9.99,,,USD,,,25
LumoGroup,LumoECOM_EU,8620000000000715,ORD-504665,Settled,2026-06-17 11:29:14,Europe/Amsterdam,EUR,,9.99,0.19,0.06,EUR,,9.74,25
LumoGroup,LumoECOM_EU,8620000000001562,ORD-505512,Settled,2026-06-17 11:31:13,Europe/Amsterdam,GBP,,8.99,0.17,0.05,GBP,,8.77,25
LumoGroup,LumoAPP_US,8620000000001189,ORD-505139,Settled,2026-06-17 11:37:47,Europe/Amsterdam,USD,,9.99,0.19,0.06,USD,,9.74,25
LumoGroup,LumoAPP_US,8620000000000389,ORD-504339,Authorised,2026-06-17 11:43:12,Europe/Amsterdam,USD,,9.99,,,USD,,,25
LumoGroup,LumoECOM_EU,8620000000000212,ORD-504162,Settled,2026-06-17 11:47:16,Europe/Amsterdam,EUR,,24.99,0.47,0.15,EUR,,24.37,25
LumoGroup,LumoECOM_EU,8620000000001016,ORD-504966,Settled,2026-06-17 12:21:43,Europe/Amsterdam,GBP,,8.99,0.17,0.05,GBP,,8.77,25
LumoGroup,LumoECOM_EU,8620000000000393,ORD-504343,Refused,2026-06-17 12:33:11,Europe/Amsterdam,EUR,,9.99,,,EUR,,,25
LumoGroup,LumoECOM_EU,8620000000000474,ORD-504424,Authorised,2026-06-17 12:40:49,Europe/Amsterdam,EUR,,9.99,,,EUR,,,25
LumoGroup,LumoAPP_US,8620000000000944,ORD-504894,Authorised,2026-06-17 12:44:14,Europe/Amsterdam,USD,,59.99,,,USD,,,25
LumoGroup,LumoECOM_EU,8620000000000146,ORD-504096,Authorised,2026-06-17 12:44:33,Europe/Amsterdam,EUR,,9.99,,,EUR,,,25
LumoGroup,LumoAPP_US,8620000000000944,ORD-504894,Settled,2026-06-17 12:57:14,Europe/Amsterdam,USD,,59.99,1.14,0.36,USD,,58.49,25
LumoGroup,LumoAPP_US,8620000000000757,ORD-504707,Settled,2026-06-17 13:02:33,Europe/Amsterdam,USD,,9.99,0.19,0.06,USD,,9.74,25
LumoGroup,LumoECOM_EU,8620000000000146,ORD-504096,Settled,2026-06-17 13:16:33,Europe/Amsterdam,EUR,,9.99,0.19,0.06,EUR,,9.74,25
LumoGroup,LumoECOM_EU,8620000000000926,ORD-504876,Authorised,2026-06-17 13:20:20,Europe/Amsterdam,EUR,,24.99,,,EUR,,,25
LumoGroup,LumoECOM_EU,8620000000000883,ORD-504833,Authorised,2026-06-17 13:21:08,Europe/Amsterdam,EUR,,9.99,,,EUR,,,25
LumoGroup,LumoECOM_EU,8620000000000063,ORD-504013,Authorised,2026-06-17 13:31:14,Europe/Amsterdam,EUR,,9.99,,,EUR,,,25
LumoGroup,LumoAPP_US,8620000000000389,ORD-504339,Settled,2026-06-17 13:32:12,Europe/Amsterdam,USD,,9.99,0.19,0.06,USD,,9.74,25
LumoGroup,LumoECOM_EU,8620000000001311,ORD-505261,Authorised,2026-06-17 13:42:32,Europe/Amsterdam,EUR,,9.99,,,EUR,,,25
LumoGroup,LumoECOM_EU,8620000000000883,ORD-504833,Settled,2026-06-17 13:48:08,Europe/Amsterdam,EUR,,9.99,0.19,0.06,EUR,,9.74,25
LumoGroup,LumoECOM_EU,8620000000000926,ORD-504876,Settled,2026-06-17 14:01:20,Europe/Amsterdam,EUR,,24.99,0.47,0.15,EUR,,24.37,25
LumoGroup,LumoECOM_EU,8620000000001080,ORD-505030,Authorised,2026-06-17 14:02:44,Europe/Amsterdam,EUR,,24.99,,,EUR,,,25
LumoGroup,LumoECOM_EU,8620000000000510,ORD-504460,Authorised,2026-06-17 14:08:37,Europe/Amsterdam,EUR,,24.99,,,EUR,,,25
LumoGroup,LumoECOM_EU,8620000000000474,ORD-504424,Settled,2026-06-17 14:15:49,Europe/Amsterdam,EUR,,9.99,0.19,0.06,EUR,,9.74,25
LumoGroup,LumoECOM_EU,8620000000000538,ORD-504488,Authorised,2026-06-17 14:17:11,Europe/Amsterdam,EUR,,9.99,,,EUR,,,25
LumoGroup,LumoECOM_EU,8620000000000510,ORD-504460,Settled,2026-06-17 14:23:37,Europe/Amsterdam,EUR,,24.99,0.47,0.15,EUR,,24.37,25
LumoGroup,LumoECOM_EU,8620000000000063,ORD-504013,Settled,2026-06-17 14:29:14,Europe/Amsterdam,EUR,,9.99,0.19,0.06,EUR,,9.74,25
LumoGroup,LumoECOM_EU,8620000000001614,ORD-505564,Authorised,2026-06-17 14:31:14,Europe/Amsterdam,EUR,,59.99,,,EUR,,,25
LumoGroup,LumoECOM_EU,8620000000001080,ORD-505030,Settled,2026-06-17 14:34:44,Europe/Amsterdam,EUR,,24.99,0.47,0.15,EUR,,24.37,25
LumoGroup,LumoECOM_EU,8620000000001311,ORD-505261,Settled,2026-06-17 14:42:32,Europe/Amsterdam,EUR,,9.99,0.19,0.06,EUR,,9.74,25
LumoGroup,LumoECOM_EU,8620000000001078,ORD-505028,Authorised,2026-06-17 15:26:28,Europe/Amsterdam,GBP,,8.99,,,GBP,,,25
LumoGroup,LumoECOM_EU,8620000000000457,ORD-504407,Authorised,2026-06-17 15:33:18,Europe/Amsterdam,EUR,,9.99,,,EUR,,,25
LumoGroup,LumoECOM_EU,8620000000000173,ORD-504123,Authorised,2026-06-17 15:39:17,Europe/Amsterdam,GBP,,8.99,,,GBP,,,25
LumoGroup,LumoECOM_EU,8620000000001695,ORD-505645,Authorised,2026-06-17 15:40:50,Europe/Amsterdam,EUR,,9.99,,,EUR,,,25
LumoGroup,LumoAPP_US,8620000000001192,ORD-505142,Authorised,2026-06-17 15:41:15,Europe/Amsterdam,USD,,9.99,,,USD,,,25
LumoGroup,LumoECOM_EU,8620000000000553,ORD-504503,Authorised,2026-06-17 15:44:52,Europe/Amsterdam,EUR,,4.99,,,EUR,,,25
LumoGroup,LumoECOM_EU,8620000000000196,ORD-504146,Authorised,2026-06-17 15:54:10,Europe/Amsterdam,EUR,,9.99,,,EUR,,,25
LumoGroup,LumoECOM_EU,8620000000000817,ORD-504767,Authorised,2026-06-17 15:54:57,Europe/Amsterdam,EUR,,59.99,,,EUR,,,25
LumoGroup,LumoECOM_EU,8620000000000457,ORD-504407,Settled,2026-06-17 15:59:18,Europe/Amsterdam,EUR,,9.99,0.19,0.06,EUR,,9.74,25
LumoGroup,LumoECOM_EU,8620000000000538,ORD-504488,Settled,2026-06-17 16:00:11,Europe/Amsterdam,EUR,,9.99,0.19,0.06,EUR,,9.74,25
LumoGroup,LumoECOM_EU,8620000000001078,ORD-505028,Settled,2026-06-17 16:01:28,Europe/Amsterdam,GBP,,8.99,0.17,0.05,GBP,,8.77,25
LumoGroup,LumoAPP_US,8620000000000537,ORD-504487,Authorised,2026-06-17 16:03:29,Europe/Amsterdam,USD,,9.99,,,USD,,,25
LumoGroup,LumoECOM_EU,8620000000001614,ORD-505564,Settled,2026-06-17 16:16:14,Europe/Amsterdam,EUR,,59.99,1.14,0.36,EUR,,58.49,25
LumoGroup,LumoECOM_EU,8620000000000196,ORD-504146,Settled,2026-06-17 16:23:10,Europe/Amsterdam,EUR,,9.99,0.19,0.06,EUR,,9.74,25
LumoGroup,LumoECOM_EU,8620000000001695,ORD-505645,Settled,2026-06-17 16:25:50,Europe/Amsterdam,EUR,,9.99,0.19,0.06,EUR,,9.74,25
LumoGroup,LumoAPP_US,8620000000000537,ORD-504487,Settled,2026-06-17 16:29:29,Europe/Amsterdam,USD,,9.99,0.19,0.06,USD,,9.74,25
LumoGroup,LumoECOM_EU,8620000000000862,ORD-504812,Authorised,2026-06-17 16:41:05,Europe/Amsterdam,EUR,,9.99,,,EUR,,,25
LumoGroup,LumoECOM_EU,8620000000001038,ORD-504988,Authorised,2026-06-17 16:49:51,Europe/Amsterdam,EUR,,9.99,,,EUR,,,25
LumoGroup,LumoECOM_EU,8620000000000892,ORD-504842,Authorised,2026-06-17 16:51:10,Europe/Amsterdam,EUR,,59.99,,,EUR,,,25
LumoGroup,LumoECOM_EU,8620000000001039,ORD-504989,Authorised,2026-06-17 16:55:57,Europe/Amsterdam,EUR,,9.99,,,EUR,,,25
LumoGroup,LumoAPP_US,8620000000000266,ORD-504216,Authorised,2026-06-17 17:07:51,Europe/Amsterdam,USD,,9.99,,,USD,,,25
LumoGroup,LumoECOM_EU,8620000000000892,ORD-504842,Settled,2026-06-17 17:08:10,Europe/Amsterdam,EUR,,59.99,1.14,0.36,EUR,,58.49,25
LumoGroup,LumoECOM_EU,8620000000000553,ORD-504503,Settled,2026-06-17 17:11:52,Europe/Amsterdam,EUR,,4.99,0.09,0.03,EUR,,4.87,25
LumoGroup,LumoAPP_US,8620000000001192,ORD-505142,Settled,2026-06-17 17:18:15,Europe/Amsterdam,USD,,9.99,0.19,0.06,USD,,9.74,25
LumoGroup,LumoECOM_EU,8620000000001038,ORD-504988,Settled,2026-06-17 17:23:51,Europe/Amsterdam,EUR,,9.99,0.19,0.06,EUR,,9.74,25
LumoGroup,LumoECOM_EU,8620000000000315,ORD-504265,Authorised,2026-06-17 17:25:09,Europe/Amsterdam,EUR,,9.99,,,EUR,,,25
LumoGroup,LumoECOM_EU,8620000000000173,ORD-504123,Settled,2026-06-17 17:27:17,Europe/Amsterdam,GBP,,8.99,0.17,0.05,GBP,,8.77,25
LumoGroup,LumoECOM_EU,8620000000000862,ORD-504812,Settled,2026-06-17 17:28:05,Europe/Amsterdam,EUR,,9.99,0.19,0.06,EUR,,9.74,25
LumoGroup,LumoECOM_EU,8620000000001688,ORD-505638,Refunded,2026-06-17 17:30:47,Europe/Amsterdam,EUR,24.99,,,,EUR,24.99,,25
LumoGroup,LumoECOM_EU,8620000000000315,ORD-504265,Settled,2026-06-17 17:34:09,Europe/Amsterdam,EUR,,9.99,0.19,0.06,EUR,,9.74,25
LumoGroup,LumoECOM_EU,8620000000000817,ORD-504767,Settled,2026-06-17 17:39:57,Europe/Amsterdam,EUR,,59.99,1.14,0.36,EUR,,58.49,25
LumoGroup,LumoECOM_EU,8620000000001487,ORD-505437,Authorised,2026-06-17 17:42:36,Europe/Amsterdam,EUR,,24.99,,,EUR,,,25
LumoGroup,LumoAPP_US,8620000000001623,ORD-505573,Authorised,2026-06-17 17:55:00,Europe/Amsterdam,USD,,9.99,,,USD,,,25
LumoGroup,LumoECOM_EU,8620000000001039,ORD-504989,Settled,2026-06-17 17:58:57,Europe/Amsterdam,EUR,,9.99,0.19,0.06,EUR,,9.74,25
LumoGroup,LumoAPP_US,8620000000000535,ORD-504485,Authorised,2026-06-17 18:03:41,Europe/Amsterdam,USD,,59.99,,,USD,,,25
LumoGroup,LumoAPP_US,8620000000000085,ORD-504035,Authorised,2026-06-17 18:22:01,Europe/Amsterdam,USD,,24.99,,,USD,,,25
LumoGroup,LumoECOM_EU,8620000000001051,ORD-505001,Authorised,2026-06-17 18:25:44,Europe/Amsterdam,EUR,,24.99,,,EUR,,,25
LumoGroup,LumoECOM_EU,8620000000000628,ORD-504578,Authorised,2026-06-17 18:26:50,Europe/Amsterdam,EUR,,24.99,,,EUR,,,25
LumoGroup,LumoAPP_US,8620000000000266,ORD-504216,Settled,2026-06-17 18:26:51,Europe/Amsterdam,USD,,9.99,0.19,0.06,USD,,9.74,25
LumoGroup,LumoAPP_US,8620000000000535,ORD-504485,Settled,2026-06-17 18:35:41,Europe/Amsterdam,USD,,59.99,1.14,0.36,USD,,58.49,25
LumoGroup,LumoECOM_EU,8620000000000275,ORD-504225,Authorised,2026-06-17 18:54:53,Europe/Amsterdam,EUR,,9.99,,,EUR,,,25
LumoGroup,LumoECOM_EU,8620000000000021,ORD-503971,Authorised,2026-06-17 18:55:38,Europe/Amsterdam,EUR,,4.99,,,EUR,,,25
LumoGroup,LumoECOM_EU,8620000000001190,ORD-505140,Authorised,2026-06-17 19:02:40,Europe/Amsterdam,EUR,,9.99,,,EUR,,,25
LumoGroup,LumoAPP_US,8620000000001623,ORD-505573,Settled,2026-06-17 19:03:00,Europe/Amsterdam,USD,,9.99,0.19,0.06,USD,,9.74,25
LumoGroup,LumoECOM_EU,8620000000001146,ORD-505096,Authorised,2026-06-17 19:13:29,Europe/Amsterdam,GBP,,8.99,,,GBP,,,25
LumoGroup,LumoECOM_EU,8620000000000021,ORD-503971,Settled,2026-06-17 19:13:38,Europe/Amsterdam,EUR,,4.99,0.09,0.03,EUR,,4.87,25
LumoGroup,LumoECOM_EU,8620000000001487,ORD-505437,Settled,2026-06-17 19:14:36,Europe/Amsterdam,EUR,,24.99,0.47,0.15,EUR,,24.37,25
LumoGroup,LumoAPP_US,8620000000000905,ORD-504855,Authorised,2026-06-17 19:30:49,Europe/Amsterdam,USD,,9.99,,,USD,,,25
LumoGroup,LumoECOM_EU,8620000000000355,ORD-504305,Authorised,2026-06-17 19:31:24,Europe/Amsterdam,EUR,,9.99,,,EUR,,,25
LumoGroup,LumoECOM_EU,8620000000000275,ORD-504225,Settled,2026-06-17 19:32:53,Europe/Amsterdam,EUR,,9.99,0.19,0.06,EUR,,9.74,25
LumoGroup,LumoAPP_US,8620000000000400,ORD-504350,Authorised,2026-06-17 19:37:22,Europe/Amsterdam,USD,,9.99,,,USD,,,25
LumoGroup,LumoAPP_US,8620000000000154,ORD-504104,Authorised,2026-06-17 19:39:07,Europe/Amsterdam,USD,,24.99,,,USD,,,25
LumoGroup,LumoECOM_EU,8620000000000628,ORD-504578,Settled,2026-06-17 19:43:50,Europe/Amsterdam,EUR,,24.99,0.47,0.15,EUR,,24.37,25
LumoGroup,LumoAPP_US,8620000000000085,ORD-504035,Settled,2026-06-17 19:46:01,Europe/Amsterdam,USD,,24.99,0.47,0.15,USD,,24.37,25
LumoGroup,LumoAPP_US,8620000000000400,ORD-504350,Settled,2026-06-17 19:53:22,Europe/Amsterdam,USD,,9.99,0.19,0.06,USD,,9.74,25
LumoGroup,LumoAPP_US,8620000000000154,ORD-504104,Settled,2026-06-17 19:57:07,Europe/Amsterdam,USD,,24.99,0.47,0.15,USD,,24.37,25
LumoGroup,LumoECOM_EU,8620000000001051,ORD-505001,Settled,2026-06-17 19:57:44,Europe/Amsterdam,EUR,,24.99,0.47,0.15,EUR,,24.37,25
LumoGroup,LumoECOM_EU,8620000000000056,ORD-504006,Authorised,2026-06-17 20:06:21,Europe/Amsterdam,EUR,,9.99,,,EUR,,,25
LumoGroup,LumoAPP_US,8620000000001275,ORD-505225,Authorised,2026-06-17 20:11:39,Europe/Amsterdam,USD,,9.99,,,USD,,,25
LumoGroup,LumoAPP_US,8620000000000905,ORD-504855,Settled,2026-06-17 20:11:49,Europe/Amsterdam,USD,,9.99,0.19,0.06,USD,,9.74,25
LumoGroup,LumoECOM_EU,8620000000001146,ORD-505096,Settled,2026-06-17 20:22:29,Europe/Amsterdam,GBP,,8.99,0.17,0.05,GBP,,8.77,25
LumoGroup,LumoECOM_EU,8620000000000056,ORD-504006,Settled,2026-06-17 20:25:21,Europe/Amsterdam,EUR,,9.99,0.19,0.06,EUR,,9.74,25
LumoGroup,LumoECOM_EU,8620000000001190,ORD-505140,Settled,2026-06-17 20:25:40,Europe/Amsterdam,EUR,,9.99,0.19,0.06,EUR,,9.74,25
LumoGroup,LumoECOM_EU,8620000000000355,ORD-504305,Settled,2026-06-17 20:57:24,Europe/Amsterdam,EUR,,9.99,0.19,0.06,EUR,,9.74,25
LumoGroup,LumoAPP_US,8620000000001275,ORD-505225,Settled,2026-06-17 21:22:39,Europe/Amsterdam,USD,,9.99,0.19,0.06,USD,,9.74,25
LumoGroup,LumoECOM_EU,8620000000000206,ORD-504156,Refused,2026-06-18 09:22:23,Europe/Amsterdam,EUR,,24.99,,,EUR,,,25
LumoGroup,LumoECOM_EU,8620000000001650,ORD-505600,Authorised,2026-06-18 09:33:41,Europe/Amsterdam,EUR,,9.99,,,EUR,,,25
LumoGroup,LumoECOM_EU,8620000000000097,ORD-504047,Authorised,2026-06-18 09:41:14,Europe/Amsterdam,EUR,,9.99,,,EUR,,,25
LumoGroup,LumoECOM_EU,8620000000001650,ORD-505600,Settled,2026-06-18 09:42:41,Europe/Amsterdam,EUR,,9.99,0.19,0.06,EUR,,9.74,25
LumoGroup,LumoECOM_EU,8620000000000622,ORD-504572,Authorised,2026-06-18 09:44:23,Europe/Amsterdam,EUR,,4.99,,,EUR,,,25
LumoGroup,LumoAPP_US,8620000000000365,ORD-504315,Authorised,2026-06-18 10:16:53,Europe/Amsterdam,USD,,24.99,,,USD,,,25
LumoGroup,LumoECOM_EU,8620000000000159,ORD-504109,Authorised,2026-06-18 10:20:06,Europe/Amsterdam,EUR,,24.99,,,EUR,,,25
LumoGroup,LumoECOM_EU,8620000000001070,ORD-505020,Authorised,2026-06-18 10:43:30,Europe/Amsterdam,GBP,,54.99,,,GBP,,,25
LumoGroup,LumoECOM_EU,8620000000000097,ORD-504047,Settled,2026-06-18 10:52:14,Europe/Amsterdam,EUR,,9.99,0.19,0.06,EUR,,9.74,25
LumoGroup,LumoECOM_EU,8620000000000622,ORD-504572,Settled,2026-06-18 11:09:23,Europe/Amsterdam,EUR,,4.99,0.09,0.03,EUR,,4.87,25
LumoGroup,LumoECOM_EU,8620000000000384,ORD-504334,Authorised,2026-06-18 11:09:44,Europe/Amsterdam,EUR,,9.99,,,EUR,,,25
LumoGroup,LumoECOM_EU,8620000000001128,ORD-505078,Authorised,2026-06-18 11:26:44,Europe/Amsterdam,EUR,,9.99,,,EUR,,,25
LumoGroup,LumoECOM_EU,8620000000000503,ORD-504453,Authorised,2026-06-18 11:32:02,Europe/Amsterdam,EUR,,9.99,,,EUR,,,25
LumoGroup,LumoECOM_EU,8620000000000159,ORD-504109,Settled,2026-06-18 11:35:06,Europe/Amsterdam,EUR,,24.99,0.47,0.15,EUR,,24.37,25
LumoGroup,LumoAPP_US,8620000000000365,ORD-504315,Settled,2026-06-18 11:44:53,Europe/Amsterdam,USD,,24.99,0.47,0.15,USD,,24.37,25
LumoGroup,LumoECOM_EU,8620000000000503,ORD-504453,Settled,2026-06-18 11:52:02,Europe/Amsterdam,EUR,,9.99,0.19,0.06,EUR,,9.74,25
LumoGroup,LumoECOM_EU,8620000000001070,ORD-505020,Settled,2026-06-18 12:26:30,Europe/Amsterdam,GBP,,54.99,1.04,0.33,GBP,,53.62,25
LumoGroup,LumoECOM_EU,8620000000001137,ORD-505087,Refunded,2026-06-18 12:33:09,Europe/Amsterdam,EUR,9.99,,,,EUR,9.99,,25
LumoGroup,LumoAPP_US,8620000000000545,ORD-504495,Authorised,2026-06-18 12:39:43,Europe/Amsterdam,USD,,59.99,,,USD,,,25
LumoGroup,LumoECOM_EU,8620000000001128,ORD-505078,Settled,2026-06-18 12:47:44,Europe/Amsterdam,EUR,,9.99,0.19,0.06,EUR,,9.74,25
LumoGroup,LumoECOM_EU,8620000000000384,ORD-504334,Settled,2026-06-18 12:50:44,Europe/Amsterdam,EUR,,9.99,0.19,0.06,EUR,,9.74,25
LumoGroup,LumoECOM_EU,8620000000001062,ORD-505012,Authorised,2026-06-18 12:51:30,Europe/Amsterdam,GBP,,8.99,,,GBP,,,25
LumoGroup,LumoECOM_EU,8620000000001520,ORD-505470,Authorised,2026-06-18 13:03:43,Europe/Amsterdam,GBP,,21.99,,,GBP,,,25
LumoGroup,LumoECOM_EU,8620000000000407,ORD-504357,Authorised,2026-06-18 13:10:04,Europe/Amsterdam,EUR,,4.99,,,EUR,,,25
LumoGroup,LumoECOM_EU,8620000000001516,ORD-505466,Authorised,2026-06-18 13:31:46,Europe/Amsterdam,GBP,,8.99,,,GBP,,,25
LumoGroup,LumoECOM_EU,8620000000000705,ORD-504655,Authorised,2026-06-18 13:32:20,Europe/Amsterdam,EUR,,9.99,,,EUR,,,25
LumoGroup,LumoECOM_EU,8620000000001107,ORD-505057,Authorised,2026-06-18 13:33:07,Europe/Amsterdam,EUR,,9.99,,,EUR,,,25
LumoGroup,LumoECOM_EU,8620000000000717,ORD-504667,Authorised,2026-06-18 13:37:42,Europe/Amsterdam,GBP,,21.99,,,GBP,,,25
LumoGroup,LumoAPP_US,8620000000000545,ORD-504495,Settled,2026-06-18 13:39:43,Europe/Amsterdam,USD,,59.99,1.14,0.36,USD,,58.49,25
LumoGroup,LumoECOM_EU,8620000000000089,ORD-504039,Authorised,2026-06-18 13:44:45,Europe/Amsterdam,EUR,,9.99,,,EUR,,,25
LumoGroup,LumoECOM_EU,8620000000001421,ORD-505371,Authorised,2026-06-18 13:47:52,Europe/Amsterdam,EUR,,59.99,,,EUR,,,25
LumoGroup,LumoECOM_EU,8620000000001062,ORD-505012,Settled,2026-06-18 13:51:30,Europe/Amsterdam,GBP,,8.99,0.17,0.05,GBP,,8.77,25
LumoGroup,LumoECOM_EU,8620000000001785,ORD-507792,Authorised,2026-06-18 14:00:00,Europe/Amsterdam,EUR,,59.99,,,EUR,,,25
LumoGroup,LumoECOM_EU,8620000000000968,ORD-504918,Authorised,2026-06-18 14:09:13,Europe/Amsterdam,EUR,,59.99,,,EUR,,,25
LumoGroup,LumoECOM_EU,8620000000001516,ORD-505466,Settled,2026-06-18 14:12:46,Europe/Amsterdam,GBP,,8.99,0.17,0.05,GBP,,8.77,25
LumoGroup,LumoECOM_EU,8620000000000407,ORD-504357,Settled,2026-06-18 14:20:04,Europe/Amsterdam,EUR,,4.99,0.09,0.03,EUR,,4.87,25
LumoGroup,LumoECOM_EU,8620000000000801,ORD-504751,Authorised,2026-06-18 14:24:17,Europe/Amsterdam,EUR,,9.99,,,EUR,,,25
LumoGroup,LumoECOM_EU,8620000000001520,ORD-505470,Settled,2026-06-18 14:37:43,Europe/Amsterdam,GBP,,21.99,0.42,0.13,GBP,,21.44,25
LumoGroup,LumoAPP_US,8620000000001682,ORD-505632,Authorised,2026-06-18 14:38:11,Europe/Amsterdam,USD,,9.99,,,USD,,,25
LumoGroup,LumoECOM_EU,8620000000000968,ORD-504918,Settled,2026-06-18 14:38:13,Europe/Amsterdam,EUR,,59.99,1.14,0.36,EUR,,58.49,25
LumoGroup,LumoECOM_EU,8620000000001421,ORD-505371,Settled,2026-06-18 14:44:52,Europe/Amsterdam,EUR,,59.99,1.14,0.36,EUR,,58.49,25
LumoGroup,LumoECOM_EU,8620000000001107,ORD-505057,Settled,2026-06-18 14:46:07,Europe/Amsterdam,EUR,,9.99,0.19,0.06,EUR,,9.74,25
LumoGroup,LumoECOM_EU,8620000000001785,ORD-507792,Settled,2026-06-18 14:48:00,Europe/Amsterdam,EUR,,35.99,0.68,0.22,EUR,,35.09,25
LumoGroup,LumoECOM_EU,8620000000000705,ORD-504655,Settled,2026-06-18 15:02:20,Europe/Amsterdam,EUR,,9.99,0.19,0.06,EUR,,9.74,25
LumoGroup,LumoECOM_EU,8620000000000089,ORD-504039,Settled,2026-06-18 15:04:45,Europe/Amsterdam,EUR,,9.99,0.19,0.06,EUR,,9.74,25
LumoGroup,LumoECOM_EU,8620000000000717,ORD-504667,Settled,2026-06-18 15:07:42,Europe/Amsterdam,GBP,,21.99,0.42,0.13,GBP,,21.44,25
LumoGroup,LumoECOM_EU,8620000000000880,ORD-504830,Authorised,2026-06-18 15:09:44,Europe/Amsterdam,EUR,,9.99,,,EUR,,,25
LumoGroup,LumoECOM_EU,8620000000001020,ORD-504970,Authorised,2026-06-18 15:15:44,Europe/Amsterdam,GBP,,21.99,,,GBP,,,25
LumoGroup,LumoAPP_US,8620000000001682,ORD-505632,Settled,2026-06-18 15:23:11,Europe/Amsterdam,USD,,9.99,0.19,0.06,USD,,9.74,25
LumoGroup,LumoECOM_EU,8620000000000434,ORD-504384,Authorised,2026-06-18 15:26:01,Europe/Amsterdam,EUR,,59.99,,,EUR,,,25
LumoGroup,LumoECOM_EU,8620000000000868,ORD-504818,Authorised,2026-06-18 15:29:57,Europe/Amsterdam,EUR,,9.99,,,EUR,,,25
LumoGroup,LumoECOM_EU,8620000000000815,ORD-504765,Authorised,2026-06-18 15:40:31,Europe/Amsterdam,EUR,,9.99,,,EUR,,,25
LumoGroup,LumoECOM_EU,8620000000000801,ORD-504751,Settled,2026-06-18 15:44:17,Europe/Amsterdam,EUR,,9.99,0.19,0.06,EUR,,9.74,25
LumoGroup,LumoECOM_EU,8620000000001082,ORD-505032,Authorised,2026-06-18 15:59:56,Europe/Amsterdam,EUR,,24.99,,,EUR,,,25
LumoGroup,LumoECOM_EU,8620000000001539,ORD-505489,Authorised,2026-06-18 16:00:03,Europe/Amsterdam,EUR,,9.99,,,EUR,,,25
LumoGroup,LumoECOM_EU,8620000000000296,ORD-504246,Authorised,2026-06-18 16:00:18,Europe/Amsterdam,EUR,,59.99,,,EUR,,,25
LumoGroup,LumoECOM_EU,8620000000000494,ORD-504444,Refused,2026-06-18 16:04:13,Europe/Amsterdam,GBP,,8.99,,,GBP,,,25
LumoGroup,LumoECOM_EU,8620000000001539,ORD-505489,Settled,2026-06-18 16:07:03,Europe/Amsterdam,EUR,,9.99,0.19,0.06,EUR,,9.74,25
LumoGroup,LumoECOM_EU,8620000000001327,ORD-505277,Authorised,2026-06-18 16:07:48,Europe/Amsterdam,EUR,,9.99,,,EUR,,,25
LumoGroup,LumoAPP_US,8620000000000808,ORD-504758,Authorised,2026-06-18 16:09:31,Europe/Amsterdam,USD,,9.99,,,USD,,,25
LumoGroup,LumoECOM_EU,8620000000000868,ORD-504818,Settled,2026-06-18 16:11:57,Europe/Amsterdam,EUR,,9.99,0.19,0.06,EUR,,9.74,25
LumoGroup,LumoECOM_EU,8620000000000434,ORD-504384,Settled,2026-06-18 16:16:01,Europe/Amsterdam,EUR,,59.99,1.14,0.36,EUR,,58.49,25
LumoGroup,LumoECOM_EU,8620000000000620,ORD-504570,Authorised,2026-06-18 16:16:15,Europe/Amsterdam,EUR,,9.99,,,EUR,,,25
LumoGroup,LumoECOM_EU,8620000000001020,ORD-504970,Settled,2026-06-18 16:21:44,Europe/Amsterdam,GBP,,21.99,0.42,0.13,GBP,,21.44,25
LumoGroup,LumoECOM_EU,8620000000001079,ORD-505029,Authorised,2026-06-18 16:26:44,Europe/Amsterdam,EUR,,9.99,,,EUR,,,25
LumoGroup,LumoAPP_US,8620000000000808,ORD-504758,Settled,2026-06-18 16:35:31,Europe/Amsterdam,USD,,9.99,0.19,0.06,USD,,9.74,25
LumoGroup,LumoECOM_EU,8620000000000880,ORD-504830,Settled,2026-06-18 16:39:44,Europe/Amsterdam,EUR,,9.99,0.19,0.06,EUR,,9.74,25
LumoGroup,LumoECOM_EU,8620000000000815,ORD-504765,Settled,2026-06-18 16:42:31,Europe/Amsterdam,EUR,,9.99,0.19,0.06,EUR,,9.74,25
LumoGroup,LumoECOM_EU,8620000000000800,ORD-504750,Authorised,2026-06-18 16:50:41,Europe/Amsterdam,EUR,,9.99,,,EUR,,,25
LumoGroup,LumoECOM_EU,8620000000001079,ORD-505029,Settled,2026-06-18 16:53:44,Europe/Amsterdam,EUR,,9.99,0.19,0.06,EUR,,9.74,25
LumoGroup,LumoAPP_US,8620000000000739,ORD-504689,Authorised,2026-06-18 17:03:02,Europe/Amsterdam,USD,,9.99,,,USD,,,25
LumoGroup,LumoECOM_EU,8620000000000296,ORD-504246,Settled,2026-06-18 17:06:18,Europe/Amsterdam,EUR,,59.99,1.14,0.36,EUR,,58.49,25
LumoGroup,LumoECOM_EU,8620000000001411,ORD-505361,Authorised,2026-06-18 17:11:51,Europe/Amsterdam,EUR,,9.99,,,EUR,,,25
LumoGroup,LumoECOM_EU,8620000000001327,ORD-505277,Settled,2026-06-18 17:16:48,Europe/Amsterdam,EUR,,9.99,0.19,0.06,EUR,,9.74,25
LumoGroup,LumoAPP_US,8620000000000739,ORD-504689,Settled,2026-06-18 17:19:02,Europe/Amsterdam,USD,,9.99,0.19,0.06,USD,,9.74,25
LumoGroup,LumoECOM_EU,8620000000001535,ORD-505485,Authorised,2026-06-18 17:21:46,Europe/Amsterdam,EUR,,9.99,,,EUR,,,25
LumoGroup,LumoECOM_EU,8620000000001577,ORD-505527,Authorised,2026-06-18 17:24:31,Europe/Amsterdam,EUR,,9.99,,,EUR,,,25
LumoGroup,LumoECOM_EU,8620000000000800,ORD-504750,Settled,2026-06-18 17:33:41,Europe/Amsterdam,EUR,,9.99,0.19,0.06,EUR,,9.74,25
LumoGroup,LumoECOM_EU,8620000000000620,ORD-504570,Settled,2026-06-18 17:41:15,Europe/Amsterdam,EUR,,9.99,0.19,0.06,EUR,,9.74,25
LumoGroup,LumoECOM_EU,8620000000000763,ORD-504713,Authorised,2026-06-18 17:46:12,Europe/Amsterdam,EUR,,9.99,,,EUR,,,25
LumoGroup,LumoECOM_EU,8620000000001082,ORD-505032,Settled,2026-06-18 17:48:56,Europe/Amsterdam,EUR,,24.99,0.47,0.15,EUR,,24.37,25
LumoGroup,LumoECOM_EU,8620000000001411,ORD-505361,Settled,2026-06-18 17:53:51,Europe/Amsterdam,EUR,,9.99,0.19,0.06,EUR,,9.74,25
LumoGroup,LumoECOM_EU,8620000000001655,ORD-505605,Authorised,2026-06-18 18:04:39,Europe/Amsterdam,GBP,,4.49,,,GBP,,,25
LumoGroup,LumoECOM_EU,8620000000000763,ORD-504713,Settled,2026-06-18 18:05:12,Europe/Amsterdam,EUR,,9.99,0.19,0.06,EUR,,9.74,25
LumoGroup,LumoECOM_EU,8620000000001577,ORD-505527,Settled,2026-06-18 18:07:31,Europe/Amsterdam,EUR,,9.99,0.19,0.06,EUR,,9.74,25
LumoGroup,LumoECOM_EU,8620000000001672,ORD-505622,Authorised,2026-06-18 18:15:53,Europe/Amsterdam,GBP,,8.99,,,GBP,,,25
LumoGroup,LumoECOM_EU,8620000000000520,ORD-504470,Refused,2026-06-18 18:23:44,Europe/Amsterdam,GBP,,8.99,,,GBP,,,25
LumoGroup,LumoAPP_US,8620000000000130,ORD-504080,Authorised,2026-06-18 18:32:39,Europe/Amsterdam,USD,,4.99,,,USD,,,25
LumoGroup,LumoECOM_EU,8620000000001524,ORD-505474,Authorised,2026-06-18 18:34:28,Europe/Amsterdam,EUR,,9.99,,,EUR,,,25
LumoGroup,LumoAPP_US,8620000000000130,ORD-504080,Settled,2026-06-18 18:40:39,Europe/Amsterdam,USD,,4.99,0.09,0.03,USD,,4.87,25
LumoGroup,LumoECOM_EU,8620000000001681,ORD-505631,Authorised,2026-06-18 18:46:28,Europe/Amsterdam,EUR,,4.99,,,EUR,,,25
LumoGroup,LumoECOM_EU,8620000000001655,ORD-505605,Settled,2026-06-18 18:46:39,Europe/Amsterdam,GBP,,4.49,0.09,0.02,GBP,,4.38,25
LumoGroup,LumoECOM_EU,8620000000001535,ORD-505485,Settled,2026-06-18 19:00:46,Europe/Amsterdam,EUR,,9.99,0.19,0.06,EUR,,9.74,25
LumoGroup,LumoECOM_EU,8620000000000368,ORD-504318,Authorised,2026-06-18 19:14:04,Europe/Amsterdam,GBP,,8.99,,,GBP,,,25
LumoGroup,LumoECOM_EU,8620000000001681,ORD-505631,Settled,2026-06-18 19:31:28,Europe/Amsterdam,EUR,,4.99,0.09,0.03,EUR,,4.87,25
LumoGroup,LumoECOM_EU,8620000000001431,ORD-505381,Authorised,2026-06-18 19:39:25,Europe/Amsterdam,EUR,,24.99,,,EUR,,,25
LumoGroup,LumoECOM_EU,8620000000001431,ORD-505381,Settled,2026-06-18 19:52:25,Europe/Amsterdam,EUR,,24.99,0.47,0.15,EUR,,24.37,25
LumoGroup,LumoAPP_US,8620000000000726,ORD-504676,Authorised,2026-06-18 19:55:50,Europe/Amsterdam,USD,,9.99,,,USD,,,25
LumoGroup,LumoECOM_EU,8620000000001672,ORD-505622,Settled,2026-06-18 19:57:53,Europe/Amsterdam,GBP,,8.99,0.17,0.05,GBP,,8.77,25
LumoGroup,LumoECOM_EU,8620000000001524,ORD-505474,Settled,2026-06-18 19:58:28,Europe/Amsterdam,EUR,,9.99,0.19,0.06,EUR,,9.74,25
LumoGroup,LumoECOM_EU,8620000000000562,ORD-504512,Authorised,2026-06-18 20:08:35,Europe/Amsterdam,EUR,,4.99,,,EUR,,,25
LumoGroup,LumoAPP_US,8620000000000726,ORD-504676,Settled,2026-06-18 20:10:50,Europe/Amsterdam,USD,,9.99,0.19,0.06,USD,,9.74,25
LumoGroup,LumoAPP_US,8620000000000374,ORD-504324,Authorised,2026-06-18 20:24:04,Europe/Amsterdam,USD,,9.99,,,USD,,,25
LumoGroup,LumoECOM_EU,8620000000000368,ORD-504318,Settled,2026-06-18 20:27:04,Europe/Amsterdam,GBP,,8.99,0.17,0.05,GBP,,8.77,25
LumoGroup,LumoECOM_EU,8620000000001381,ORD-505331,Authorised,2026-06-18 20:51:45,Europe/Amsterdam,EUR,,59.99,,,EUR,,,25
LumoGroup,LumoECOM_EU,8620000000000562,ORD-504512,Settled,2026-06-18 21:05:35,Europe/Amsterdam,EUR,,4.99,0.09,0.03,EUR,,4.87,25
LumoGroup,LumoECOM_EU,8620000000001381,ORD-505331,Settled,2026-06-18 21:24:45,Europe/Amsterdam,EUR,,59.99,1.14,0.36,EUR,,58.49,25
LumoGroup,LumoAPP_US,8620000000000374,ORD-504324,Settled,2026-06-18 21:51:04,Europe/Amsterdam,USD,,9.99,0.19,0.06,USD,,9.74,25
LumoGroup,LumoECOM_EU,8620000000000791,ORD-504741,Authorised,2026-06-19 09:15:54,Europe/Amsterdam,EUR,,9.99,,,EUR,,,25
LumoGroup,LumoECOM_EU,8620000000001490,ORD-505440,Authorised,2026-06-19 09:32:29,Europe/Amsterdam,EUR,,9.99,,,EUR,,,25
LumoGroup,LumoECOM_EU,8620000000000456,ORD-504406,Authorised,2026-06-19 09:33:16,Europe/Amsterdam,EUR,,24.99,,,EUR,,,25
LumoGroup,LumoECOM_EU,8620000000001019,ORD-504969,Authorised,2026-06-19 09:34:47,Europe/Amsterdam,EUR,,9.99,,,EUR,,,25
LumoGroup,LumoAPP_US,8620000000001191,ORD-505141,Authorised,2026-06-19 09:39:55,Europe/Amsterdam,USD,,24.99,,,USD,,,25
LumoGroup,LumoECOM_EU,8620000000000456,ORD-504406,Settled,2026-06-19 10:00:16,Europe/Amsterdam,EUR,,24.99,0.47,0.15,EUR,,24.37,25
LumoGroup,LumoAPP_US,8620000000000654,ORD-504604,Refused,2026-06-19 10:04:25,Europe/Amsterdam,USD,,9.99,,,USD,,,25
LumoGroup,LumoAPP_US,8620000000000552,ORD-504502,Authorised,2026-06-19 10:09:39,Europe/Amsterdam,USD,,24.99,,,USD,,,25
LumoGroup,LumoAPP_US,8620000000001088,ORD-505038,Authorised,2026-06-19 10:09:56,Europe/Amsterdam,USD,,9.99,,,USD,,,25
LumoGroup,LumoAPP_US,8620000000001694,ORD-505644,Authorised,2026-06-19 10:20:00,Europe/Amsterdam,USD,,4.99,,,USD,,,25
LumoGroup,LumoECOM_EU,8620000000001064,ORD-505014,Refused,2026-06-19 10:20:13,Europe/Amsterdam,EUR,,9.99,,,EUR,,,25
LumoGroup,LumoECOM_EU,8620000000000481,ORD-504431,Authorised,2026-06-19 10:28:14,Europe/Amsterdam,EUR,,9.99,,,EUR,,,25
LumoGroup,LumoECOM_EU,8620000000001019,ORD-504969,Settled,2026-06-19 10:32:47,Europe/Amsterdam,EUR,,9.99,0.19,0.06,EUR,,9.74,25
LumoGroup,LumoECOM_EU,8620000000000835,ORD-504785,Authorised,2026-06-19 10:36:14,Europe/Amsterdam,EUR,,9.99,,,EUR,,,25
LumoGroup,LumoECOM_EU,8620000000000791,ORD-504741,Settled,2026-06-19 10:38:54,Europe/Amsterdam,EUR,,9.99,0.19,0.06,EUR,,9.74,25
LumoGroup,LumoECOM_EU,8620000000000835,ORD-504785,Settled,2026-06-19 10:45:14,Europe/Amsterdam,EUR,,9.99,0.19,0.06,EUR,,9.74,25
LumoGroup,LumoAPP_US,8620000000001191,ORD-505141,Settled,2026-06-19 10:45:55,Europe/Amsterdam,USD,,24.99,0.47,0.15,USD,,24.37,25
LumoGroup,LumoECOM_EU,8620000000001490,ORD-505440,Settled,2026-06-19 11:14:29,Europe/Amsterdam,EUR,,9.99,0.19,0.06,EUR,,9.74,25
LumoGroup,LumoAPP_US,8620000000000552,ORD-504502,Settled,2026-06-19 11:20:39,Europe/Amsterdam,USD,,24.99,0.47,0.15,USD,,24.37,25
LumoGroup,LumoECOM_EU,8620000000000780,ORD-504730,Authorised,2026-06-19 11:27:43,Europe/Amsterdam,EUR,,4.99,,,EUR,,,25
LumoGroup,LumoECOM_EU,8620000000000797,ORD-504747,Authorised,2026-06-19 11:27:54,Europe/Amsterdam,EUR,,9.99,,,EUR,,,25
LumoGroup,LumoECOM_EU,8620000000000036,ORD-503986,Refunded,2026-06-19 11:30:04,Europe/Amsterdam,EUR,9.99,,,,EUR,9.99,,25
LumoGroup,LumoAPP_US,8620000000001694,ORD-505644,Settled,2026-06-19 11:40:00,Europe/Amsterdam,USD,,4.99,0.09,0.03,USD,,4.87,25
LumoGroup,LumoECOM_EU,8620000000000780,ORD-504730,Settled,2026-06-19 11:41:43,Europe/Amsterdam,EUR,,4.99,0.09,0.03,EUR,,4.87,25
LumoGroup,LumoECOM_EU,8620000000000481,ORD-504431,Settled,2026-06-19 11:48:14,Europe/Amsterdam,EUR,,9.99,0.19,0.06,EUR,,9.74,25
LumoGroup,LumoAPP_US,8620000000001088,ORD-505038,Settled,2026-06-19 11:51:56,Europe/Amsterdam,USD,,9.99,0.19,0.06,USD,,9.74,25
LumoGroup,LumoECOM_EU,8620000000000797,ORD-504747,Settled,2026-06-19 11:58:54,Europe/Amsterdam,EUR,,9.99,0.19,0.06,EUR,,9.74,25
LumoGroup,LumoECOM_EU,8620000000000001,ORD-503951,Chargeback,2026-06-19 12:30:59,Europe/Amsterdam,EUR,4.99,,,,EUR,4.99,,25
LumoGroup,LumoAPP_US,8620000000000469,ORD-504419,Authorised,2026-06-19 12:40:21,Europe/Amsterdam,USD,,24.99,,,USD,,,25
LumoGroup,LumoECOM_EU,8620000000001410,ORD-505360,Authorised,2026-06-19 12:46:01,Europe/Amsterdam,GBP,,54.99,,,GBP,,,25
LumoGroup,LumoAPP_US,8620000000000011,ORD-503961,Authorised,2026-06-19 12:49:02,Europe/Amsterdam,USD,,9.99,,,USD,,,25
LumoGroup,LumoAPP_US,8620000000000469,ORD-504419,Settled,2026-06-19 12:57:21,Europe/Amsterdam,USD,,24.99,0.47,0.15,USD,,24.37,25
LumoGroup,LumoECOM_EU,8620000000001058,ORD-505008,Authorised,2026-06-19 13:15:26,Europe/Amsterdam,EUR,,9.99,,,EUR,,,25
LumoGroup,LumoAPP_US,8620000000000011,ORD-503961,Settled,2026-06-19 13:18:02,Europe/Amsterdam,USD,,9.99,0.19,0.06,USD,,9.74,25
LumoGroup,LumoAPP_US,8620000000001409,ORD-505359,Authorised,2026-06-19 13:23:10,Europe/Amsterdam,USD,,59.99,,,USD,,,25
LumoGroup,LumoECOM_EU,8620000000001058,ORD-505008,Settled,2026-06-19 13:28:26,Europe/Amsterdam,EUR,,9.99,0.19,0.06,EUR,,9.74,25
LumoGroup,LumoAPP_US,8620000000001215,ORD-505165,Authorised,2026-06-19 13:39:25,Europe/Amsterdam,USD,,24.99,,,USD,,,25
LumoGroup,LumoECOM_EU,8620000000000657,ORD-504607,Authorised,2026-06-19 13:48:08,Europe/Amsterdam,EUR,,9.99,,,EUR,,,25
LumoGroup,LumoECOM_EU,8620000000000984,ORD-504934,Authorised,2026-06-19 14:02:35,Europe/Amsterdam,GBP,,21.99,,,GBP,,,25
LumoGroup,LumoECOM_EU,8620000000001564,ORD-505514,Authorised,2026-06-19 14:27:59,Europe/Amsterdam,EUR,,9.99,,,EUR,,,25
LumoGroup,LumoECOM_EU,8620000000001410,ORD-505360,Settled,2026-06-19 14:35:01,Europe/Amsterdam,GBP,,54.99,1.04,0.33,GBP,,53.62,25
LumoGroup,LumoECOM_EU,8620000000000506,ORD-504456,Authorised,2026-06-19 14:35:14,Europe/Amsterdam,EUR,,9.99,,,EUR,,,25
LumoGroup,LumoECOM_EU,8620000000001203,ORD-505153,Authorised,2026-06-19 14:35:57,Europe/Amsterdam,GBP,,21.99,,,GBP,,,25
LumoGroup,LumoAPP_US,8620000000001409,ORD-505359,Settled,2026-06-19 14:47:10,Europe/Amsterdam,USD,,59.99,1.14,0.36,USD,,58.49,25
LumoGroup,LumoECOM_EU,8620000000001593,ORD-505543,Authorised,2026-06-19 14:52:25,Europe/Amsterdam,EUR,,9.99,,,EUR,,,25
LumoGroup,LumoECOM_EU,8620000000001203,ORD-505153,Settled,2026-06-19 14:53:57,Europe/Amsterdam,GBP,,21.99,0.42,0.13,GBP,,21.44,25
LumoGroup,LumoECOM_EU,8620000000000657,ORD-504607,Settled,2026-06-19 14:56:08,Europe/Amsterdam,EUR,,9.99,0.19,0.06,EUR,,9.74,25
LumoGroup,LumoAPP_US,8620000000000807,ORD-504757,Authorised,2026-06-19 15:00:47,Europe/Amsterdam,USD,,9.99,,,USD,,,25
LumoGroup,LumoAPP_US,8620000000001215,ORD-505165,Settled,2026-06-19 15:11:25,Europe/Amsterdam,USD,,24.99,0.47,0.15,USD,,24.37,25
LumoGroup,LumoECOM_EU,8620000000000506,ORD-504456,Settled,2026-06-19 15:12:14,Europe/Amsterdam,EUR,,9.99,0.19,0.06,EUR,,9.74,25
LumoGroup,LumoECOM_EU,8620000000001076,ORD-505026,Authorised,2026-06-19 15:13:40,Europe/Amsterdam,EUR,,24.99,,,EUR,,,25
LumoGroup,LumoECOM_EU,8620000000001154,ORD-505104,Authorised,2026-06-19 15:17:53,Europe/Amsterdam,EUR,,9.99,,,EUR,,,25
LumoGroup,LumoECOM_EU,8620000000000984,ORD-504934,Settled,2026-06-19 15:25:35,Europe/Amsterdam,GBP,,21.99,0.42,0.13,GBP,,21.44,25
LumoGroup,LumoECOM_EU,8620000000001385,ORD-505335,Authorised,2026-06-19 15:27:13,Europe/Amsterdam,EUR,,9.99,,,EUR,,,25
LumoGroup,LumoAPP_US,8620000000000807,ORD-504757,Settled,2026-06-19 15:27:47,Europe/Amsterdam,USD,,9.99,0.19,0.06,USD,,9.74,25
LumoGroup,LumoECOM_EU,8620000000000584,ORD-504534,Authorised,2026-06-19 15:49:02,Europe/Amsterdam,EUR,,4.99,,,EUR,,,25
LumoGroup,LumoECOM_EU,8620000000001564,ORD-505514,Settled,2026-06-19 15:50:59,Europe/Amsterdam,EUR,,9.99,0.19,0.06,EUR,,9.74,25
LumoGroup,LumoECOM_EU,8620000000001154,ORD-505104,Settled,2026-06-19 15:51:53,Europe/Amsterdam,EUR,,9.99,0.19,0.06,EUR,,9.74,25
LumoGroup,LumoAPP_US,8620000000001050,ORD-505000,Authorised,2026-06-19 15:53:48,Europe/Amsterdam,USD,,24.99,,,USD,,,25
LumoGroup,LumoECOM_EU,8620000000001593,ORD-505543,Settled,2026-06-19 16:01:25,Europe/Amsterdam,EUR,,9.99,0.19,0.06,EUR,,9.74,25
LumoGroup,LumoECOM_EU,8620000000001385,ORD-505335,Settled,2026-06-19 16:07:13,Europe/Amsterdam,EUR,,9.99,0.19,0.06,EUR,,9.74,25
LumoGroup,LumoECOM_EU,8620000000000584,ORD-504534,Settled,2026-06-19 16:22:02,Europe/Amsterdam,EUR,,4.99,0.09,0.03,EUR,,4.87,25
LumoGroup,LumoECOM_EU,8620000000000234,ORD-504184,Authorised,2026-06-19 16:29:26,Europe/Amsterdam,EUR,,9.99,,,EUR,,,25
LumoGroup,LumoECOM_EU,8620000000001446,ORD-505396,Authorised,2026-06-19 16:44:13,Europe/Amsterdam,GBP,,54.99,,,GBP,,,25
LumoGroup,LumoECOM_EU,8620000000001595,ORD-505545,Authorised,2026-06-19 16:47:42,Europe/Amsterdam,EUR,,59.99,,,EUR,,,25
LumoGroup,LumoECOM_EU,8620000000001076,ORD-505026,Settled,2026-06-19 16:50:40,Europe/Amsterdam,EUR,,24.99,0.47,0.15,EUR,,24.37,25
LumoGroup,LumoECOM_EU,8620000000000234,ORD-504184,Settled,2026-06-19 16:52:26,Europe/Amsterdam,EUR,,9.99,0.19,0.06,EUR,,9.74,25
LumoGroup,LumoECOM_EU,8620000000001537,ORD-505487,Authorised,2026-06-19 16:53:51,Europe/Amsterdam,GBP,,8.99,,,GBP,,,25
LumoGroup,LumoECOM_EU,8620000000000214,ORD-504164,Authorised,2026-06-19 16:53:53,Europe/Amsterdam,EUR,,9.99,,,EUR,,,25
LumoGroup,LumoECOM_EU,8620000000001446,ORD-505396,Settled,2026-06-19 16:56:13,Europe/Amsterdam,GBP,,54.99,1.04,0.33,GBP,,53.62,25
LumoGroup,LumoAPP_US,8620000000001255,ORD-505205,Authorised,2026-06-19 17:00:26,Europe/Amsterdam,USD,,24.99,,,USD,,,25
LumoGroup,LumoECOM_EU,8620000000001595,ORD-505545,Settled,2026-06-19 17:05:42,Europe/Amsterdam,EUR,,59.99,1.14,0.36,EUR,,58.49,25
LumoGroup,LumoAPP_US,8620000000000153,ORD-504103,Authorised,2026-06-19 17:15:53,Europe/Amsterdam,USD,,4.99,,,USD,,,25
LumoGroup,LumoAPP_US,8620000000001050,ORD-505000,Settled,2026-06-19 17:17:48,Europe/Amsterdam,USD,,24.99,0.47,0.15,USD,,24.37,25
LumoGroup,LumoECOM_EU,8620000000000977,ORD-504927,Authorised,2026-06-19 17:20:57,Europe/Amsterdam,EUR,,59.99,,,EUR,,,25
LumoGroup,LumoECOM_EU,8620000000001537,ORD-505487,Settled,2026-06-19 17:25:51,Europe/Amsterdam,GBP,,8.99,0.17,0.05,GBP,,8.77,25
LumoGroup,LumoECOM_EU,8620000000000214,ORD-504164,Settled,2026-06-19 17:34:53,Europe/Amsterdam,EUR,,9.99,0.19,0.06,EUR,,9.74,25
LumoGroup,LumoECOM_EU,8620000000000012,ORD-503962,Authorised,2026-06-19 17:36:23,Europe/Amsterdam,EUR,,9.99,,,EUR,,,25
LumoGroup,LumoAPP_US,8620000000001255,ORD-505205,Settled,2026-06-19 17:42:26,Europe/Amsterdam,USD,,24.99,0.47,0.15,USD,,24.37,25
LumoGroup,LumoECOM_EU,8620000000000542,ORD-504492,Authorised,2026-06-19 17:46:37,Europe/Amsterdam,EUR,,9.99,,,EUR,,,25
LumoGroup,LumoECOM_EU,8620000000000977,ORD-504927,Settled,2026-06-19 17:50:57,Europe/Amsterdam,EUR,,59.99,1.14,0.36,EUR,,58.49,25
LumoGroup,LumoECOM_EU,8620000000001171,ORD-505121,Authorised,2026-06-19 18:06:02,Europe/Amsterdam,EUR,,4.99,,,EUR,,,25
LumoGroup,LumoECOM_EU,8620000000000542,ORD-504492,Settled,2026-06-19 18:09:37,Europe/Amsterdam,EUR,,9.99,0.19,0.06,EUR,,9.74,25
LumoGroup,LumoECOM_EU,8620000000001469,ORD-505419,Authorised,2026-06-19 18:12:20,Europe/Amsterdam,EUR,,9.99,,,EUR,,,25
LumoGroup,LumoECOM_EU,8620000000000012,ORD-503962,Settled,2026-06-19 18:14:23,Europe/Amsterdam,EUR,,9.99,0.19,0.06,EUR,,9.74,25
LumoGroup,LumoAPP_US,8620000000000153,ORD-504103,Settled,2026-06-19 18:36:53,Europe/Amsterdam,USD,,4.99,0.09,0.03,USD,,4.87,25
LumoGroup,LumoECOM_EU,8620000000000711,ORD-504661,Authorised,2026-06-19 18:44:08,Europe/Amsterdam,EUR,,9.99,,,EUR,,,25
LumoGroup,LumoECOM_EU,8620000000000285,ORD-504235,Refused,2026-06-19 18:48:05,Europe/Amsterdam,EUR,,59.99,,,EUR,,,25
LumoGroup,LumoECOM_EU,8620000000001171,ORD-505121,Settled,2026-06-19 19:04:02,Europe/Amsterdam,EUR,,4.99,0.09,0.03,EUR,,4.87,25
LumoGroup,LumoECOM_EU,8620000000001469,ORD-505419,Settled,2026-06-19 19:06:20,Europe/Amsterdam,EUR,,9.99,0.19,0.06,EUR,,9.74,25
LumoGroup,LumoECOM_EU,8620000000001245,ORD-505195,Authorised,2026-06-19 19:09:29,Europe/Amsterdam,GBP,,4.49,,,GBP,,,25
LumoGroup,LumoECOM_EU,8620000000001295,ORD-505245,Authorised,2026-06-19 19:12:25,Europe/Amsterdam,EUR,,4.99,,,EUR,,,25
LumoGroup,LumoECOM_EU,8620000000000443,ORD-504393,Authorised,2026-06-19 19:21:13,Europe/Amsterdam,EUR,,9.99,,,EUR,,,25
LumoGroup,LumoECOM_EU,8620000000000603,ORD-504553,Authorised,2026-06-19 19:22:30,Europe/Amsterdam,EUR,,4.99,,,EUR,,,25
LumoGroup,LumoECOM_EU,8620000000001245,ORD-505195,Settled,2026-06-19 19:33:29,Europe/Amsterdam,GBP,,4.49,0.09,0.02,GBP,,4.38,25
LumoGroup,LumoECOM_EU,8620000000000205,ORD-504155,Authorised,2026-06-19 19:38:38,Europe/Amsterdam,EUR,,9.99,,,EUR,,,25
LumoGroup,LumoECOM_EU,8620000000000711,ORD-504661,Settled,2026-06-19 20:01:08,Europe/Amsterdam,EUR,,9.99,0.19,0.06,EUR,,9.74,25
LumoGroup,LumoECOM_EU,8620000000000956,ORD-504906,Authorised,2026-06-19 20:01:30,Europe/Amsterdam,GBP,,8.99,,,GBP,,,25
LumoGroup,LumoECOM_EU,8620000000000443,ORD-504393,Settled,2026-06-19 20:04:13,Europe/Amsterdam,EUR,,9.99,0.19,0.06,EUR,,9.74,25
LumoGroup,LumoECOM_EU,8620000000000324,ORD-504274,Authorised,2026-06-19 20:13:33,Europe/Amsterdam,EUR,,9.99,,,EUR,,,25
LumoGroup,LumoECOM_EU,8620000000000956,ORD-504906,Settled,2026-06-19 20:16:30,Europe/Amsterdam,GBP,,8.99,0.17,0.05,GBP,,8.77,25
LumoGroup,LumoECOM_EU,8620000000000205,ORD-504155,Settled,2026-06-19 20:18:38,Europe/Amsterdam,EUR,,9.99,0.19,0.06,EUR,,9.74,25
LumoGroup,LumoAPP_US,8620000000001132,ORD-505082,Authorised,2026-06-19 20:23:49,Europe/Amsterdam,USD,,24.99,,,USD,,,25
LumoGroup,LumoECOM_EU,8620000000000324,ORD-504274,Settled,2026-06-19 20:29:33,Europe/Amsterdam,EUR,,9.99,0.19,0.06,EUR,,9.74,25
LumoGroup,LumoECOM_EU,8620000000000066,ORD-504016,Authorised,2026-06-19 20:36:54,Europe/Amsterdam,EUR,,9.99,,,EUR,,,25
LumoGroup,LumoAPP_US,8620000000000653,ORD-504603,Authorised,2026-06-19 20:41:20,Europe/Amsterdam,USD,,9.99,,,USD,,,25
LumoGroup,LumoECOM_EU,8620000000000603,ORD-504553,Settled,2026-06-19 20:45:30,Europe/Amsterdam,EUR,,4.99,0.09,0.03,EUR,,4.87,25
LumoGroup,LumoAPP_US,8620000000000258,ORD-504208,Authorised,2026-06-19 20:58:37,Europe/Amsterdam,USD,,59.99,,,USD,,,25
LumoGroup,LumoECOM_EU,8620000000001295,ORD-505245,Settled,2026-06-19 21:01:25,Europe/Amsterdam,EUR,,4.99,0.09,0.03,EUR,,4.87,25
LumoGroup,LumoAPP_US,8620000000001132,ORD-505082,Settled,2026-06-19 21:02:49,Europe/Amsterdam,USD,,24.99,0.47,0.15,USD,,24.37,25
LumoGroup,LumoAPP_US,8620000000000653,ORD-504603,Settled,2026-06-19 21:03:20,Europe/Amsterdam,USD,,9.99,0.19,0.06,USD,,9.74,25
LumoGroup,LumoAPP_US,8620000000000258,ORD-504208,Settled,2026-06-19 21:13:37,Europe/Amsterdam,USD,,59.99,1.14,0.36,USD,,58.49,25
LumoGroup,LumoECOM_EU,8620000000000066,ORD-504016,Settled,2026-06-19 21:24:54,Europe/Amsterdam,EUR,,9.99,0.19,0.06,EUR,,9.74,25
LumoGroup,LumoAPP_US,8620000000000655,ORD-504605,Authorised,2026-06-20 09:18:44,Europe/Amsterdam,USD,,9.99,,,USD,,,25
LumoGroup,LumoECOM_EU,8620000000000890,ORD-504840,Authorised,2026-06-20 09:35:02,Europe/Amsterdam,EUR,,59.99,,,EUR,,,25
LumoGroup,LumoECOM_EU,8620000000001345,ORD-505295,Authorised,2026-06-20 10:03:55,Europe/Amsterdam,EUR,,59.99,,,EUR,,,25
LumoGroup,LumoECOM_EU,8620000000001652,ORD-505602,Refused,2026-06-20 10:22:01,Europe/Amsterdam,EUR,,4.99,,,EUR,,,25
LumoGroup,LumoECOM_EU,8620000000000445,ORD-504395,Authorised,2026-06-20 10:29:22,Europe/Amsterdam,EUR,,9.99,,,EUR,,,25
LumoGroup,LumoECOM_EU,8620000000000255,ORD-504205,Authorised,2026-06-20 10:35:27,Europe/Amsterdam,EUR,,4.99,,,EUR,,,25
LumoGroup,LumoECOM_EU,8620000000000744,ORD-504694,Authorised,2026-06-20 10:41:40,Europe/Amsterdam,EUR,,24.99,,,EUR,,,25
LumoGroup,LumoECOM_EU,8620000000001383,ORD-505333,Authorised,2026-06-20 10:56:18,Europe/Amsterdam,GBP,,4.49,,,GBP,,,25
LumoGroup,LumoECOM_EU,8620000000000604,ORD-504554,Authorised,2026-06-20 10:56:20,Europe/Amsterdam,EUR,,9.99,,,EUR,,,25
LumoGroup,LumoECOM_EU,8620000000000053,ORD-504003,Authorised,2026-06-20 11:00:11,Europe/Amsterdam,EUR,,59.99,,,EUR,,,25
LumoGroup,LumoAPP_US,8620000000000655,ORD-504605,Settled,2026-06-20 11:01:44,Europe/Amsterdam,USD,,9.99,0.19,0.06,USD,,9.74,25
LumoGroup,LumoECOM_EU,8620000000000890,ORD-504840,Settled,2026-06-20 11:07:02,Europe/Amsterdam,EUR,,59.99,1.14,0.36,EUR,,58.49,25
LumoGroup,LumoECOM_EU,8620000000001224,ORD-505174,Authorised,2026-06-20 11:09:43,Europe/Amsterdam,EUR,,59.99,,,EUR,,,25
LumoGroup,LumoECOM_EU,8620000000000255,ORD-504205,Settled,2026-06-20 11:13:27,Europe/Amsterdam,EUR,,4.99,0.09,0.03,EUR,,4.87,25
LumoGroup,LumoECOM_EU,8620000000000827,ORD-504777,Authorised,2026-06-20 11:15:47,Europe/Amsterdam,EUR,,9.99,,,EUR,,,25
LumoGroup,LumoECOM_EU,8620000000001224,ORD-505174,Settled,2026-06-20 11:18:43,Europe/Amsterdam,EUR,,59.99,1.14,0.36,EUR,,58.49,25
LumoGroup,LumoECOM_EU,8620000000000604,ORD-504554,Settled,2026-06-20 11:21:20,Europe/Amsterdam,EUR,,9.99,0.19,0.06,EUR,,9.74,25
LumoGroup,LumoECOM_EU,8620000000000160,ORD-504110,Authorised,2026-06-20 11:22:36,Europe/Amsterdam,EUR,,24.99,,,EUR,,,25
LumoGroup,LumoECOM_EU,8620000000000160,ORD-504110,Settled,2026-06-20 11:29:36,Europe/Amsterdam,EUR,,24.99,0.47,0.15,EUR,,24.37,25
LumoGroup,LumoECOM_EU,8620000000001008,ORD-504958,Refused,2026-06-20 11:31:16,Europe/Amsterdam,EUR,,4.99,,,EUR,,,25
LumoGroup,LumoAPP_US,8620000000000632,ORD-504582,Authorised,2026-06-20 11:45:02,Europe/Amsterdam,USD,,9.99,,,USD,,,25
LumoGroup,LumoECOM_EU,8620000000001383,ORD-505333,Settled,2026-06-20 11:45:18,Europe/Amsterdam,GBP,,4.49,0.09,0.02,GBP,,4.38,25
LumoGroup,LumoECOM_EU,8620000000001345,ORD-505295,Settled,2026-06-20 11:46:55,Europe/Amsterdam,EUR,,59.99,1.14,0.36,EUR,,58.49,25
LumoGroup,LumoECOM_EU,8620000000000744,ORD-504694,Settled,2026-06-20 11:51:40,Europe/Amsterdam,EUR,,24.99,0.47,0.15,EUR,,24.37,25
LumoGroup,LumoECOM_EU,8620000000000445,ORD-504395,Settled,2026-06-20 11:53:22,Europe/Amsterdam,EUR,,9.99,0.19,0.06,EUR,,9.74,25
LumoGroup,LumoECOM_EU,8620000000000827,ORD-504777,Settled,2026-06-20 11:59:47,Europe/Amsterdam,EUR,,9.99,0.19,0.06,EUR,,9.74,25
LumoGroup,LumoECOM_EU,8620000000000382,ORD-504332,Authorised,2026-06-20 12:13:56,Europe/Amsterdam,EUR,,9.99,,,EUR,,,25
LumoGroup,LumoECOM_EU,8620000000000316,ORD-504266,Authorised,2026-06-20 12:18:09,Europe/Amsterdam,EUR,,4.99,,,EUR,,,25
LumoGroup,LumoECOM_EU,8620000000001333,ORD-505283,Authorised,2026-06-20 12:30:23,Europe/Amsterdam,GBP,,4.49,,,GBP,,,25
LumoGroup,LumoECOM_EU,8620000000000316,ORD-504266,Settled,2026-06-20 12:37:09,Europe/Amsterdam,EUR,,4.99,0.09,0.03,EUR,,4.87,25
LumoGroup,LumoECOM_EU,8620000000000709,ORD-504659,Authorised,2026-06-20 12:46:36,Europe/Amsterdam,EUR,,24.99,,,EUR,,,25
LumoGroup,LumoECOM_EU,8620000000000201,ORD-504151,Authorised,2026-06-20 12:47:11,Europe/Amsterdam,GBP,,21.99,,,GBP,,,25
LumoGroup,LumoECOM_EU,8620000000000053,ORD-504003,Settled,2026-06-20 12:48:11,Europe/Amsterdam,EUR,,59.99,1.14,0.36,EUR,,58.49,25
LumoGroup,LumoAPP_US,8620000000000632,ORD-504582,Settled,2026-06-20 12:51:02,Europe/Amsterdam,USD,,9.99,0.19,0.06,USD,,9.74,25
LumoGroup,LumoECOM_EU,8620000000001574,ORD-505524,Refused,2026-06-20 12:53:35,Europe/Amsterdam,EUR,,9.99,,,EUR,,,25
LumoGroup,LumoECOM_EU,8620000000001470,ORD-505420,Authorised,2026-06-20 13:01:28,Europe/Amsterdam,EUR,,59.99,,,EUR,,,25
LumoGroup,LumoECOM_EU,8620000000001611,ORD-505561,Authorised,2026-06-20 13:04:49,Europe/Amsterdam,EUR,,9.99,,,EUR,,,25
LumoGroup,LumoECOM_EU,8620000000001333,ORD-505283,Settled,2026-06-20 13:14:23,Europe/Amsterdam,GBP,,4.49,0.09,0.02,GBP,,4.38,25
LumoGroup,LumoECOM_EU,8620000000000847,ORD-504797,Authorised,2026-06-20 13:23:15,Europe/Amsterdam,EUR,,24.99,,,EUR,,,25
LumoGroup,LumoECOM_EU,8620000000000382,ORD-504332,Settled,2026-06-20 13:26:56,Europe/Amsterdam,EUR,,9.99,0.19,0.06,EUR,,9.74,25
LumoGroup,LumoECOM_EU,8620000000000966,ORD-504916,Authorised,2026-06-20 13:31:25,Europe/Amsterdam,EUR,,24.99,,,EUR,,,25
LumoGroup,LumoECOM_EU,8620000000000201,ORD-504151,Settled,2026-06-20 13:33:11,Europe/Amsterdam,GBP,,21.99,0.42,0.13,GBP,,21.44,25
LumoGroup,LumoECOM_EU,8620000000000792,ORD-504742,Authorised,2026-06-20 13:35:32,Europe/Amsterdam,EUR,,9.99,,,EUR,,,25
LumoGroup,LumoECOM_EU,8620000000000181,ORD-504131,Refused,2026-06-20 13:46:09,Europe/Amsterdam,EUR,,59.99,,,EUR,,,25
LumoGroup,LumoECOM_EU,8620000000000709,ORD-504659,Settled,2026-06-20 13:48:36,Europe/Amsterdam,EUR,,24.99,0.47,0.15,EUR,,24.37,25
LumoGroup,LumoECOM_EU,8620000000001485,ORD-505435,Authorised,2026-06-20 13:55:02,Europe/Amsterdam,EUR,,9.99,,,EUR,,,25
LumoGroup,LumoECOM_EU,8620000000001449,ORD-505399,Authorised,2026-06-20 13:59:26,Europe/Amsterdam,EUR,,4.99,,,EUR,,,25
LumoGroup,LumoAPP_US,8620000000001223,ORD-505173,Authorised,2026-06-20 14:11:07,Europe/Amsterdam,USD,,9.99,,,USD,,,25
LumoGroup,LumoECOM_EU,8620000000001470,ORD-505420,Settled,2026-06-20 14:13:28,Europe/Amsterdam,EUR,,59.99,1.14,0.36,EUR,,58.49,25
LumoGroup,LumoECOM_EU,8620000000001698,ORD-505648,Refused,2026-06-20 14:21:05,Europe/Amsterdam,EUR,,9.99,,,EUR,,,25
LumoGroup,LumoECOM_EU,8620000000000792,ORD-504742,Settled,2026-06-20 14:24:32,Europe/Amsterdam,EUR,,9.99,0.19,0.06,EUR,,9.74,25
LumoGroup,LumoECOM_EU,8620000000001485,ORD-505435,Settled,2026-06-20 14:42:02,Europe/Amsterdam,EUR,,9.99,0.19,0.06,EUR,,9.74,25
LumoGroup,LumoECOM_EU,8620000000001611,ORD-505561,Settled,2026-06-20 14:42:49,Europe/Amsterdam,EUR,,9.99,0.19,0.06,EUR,,9.74,25
LumoGroup,LumoECOM_EU,8620000000000578,ORD-504528,Authorised,2026-06-20 14:52:25,Europe/Amsterdam,EUR,,24.99,,,EUR,,,25
LumoGroup,LumoECOM_EU,8620000000000847,ORD-504797,Settled,2026-06-20 14:56:15,Europe/Amsterdam,EUR,,24.99,0.47,0.15,EUR,,24.37,25
LumoGroup,LumoECOM_EU,8620000000000955,ORD-504905,Authorised,2026-06-20 14:56:30,Europe/Amsterdam,EUR,,59.99,,,EUR,,,25
LumoGroup,LumoECOM_EU,8620000000000495,ORD-504445,Authorised,2026-06-20 15:09:10,Europe/Amsterdam,EUR,,9.99,,,EUR,,,25
LumoGroup,LumoAPP_US,8620000000001223,ORD-505173,Settled,2026-06-20 15:10:07,Europe/Amsterdam,USD,,9.99,0.19,0.06,USD,,9.74,25
LumoGroup,LumoECOM_EU,8620000000000966,ORD-504916,Settled,2026-06-20 15:15:25,Europe/Amsterdam,EUR,,24.99,0.47,0.15,EUR,,24.37,25
LumoGroup,LumoECOM_EU,8620000000001449,ORD-505399,Settled,2026-06-20 15:16:26,Europe/Amsterdam,EUR,,4.99,0.09,0.03,EUR,,4.87,25
LumoGroup,LumoECOM_EU,8620000000000495,ORD-504445,Settled,2026-06-20 15:19:10,Europe/Amsterdam,EUR,,9.99,0.19,0.06,EUR,,9.74,25
LumoGroup,LumoAPP_US,8620000000001462,ORD-505412,Authorised,2026-06-20 15:33:35,Europe/Amsterdam,USD,,59.99,,,USD,,,25
LumoGroup,LumoECOM_EU,8620000000000955,ORD-504905,Settled,2026-06-20 15:35:30,Europe/Amsterdam,EUR,,59.99,1.14,0.36,EUR,,58.49,25
LumoGroup,LumoECOM_EU,8620000000000637,ORD-504587,Authorised,2026-06-20 15:38:18,Europe/Amsterdam,EUR,,59.99,,,EUR,,,25
LumoGroup,LumoECOM_EU,8620000000000578,ORD-504528,Settled,2026-06-20 15:43:25,Europe/Amsterdam,EUR,,24.99,0.47,0.15,EUR,,24.37,25
LumoGroup,LumoECOM_EU,8620000000001339,ORD-505289,Authorised,2026-06-20 16:05:45,Europe/Amsterdam,EUR,,9.99,,,EUR,,,25
LumoGroup,LumoECOM_EU,8620000000000621,ORD-504571,Authorised,2026-06-20 16:25:50,Europe/Amsterdam,GBP,,8.99,,,GBP,,,25
LumoGroup,LumoAPP_US,8620000000001462,ORD-505412,Settled,2026-06-20 16:42:35,Europe/Amsterdam,USD,,59.99,1.14,0.36,USD,,58.49,25
LumoGroup,LumoECOM_EU,8620000000000621,ORD-504571,Settled,2026-06-20 16:48:50,Europe/Amsterdam,GBP,,8.99,0.17,0.05,GBP,,8.77,25
LumoGroup,LumoECOM_EU,8620000000000637,ORD-504587,Settled,2026-06-20 16:56:18,Europe/Amsterdam,EUR,,59.99,1.14,0.36,EUR,,58.49,25
LumoGroup,LumoECOM_EU,8620000000001659,ORD-505609,Authorised,2026-06-20 16:56:21,Europe/Amsterdam,EUR,,59.99,,,EUR,,,25
LumoGroup,LumoECOM_EU,8620000000000567,ORD-504517,Refused,2026-06-20 16:57:24,Europe/Amsterdam,EUR,,9.99,,,EUR,,,25
LumoGroup,LumoECOM_EU,8620000000000915,ORD-504865,Authorised,2026-06-20 17:05:54,Europe/Amsterdam,GBP,,8.99,,,GBP,,,25
LumoGroup,LumoECOM_EU,8620000000001659,ORD-505609,Settled,2026-06-20 17:07:21,Europe/Amsterdam,EUR,,59.99,1.14,0.36,EUR,,58.49,25
LumoGroup,LumoECOM_EU,8620000000001339,ORD-505289,Settled,2026-06-20 17:17:45,Europe/Amsterdam,EUR,,9.99,0.19,0.06,EUR,,9.74,25
LumoGroup,LumoECOM_EU,8620000000001010,ORD-504960,Authorised,2026-06-20 17:22:36,Europe/Amsterdam,EUR,,4.99,,,EUR,,,25
LumoGroup,LumoECOM_EU,8620000000000915,ORD-504865,Settled,2026-06-20 17:34:54,Europe/Amsterdam,GBP,,8.99,0.17,0.05,GBP,,8.77,25
LumoGroup,LumoECOM_EU,8620000000001228,ORD-505178,Authorised,2026-06-20 17:44:02,Europe/Amsterdam,EUR,,9.99,,,EUR,,,25
LumoGroup,LumoECOM_EU,8620000000001454,ORD-505404,Authorised,2026-06-20 17:53:59,Europe/Amsterdam,EUR,,9.99,,,EUR,,,25
LumoGroup,LumoECOM_EU,8620000000000652,ORD-504602,Authorised,2026-06-20 18:01:42,Europe/Amsterdam,GBP,,8.99,,,GBP,,,25
LumoGroup,LumoECOM_EU,8620000000000945,ORD-504895,Authorised,2026-06-20 18:04:31,Europe/Amsterdam,EUR,,9.99,,,EUR,,,25
LumoGroup,LumoAPP_US,8620000000000379,ORD-504329,Authorised,2026-06-20 18:08:55,Europe/Amsterdam,USD,,9.99,,,USD,,,25
LumoGroup,LumoECOM_EU,8620000000001010,ORD-504960,Settled,2026-06-20 18:14:36,Europe/Amsterdam,EUR,,4.99,0.09,0.03,EUR,,4.87,25
LumoGroup,LumoAPP_US,8620000000000844,ORD-504794,Authorised,2026-06-20 18:15:22,Europe/Amsterdam,USD,,24.99,,,USD,,,25
LumoGroup,LumoAPP_US,8620000000000844,ORD-504794,Settled,2026-06-20 18:24:22,Europe/Amsterdam,USD,,24.99,0.47,0.15,USD,,24.37,25
LumoGroup,LumoECOM_EU,8620000000000441,ORD-504391,Authorised,2026-06-20 18:40:05,Europe/Amsterdam,EUR,,24.99,,,EUR,,,25
LumoGroup,LumoECOM_EU,8620000000000652,ORD-504602,Settled,2026-06-20 18:54:42,Europe/Amsterdam,GBP,,8.99,0.17,0.05,GBP,,8.77,25
LumoGroup,LumoECOM_EU,8620000000001228,ORD-505178,Settled,2026-06-20 19:00:02,Europe/Amsterdam,EUR,,9.99,0.19,0.06,EUR,,9.74,25
LumoGroup,LumoECOM_EU,8620000000001120,ORD-505070,Authorised,2026-06-20 19:07:42,Europe/Amsterdam,EUR,,24.99,,,EUR,,,25
LumoGroup,LumoAPP_US,8620000000000501,ORD-504451,Authorised,2026-06-20 19:08:34,Europe/Amsterdam,USD,,9.99,,,USD,,,25
LumoGroup,LumoECOM_EU,8620000000001454,ORD-505404,Settled,2026-06-20 19:08:59,Europe/Amsterdam,EUR,,9.99,0.19,0.06,EUR,,9.74,25
LumoGroup,LumoECOM_EU,8620000000000440,ORD-504390,Authorised,2026-06-20 19:14:56,Europe/Amsterdam,EUR,,9.99,,,EUR,,,25
LumoGroup,LumoECOM_EU,8620000000001120,ORD-505070,Settled,2026-06-20 19:18:42,Europe/Amsterdam,EUR,,24.99,0.47,0.15,EUR,,24.37,25
LumoGroup,LumoECOM_EU,8620000000000899,ORD-504849,Authorised,2026-06-20 19:18:55,Europe/Amsterdam,EUR,,9.99,,,EUR,,,25
LumoGroup,LumoAPP_US,8620000000001666,ORD-505616,Authorised,2026-06-20 19:48:55,Europe/Amsterdam,USD,,59.99,,,USD,,,25
LumoGroup,LumoECOM_EU,8620000000000945,ORD-504895,Settled,2026-06-20 19:49:31,Europe/Amsterdam,EUR,,9.99,0.19,0.06,EUR,,9.74,25
LumoGroup,LumoAPP_US,8620000000000379,ORD-504329,Settled,2026-06-20 19:50:55,Europe/Amsterdam,USD,,9.99,0.19,0.06,USD,,9.74,25
LumoGroup,LumoAPP_US,8620000000001513,ORD-505463,Authorised,2026-06-20 19:59:10,Europe/Amsterdam,USD,,59.99,,,USD,,,25
LumoGroup,LumoECOM_EU,8620000000000962,ORD-504912,Authorised,2026-06-20 20:06:54,Europe/Amsterdam,GBP,,8.99,,,GBP,,,25
LumoGroup,LumoECOM_EU,8620000000001673,ORD-505623,Authorised,2026-06-20 20:13:53,Europe/Amsterdam,EUR,,24.99,,,EUR,,,25
LumoGroup,LumoECOM_EU,8620000000001613,ORD-505563,Authorised,2026-06-20 20:14:03,Europe/Amsterdam,EUR,,9.99,,,EUR,,,25
LumoGroup,LumoECOM_EU,8620000000000441,ORD-504391,Settled,2026-06-20 20:18:05,Europe/Amsterdam,EUR,,24.99,0.47,0.15,EUR,,24.37,25
LumoGroup,LumoECOM_EU,8620000000001398,ORD-505348,Authorised,2026-06-20 20:27:26,Europe/Amsterdam,EUR,,9.99,,,EUR,,,25
LumoGroup,LumoECOM_EU,8620000000000872,ORD-504822,Authorised,2026-06-20 20:27:34,Europe/Amsterdam,EUR,,4.99,,,EUR,,,25
LumoGroup,LumoECOM_EU,8620000000001613,ORD-505563,Settled,2026-06-20 20:33:03,Europe/Amsterdam,EUR,,9.99,0.19,0.06,EUR,,9.74,25
LumoGroup,LumoECOM_EU,8620000000001167,ORD-505117,Authorised,2026-06-20 20:34:59,Europe/Amsterdam,EUR,,9.99,,,EUR,,,25
LumoGroup,LumoECOM_EU,8620000000000962,ORD-504912,Settled,2026-06-20 20:36:54,Europe/Amsterdam,GBP,,8.99,0.17,0.05,GBP,,8.77,25
LumoGroup,LumoECOM_EU,8620000000000899,ORD-504849,Settled,2026-06-20 20:36:55,Europe/Amsterdam,EUR,,9.99,0.19,0.06,EUR,,9.74,25
LumoGroup,LumoAPP_US,8620000000000216,ORD-504166,Authorised,2026-06-20 20:47:27,Europe/Amsterdam,USD,,9.99,,,USD,,,25
LumoGroup,LumoAPP_US,8620000000000501,ORD-504451,Settled,2026-06-20 20:49:34,Europe/Amsterdam,USD,,9.99,0.19,0.06,USD,,9.74,25
LumoGroup,LumoECOM_EU,8620000000000440,ORD-504390,Settled,2026-06-20 20:58:56,Europe/Amsterdam,EUR,,9.99,0.19,0.06,EUR,,9.74,25
LumoGroup,LumoECOM_EU,8620000000001167,ORD-505117,Settled,2026-06-20 21:04:59,Europe/Amsterdam,EUR,,9.99,0.19,0.06,EUR,,9.74,25
LumoGroup,LumoAPP_US,8620000000001666,ORD-505616,Settled,2026-06-20 21:09:55,Europe/Amsterdam,USD,,59.99,1.14,0.36,USD,,58.49,25
LumoGroup,LumoAPP_US,8620000000001513,ORD-505463,Settled,2026-06-20 21:19:10,Europe/Amsterdam,USD,,59.99,1.14,0.36,USD,,58.49,25
LumoGroup,LumoECOM_EU,8620000000001398,ORD-505348,Settled,2026-06-20 21:21:26,Europe/Amsterdam,EUR,,9.99,0.19,0.06,EUR,,9.74,25
LumoGroup,LumoECOM_EU,8620000000001673,ORD-505623,Settled,2026-06-20 21:27:53,Europe/Amsterdam,EUR,,24.99,0.47,0.15,EUR,,24.37,25
LumoGroup,LumoAPP_US,8620000000000216,ORD-504166,Settled,2026-06-20 21:36:27,Europe/Amsterdam,USD,,9.99,0.19,0.06,USD,,9.74,25
LumoGroup,LumoECOM_EU,8620000000000872,ORD-504822,Settled,2026-06-20 21:58:34,Europe/Amsterdam,EUR,,4.99,0.09,0.03,EUR,,4.87,25
LumoGroup,LumoECOM_EU,8620000000000879,ORD-504829,Refused,2026-06-21 09:00:03,Europe/Amsterdam,EUR,,59.99,,,EUR,,,25
LumoGroup,LumoAPP_US,8620000000000615,ORD-504565,Authorised,2026-06-21 09:25:37,Europe/Amsterdam,USD,,9.99,,,USD,,,25
LumoGroup,LumoECOM_EU,8620000000000084,ORD-504034,Authorised,2026-06-21 09:26:14,Europe/Amsterdam,EUR,,59.99,,,EUR,,,25
LumoGroup,LumoAPP_US,8620000000000920,ORD-504870,Authorised,2026-06-21 09:36:31,Europe/Amsterdam,USD,,9.99,,,USD,,,25
LumoGroup,LumoAPP_US,8620000000000615,ORD-504565,Settled,2026-06-21 09:36:37,Europe/Amsterdam,USD,,9.99,0.19,0.06,USD,,9.74,25
LumoGroup,LumoECOM_EU,8620000000000424,ORD-504374,Authorised,2026-06-21 09:46:49,Europe/Amsterdam,EUR,,4.99,,,EUR,,,25
LumoGroup,LumoECOM_EU,8620000000000948,ORD-504898,Authorised,2026-06-21 09:58:27,Europe/Amsterdam,EUR,,24.99,,,EUR,,,25
LumoGroup,LumoECOM_EU,8620000000001416,ORD-505366,Authorised,2026-06-21 09:59:38,Europe/Amsterdam,GBP,,21.99,,,GBP,,,25
LumoGroup,LumoECOM_EU,8620000000001015,ORD-504965,Authorised,2026-06-21 10:05:34,Europe/Amsterdam,EUR,,9.99,,,EUR,,,25
LumoGroup,LumoECOM_EU,8620000000000084,ORD-504034,Settled,2026-06-21 10:07:14,Europe/Amsterdam,EUR,,59.99,1.14,0.36,EUR,,58.49,25
LumoGroup,LumoAPP_US,8620000000000897,ORD-504847,Authorised,2026-06-21 10:11:16,Europe/Amsterdam,USD,,9.99,,,USD,,,25
LumoGroup,LumoECOM_EU,8620000000000625,ORD-504575,Authorised,2026-06-21 10:16:39,Europe/Amsterdam,EUR,,24.99,,,EUR,,,25
LumoGroup,LumoECOM_EU,8620000000000424,ORD-504374,Settled,2026-06-21 10:16:49,Europe/Amsterdam,EUR,,4.99,0.09,0.03,EUR,,4.87,25
LumoGroup,LumoECOM_EU,8620000000000539,ORD-504489,Authorised,2026-06-21 10:24:54,Europe/Amsterdam,GBP,,8.99,,,GBP,,,25
LumoGroup,LumoAPP_US,8620000000000920,ORD-504870,Settled,2026-06-21 10:33:31,Europe/Amsterdam,USD,,9.99,0.19,0.06,USD,,9.74,25
LumoGroup,LumoAPP_US,8620000000000795,ORD-504745,Authorised,2026-06-21 10:43:05,Europe/Amsterdam,USD,,9.99,,,USD,,,25
LumoGroup,LumoAPP_US,8620000000000897,ORD-504847,Settled,2026-06-21 10:50:16,Europe/Amsterdam,USD,,9.99,0.19,0.06,USD,,9.74,25
LumoGroup,LumoECOM_EU,8620000000001416,ORD-505366,Settled,2026-06-21 10:57:38,Europe/Amsterdam,GBP,,21.99,0.42,0.13,GBP,,21.44,25
LumoGroup,LumoECOM_EU,8620000000001251,ORD-505201,Refused,2026-06-21 10:58:17,Europe/Amsterdam,EUR,,9.99,,,EUR,,,25
LumoGroup,LumoECOM_EU,8620000000000948,ORD-504898,Settled,2026-06-21 11:06:27,Europe/Amsterdam,EUR,,24.99,0.47,0.15,EUR,,24.37,25
LumoGroup,LumoECOM_EU,8620000000000410,ORD-504360,Authorised,2026-06-21 11:08:21,Europe/Amsterdam,EUR,,9.99,,,EUR,,,25
LumoGroup,LumoAPP_US,8620000000000795,ORD-504745,Settled,2026-06-21 11:13:05,Europe/Amsterdam,USD,,9.99,0.19,0.06,USD,,9.74,25
LumoGroup,LumoECOM_EU,8620000000000410,ORD-504360,Settled,2026-06-21 11:13:21,Europe/Amsterdam,EUR,,9.99,0.19,0.06,EUR,,9.74,25
LumoGroup,LumoECOM_EU,8620000000001356,ORD-505306,Authorised,2026-06-21 11:22:56,Europe/Amsterdam,EUR,,9.99,,,EUR,,,25
LumoGroup,LumoAPP_US,8620000000000122,ORD-504072,Authorised,2026-06-21 11:27:07,Europe/Amsterdam,USD,,59.99,,,USD,,,25
LumoGroup,LumoECOM_EU,8620000000000189,ORD-504139,Authorised,2026-06-21 11:27:41,Europe/Amsterdam,GBP,,21.99,,,GBP,,,25
LumoGroup,LumoAPP_US,8620000000000122,ORD-504072,Settled,2026-06-21 11:36:07,Europe/Amsterdam,USD,,59.99,1.14,0.36,USD,,58.49,25
LumoGroup,LumoECOM_EU,8620000000001015,ORD-504965,Settled,2026-06-21 11:44:34,Europe/Amsterdam,EUR,,9.99,0.19,0.06,EUR,,9.74,25
LumoGroup,LumoECOM_EU,8620000000000625,ORD-504575,Settled,2026-06-21 11:47:39,Europe/Amsterdam,EUR,,24.99,0.47,0.15,EUR,,24.37,25
LumoGroup,LumoECOM_EU,8620000000000265,ORD-504215,Authorised,2026-06-21 12:00:35,Europe/Amsterdam,EUR,,9.99,,,EUR,,,25
LumoGroup,LumoECOM_EU,8620000000000539,ORD-504489,Settled,2026-06-21 12:01:54,Europe/Amsterdam,GBP,,8.99,0.17,0.05,GBP,,8.77,25
LumoGroup,LumoECOM_EU,8620000000000189,ORD-504139,Settled,2026-06-21 12:19:41,Europe/Amsterdam,GBP,,21.99,0.42,0.13,GBP,,21.44,25
LumoGroup,LumoECOM_EU,8620000000001356,ORD-505306,Settled,2026-06-21 12:20:56,Europe/Amsterdam,EUR,,9.99,0.19,0.06,EUR,,9.74,25
LumoGroup,LumoECOM_EU,8620000000000002,ORD-503952,Chargeback,2026-06-21 12:30:30,Europe/Amsterdam,EUR,24.99,,,,EUR,24.99,,25
LumoGroup,LumoAPP_US,8620000000001365,ORD-505315,Authorised,2026-06-21 12:32:58,Europe/Amsterdam,USD,,4.99,,,USD,,,25
LumoGroup,LumoECOM_EU,8620000000000670,ORD-504620,Refused,2026-06-21 12:37:58,Europe/Amsterdam,EUR,,24.99,,,EUR,,,25
LumoGroup,LumoECOM_EU,8620000000000896,ORD-504846,Authorised,2026-06-21 12:39:47,Europe/Amsterdam,GBP,,8.99,,,GBP,,,25
LumoGroup,LumoAPP_US,8620000000001205,ORD-505155,Authorised,2026-06-21 12:48:29,Europe/Amsterdam,USD,,9.99,,,USD,,,25
LumoGroup,LumoECOM_EU,8620000000000896,ORD-504846,Settled,2026-06-21 12:51:47,Europe/Amsterdam,GBP,,8.99,0.17,0.05,GBP,,8.77,25
LumoGroup,LumoECOM_EU,8620000000000265,ORD-504215,Settled,2026-06-21 12:55:35,Europe/Amsterdam,EUR,,9.99,0.19,0.06,EUR,,9.74,25
LumoGroup,LumoECOM_EU,8620000000000586,ORD-504536,Authorised,2026-06-21 13:14:02,Europe/Amsterdam,GBP,,21.99,,,GBP,,,25
LumoGroup,LumoAPP_US,8620000000001365,ORD-505315,Settled,2026-06-21 13:40:58,Europe/Amsterdam,USD,,4.99,0.09,0.03,USD,,4.87,25
LumoGroup,LumoAPP_US,8620000000001205,ORD-505155,Settled,2026-06-21 13:41:29,Europe/Amsterdam,USD,,9.99,0.19,0.06,USD,,9.74,25
LumoGroup,LumoECOM_EU,8620000000000640,ORD-504590,Authorised,2026-06-21 13:45:32,Europe/Amsterdam,EUR,,9.99,,,EUR,,,25
LumoGroup,LumoECOM_EU,8620000000001683,ORD-505633,Authorised,2026-06-21 13:53:08,Europe/Amsterdam,EUR,,4.99,,,EUR,,,25
LumoGroup,LumoECOM_EU,8620000000001786,ORD-507793,Authorised,2026-06-21 14:00:00,Europe/Amsterdam,GBP,,21.99,,,GBP,,,25
LumoGroup,LumoECOM_EU,8620000000001603,ORD-505553,Authorised,2026-06-21 14:12:16,Europe/Amsterdam,EUR,,4.99,,,EUR,,,25
LumoGroup,LumoECOM_EU,8620000000001447,ORD-505397,Authorised,2026-06-21 14:23:21,Europe/Amsterdam,EUR,,9.99,,,EUR,,,25
LumoGroup,LumoECOM_EU,8620000000000586,ORD-504536,Settled,2026-06-21 14:37:02,Europe/Amsterdam,GBP,,21.99,0.42,0.13,GBP,,21.44,25
LumoGroup,LumoECOM_EU,8620000000000963,ORD-504913,Authorised,2026-06-21 14:54:11,Europe/Amsterdam,EUR,,9.99,,,EUR,,,25
LumoGroup,LumoECOM_EU,8620000000001683,ORD-505633,Settled,2026-06-21 14:56:08,Europe/Amsterdam,EUR,,4.99,0.09,0.03,EUR,,4.87,25
LumoGroup,LumoECOM_EU,8620000000001440,ORD-505390,Authorised,2026-06-21 15:00:46,Europe/Amsterdam,GBP,,4.49,,,GBP,,,25
LumoGroup,LumoECOM_EU,8620000000001656,ORD-505606,Authorised,2026-06-21 15:08:04,Europe/Amsterdam,EUR,,9.99,,,EUR,,,25
LumoGroup,LumoAPP_US,8620000000000928,ORD-504878,Authorised,2026-06-21 15:11:20,Europe/Amsterdam,USD,,9.99,,,USD,,,25
LumoGroup,LumoECOM_EU,8620000000000031,ORD-503981,Authorised,2026-06-21 15:13:03,Europe/Amsterdam,EUR,,9.99,,,EUR,,,25
LumoGroup,LumoAPP_US,8620000000001262,ORD-505212,Authorised,2026-06-21 15:14:48,Europe/Amsterdam,USD,,59.99,,,USD,,,25
LumoGroup,LumoAPP_US,8620000000001176,ORD-505126,Authorised,2026-06-21 15:19:52,Europe/Amsterdam,USD,,59.99,,,USD,,,25
LumoGroup,LumoECOM_EU,8620000000000640,ORD-504590,Settled,2026-06-21 15:28:32,Europe/Amsterdam,EUR,,9.99,0.19,0.06,EUR,,9.74,25
LumoGroup,LumoECOM_EU,8620000000000031,ORD-503981,Settled,2026-06-21 15:33:03,Europe/Amsterdam,EUR,,9.99,0.19,0.06,EUR,,9.74,25
LumoGroup,LumoECOM_EU,8620000000001603,ORD-505553,Settled,2026-06-21 15:40:16,Europe/Amsterdam,EUR,,4.99,0.09,0.03,EUR,,4.87,25
LumoGroup,LumoAPP_US,8620000000000928,ORD-504878,Settled,2026-06-21 15:41:20,Europe/Amsterdam,USD,,9.99,0.19,0.06,USD,,9.74,25
LumoGroup,LumoAPP_US,8620000000001277,ORD-505227,Authorised,2026-06-21 15:41:59,Europe/Amsterdam,USD,,9.99,,,USD,,,25
LumoGroup,LumoECOM_EU,8620000000001697,ORD-505647,Authorised,2026-06-21 15:42:04,Europe/Amsterdam,GBP,,8.99,,,GBP,,,25
LumoGroup,LumoECOM_EU,8620000000001447,ORD-505397,Settled,2026-06-21 15:49:21,Europe/Amsterdam,EUR,,9.99,0.19,0.06,EUR,,9.74,25
LumoGroup,LumoECOM_EU,8620000000001786,ORD-507793,Settled,2026-06-21 15:50:00,Europe/Amsterdam,GBP,,11.00,0.21,0.07,GBP,,10.72,25
LumoGroup,LumoECOM_EU,8620000000001697,ORD-505647,Settled,2026-06-21 15:50:04,Europe/Amsterdam,GBP,,8.99,0.17,0.05,GBP,,8.77,25
LumoGroup,LumoECOM_EU,8620000000000338,ORD-504288,Authorised,2026-06-21 16:06:55,Europe/Amsterdam,EUR,,9.99,,,EUR,,,25
LumoGroup,LumoECOM_EU,8620000000001248,ORD-505198,Authorised,2026-06-21 16:12:58,Europe/Amsterdam,EUR,,9.99,,,EUR,,,25
LumoGroup,LumoECOM_EU,8620000000000963,ORD-504913,Settled,2026-06-21 16:15:11,Europe/Amsterdam,EUR,,9.99,0.19,0.06,EUR,,9.74,25
LumoGroup,LumoECOM_EU,8620000000001229,ORD-505179,Authorised,2026-06-21 16:17:28,Europe/Amsterdam,EUR,,24.99,,,EUR,,,25
LumoGroup,LumoAPP_US,8620000000001262,ORD-505212,Settled,2026-06-21 16:20:48,Europe/Amsterdam,USD,,59.99,1.14,0.36,USD,,58.49,25
LumoGroup,LumoECOM_EU,8620000000001656,ORD-505606,Settled,2026-06-21 16:26:04,Europe/Amsterdam,EUR,,9.99,0.19,0.06,EUR,,9.74,25
LumoGroup,LumoAPP_US,8620000000001277,ORD-505227,Settled,2026-06-21 16:28:59,Europe/Amsterdam,USD,,9.99,0.19,0.06,USD,,9.74,25
LumoGroup,LumoAPP_US,8620000000000465,ORD-504415,Authorised,2026-06-21 16:34:45,Europe/Amsterdam,USD,,24.99,,,USD,,,25
LumoGroup,LumoECOM_EU,8620000000001440,ORD-505390,Settled,2026-06-21 16:34:46,Europe/Amsterdam,GBP,,4.49,0.09,0.02,GBP,,4.38,25
LumoGroup,LumoECOM_EU,8620000000000060,ORD-504010,Authorised,2026-06-21 16:35:39,Europe/Amsterdam,GBP,,54.99,,,GBP,,,25
LumoGroup,LumoAPP_US,8620000000001176,ORD-505126,Settled,2026-06-21 16:35:52,Europe/Amsterdam,USD,,59.99,1.14,0.36,USD,,58.49,25
LumoGroup,LumoECOM_EU,8620000000001248,ORD-505198,Settled,2026-06-21 16:49:58,Europe/Amsterdam,EUR,,9.99,0.19,0.06,EUR,,9.74,25
LumoGroup,LumoECOM_EU,8620000000000067,ORD-504017,Authorised,2026-06-21 16:52:21,Europe/Amsterdam,EUR,,24.99,,,EUR,,,25
LumoGroup,LumoECOM_EU,8620000000000178,ORD-504128,Authorised,2026-06-21 16:54:38,Europe/Amsterdam,EUR,,9.99,,,EUR,,,25
LumoGroup,LumoECOM_EU,8620000000000338,ORD-504288,Settled,2026-06-21 16:54:55,Europe/Amsterdam,EUR,,9.99,0.19,0.06,EUR,,9.74,25
LumoGroup,LumoECOM_EU,8620000000001229,ORD-505179,Settled,2026-06-21 16:55:28,Europe/Amsterdam,EUR,,24.99,0.47,0.15,EUR,,24.37,25
LumoGroup,LumoAPP_US,8620000000001394,ORD-505344,Authorised,2026-06-21 17:06:18,Europe/Amsterdam,USD,,24.99,,,USD,,,25
LumoGroup,LumoECOM_EU,8620000000001395,ORD-505345,Authorised,2026-06-21 17:11:45,Europe/Amsterdam,EUR,,9.99,,,EUR,,,25
LumoGroup,LumoAPP_US,8620000000001131,ORD-505081,Authorised,2026-06-21 17:16:48,Europe/Amsterdam,USD,,9.99,,,USD,,,25
LumoGroup,LumoECOM_EU,8620000000000178,ORD-504128,Settled,2026-06-21 17:17:38,Europe/Amsterdam,EUR,,9.99,0.19,0.06,EUR,,9.74,25
LumoGroup,LumoAPP_US,8620000000001075,ORD-505025,Authorised,2026-06-21 17:23:46,Europe/Amsterdam,USD,,4.99,,,USD,,,25
LumoGroup,LumoAPP_US,8620000000001131,ORD-505081,Settled,2026-06-21 17:23:48,Europe/Amsterdam,USD,,9.99,0.19,0.06,USD,,9.74,25
LumoGroup,LumoECOM_EU,8620000000001395,ORD-505345,Settled,2026-06-21 17:40:45,Europe/Amsterdam,EUR,,9.99,0.19,0.06,EUR,,9.74,25
LumoGroup,LumoECOM_EU,8620000000000902,ORD-504852,Refunded,2026-06-21 17:40:54,Europe/Amsterdam,EUR,59.99,,,,EUR,59.99,,25
LumoGroup,LumoECOM_EU,8620000000000067,ORD-504017,Settled,2026-06-21 17:45:21,Europe/Amsterdam,EUR,,24.99,0.47,0.15,EUR,,24.37,25
LumoGroup,LumoECOM_EU,8620000000000060,ORD-504010,Settled,2026-06-21 17:45:39,Europe/Amsterdam,GBP,,54.99,1.04,0.33,GBP,,53.62,25
LumoGroup,LumoAPP_US,8620000000000465,ORD-504415,Settled,2026-06-21 17:50:45,Europe/Amsterdam,USD,,24.99,0.47,0.15,USD,,24.37,25
LumoGroup,LumoAPP_US,8620000000000102,ORD-504052,Authorised,2026-06-21 17:51:28,Europe/Amsterdam,USD,,9.99,,,USD,,,25
LumoGroup,LumoAPP_US,8620000000001394,ORD-505344,Settled,2026-06-21 18:20:18,Europe/Amsterdam,USD,,24.99,0.47,0.15,USD,,24.37,25
LumoGroup,LumoAPP_US,8620000000000256,ORD-504206,Authorised,2026-06-21 18:26:21,Europe/Amsterdam,USD,,9.99,,,USD,,,25
LumoGroup,LumoECOM_EU,8620000000001566,ORD-505516,Authorised,2026-06-21 18:30:15,Europe/Amsterdam,EUR,,9.99,,,EUR,,,25
LumoGroup,LumoAPP_US,8620000000000755,ORD-504705,Authorised,2026-06-21 18:31:40,Europe/Amsterdam,USD,,9.99,,,USD,,,25
LumoGroup,LumoAPP_US,8620000000000102,ORD-504052,Settled,2026-06-21 18:39:28,Europe/Amsterdam,USD,,9.99,0.19,0.06,USD,,9.74,25
LumoGroup,LumoAPP_US,8620000000001075,ORD-505025,Settled,2026-06-21 18:39:46,Europe/Amsterdam,USD,,4.99,0.09,0.03,USD,,4.87,25
LumoGroup,LumoECOM_EU,8620000000000321,ORD-504271,Authorised,2026-06-21 18:46:59,Europe/Amsterdam,GBP,,4.49,,,GBP,,,25
LumoGroup,LumoECOM_EU,8620000000001061,ORD-505011,Authorised,2026-06-21 18:55:58,Europe/Amsterdam,EUR,,59.99,,,EUR,,,25
LumoGroup,LumoAPP_US,8620000000000755,ORD-504705,Settled,2026-06-21 18:57:40,Europe/Amsterdam,USD,,9.99,0.19,0.06,USD,,9.74,25
LumoGroup,LumoECOM_EU,8620000000001657,ORD-505607,Refused,2026-06-21 19:03:17,Europe/Amsterdam,GBP,,8.99,,,GBP,,,25
LumoGroup,LumoECOM_EU,8620000000000330,ORD-504280,Authorised,2026-06-21 19:03:52,Europe/Amsterdam,EUR,,9.99,,,EUR,,,25
LumoGroup,LumoECOM_EU,8620000000000864,ORD-504814,Authorised,2026-06-21 19:09:23,Europe/Amsterdam,EUR,,24.99,,,EUR,,,25
LumoGroup,LumoAPP_US,8620000000000256,ORD-504206,Settled,2026-06-21 19:26:21,Europe/Amsterdam,USD,,9.99,0.19,0.06,USD,,9.74,25
LumoGroup,LumoECOM_EU,8620000000000473,ORD-504423,Authorised,2026-06-21 19:32:07,Europe/Amsterdam,EUR,,9.99,,,EUR,,,25
LumoGroup,LumoECOM_EU,8620000000000864,ORD-504814,Settled,2026-06-21 19:36:23,Europe/Amsterdam,EUR,,24.99,0.47,0.15,EUR,,24.37,25
LumoGroup,LumoECOM_EU,8620000000001412,ORD-505362,Authorised,2026-06-21 19:36:32,Europe/Amsterdam,EUR,,9.99,,,EUR,,,25
LumoGroup,LumoECOM_EU,8620000000001566,ORD-505516,Settled,2026-06-21 19:47:15,Europe/Amsterdam,EUR,,9.99,0.19,0.06,EUR,,9.74,25
LumoGroup,LumoECOM_EU,8620000000000976,ORD-504926,Authorised,2026-06-21 19:52:50,Europe/Amsterdam,GBP,,8.99,,,GBP,,,25
LumoGroup,LumoECOM_EU,8620000000000321,ORD-504271,Settled,2026-06-21 19:54:59,Europe/Amsterdam,GBP,,4.49,0.09,0.02,GBP,,4.38,25
LumoGroup,LumoECOM_EU,8620000000000690,ORD-504640,Authorised,2026-06-21 20:06:42,Europe/Amsterdam,EUR,,9.99,,,EUR,,,25
LumoGroup,LumoECOM_EU,8620000000001369,ORD-505319,Authorised,2026-06-21 20:14:53,Europe/Amsterdam,EUR,,59.99,,,EUR,,,25
LumoGroup,LumoECOM_EU,8620000000000142,ORD-504092,Authorised,2026-06-21 20:15:44,Europe/Amsterdam,GBP,,8.99,,,GBP,,,25
LumoGroup,LumoECOM_EU,8620000000001495,ORD-505445,Refused,2026-06-21 20:19:37,Europe/Amsterdam,GBP,,54.99,,,GBP,,,25
LumoGroup,LumoECOM_EU,8620000000000359,ORD-504309,Authorised,2026-06-21 20:27:21,Europe/Amsterdam,EUR,,9.99,,,EUR,,,25
LumoGroup,LumoECOM_EU,8620000000001061,ORD-505011,Settled,2026-06-21 20:31:58,Europe/Amsterdam,EUR,,59.99,1.14,0.36,EUR,,58.49,25
LumoGroup,LumoECOM_EU,8620000000000330,ORD-504280,Settled,2026-06-21 20:33:52,Europe/Amsterdam,EUR,,9.99,0.19,0.06,EUR,,9.74,25
LumoGroup,LumoECOM_EU,8620000000000473,ORD-504423,Settled,2026-06-21 20:41:07,Europe/Amsterdam,EUR,,9.99,0.19,0.06,EUR,,9.74,25
LumoGroup,LumoECOM_EU,8620000000000142,ORD-504092,Settled,2026-06-21 20:58:44,Europe/Amsterdam,GBP,,8.99,0.17,0.05,GBP,,8.77,25
LumoGroup,LumoECOM_EU,8620000000001412,ORD-505362,Settled,2026-06-21 21:02:32,Europe/Amsterdam,EUR,,9.99,0.19,0.06,EUR,,9.74,25
LumoGroup,LumoECOM_EU,8620000000000976,ORD-504926,Settled,2026-06-21 21:08:50,Europe/Amsterdam,GBP,,8.99,0.17,0.05,GBP,,8.77,25
LumoGroup,LumoECOM_EU,8620000000001369,ORD-505319,Settled,2026-06-21 21:19:53,Europe/Amsterdam,EUR,,59.99,1.14,0.36,EUR,,58.49,25
LumoGroup,LumoECOM_EU,8620000000000359,ORD-504309,Settled,2026-06-21 21:45:21,Europe/Amsterdam,EUR,,9.99,0.19,0.06,EUR,,9.74,25
LumoGroup,LumoECOM_EU,8620000000000690,ORD-504640,Settled,2026-06-21 21:48:42,Europe/Amsterdam,EUR,,9.99,0.19,0.06,EUR,,9.74,25
LumoGroup,LumoECOM_EU,8620000000000080,ORD-504030,Authorised,2026-06-22 09:18:51,Europe/Amsterdam,EUR,,9.99,,,EUR,,,26
LumoGroup,LumoECOM_EU,8620000000000080,ORD-504030,Settled,2026-06-22 09:32:51,Europe/Amsterdam,EUR,,9.99,0.19,0.06,EUR,,9.74,26
LumoGroup,LumoECOM_EU,8620000000000449,ORD-504399,Authorised,2026-06-22 10:00:15,Europe/Amsterdam,EUR,,24.99,,,EUR,,,26
LumoGroup,LumoAPP_US,8620000000001158,ORD-505108,Authorised,2026-06-22 10:01:07,Europe/Amsterdam,USD,,9.99,,,USD,,,26
LumoGroup,LumoAPP_US,8620000000001158,ORD-505108,Settled,2026-06-22 10:24:07,Europe/Amsterdam,USD,,9.99,0.19,0.06,USD,,9.74,26
LumoGroup,LumoECOM_EU,8620000000000467,ORD-504417,Authorised,2026-06-22 10:27:45,Europe/Amsterdam,GBP,,21.99,,,GBP,,,26
LumoGroup,LumoECOM_EU,8620000000001568,ORD-505518,Authorised,2026-06-22 10:41:31,Europe/Amsterdam,EUR,,9.99,,,EUR,,,26
LumoGroup,LumoAPP_US,8620000000001303,ORD-505253,Authorised,2026-06-22 10:44:15,Europe/Amsterdam,USD,,24.99,,,USD,,,26
LumoGroup,LumoECOM_EU,8620000000001568,ORD-505518,Settled,2026-06-22 11:08:31,Europe/Amsterdam,EUR,,9.99,0.19,0.06,EUR,,9.74,26
LumoGroup,LumoECOM_EU,8620000000001602,ORD-505552,Authorised,2026-06-22 11:09:59,Europe/Amsterdam,EUR,,9.99,,,EUR,,,26
LumoGroup,LumoECOM_EU,8620000000000449,ORD-504399,Settled,2026-06-22 11:20:15,Europe/Amsterdam,EUR,,24.99,0.47,0.15,EUR,,24.37,26
LumoGroup,LumoECOM_EU,8620000000001602,ORD-505552,Settled,2026-06-22 11:20:59,Europe/Amsterdam,EUR,,9.99,0.19,0.06,EUR,,9.74,26
LumoGroup,LumoECOM_EU,8620000000000467,ORD-504417,Settled,2026-06-22 11:22:45,Europe/Amsterdam,GBP,,21.99,0.42,0.13,GBP,,21.44,26
LumoGroup,LumoECOM_EU,8620000000001054,ORD-505004,Authorised,2026-06-22 11:31:23,Europe/Amsterdam,GBP,,21.99,,,GBP,,,26
LumoGroup,LumoAPP_US,8620000000001303,ORD-505253,Settled,2026-06-22 11:42:15,Europe/Amsterdam,USD,,24.99,0.47,0.15,USD,,24.37,26
LumoGroup,LumoECOM_EU,8620000000000351,ORD-504301,Authorised,2026-06-22 12:07:01,Europe/Amsterdam,GBP,,8.99,,,GBP,,,26
LumoGroup,LumoECOM_EU,8620000000001265,ORD-505215,Authorised,2026-06-22 12:08:08,Europe/Amsterdam,EUR,,59.99,,,EUR,,,26
LumoGroup,LumoECOM_EU,8620000000001054,ORD-505004,Settled,2026-06-22 12:08:23,Europe/Amsterdam,GBP,,21.99,0.42,0.13,GBP,,21.44,26
LumoGroup,LumoECOM_EU,8620000000001510,ORD-505460,Authorised,2026-06-22 12:23:01,Europe/Amsterdam,EUR,,9.99,,,EUR,,,26
LumoGroup,LumoECOM_EU,8620000000001147,ORD-505097,Authorised,2026-06-22 12:35:03,Europe/Amsterdam,EUR,,9.99,,,EUR,,,26
LumoGroup,LumoECOM_EU,8620000000000351,ORD-504301,Settled,2026-06-22 12:41:01,Europe/Amsterdam,GBP,,8.99,0.17,0.05,GBP,,8.77,26
LumoGroup,LumoAPP_US,8620000000000767,ORD-504717,Authorised,2026-06-22 12:41:37,Europe/Amsterdam,USD,,9.99,,,USD,,,26
LumoGroup,LumoECOM_EU,8620000000000049,ORD-503999,Authorised,2026-06-22 12:45:11,Europe/Amsterdam,EUR,,9.99,,,EUR,,,26
LumoGroup,LumoECOM_EU,8620000000001674,ORD-505624,Authorised,2026-06-22 12:57:42,Europe/Amsterdam,EUR,,9.99,,,EUR,,,26
LumoGroup,LumoECOM_EU,8620000000000254,ORD-504204,Authorised,2026-06-22 13:09:59,Europe/Amsterdam,EUR,,4.99,,,EUR,,,26
LumoGroup,LumoECOM_EU,8620000000000642,ORD-504592,Authorised,2026-06-22 13:10:17,Europe/Amsterdam,EUR,,9.99,,,EUR,,,26
LumoGroup,LumoAPP_US,8620000000000767,ORD-504717,Settled,2026-06-22 13:28:37,Europe/Amsterdam,USD,,9.99,0.19,0.06,USD,,9.74,26
LumoGroup,LumoECOM_EU,8620000000001321,ORD-505271,Authorised,2026-06-22 13:30:24,Europe/Amsterdam,EUR,,24.99,,,EUR,,,26
LumoGroup,LumoECOM_EU,8620000000001265,ORD-505215,Settled,2026-06-22 13:39:08,Europe/Amsterdam,EUR,,59.99,1.14,0.36,EUR,,58.49,26
LumoGroup,LumoECOM_EU,8620000000001309,ORD-505259,Authorised,2026-06-22 13:39:09,Europe/Amsterdam,EUR,,24.99,,,EUR,,,26
LumoGroup,LumoECOM_EU,8620000000001014,ORD-504964,Authorised,2026-06-22 13:43:31,Europe/Amsterdam,EUR,,59.99,,,EUR,,,26
LumoGroup,LumoECOM_EU,8620000000001321,ORD-505271,Settled,2026-06-22 13:46:24,Europe/Amsterdam,EUR,,24.99,0.47,0.15,EUR,,24.37,26
LumoGroup,LumoECOM_EU,8620000000000704,ORD-504654,Authorised,2026-06-22 13:52:10,Europe/Amsterdam,EUR,,4.99,,,EUR,,,26
LumoGroup,LumoECOM_EU,8620000000000049,ORD-503999,Settled,2026-06-22 13:52:11,Europe/Amsterdam,EUR,,9.99,0.19,0.06,EUR,,9.74,26
LumoGroup,LumoECOM_EU,8620000000001510,ORD-505460,Settled,2026-06-22 13:53:01,Europe/Amsterdam,EUR,,9.99,0.19,0.06,EUR,,9.74,26
LumoGroup,LumoAPP_US,8620000000001699,ORD-505649,Authorised,2026-06-22 13:58:33,Europe/Amsterdam,USD,,24.99,,,USD,,,26
LumoGroup,LumoECOM_EU,8620000000001014,ORD-504964,Settled,2026-06-22 14:00:31,Europe/Amsterdam,EUR,,59.99,1.14,0.36,EUR,,58.49,26
LumoGroup,LumoECOM_EU,8620000000000017,ORD-503967,Authorised,2026-06-22 14:03:34,Europe/Amsterdam,GBP,,8.99,,,GBP,,,26
LumoGroup,LumoECOM_EU,8620000000001147,ORD-505097,Settled,2026-06-22 14:08:03,Europe/Amsterdam,EUR,,9.99,0.19,0.06,EUR,,9.74,26
LumoGroup,LumoECOM_EU,8620000000001493,ORD-505443,Authorised,2026-06-22 14:08:19,Europe/Amsterdam,EUR,,9.99,,,EUR,,,26
LumoGroup,LumoAPP_US,8620000000000738,ORD-504688,Authorised,2026-06-22 14:15:24,Europe/Amsterdam,USD,,9.99,,,USD,,,26
LumoGroup,LumoECOM_EU,8620000000000704,ORD-504654,Settled,2026-06-22 14:18:10,Europe/Amsterdam,EUR,,4.99,0.09,0.03,EUR,,4.87,26
LumoGroup,LumoECOM_EU,8620000000000781,ORD-504731,Authorised,2026-06-22 14:22:16,Europe/Amsterdam,EUR,,4.99,,,EUR,,,26
LumoGroup,LumoECOM_EU,8620000000000017,ORD-503967,Settled,2026-06-22 14:26:34,Europe/Amsterdam,GBP,,8.99,0.17,0.05,GBP,,8.77,26
LumoGroup,LumoECOM_EU,8620000000001674,ORD-505624,Settled,2026-06-22 14:30:42,Europe/Amsterdam,EUR,,9.99,0.19,0.06,EUR,,9.74,26
LumoGroup,LumoECOM_EU,8620000000000642,ORD-504592,Settled,2026-06-22 14:39:17,Europe/Amsterdam,EUR,,9.99,0.19,0.06,EUR,,9.74,26
LumoGroup,LumoAPP_US,8620000000001689,ORD-505639,Authorised,2026-06-22 14:46:53,Europe/Amsterdam,USD,,24.99,,,USD,,,26
LumoGroup,LumoECOM_EU,8620000000001597,ORD-505547,Refused,2026-06-22 14:54:24,Europe/Amsterdam,EUR,,24.99,,,EUR,,,26
LumoGroup,LumoECOM_EU,8620000000000254,ORD-504204,Settled,2026-06-22 14:55:59,Europe/Amsterdam,EUR,,4.99,0.09,0.03,EUR,,4.87,26
LumoGroup,LumoECOM_EU,8620000000000522,ORD-504472,Refused,2026-06-22 14:59:22,Europe/Amsterdam,EUR,,59.99,,,EUR,,,26
LumoGroup,LumoECOM_EU,8620000000000052,ORD-504002,Authorised,2026-06-22 15:02:20,Europe/Amsterdam,EUR,,9.99,,,EUR,,,26
LumoGroup,LumoECOM_EU,8620000000001309,ORD-505259,Settled,2026-06-22 15:15:09,Europe/Amsterdam,EUR,,24.99,0.47,0.15,EUR,,24.37,26
LumoGroup,LumoECOM_EU,8620000000000781,ORD-504731,Settled,2026-06-22 15:21:16,Europe/Amsterdam,EUR,,4.99,0.09,0.03,EUR,,4.87,26
LumoGroup,LumoAPP_US,8620000000001363,ORD-505313,Refunded,2026-06-22 15:21:32,Europe/Amsterdam,USD,24.99,,,,USD,24.99,,26
LumoGroup,LumoECOM_EU,8620000000001493,ORD-505443,Settled,2026-06-22 15:23:19,Europe/Amsterdam,EUR,,9.99,0.19,0.06,EUR,,9.74,26
LumoGroup,LumoAPP_US,8620000000001699,ORD-505649,Settled,2026-06-22 15:23:33,Europe/Amsterdam,USD,,24.99,0.47,0.15,USD,,24.37,26
LumoGroup,LumoECOM_EU,8620000000000464,ORD-504414,Authorised,2026-06-22 15:24:40,Europe/Amsterdam,EUR,,24.99,,,EUR,,,26
LumoGroup,LumoECOM_EU,8620000000000702,ORD-504652,Authorised,2026-06-22 15:41:29,Europe/Amsterdam,GBP,,54.99,,,GBP,,,26
LumoGroup,LumoAPP_US,8620000000000696,ORD-504646,Authorised,2026-06-22 15:48:46,Europe/Amsterdam,USD,,9.99,,,USD,,,26
LumoGroup,LumoAPP_US,8620000000000738,ORD-504688,Settled,2026-06-22 15:49:24,Europe/Amsterdam,USD,,9.99,0.19,0.06,USD,,9.74,26
LumoGroup,LumoECOM_EU,8620000000000464,ORD-504414,Settled,2026-06-22 15:51:40,Europe/Amsterdam,EUR,,24.99,0.47,0.15,EUR,,24.37,26
LumoGroup,LumoECOM_EU,8620000000001546,ORD-505496,Authorised,2026-06-22 15:55:48,Europe/Amsterdam,EUR,,59.99,,,EUR,,,26
LumoGroup,LumoAPP_US,8620000000001689,ORD-505639,Settled,2026-06-22 16:08:53,Europe/Amsterdam,USD,,24.99,0.47,0.15,USD,,24.37,26
LumoGroup,LumoECOM_EU,8620000000001457,ORD-505407,Authorised,2026-06-22 16:09:00,Europe/Amsterdam,EUR,,9.99,,,EUR,,,26
LumoGroup,LumoECOM_EU,8620000000000052,ORD-504002,Settled,2026-06-22 16:11:20,Europe/Amsterdam,EUR,,9.99,0.19,0.06,EUR,,9.74,26
LumoGroup,LumoECOM_EU,8620000000001314,ORD-505264,Authorised,2026-06-22 16:14:26,Europe/Amsterdam,EUR,,9.99,,,EUR,,,26
LumoGroup,LumoECOM_EU,8620000000000611,ORD-504561,Authorised,2026-06-22 16:35:24,Europe/Amsterdam,EUR,,59.99,,,EUR,,,26
LumoGroup,LumoAPP_US,8620000000000703,ORD-504653,Authorised,2026-06-22 16:42:42,Europe/Amsterdam,USD,,9.99,,,USD,,,26
LumoGroup,LumoECOM_EU,8620000000001135,ORD-505085,Authorised,2026-06-22 16:48:54,Europe/Amsterdam,EUR,,9.99,,,EUR,,,26
LumoGroup,LumoECOM_EU,8620000000000399,ORD-504349,Authorised,2026-06-22 16:49:10,Europe/Amsterdam,EUR,,59.99,,,EUR,,,26
LumoGroup,LumoECOM_EU,8620000000000911,ORD-504861,Authorised,2026-06-22 16:52:04,Europe/Amsterdam,EUR,,9.99,,,EUR,,,26
LumoGroup,LumoECOM_EU,8620000000000702,ORD-504652,Settled,2026-06-22 16:54:29,Europe/Amsterdam,GBP,,54.99,1.04,0.33,GBP,,53.62,26
LumoGroup,LumoECOM_EU,8620000000001482,ORD-505432,Authorised,2026-06-22 16:56:37,Europe/Amsterdam,EUR,,4.99,,,EUR,,,26
LumoGroup,LumoECOM_EU,8620000000001546,ORD-505496,Settled,2026-06-22 17:00:48,Europe/Amsterdam,EUR,,59.99,1.14,0.36,EUR,,58.49,26
LumoGroup,LumoECOM_EU,8620000000000911,ORD-504861,Settled,2026-06-22 17:03:04,Europe/Amsterdam,EUR,,9.99,0.19,0.06,EUR,,9.74,26
LumoGroup,LumoECOM_EU,8620000000000350,ORD-504300,Authorised,2026-06-22 17:03:54,Europe/Amsterdam,GBP,,54.99,,,GBP,,,26
LumoGroup,LumoECOM_EU,8620000000000773,ORD-504723,Authorised,2026-06-22 17:07:55,Europe/Amsterdam,GBP,,8.99,,,GBP,,,26
LumoGroup,LumoECOM_EU,8620000000000435,ORD-504385,Authorised,2026-06-22 17:10:34,Europe/Amsterdam,EUR,,9.99,,,EUR,,,26
LumoGroup,LumoAPP_US,8620000000000696,ORD-504646,Settled,2026-06-22 17:10:46,Europe/Amsterdam,USD,,9.99,0.19,0.06,USD,,9.74,26
LumoGroup,LumoECOM_EU,8620000000001522,ORD-505472,Refused,2026-06-22 17:12:56,Europe/Amsterdam,EUR,,24.99,,,EUR,,,26
LumoGroup,LumoECOM_EU,8620000000001135,ORD-505085,Settled,2026-06-22 17:17:54,Europe/Amsterdam,EUR,,9.99,0.19,0.06,EUR,,9.74,26
LumoGroup,LumoECOM_EU,8620000000001457,ORD-505407,Settled,2026-06-22 17:25:00,Europe/Amsterdam,EUR,,9.99,0.19,0.06,EUR,,9.74,26
LumoGroup,LumoECOM_EU,8620000000001314,ORD-505264,Settled,2026-06-22 17:28:26,Europe/Amsterdam,EUR,,9.99,0.19,0.06,EUR,,9.74,26
LumoGroup,LumoECOM_EU,8620000000000517,ORD-504467,Refused,2026-06-22 17:29:44,Europe/Amsterdam,EUR,,9.99,,,EUR,,,26
LumoGroup,LumoAPP_US,8620000000000703,ORD-504653,Settled,2026-06-22 17:33:42,Europe/Amsterdam,USD,,9.99,0.19,0.06,USD,,9.74,26
LumoGroup,LumoECOM_EU,8620000000000981,ORD-504931,Authorised,2026-06-22 17:36:28,Europe/Amsterdam,EUR,,9.99,,,EUR,,,26
LumoGroup,LumoECOM_EU,8620000000000319,ORD-504269,Authorised,2026-06-22 17:36:48,Europe/Amsterdam,EUR,,9.99,,,EUR,,,26
LumoGroup,LumoECOM_EU,8620000000001482,ORD-505432,Settled,2026-06-22 17:41:37,Europe/Amsterdam,EUR,,4.99,0.09,0.03,EUR,,4.87,26
LumoGroup,LumoECOM_EU,8620000000000773,ORD-504723,Settled,2026-06-22 17:49:55,Europe/Amsterdam,GBP,,8.99,0.17,0.05,GBP,,8.77,26
LumoGroup,LumoECOM_EU,8620000000001403,ORD-505353,Authorised,2026-06-22 17:53:58,Europe/Amsterdam,GBP,,21.99,,,GBP,,,26
LumoGroup,LumoAPP_US,8620000000000487,ORD-504437,Authorised,2026-06-22 17:56:22,Europe/Amsterdam,USD,,4.99,,,USD,,,26
LumoGroup,LumoECOM_EU,8620000000000981,ORD-504931,Settled,2026-06-22 18:03:28,Europe/Amsterdam,EUR,,9.99,0.19,0.06,EUR,,9.74,26
LumoGroup,LumoECOM_EU,8620000000000346,ORD-504296,Authorised,2026-06-22 18:17:54,Europe/Amsterdam,EUR,,9.99,,,EUR,,,26
LumoGroup,LumoECOM_EU,8620000000000611,ORD-504561,Settled,2026-06-22 18:20:24,Europe/Amsterdam,EUR,,59.99,1.14,0.36,EUR,,58.49,26
LumoGroup,LumoECOM_EU,8620000000000399,ORD-504349,Settled,2026-06-22 18:21:10,Europe/Amsterdam,EUR,,59.99,1.14,0.36,EUR,,58.49,26
LumoGroup,LumoECOM_EU,8620000000000319,ORD-504269,Settled,2026-06-22 18:30:48,Europe/Amsterdam,EUR,,9.99,0.19,0.06,EUR,,9.74,26
LumoGroup,LumoECOM_EU,8620000000000350,ORD-504300,Settled,2026-06-22 18:32:54,Europe/Amsterdam,GBP,,54.99,1.04,0.33,GBP,,53.62,26
LumoGroup,LumoECOM_EU,8620000000000435,ORD-504385,Settled,2026-06-22 18:33:34,Europe/Amsterdam,EUR,,9.99,0.19,0.06,EUR,,9.74,26
LumoGroup,LumoECOM_EU,8620000000001403,ORD-505353,Settled,2026-06-22 18:35:58,Europe/Amsterdam,GBP,,21.99,0.42,0.13,GBP,,21.44,26
LumoGroup,LumoECOM_EU,8620000000001527,ORD-505477,Refused,2026-06-22 18:56:05,Europe/Amsterdam,EUR,,9.99,,,EUR,,,26
LumoGroup,LumoECOM_EU,8620000000000346,ORD-504296,Settled,2026-06-22 18:57:54,Europe/Amsterdam,EUR,,9.99,0.19,0.06,EUR,,9.74,26
LumoGroup,LumoECOM_EU,8620000000001175,ORD-505125,Authorised,2026-06-22 19:26:04,Europe/Amsterdam,EUR,,59.99,,,EUR,,,26
LumoGroup,LumoAPP_US,8620000000000487,ORD-504437,Settled,2026-06-22 19:30:22,Europe/Amsterdam,USD,,4.99,0.09,0.03,USD,,4.87,26
LumoGroup,LumoECOM_EU,8620000000001043,ORD-504993,Authorised,2026-06-22 19:32:52,Europe/Amsterdam,EUR,,9.99,,,EUR,,,26
LumoGroup,LumoECOM_EU,8620000000001034,ORD-504984,Authorised,2026-06-22 19:44:25,Europe/Amsterdam,EUR,,9.99,,,EUR,,,26
LumoGroup,LumoECOM_EU,8620000000001175,ORD-505125,Settled,2026-06-22 19:46:04,Europe/Amsterdam,EUR,,59.99,1.14,0.36,EUR,,58.49,26
LumoGroup,LumoECOM_EU,8620000000001043,ORD-504993,Settled,2026-06-22 20:05:52,Europe/Amsterdam,EUR,,9.99,0.19,0.06,EUR,,9.74,26
LumoGroup,LumoECOM_EU,8620000000001304,ORD-505254,Authorised,2026-06-22 20:09:37,Europe/Amsterdam,EUR,,24.99,,,EUR,,,26
LumoGroup,LumoAPP_US,8620000000001001,ORD-504951,Authorised,2026-06-22 20:40:27,Europe/Amsterdam,USD,,24.99,,,USD,,,26
LumoGroup,LumoECOM_EU,8620000000000530,ORD-504480,Refused,2026-06-22 20:51:21,Europe/Amsterdam,EUR,,9.99,,,EUR,,,26
LumoGroup,LumoECOM_EU,8620000000001034,ORD-504984,Settled,2026-06-22 21:19:25,Europe/Amsterdam,EUR,,9.99,0.19,0.06,EUR,,9.74,26
LumoGroup,LumoAPP_US,8620000000001001,ORD-504951,Settled,2026-06-22 21:21:27,Europe/Amsterdam,USD,,24.99,0.47,0.15,USD,,24.37,26
LumoGroup,LumoECOM_EU,8620000000001304,ORD-505254,Settled,2026-06-22 21:21:37,Europe/Amsterdam,EUR,,24.99,0.47,0.15,EUR,,24.37,26
LumoGroup,LumoECOM_EU,8620000000000741,ORD-504691,Authorised,2026-06-23 09:07:01,Europe/Amsterdam,GBP,,8.99,,,GBP,,,26
LumoGroup,LumoECOM_EU,8620000000001473,ORD-505423,Authorised,2026-06-23 09:21:56,Europe/Amsterdam,EUR,,59.99,,,EUR,,,26
LumoGroup,LumoECOM_EU,8620000000001473,ORD-505423,Settled,2026-06-23 09:51:56,Europe/Amsterdam,EUR,,59.99,1.14,0.36,EUR,,58.49,26
LumoGroup,LumoECOM_EU,8620000000001253,ORD-505203,Authorised,2026-06-23 09:54:36,Europe/Amsterdam,EUR,,59.99,,,EUR,,,26
LumoGroup,LumoECOM_EU,8620000000001201,ORD-505151,Authorised,2026-06-23 10:11:17,Europe/Amsterdam,EUR,,59.99,,,EUR,,,26
LumoGroup,LumoECOM_EU,8620000000000741,ORD-504691,Settled,2026-06-23 10:19:01,Europe/Amsterdam,GBP,,8.99,0.17,0.05,GBP,,8.77,26
LumoGroup,LumoAPP_US,8620000000001514,ORD-505464,Authorised,2026-06-23 10:21:37,Europe/Amsterdam,USD,,9.99,,,USD,,,26
LumoGroup,LumoECOM_EU,8620000000001283,ORD-505233,Authorised,2026-06-23 10:21:43,Europe/Amsterdam,EUR,,9.99,,,EUR,,,26
LumoGroup,LumoAPP_US,8620000000000244,ORD-504194,Authorised,2026-06-23 10:21:48,Europe/Amsterdam,USD,,9.99,,,USD,,,26
LumoGroup,LumoECOM_EU,8620000000001201,ORD-505151,Settled,2026-06-23 10:26:17,Europe/Amsterdam,EUR,,59.99,1.14,0.36,EUR,,58.49,26
LumoGroup,LumoECOM_EU,8620000000001253,ORD-505203,Settled,2026-06-23 10:29:36,Europe/Amsterdam,EUR,,59.99,1.14,0.36,EUR,,58.49,26
LumoGroup,LumoECOM_EU,8620000000001610,ORD-505560,Authorised,2026-06-23 10:36:40,Europe/Amsterdam,EUR,,9.99,,,EUR,,,26
LumoGroup,LumoECOM_EU,8620000000000512,ORD-504462,Authorised,2026-06-23 10:36:54,Europe/Amsterdam,EUR,,9.99,,,EUR,,,26
LumoGroup,LumoAPP_US,8620000000000244,ORD-504194,Settled,2026-06-23 10:39:48,Europe/Amsterdam,USD,,9.99,0.19,0.06,USD,,9.74,26
LumoGroup,LumoECOM_EU,8620000000001283,ORD-505233,Settled,2026-06-23 10:40:43,Europe/Amsterdam,EUR,,9.99,0.19,0.06,EUR,,9.74,26
LumoGroup,LumoECOM_EU,8620000000001156,ORD-505106,Authorised,2026-06-23 10:49:49,Europe/Amsterdam,EUR,,9.99,,,EUR,,,26
LumoGroup,LumoECOM_EU,8620000000001599,ORD-505549,Authorised,2026-06-23 10:58:25,Europe/Amsterdam,EUR,,9.99,,,EUR,,,26
LumoGroup,LumoECOM_EU,8620000000001610,ORD-505560,Settled,2026-06-23 11:12:40,Europe/Amsterdam,EUR,,9.99,0.19,0.06,EUR,,9.74,26
LumoGroup,LumoECOM_EU,8620000000001599,ORD-505549,Settled,2026-06-23 11:45:25,Europe/Amsterdam,EUR,,9.99,0.19,0.06,EUR,,9.74,26
LumoGroup,LumoECOM_EU,8620000000001156,ORD-505106,Settled,2026-06-23 11:45:49,Europe/Amsterdam,EUR,,9.99,0.19,0.06,EUR,,9.74,26
LumoGroup,LumoAPP_US,8620000000001514,ORD-505464,Settled,2026-06-23 12:05:37,Europe/Amsterdam,USD,,9.99,0.19,0.06,USD,,9.74,26
LumoGroup,LumoECOM_EU,8620000000000512,ORD-504462,Settled,2026-06-23 12:10:54,Europe/Amsterdam,EUR,,9.99,0.19,0.06,EUR,,9.74,26
LumoGroup,LumoECOM_EU,8620000000000842,ORD-504792,Authorised,2026-06-23 12:17:30,Europe/Amsterdam,EUR,,9.99,,,EUR,,,26
LumoGroup,LumoECOM_EU,8620000000000710,ORD-504660,Authorised,2026-06-23 12:18:19,Europe/Amsterdam,GBP,,8.99,,,GBP,,,26
LumoGroup,LumoECOM_EU,8620000000000683,ORD-504633,Authorised,2026-06-23 12:21:57,Europe/Amsterdam,EUR,,24.99,,,EUR,,,26
LumoGroup,LumoECOM_EU,8620000000000547,ORD-504497,Authorised,2026-06-23 12:53:28,Europe/Amsterdam,EUR,,24.99,,,EUR,,,26
LumoGroup,LumoECOM_EU,8620000000000336,ORD-504286,Refused,2026-06-23 13:08:19,Europe/Amsterdam,EUR,,24.99,,,EUR,,,26
LumoGroup,LumoECOM_EU,8620000000000187,ORD-504137,Refused,2026-06-23 13:16:48,Europe/Amsterdam,EUR,,9.99,,,EUR,,,26
LumoGroup,LumoECOM_EU,8620000000001644,ORD-505594,Authorised,2026-06-23 13:34:39,Europe/Amsterdam,EUR,,9.99,,,EUR,,,26
LumoGroup,LumoAPP_US,8620000000000175,ORD-504125,Authorised,2026-06-23 13:38:35,Europe/Amsterdam,USD,,59.99,,,USD,,,26
LumoGroup,LumoECOM_EU,8620000000000891,ORD-504841,Authorised,2026-06-23 13:42:10,Europe/Amsterdam,EUR,,59.99,,,EUR,,,26
LumoGroup,LumoECOM_EU,8620000000000683,ORD-504633,Settled,2026-06-23 13:44:57,Europe/Amsterdam,EUR,,24.99,0.47,0.15,EUR,,24.37,26
LumoGroup,LumoECOM_EU,8620000000000842,ORD-504792,Settled,2026-06-23 13:45:30,Europe/Amsterdam,EUR,,9.99,0.19,0.06,EUR,,9.74,26
LumoGroup,LumoAPP_US,8620000000001350,ORD-505300,Authorised,2026-06-23 13:46:22,Europe/Amsterdam,USD,,59.99,,,USD,,,26
LumoGroup,LumoECOM_EU,8620000000000710,ORD-504660,Settled,2026-06-23 13:57:19,Europe/Amsterdam,GBP,,8.99,0.17,0.05,GBP,,8.77,26
LumoGroup,LumoECOM_EU,8620000000000172,ORD-504122,Authorised,2026-06-23 14:34:07,Europe/Amsterdam,EUR,,9.99,,,EUR,,,26
LumoGroup,LumoECOM_EU,8620000000001407,ORD-505357,Authorised,2026-06-23 14:38:48,Europe/Amsterdam,GBP,,8.99,,,GBP,,,26
LumoGroup,LumoECOM_EU,8620000000001644,ORD-505594,Settled,2026-06-23 14:41:39,Europe/Amsterdam,EUR,,9.99,0.19,0.06,EUR,,9.74,26
LumoGroup,LumoECOM_EU,8620000000000547,ORD-504497,Settled,2026-06-23 14:42:28,Europe/Amsterdam,EUR,,24.99,0.47,0.15,EUR,,24.37,26
LumoGroup,LumoECOM_EU,8620000000000891,ORD-504841,Settled,2026-06-23 14:53:10,Europe/Amsterdam,EUR,,59.99,1.14,0.36,EUR,,58.49,26
LumoGroup,LumoAPP_US,8620000000000175,ORD-504125,Settled,2026-06-23 15:01:35,Europe/Amsterdam,USD,,59.99,1.14,0.36,USD,,58.49,26
LumoGroup,LumoAPP_US,8620000000001350,ORD-505300,Settled,2026-06-23 15:05:22,Europe/Amsterdam,USD,,59.99,1.14,0.36,USD,,58.49,26
LumoGroup,LumoECOM_EU,8620000000000783,ORD-504733,Refused,2026-06-23 15:14:08,Europe/Amsterdam,GBP,,8.99,,,GBP,,,26
LumoGroup,LumoECOM_EU,8620000000000172,ORD-504122,Settled,2026-06-23 15:23:07,Europe/Amsterdam,EUR,,9.99,0.19,0.06,EUR,,9.74,26
LumoGroup,LumoECOM_EU,8620000000001407,ORD-505357,Settled,2026-06-23 15:30:48,Europe/Amsterdam,GBP,,8.99,0.17,0.05,GBP,,8.77,26
LumoGroup,LumoAPP_US,8620000000000983,ORD-504933,Authorised,2026-06-23 16:11:10,Europe/Amsterdam,USD,,59.99,,,USD,,,26
LumoGroup,LumoECOM_EU,8620000000001173,ORD-505123,Authorised,2026-06-23 16:12:25,Europe/Amsterdam,EUR,,4.99,,,EUR,,,26
LumoGroup,LumoAPP_US,8620000000000550,ORD-504500,Authorised,2026-06-23 16:15:18,Europe/Amsterdam,USD,,24.99,,,USD,,,26
LumoGroup,LumoECOM_EU,8620000000001288,ORD-505238,Authorised,2026-06-23 16:22:29,Europe/Amsterdam,EUR,,9.99,,,EUR,,,26
LumoGroup,LumoECOM_EU,8620000000000466,ORD-504416,Authorised,2026-06-23 16:38:47,Europe/Amsterdam,EUR,,9.99,,,EUR,,,26
LumoGroup,LumoAPP_US,8620000000001642,ORD-505592,Refused,2026-06-23 17:00:59,Europe/Amsterdam,USD,,9.99,,,USD,,,26
LumoGroup,LumoECOM_EU,8620000000001288,ORD-505238,Settled,2026-06-23 17:21:29,Europe/Amsterdam,EUR,,9.99,0.19,0.06,EUR,,9.74,26
LumoGroup,LumoAPP_US,8620000000000527,ORD-504477,Authorised,2026-06-23 17:25:36,Europe/Amsterdam,USD,,9.99,,,USD,,,26
LumoGroup,LumoAPP_US,8620000000000983,ORD-504933,Settled,2026-06-23 17:27:10,Europe/Amsterdam,USD,,59.99,1.14,0.36,USD,,58.49,26
LumoGroup,LumoAPP_US,8620000000000550,ORD-504500,Settled,2026-06-23 17:27:18,Europe/Amsterdam,USD,,24.99,0.47,0.15,USD,,24.37,26
LumoGroup,LumoECOM_EU,8620000000000298,ORD-504248,Authorised,2026-06-23 17:40:06,Europe/Amsterdam,EUR,,9.99,,,EUR,,,26
LumoGroup,LumoECOM_EU,8620000000001011,ORD-504961,Authorised,2026-06-23 17:41:46,Europe/Amsterdam,EUR,,9.99,,,EUR,,,26
LumoGroup,LumoECOM_EU,8620000000000417,ORD-504367,Authorised,2026-06-23 17:42:19,Europe/Amsterdam,EUR,,4.99,,,EUR,,,26
LumoGroup,LumoECOM_EU,8620000000001173,ORD-505123,Settled,2026-06-23 17:45:25,Europe/Amsterdam,EUR,,4.99,0.09,0.03,EUR,,4.87,26
LumoGroup,LumoECOM_EU,8620000000001619,ORD-505569,Authorised,2026-06-23 17:56:09,Europe/Amsterdam,EUR,,9.99,,,EUR,,,26
LumoGroup,LumoECOM_EU,8620000000001364,ORD-505314,Authorised,2026-06-23 17:56:47,Europe/Amsterdam,GBP,,8.99,,,GBP,,,26
LumoGroup,LumoECOM_EU,8620000000001260,ORD-505210,Authorised,2026-06-23 18:02:37,Europe/Amsterdam,EUR,,9.99,,,EUR,,,26
LumoGroup,LumoECOM_EU,8620000000001011,ORD-504961,Settled,2026-06-23 18:03:46,Europe/Amsterdam,EUR,,9.99,0.19,0.06,EUR,,9.74,26
LumoGroup,LumoECOM_EU,8620000000001364,ORD-505314,Settled,2026-06-23 18:04:47,Europe/Amsterdam,GBP,,8.99,0.17,0.05,GBP,,8.77,26
LumoGroup,LumoECOM_EU,8620000000000466,ORD-504416,Settled,2026-06-23 18:05:47,Europe/Amsterdam,EUR,,9.99,0.19,0.06,EUR,,9.74,26
LumoGroup,LumoECOM_EU,8620000000001554,ORD-505504,Authorised,2026-06-23 18:10:14,Europe/Amsterdam,GBP,,8.99,,,GBP,,,26
LumoGroup,LumoECOM_EU,8620000000000941,ORD-504891,Authorised,2026-06-23 18:16:19,Europe/Amsterdam,EUR,,9.99,,,EUR,,,26
LumoGroup,LumoECOM_EU,8620000000001619,ORD-505569,Settled,2026-06-23 18:25:09,Europe/Amsterdam,EUR,,9.99,0.19,0.06,EUR,,9.74,26
LumoGroup,LumoECOM_EU,8620000000000941,ORD-504891,Settled,2026-06-23 18:27:19,Europe/Amsterdam,EUR,,9.99,0.19,0.06,EUR,,9.74,26
LumoGroup,LumoECOM_EU,8620000000001260,ORD-505210,Settled,2026-06-23 18:36:37,Europe/Amsterdam,EUR,,9.99,0.19,0.06,EUR,,9.74,26
LumoGroup,LumoECOM_EU,8620000000001273,ORD-505223,Authorised,2026-06-23 18:39:48,Europe/Amsterdam,EUR,,9.99,,,EUR,,,26
LumoGroup,LumoAPP_US,8620000000000527,ORD-504477,Settled,2026-06-23 18:53:36,Europe/Amsterdam,USD,,9.99,0.19,0.06,USD,,9.74,26
LumoGroup,LumoECOM_EU,8620000000001700,ORD-505650,Authorised,2026-06-23 19:00:31,Europe/Amsterdam,GBP,,8.99,,,GBP,,,26
LumoGroup,LumoECOM_EU,8620000000000523,ORD-504473,Authorised,2026-06-23 19:02:33,Europe/Amsterdam,EUR,,24.99,,,EUR,,,26
LumoGroup,LumoECOM_EU,8620000000000950,ORD-504900,Authorised,2026-06-23 19:02:53,Europe/Amsterdam,EUR,,9.99,,,EUR,,,26
LumoGroup,LumoECOM_EU,8620000000000298,ORD-504248,Settled,2026-06-23 19:06:06,Europe/Amsterdam,EUR,,9.99,0.19,0.06,EUR,,9.74,26
LumoGroup,LumoECOM_EU,8620000000000417,ORD-504367,Settled,2026-06-23 19:14:19,Europe/Amsterdam,EUR,,4.99,0.09,0.03,EUR,,4.87,26
LumoGroup,LumoECOM_EU,8620000000001554,ORD-505504,Settled,2026-06-23 19:28:14,Europe/Amsterdam,GBP,,8.99,0.17,0.05,GBP,,8.77,26
LumoGroup,LumoECOM_EU,8620000000001273,ORD-505223,Settled,2026-06-23 19:35:48,Europe/Amsterdam,EUR,,9.99,0.19,0.06,EUR,,9.74,26
LumoGroup,LumoECOM_EU,8620000000000786,ORD-504736,Authorised,2026-06-23 19:41:43,Europe/Amsterdam,EUR,,9.99,,,EUR,,,26
LumoGroup,LumoECOM_EU,8620000000001585,ORD-505535,Refused,2026-06-23 19:41:57,Europe/Amsterdam,EUR,,24.99,,,EUR,,,26
LumoGroup,LumoECOM_EU,8620000000000617,ORD-504567,Authorised,2026-06-23 19:43:46,Europe/Amsterdam,EUR,,4.99,,,EUR,,,26
LumoGroup,LumoECOM_EU,8620000000001354,ORD-505304,Refused,2026-06-23 19:47:41,Europe/Amsterdam,EUR,,9.99,,,EUR,,,26
LumoGroup,LumoECOM_EU,8620000000001531,ORD-505481,Authorised,2026-06-23 19:49:17,Europe/Amsterdam,EUR,,9.99,,,EUR,,,26
LumoGroup,LumoECOM_EU,8620000000000523,ORD-504473,Settled,2026-06-23 19:54:33,Europe/Amsterdam,EUR,,24.99,0.47,0.15,EUR,,24.37,26
LumoGroup,LumoECOM_EU,8620000000001635,ORD-505585,Authorised,2026-06-23 20:03:37,Europe/Amsterdam,GBP,,8.99,,,GBP,,,26
LumoGroup,LumoECOM_EU,8620000000001531,ORD-505481,Settled,2026-06-23 20:10:17,Europe/Amsterdam,EUR,,9.99,0.19,0.06,EUR,,9.74,26
LumoGroup,LumoECOM_EU,8620000000000950,ORD-504900,Settled,2026-06-23 20:10:53,Europe/Amsterdam,EUR,,9.99,0.19,0.06,EUR,,9.74,26
LumoGroup,LumoECOM_EU,8620000000000901,ORD-504851,Authorised,2026-06-23 20:12:02,Europe/Amsterdam,EUR,,9.99,,,EUR,,,26
LumoGroup,LumoECOM_EU,8620000000001635,ORD-505585,Settled,2026-06-23 20:12:37,Europe/Amsterdam,GBP,,8.99,0.17,0.05,GBP,,8.77,26
LumoGroup,LumoECOM_EU,8620000000000475,ORD-504425,Authorised,2026-06-23 20:19:57,Europe/Amsterdam,EUR,,59.99,,,EUR,,,26
LumoGroup,LumoECOM_EU,8620000000000993,ORD-504943,Refused,2026-06-23 20:21:24,Europe/Amsterdam,GBP,,54.99,,,GBP,,,26
LumoGroup,LumoECOM_EU,8620000000000635,ORD-504585,Authorised,2026-06-23 20:28:32,Europe/Amsterdam,EUR,,9.99,,,EUR,,,26
LumoGroup,LumoECOM_EU,8620000000001424,ORD-505374,Authorised,2026-06-23 20:29:15,Europe/Amsterdam,EUR,,9.99,,,EUR,,,26
LumoGroup,LumoECOM_EU,8620000000000029,ORD-503979,Authorised,2026-06-23 20:33:43,Europe/Amsterdam,EUR,,9.99,,,EUR,,,26
LumoGroup,LumoECOM_EU,8620000000000901,ORD-504851,Settled,2026-06-23 20:34:02,Europe/Amsterdam,EUR,,9.99,0.19,0.06,EUR,,9.74,26
LumoGroup,LumoECOM_EU,8620000000001700,ORD-505650,Settled,2026-06-23 20:44:31,Europe/Amsterdam,GBP,,8.99,0.17,0.05,GBP,,8.77,26
LumoGroup,LumoECOM_EU,8620000000000029,ORD-503979,Settled,2026-06-23 20:53:43,Europe/Amsterdam,EUR,,9.99,0.19,0.06,EUR,,9.74,26
LumoGroup,LumoECOM_EU,8620000000000617,ORD-504567,Settled,2026-06-23 21:13:46,Europe/Amsterdam,EUR,,4.99,0.09,0.03,EUR,,4.87,26
LumoGroup,LumoECOM_EU,8620000000000475,ORD-504425,Settled,2026-06-23 21:20:57,Europe/Amsterdam,EUR,,59.99,1.14,0.36,EUR,,58.49,26
LumoGroup,LumoECOM_EU,8620000000000786,ORD-504736,Settled,2026-06-23 21:21:43,Europe/Amsterdam,EUR,,9.99,0.19,0.06,EUR,,9.74,26
LumoGroup,LumoECOM_EU,8620000000000635,ORD-504585,Settled,2026-06-23 21:28:32,Europe/Amsterdam,EUR,,9.99,0.19,0.06,EUR,,9.74,26
LumoGroup,LumoECOM_EU,8620000000001424,ORD-505374,Settled,2026-06-23 21:50:15,Europe/Amsterdam,EUR,,9.99,0.19,0.06,EUR,,9.74,26
LumoGroup,LumoECOM_EU,8620000000000423,ORD-504373,Authorised,2026-06-24 09:25:18,Europe/Amsterdam,EUR,,9.99,,,EUR,,,26
LumoGroup,LumoECOM_EU,8620000000001125,ORD-505075,Authorised,2026-06-24 09:29:59,Europe/Amsterdam,EUR,,9.99,,,EUR,,,26
LumoGroup,LumoECOM_EU,8620000000001240,ORD-505190,Authorised,2026-06-24 09:31:08,Europe/Amsterdam,EUR,,24.99,,,EUR,,,26
LumoGroup,LumoECOM_EU,8620000000001084,ORD-505034,Refused,2026-06-24 09:58:39,Europe/Amsterdam,GBP,,8.99,,,GBP,,,26
LumoGroup,LumoECOM_EU,8620000000001097,ORD-505047,Authorised,2026-06-24 10:12:03,Europe/Amsterdam,EUR,,9.99,,,EUR,,,26
LumoGroup,LumoECOM_EU,8620000000000062,ORD-504012,Authorised,2026-06-24 10:28:09,Europe/Amsterdam,EUR,,24.99,,,EUR,,,26
LumoGroup,LumoECOM_EU,8620000000000165,ORD-504115,Authorised,2026-06-24 10:42:38,Europe/Amsterdam,GBP,,8.99,,,GBP,,,26
LumoGroup,LumoECOM_EU,8620000000000286,ORD-504236,Authorised,2026-06-24 10:42:59,Europe/Amsterdam,EUR,,9.99,,,EUR,,,26
LumoGroup,LumoECOM_EU,8620000000000511,ORD-504461,Authorised,2026-06-24 10:45:49,Europe/Amsterdam,EUR,,9.99,,,EUR,,,26
LumoGroup,LumoECOM_EU,8620000000001125,ORD-505075,Settled,2026-06-24 10:50:59,Europe/Amsterdam,EUR,,9.99,0.19,0.06,EUR,,9.74,26
LumoGroup,LumoECOM_EU,8620000000000423,ORD-504373,Settled,2026-06-24 11:05:18,Europe/Amsterdam,EUR,,9.99,0.19,0.06,EUR,,9.74,26
LumoGroup,LumoECOM_EU,8620000000001240,ORD-505190,Settled,2026-06-24 11:07:08,Europe/Amsterdam,EUR,,24.99,0.47,0.15,EUR,,24.37,26
LumoGroup,LumoECOM_EU,8620000000001097,ORD-505047,Settled,2026-06-24 11:14:03,Europe/Amsterdam,EUR,,9.99,0.19,0.06,EUR,,9.74,26
LumoGroup,LumoECOM_EU,8620000000000150,ORD-504100,Authorised,2026-06-24 11:28:25,Europe/Amsterdam,EUR,,9.99,,,EUR,,,26
LumoGroup,LumoECOM_EU,8620000000000286,ORD-504236,Settled,2026-06-24 11:33:59,Europe/Amsterdam,EUR,,9.99,0.19,0.06,EUR,,9.74,26
LumoGroup,LumoECOM_EU,8620000000000328,ORD-504278,Authorised,2026-06-24 11:38:18,Europe/Amsterdam,EUR,,9.99,,,EUR,,,26
LumoGroup,LumoECOM_EU,8620000000000811,ORD-504761,Authorised,2026-06-24 11:49:40,Europe/Amsterdam,GBP,,8.99,,,GBP,,,26
LumoGroup,LumoECOM_EU,8620000000001057,ORD-505007,Authorised,2026-06-24 11:51:45,Europe/Amsterdam,EUR,,24.99,,,EUR,,,26
LumoGroup,LumoECOM_EU,8620000000000150,ORD-504100,Settled,2026-06-24 12:13:25,Europe/Amsterdam,EUR,,9.99,0.19,0.06,EUR,,9.74,26
LumoGroup,LumoECOM_EU,8620000000000062,ORD-504012,Settled,2026-06-24 12:16:09,Europe/Amsterdam,EUR,,24.99,0.47,0.15,EUR,,24.37,26
LumoGroup,LumoECOM_EU,8620000000000165,ORD-504115,Settled,2026-06-24 12:16:38,Europe/Amsterdam,GBP,,8.99,0.17,0.05,GBP,,8.77,26
LumoGroup,LumoECOM_EU,8620000000001429,ORD-505379,Authorised,2026-06-24 12:16:48,Europe/Amsterdam,EUR,,9.99,,,EUR,,,26
LumoGroup,LumoECOM_EU,8620000000000823,ORD-504773,Authorised,2026-06-24 12:20:06,Europe/Amsterdam,GBP,,21.99,,,GBP,,,26
LumoGroup,LumoECOM_EU,8620000000000681,ORD-504631,Authorised,2026-06-24 12:21:16,Europe/Amsterdam,EUR,,24.99,,,EUR,,,26
LumoGroup,LumoECOM_EU,8620000000001238,ORD-505188,Authorised,2026-06-24 12:31:39,Europe/Amsterdam,EUR,,59.99,,,EUR,,,26
LumoGroup,LumoAPP_US,8620000000000778,ORD-504728,Authorised,2026-06-24 12:33:28,Europe/Amsterdam,USD,,9.99,,,USD,,,26
LumoGroup,LumoECOM_EU,8620000000000511,ORD-504461,Settled,2026-06-24 12:35:49,Europe/Amsterdam,EUR,,9.99,0.19,0.06,EUR,,9.74,26
LumoGroup,LumoAPP_US,8620000000000025,ORD-503975,Authorised,2026-06-24 12:44:13,Europe/Amsterdam,USD,,59.99,,,USD,,,26
LumoGroup,LumoECOM_EU,8620000000001057,ORD-505007,Settled,2026-06-24 12:50:45,Europe/Amsterdam,EUR,,24.99,0.47,0.15,EUR,,24.37,26
LumoGroup,LumoECOM_EU,8620000000000123,ORD-504073,Authorised,2026-06-24 12:51:32,Europe/Amsterdam,EUR,,59.99,,,EUR,,,26
LumoGroup,LumoECOM_EU,8620000000001212,ORD-505162,Authorised,2026-06-24 12:52:23,Europe/Amsterdam,EUR,,9.99,,,EUR,,,26
LumoGroup,LumoAPP_US,8620000000000164,ORD-504114,Authorised,2026-06-24 12:58:29,Europe/Amsterdam,USD,,24.99,,,USD,,,26
LumoGroup,LumoECOM_EU,8620000000000823,ORD-504773,Settled,2026-06-24 13:02:06,Europe/Amsterdam,GBP,,21.99,0.42,0.13,GBP,,21.44,26
LumoGroup,LumoECOM_EU,8620000000000328,ORD-504278,Settled,2026-06-24 13:11:18,Europe/Amsterdam,EUR,,9.99,0.19,0.06,EUR,,9.74,26
LumoGroup,LumoAPP_US,8620000000000025,ORD-503975,Settled,2026-06-24 13:12:13,Europe/Amsterdam,USD,,59.99,1.14,0.36,USD,,58.49,26
LumoGroup,LumoECOM_EU,8620000000001661,ORD-505611,Authorised,2026-06-24 13:14:19,Europe/Amsterdam,EUR,,59.99,,,EUR,,,26
LumoGroup,LumoECOM_EU,8620000000000310,ORD-504260,Refunded,2026-06-24 13:20:19,Europe/Amsterdam,EUR,9.99,,,,EUR,9.99,,26
LumoGroup,LumoAPP_US,8620000000001349,ORD-505299,Authorised,2026-06-24 13:26:47,Europe/Amsterdam,USD,,9.99,,,USD,,,26
LumoGroup,LumoECOM_EU,8620000000001429,ORD-505379,Settled,2026-06-24 13:32:48,Europe/Amsterdam,EUR,,9.99,0.19,0.06,EUR,,9.74,26
LumoGroup,LumoECOM_EU,8620000000000811,ORD-504761,Settled,2026-06-24 13:33:40,Europe/Amsterdam,GBP,,8.99,0.17,0.05,GBP,,8.77,26
LumoGroup,LumoECOM_EU,8620000000001053,ORD-505003,Authorised,2026-06-24 13:33:52,Europe/Amsterdam,EUR,,9.99,,,EUR,,,26
LumoGroup,LumoECOM_EU,8620000000000681,ORD-504631,Settled,2026-06-24 13:34:16,Europe/Amsterdam,EUR,,24.99,0.47,0.15,EUR,,24.37,26
LumoGroup,LumoAPP_US,8620000000000778,ORD-504728,Settled,2026-06-24 13:37:28,Europe/Amsterdam,USD,,9.99,0.19,0.06,USD,,9.74,26
LumoGroup,LumoAPP_US,8620000000000164,ORD-504114,Settled,2026-06-24 13:48:29,Europe/Amsterdam,USD,,24.99,0.47,0.15,USD,,24.37,26
LumoGroup,LumoAPP_US,8620000000001317,ORD-505267,Authorised,2026-06-24 13:55:03,Europe/Amsterdam,USD,,9.99,,,USD,,,26
LumoGroup,LumoECOM_EU,8620000000001212,ORD-505162,Settled,2026-06-24 14:03:23,Europe/Amsterdam,EUR,,9.99,0.19,0.06,EUR,,9.74,26
LumoGroup,LumoECOM_EU,8620000000000123,ORD-504073,Settled,2026-06-24 14:07:32,Europe/Amsterdam,EUR,,59.99,1.14,0.36,EUR,,58.49,26
LumoGroup,LumoAPP_US,8620000000001317,ORD-505267,Settled,2026-06-24 14:11:03,Europe/Amsterdam,USD,,9.99,0.19,0.06,USD,,9.74,26
LumoGroup,LumoECOM_EU,8620000000001238,ORD-505188,Settled,2026-06-24 14:11:39,Europe/Amsterdam,EUR,,59.99,1.14,0.36,EUR,,58.49,26
LumoGroup,LumoAPP_US,8620000000001349,ORD-505299,Settled,2026-06-24 14:11:47,Europe/Amsterdam,USD,,9.99,0.19,0.06,USD,,9.74,26
LumoGroup,LumoECOM_EU,8620000000000942,ORD-504892,Refunded,2026-06-24 14:16:55,Europe/Amsterdam,EUR,9.99,,,,EUR,9.99,,26
LumoGroup,LumoECOM_EU,8620000000000253,ORD-504203,Authorised,2026-06-24 14:25:37,Europe/Amsterdam,EUR,,9.99,,,EUR,,,26
LumoGroup,LumoECOM_EU,8620000000001235,ORD-505185,Refunded,2026-06-24 14:28:20,Europe/Amsterdam,EUR,5.00,,,,EUR,5.00,,26
LumoGroup,LumoECOM_EU,8620000000001298,ORD-505248,Authorised,2026-06-24 14:34:52,Europe/Amsterdam,EUR,,9.99,,,EUR,,,26
LumoGroup,LumoECOM_EU,8620000000001053,ORD-505003,Settled,2026-06-24 14:45:52,Europe/Amsterdam,EUR,,9.99,0.19,0.06,EUR,,9.74,26
LumoGroup,LumoECOM_EU,8620000000001661,ORD-505611,Settled,2026-06-24 14:51:19,Europe/Amsterdam,EUR,,59.99,1.14,0.36,EUR,,58.49,26
LumoGroup,LumoECOM_EU,8620000000000253,ORD-504203,Settled,2026-06-24 15:42:37,Europe/Amsterdam,EUR,,9.99,0.19,0.06,EUR,,9.74,26
LumoGroup,LumoECOM_EU,8620000000001298,ORD-505248,Settled,2026-06-24 16:07:52,Europe/Amsterdam,EUR,,9.99,0.19,0.06,EUR,,9.74,26
LumoGroup,LumoECOM_EU,8620000000001370,ORD-505320,Authorised,2026-06-24 16:54:06,Europe/Amsterdam,EUR,,9.99,,,EUR,,,26
LumoGroup,LumoAPP_US,8620000000001791,ORD-507799,Authorised,2026-06-24 17:00:00,Europe/Amsterdam,USD,,24.99,,,USD,,,26
LumoGroup,LumoECOM_EU,8620000000000890,ORD-504840,Refunded,2026-06-24 17:00:02,Europe/Amsterdam,EUR,59.99,,,,EUR,59.99,,26
LumoGroup,LumoAPP_US,8620000000001791,ORD-507799,Settled,2026-06-24 17:05:00,Europe/Amsterdam,USD,,24.99,0.95,0.15,USD,,23.89,26
LumoGroup,LumoECOM_EU,8620000000000488,ORD-504438,Authorised,2026-06-24 17:08:24,Europe/Amsterdam,EUR,,9.99,,,EUR,,,26
LumoGroup,LumoECOM_EU,8620000000001533,ORD-505483,Authorised,2026-06-24 17:15:26,Europe/Amsterdam,EUR,,9.99,,,EUR,,,26
LumoGroup,LumoECOM_EU,8620000000000647,ORD-504597,Authorised,2026-06-24 17:16:54,Europe/Amsterdam,EUR,,4.99,,,EUR,,,26
LumoGroup,LumoECOM_EU,8620000000000684,ORD-504634,Authorised,2026-06-24 17:20:18,Europe/Amsterdam,GBP,,8.99,,,GBP,,,26
LumoGroup,LumoECOM_EU,8620000000001528,ORD-505478,Authorised,2026-06-24 17:25:58,Europe/Amsterdam,EUR,,9.99,,,EUR,,,26
LumoGroup,LumoAPP_US,8620000000001420,ORD-505370,Authorised,2026-06-24 17:28:53,Europe/Amsterdam,USD,,9.99,,,USD,,,26
LumoGroup,LumoAPP_US,8620000000000874,ORD-504824,Authorised,2026-06-24 17:43:58,Europe/Amsterdam,USD,,4.99,,,USD,,,26
LumoGroup,LumoECOM_EU,8620000000000684,ORD-504634,Settled,2026-06-24 18:04:18,Europe/Amsterdam,GBP,,8.99,0.17,0.05,GBP,,8.77,26
LumoGroup,LumoAPP_US,8620000000001420,ORD-505370,Settled,2026-06-24 18:07:53,Europe/Amsterdam,USD,,9.99,0.19,0.06,USD,,9.74,26
LumoGroup,LumoECOM_EU,8620000000001533,ORD-505483,Settled,2026-06-24 18:09:26,Europe/Amsterdam,EUR,,9.99,0.19,0.06,EUR,,9.74,26
LumoGroup,LumoAPP_US,8620000000000874,ORD-504824,Settled,2026-06-24 18:17:58,Europe/Amsterdam,USD,,4.99,0.09,0.03,USD,,4.87,26
LumoGroup,LumoECOM_EU,8620000000000647,ORD-504597,Settled,2026-06-24 18:20:54,Europe/Amsterdam,EUR,,4.99,0.09,0.03,EUR,,4.87,26
LumoGroup,LumoECOM_EU,8620000000001422,ORD-505372,Refused,2026-06-24 18:20:59,Europe/Amsterdam,EUR,,59.99,,,EUR,,,26
LumoGroup,LumoECOM_EU,8620000000001370,ORD-505320,Settled,2026-06-24 18:29:06,Europe/Amsterdam,EUR,,9.99,0.19,0.06,EUR,,9.74,26
LumoGroup,LumoECOM_EU,8620000000000949,ORD-504899,Authorised,2026-06-24 18:30:06,Europe/Amsterdam,EUR,,9.99,,,EUR,,,26
LumoGroup,LumoECOM_EU,8620000000000488,ORD-504438,Settled,2026-06-24 18:33:24,Europe/Amsterdam,EUR,,9.99,0.19,0.06,EUR,,9.74,26
LumoGroup,LumoECOM_EU,8620000000000458,ORD-504408,Authorised,2026-06-24 18:36:34,Europe/Amsterdam,EUR,,4.99,,,EUR,,,26
LumoGroup,LumoECOM_EU,8620000000001528,ORD-505478,Settled,2026-06-24 18:43:58,Europe/Amsterdam,EUR,,9.99,0.19,0.06,EUR,,9.74,26
LumoGroup,LumoAPP_US,8620000000000732,ORD-504682,Authorised,2026-06-24 18:45:54,Europe/Amsterdam,USD,,9.99,,,USD,,,26
LumoGroup,LumoAPP_US,8620000000000732,ORD-504682,Settled,2026-06-24 19:33:54,Europe/Amsterdam,USD,,9.99,0.19,0.06,USD,,9.74,26
LumoGroup,LumoECOM_EU,8620000000000873,ORD-504823,Authorised,2026-06-24 19:36:36,Europe/Amsterdam,GBP,,8.99,,,GBP,,,26
LumoGroup,LumoECOM_EU,8620000000000169,ORD-504119,Authorised,2026-06-24 19:50:25,Europe/Amsterdam,EUR,,9.99,,,EUR,,,26
LumoGroup,LumoECOM_EU,8620000000000949,ORD-504899,Settled,2026-06-24 19:53:06,Europe/Amsterdam,EUR,,9.99,0.19,0.06,EUR,,9.74,26
LumoGroup,LumoECOM_EU,8620000000000496,ORD-504446,Authorised,2026-06-24 20:08:06,Europe/Amsterdam,EUR,,9.99,,,EUR,,,26
LumoGroup,LumoECOM_EU,8620000000000169,ORD-504119,Settled,2026-06-24 20:09:25,Europe/Amsterdam,EUR,,9.99,0.19,0.06,EUR,,9.74,26
LumoGroup,LumoECOM_EU,8620000000000458,ORD-504408,Settled,2026-06-24 20:16:34,Europe/Amsterdam,EUR,,4.99,0.09,0.03,EUR,,4.87,26
LumoGroup,LumoECOM_EU,8620000000001065,ORD-505015,Authorised,2026-06-24 20:28:29,Europe/Amsterdam,GBP,,8.99,,,GBP,,,26
LumoGroup,LumoECOM_EU,8620000000000496,ORD-504446,Settled,2026-06-24 20:46:06,Europe/Amsterdam,EUR,,9.99,0.19,0.06,EUR,,9.74,26
LumoGroup,LumoAPP_US,8620000000000059,ORD-504009,Authorised,2026-06-24 20:50:17,Europe/Amsterdam,USD,,9.99,,,USD,,,26
LumoGroup,LumoECOM_EU,8620000000000873,ORD-504823,Settled,2026-06-24 20:52:36,Europe/Amsterdam,GBP,,8.99,0.17,0.05,GBP,,8.77,26
LumoGroup,LumoECOM_EU,8620000000001509,ORD-505459,Authorised,2026-06-24 20:55:45,Europe/Amsterdam,EUR,,9.99,,,EUR,,,26
LumoGroup,LumoECOM_EU,8620000000001065,ORD-505015,Settled,2026-06-24 21:11:29,Europe/Amsterdam,GBP,,8.99,0.17,0.05,GBP,,8.77,26
LumoGroup,LumoECOM_EU,8620000000001509,ORD-505459,Settled,2026-06-24 21:23:45,Europe/Amsterdam,EUR,,9.99,0.19,0.06,EUR,,9.74,26
LumoGroup,LumoAPP_US,8620000000000059,ORD-504009,Settled,2026-06-24 22:29:17,Europe/Amsterdam,USD,,9.99,0.19,0.06,USD,,9.74,26
LumoGroup,LumoECOM_EU,8620000000000076,ORD-504026,Authorised,2026-06-25 09:01:12,Europe/Amsterdam,EUR,,9.99,,,EUR,,,26
LumoGroup,LumoECOM_EU,8620000000000900,ORD-504850,Authorised,2026-06-25 09:11:44,Europe/Amsterdam,EUR,,59.99,,,EUR,,,26
LumoGroup,LumoECOM_EU,8620000000000433,ORD-504383,Authorised,2026-06-25 09:19:19,Europe/Amsterdam,EUR,,9.99,,,EUR,,,26
LumoGroup,LumoECOM_EU,8620000000001334,ORD-505284,Authorised,2026-06-25 09:23:05,Europe/Amsterdam,GBP,,21.99,,,GBP,,,26
LumoGroup,LumoECOM_EU,8620000000000433,ORD-504383,Settled,2026-06-25 09:27:19,Europe/Amsterdam,EUR,,9.99,0.19,0.06,EUR,,9.74,26
LumoGroup,LumoECOM_EU,8620000000000582,ORD-504532,Authorised,2026-06-25 09:29:45,Europe/Amsterdam,EUR,,9.99,,,EUR,,,26
LumoGroup,LumoECOM_EU,8620000000000662,ORD-504612,Authorised,2026-06-25 09:40:53,Europe/Amsterdam,EUR,,24.99,,,EUR,,,26
LumoGroup,LumoECOM_EU,8620000000000662,ORD-504612,Settled,2026-06-25 09:52:53,Europe/Amsterdam,EUR,,24.99,0.47,0.15,EUR,,24.37,26
LumoGroup,LumoECOM_EU,8620000000001243,ORD-505193,Authorised,2026-06-25 09:53:21,Europe/Amsterdam,GBP,,54.99,,,GBP,,,26
LumoGroup,LumoECOM_EU,8620000000000998,ORD-504948,Authorised,2026-06-25 10:06:09,Europe/Amsterdam,EUR,,9.99,,,EUR,,,26
LumoGroup,LumoECOM_EU,8620000000001478,ORD-505428,Authorised,2026-06-25 10:11:48,Europe/Amsterdam,EUR,,24.99,,,EUR,,,26
LumoGroup,LumoECOM_EU,8620000000001182,ORD-505132,Authorised,2026-06-25 10:22:39,Europe/Amsterdam,EUR,,9.99,,,EUR,,,26
LumoGroup,LumoECOM_EU,8620000000001334,ORD-505284,Settled,2026-06-25 10:23:05,Europe/Amsterdam,GBP,,21.99,0.42,0.13,GBP,,21.44,26
LumoGroup,LumoECOM_EU,8620000000000076,ORD-504026,Settled,2026-06-25 10:24:12,Europe/Amsterdam,EUR,,9.99,0.19,0.06,EUR,,9.74,26
LumoGroup,LumoECOM_EU,8620000000001448,ORD-505398,Authorised,2026-06-25 10:35:55,Europe/Amsterdam,EUR,,24.99,,,EUR,,,26
LumoGroup,LumoECOM_EU,8620000000000830,ORD-504780,Authorised,2026-06-25 10:36:16,Europe/Amsterdam,EUR,,24.99,,,EUR,,,26
LumoGroup,LumoECOM_EU,8620000000001448,ORD-505398,Settled,2026-06-25 10:40:55,Europe/Amsterdam,EUR,,24.99,0.47,0.15,EUR,,24.37,26
LumoGroup,LumoECOM_EU,8620000000000830,ORD-504780,Settled,2026-06-25 10:45:16,Europe/Amsterdam,EUR,,24.99,0.47,0.15,EUR,,24.37,26
LumoGroup,LumoECOM_EU,8620000000000900,ORD-504850,Settled,2026-06-25 10:46:44,Europe/Amsterdam,EUR,,59.99,1.14,0.36,EUR,,58.49,26
LumoGroup,LumoECOM_EU,8620000000000998,ORD-504948,Settled,2026-06-25 10:51:09,Europe/Amsterdam,EUR,,9.99,0.19,0.06,EUR,,9.74,26
LumoGroup,LumoECOM_EU,8620000000001182,ORD-505132,Settled,2026-06-25 10:52:39,Europe/Amsterdam,EUR,,9.99,0.19,0.06,EUR,,9.74,26
LumoGroup,LumoECOM_EU,8620000000001243,ORD-505193,Settled,2026-06-25 11:05:21,Europe/Amsterdam,GBP,,54.99,1.04,0.33,GBP,,53.62,26
LumoGroup,LumoECOM_EU,8620000000000582,ORD-504532,Settled,2026-06-25 11:12:45,Europe/Amsterdam,EUR,,9.99,0.19,0.06,EUR,,9.74,26
LumoGroup,LumoECOM_EU,8620000000000508,ORD-504458,Authorised,2026-06-25 11:14:48,Europe/Amsterdam,EUR,,9.99,,,EUR,,,26
LumoGroup,LumoECOM_EU,8620000000000498,ORD-504448,Authorised,2026-06-25 11:15:50,Europe/Amsterdam,GBP,,54.99,,,GBP,,,26
LumoGroup,LumoAPP_US,8620000000000676,ORD-504626,Authorised,2026-06-25 11:20:28,Europe/Amsterdam,USD,,9.99,,,USD,,,26
LumoGroup,LumoECOM_EU,8620000000001478,ORD-505428,Settled,2026-06-25 11:39:48,Europe/Amsterdam,EUR,,24.99,0.47,0.15,EUR,,24.37,26
LumoGroup,LumoECOM_EU,8620000000000498,ORD-504448,Settled,2026-06-25 11:49:50,Europe/Amsterdam,GBP,,54.99,1.04,0.33,GBP,,53.62,26
LumoGroup,LumoECOM_EU,8620000000001324,ORD-505274,Authorised,2026-06-25 12:01:26,Europe/Amsterdam,GBP,,8.99,,,GBP,,,26
LumoGroup,LumoAPP_US,8620000000000676,ORD-504626,Settled,2026-06-25 12:10:28,Europe/Amsterdam,USD,,9.99,0.19,0.06,USD,,9.74,26
LumoGroup,LumoECOM_EU,8620000000001464,ORD-505414,Authorised,2026-06-25 12:14:53,Europe/Amsterdam,EUR,,24.99,,,EUR,,,26
LumoGroup,LumoECOM_EU,8620000000001358,ORD-505308,Authorised,2026-06-25 12:21:50,Europe/Amsterdam,EUR,,9.99,,,EUR,,,26
LumoGroup,LumoECOM_EU,8620000000000508,ORD-504458,Settled,2026-06-25 12:29:48,Europe/Amsterdam,EUR,,9.99,0.19,0.06,EUR,,9.74,26
LumoGroup,LumoECOM_EU,8620000000000745,ORD-504695,Authorised,2026-06-25 12:49:04,Europe/Amsterdam,EUR,,4.99,,,EUR,,,26
LumoGroup,LumoECOM_EU,8620000000001464,ORD-505414,Settled,2026-06-25 12:50:53,Europe/Amsterdam,EUR,,24.99,0.47,0.15,EUR,,24.37,26
LumoGroup,LumoECOM_EU,8620000000001123,ORD-505073,Authorised,2026-06-25 12:51:25,Europe/Amsterdam,EUR,,9.99,,,EUR,,,26
LumoGroup,LumoECOM_EU,8620000000000177,ORD-504127,Refused,2026-06-25 12:52:22,Europe/Amsterdam,EUR,,9.99,,,EUR,,,26
LumoGroup,LumoECOM_EU,8620000000000745,ORD-504695,Settled,2026-06-25 12:55:04,Europe/Amsterdam,EUR,,4.99,0.09,0.03,EUR,,4.87,26
LumoGroup,LumoECOM_EU,8620000000001046,ORD-504996,Authorised,2026-06-25 13:05:34,Europe/Amsterdam,GBP,,8.99,,,GBP,,,26
LumoGroup,LumoECOM_EU,8620000000001358,ORD-505308,Settled,2026-06-25 13:11:50,Europe/Amsterdam,EUR,,9.99,0.19,0.06,EUR,,9.74,26
LumoGroup,LumoECOM_EU,8620000000001324,ORD-505274,Settled,2026-06-25 13:12:26,Europe/Amsterdam,GBP,,8.99,0.17,0.05,GBP,,8.77,26
LumoGroup,LumoAPP_US,8620000000000472,ORD-504422,Refused,2026-06-25 13:42:18,Europe/Amsterdam,USD,,59.99,,,USD,,,26
LumoGroup,LumoECOM_EU,8620000000001123,ORD-505073,Settled,2026-06-25 14:08:25,Europe/Amsterdam,EUR,,9.99,0.19,0.06,EUR,,9.74,26
LumoGroup,LumoAPP_US,8620000000001249,ORD-505199,Authorised,2026-06-25 14:29:22,Europe/Amsterdam,USD,,9.99,,,USD,,,26
LumoGroup,LumoECOM_EU,8620000000001046,ORD-504996,Settled,2026-06-25 14:34:34,Europe/Amsterdam,GBP,,8.99,0.17,0.05,GBP,,8.77,26
LumoGroup,LumoECOM_EU,8620000000001012,ORD-504962,Authorised,2026-06-25 14:40:27,Europe/Amsterdam,EUR,,9.99,,,EUR,,,26
LumoGroup,LumoECOM_EU,8620000000000317,ORD-504267,Authorised,2026-06-25 14:45:11,Europe/Amsterdam,EUR,,59.99,,,EUR,,,26
LumoGroup,LumoECOM_EU,8620000000000301,ORD-504251,Refused,2026-06-25 15:24:16,Europe/Amsterdam,EUR,,9.99,,,EUR,,,26
LumoGroup,LumoAPP_US,8620000000000706,ORD-504656,Authorised,2026-06-25 15:27:15,Europe/Amsterdam,USD,,9.99,,,USD,,,26
LumoGroup,LumoAPP_US,8620000000001249,ORD-505199,Settled,2026-06-25 15:42:22,Europe/Amsterdam,USD,,9.99,0.19,0.06,USD,,9.74,26
LumoGroup,LumoAPP_US,8620000000000706,ORD-504656,Settled,2026-06-25 15:52:15,Europe/Amsterdam,USD,,9.99,0.19,0.06,USD,,9.74,26
LumoGroup,LumoECOM_EU,8620000000001012,ORD-504962,Settled,2026-06-25 15:54:27,Europe/Amsterdam,EUR,,9.99,0.19,0.06,EUR,,9.74,26
LumoGroup,LumoAPP_US,8620000000001545,ORD-505495,Authorised,2026-06-25 16:02:45,Europe/Amsterdam,USD,,9.99,,,USD,,,26
LumoGroup,LumoECOM_EU,8620000000000470,ORD-504420,Authorised,2026-06-25 16:10:56,Europe/Amsterdam,GBP,,8.99,,,GBP,,,26
LumoGroup,LumoAPP_US,8620000000000081,ORD-504031,Authorised,2026-06-25 16:16:37,Europe/Amsterdam,USD,,59.99,,,USD,,,26
LumoGroup,LumoECOM_EU,8620000000000088,ORD-504038,Authorised,2026-06-25 16:19:15,Europe/Amsterdam,EUR,,4.99,,,EUR,,,26
LumoGroup,LumoECOM_EU,8620000000000317,ORD-504267,Settled,2026-06-25 16:20:11,Europe/Amsterdam,EUR,,59.99,1.14,0.36,EUR,,58.49,26
LumoGroup,LumoECOM_EU,8620000000000761,ORD-504711,Authorised,2026-06-25 16:30:41,Europe/Amsterdam,EUR,,9.99,,,EUR,,,26
LumoGroup,LumoECOM_EU,8620000000000608,ORD-504558,Authorised,2026-06-25 16:30:45,Europe/Amsterdam,EUR,,24.99,,,EUR,,,26
LumoGroup,LumoECOM_EU,8620000000000748,ORD-504698,Authorised,2026-06-25 16:37:04,Europe/Amsterdam,EUR,,9.99,,,EUR,,,26
LumoGroup,LumoECOM_EU,8620000000000876,ORD-504826,Authorised,2026-06-25 16:39:32,Europe/Amsterdam,GBP,,8.99,,,GBP,,,26
LumoGroup,LumoECOM_EU,8620000000000608,ORD-504558,Settled,2026-06-25 16:44:45,Europe/Amsterdam,EUR,,24.99,0.47,0.15,EUR,,24.37,26
LumoGroup,LumoECOM_EU,8620000000000470,ORD-504420,Settled,2026-06-25 16:49:56,Europe/Amsterdam,GBP,,8.99,0.17,0.05,GBP,,8.77,26
LumoGroup,LumoAPP_US,8620000000001545,ORD-505495,Settled,2026-06-25 16:59:45,Europe/Amsterdam,USD,,9.99,0.19,0.06,USD,,9.74,26
LumoGroup,LumoAPP_US,8620000000001506,ORD-505456,Authorised,2026-06-25 17:00:01,Europe/Amsterdam,USD,,24.99,,,USD,,,26
LumoGroup,LumoECOM_EU,8620000000000748,ORD-504698,Settled,2026-06-25 17:17:04,Europe/Amsterdam,EUR,,9.99,0.19,0.06,EUR,,9.74,26
LumoGroup,LumoECOM_EU,8620000000001231,ORD-505181,Authorised,2026-06-25 17:17:52,Europe/Amsterdam,GBP,,21.99,,,GBP,,,26
LumoGroup,LumoAPP_US,8620000000000673,ORD-504623,Authorised,2026-06-25 17:32:07,Europe/Amsterdam,USD,,9.99,,,USD,,,26
LumoGroup,LumoECOM_EU,8620000000000088,ORD-504038,Settled,2026-06-25 17:32:15,Europe/Amsterdam,EUR,,4.99,0.09,0.03,EUR,,4.87,26
LumoGroup,LumoECOM_EU,8620000000000137,ORD-504087,Authorised,2026-06-25 17:35:17,Europe/Amsterdam,EUR,,9.99,,,EUR,,,26
LumoGroup,LumoECOM_EU,8620000000001633,ORD-505583,Authorised,2026-06-25 17:39:08,Europe/Amsterdam,EUR,,9.99,,,EUR,,,26
LumoGroup,LumoECOM_EU,8620000000001633,ORD-505583,Settled,2026-06-25 17:44:08,Europe/Amsterdam,EUR,,9.99,0.19,0.06,EUR,,9.74,26
LumoGroup,LumoECOM_EU,8620000000000718,ORD-504668,Authorised,2026-06-25 17:45:01,Europe/Amsterdam,EUR,,9.99,,,EUR,,,26
LumoGroup,LumoAPP_US,8620000000000081,ORD-504031,Settled,2026-06-25 17:49:37,Europe/Amsterdam,USD,,59.99,1.14,0.36,USD,,58.49,26
LumoGroup,LumoECOM_EU,8620000000000761,ORD-504711,Settled,2026-06-25 17:56:41,Europe/Amsterdam,EUR,,9.99,0.19,0.06,EUR,,9.74,26
LumoGroup,LumoAPP_US,8620000000001506,ORD-505456,Settled,2026-06-25 17:58:01,Europe/Amsterdam,USD,,24.99,0.47,0.15,USD,,24.37,26
LumoGroup,LumoECOM_EU,8620000000000665,ORD-504615,Authorised,2026-06-25 18:00:02,Europe/Amsterdam,EUR,,24.99,,,EUR,,,26
LumoGroup,LumoECOM_EU,8620000000000718,ORD-504668,Settled,2026-06-25 18:01:01,Europe/Amsterdam,EUR,,9.99,0.19,0.06,EUR,,9.74,26
LumoGroup,LumoAPP_US,8620000000000151,ORD-504101,Authorised,2026-06-25 18:01:54,Europe/Amsterdam,USD,,59.99,,,USD,,,26
LumoGroup,LumoAPP_US,8620000000000151,ORD-504101,Settled,2026-06-25 18:14:54,Europe/Amsterdam,USD,,59.99,1.14,0.36,USD,,58.49,26
LumoGroup,LumoECOM_EU,8620000000000876,ORD-504826,Settled,2026-06-25 18:18:32,Europe/Amsterdam,GBP,,8.99,0.17,0.05,GBP,,8.77,26
LumoGroup,LumoECOM_EU,8620000000000137,ORD-504087,Settled,2026-06-25 18:19:17,Europe/Amsterdam,EUR,,9.99,0.19,0.06,EUR,,9.74,26
LumoGroup,LumoAPP_US,8620000000000673,ORD-504623,Settled,2026-06-25 18:27:07,Europe/Amsterdam,USD,,9.99,0.19,0.06,USD,,9.74,26
LumoGroup,LumoECOM_EU,8620000000000422,ORD-504372,Authorised,2026-06-25 18:39:58,Europe/Amsterdam,EUR,,9.99,,,EUR,,,26
LumoGroup,LumoECOM_EU,8620000000000973,ORD-504923,Authorised,2026-06-25 18:50:39,Europe/Amsterdam,EUR,,24.99,,,EUR,,,26
LumoGroup,LumoAPP_US,8620000000001002,ORD-504952,Authorised,2026-06-25 18:52:32,Europe/Amsterdam,USD,,59.99,,,USD,,,26
LumoGroup,LumoAPP_US,8620000000000660,ORD-504610,Authorised,2026-06-25 18:53:23,Europe/Amsterdam,USD,,9.99,,,USD,,,26
LumoGroup,LumoAPP_US,8620000000001002,ORD-504952,Settled,2026-06-25 19:02:32,Europe/Amsterdam,USD,,59.99,1.14,0.36,USD,,58.49,26
LumoGroup,LumoECOM_EU,8620000000001091,ORD-505041,Authorised,2026-06-25 19:05:47,Europe/Amsterdam,EUR,,59.99,,,EUR,,,26
LumoGroup,LumoECOM_EU,8620000000001231,ORD-505181,Settled,2026-06-25 19:05:52,Europe/Amsterdam,GBP,,21.99,0.42,0.13,GBP,,21.44,26
LumoGroup,LumoECOM_EU,8620000000000612,ORD-504562,Authorised,2026-06-25 19:06:08,Europe/Amsterdam,EUR,,9.99,,,EUR,,,26
LumoGroup,LumoECOM_EU,8620000000001556,ORD-505506,Authorised,2026-06-25 19:08:34,Europe/Amsterdam,EUR,,24.99,,,EUR,,,26
LumoGroup,LumoECOM_EU,8620000000001044,ORD-504994,Refused,2026-06-25 19:12:20,Europe/Amsterdam,EUR,,24.99,,,EUR,,,26
LumoGroup,LumoECOM_EU,8620000000000422,ORD-504372,Settled,2026-06-25 19:21:58,Europe/Amsterdam,EUR,,9.99,0.19,0.06,EUR,,9.74,26
LumoGroup,LumoECOM_EU,8620000000000692,ORD-504642,Refused,2026-06-25 19:24:43,Europe/Amsterdam,EUR,,24.99,,,EUR,,,26
LumoGroup,LumoECOM_EU,8620000000001281,ORD-505231,Authorised,2026-06-25 19:28:52,Europe/Amsterdam,EUR,,9.99,,,EUR,,,26
LumoGroup,LumoECOM_EU,8620000000000612,ORD-504562,Settled,2026-06-25 19:36:08,Europe/Amsterdam,EUR,,9.99,0.19,0.06,EUR,,9.74,26
LumoGroup,LumoECOM_EU,8620000000000973,ORD-504923,Settled,2026-06-25 19:39:39,Europe/Amsterdam,EUR,,24.99,0.47,0.15,EUR,,24.37,26
LumoGroup,LumoECOM_EU,8620000000000665,ORD-504615,Settled,2026-06-25 19:42:02,Europe/Amsterdam,EUR,,24.99,0.47,0.15,EUR,,24.37,26
LumoGroup,LumoECOM_EU,8620000000001091,ORD-505041,Settled,2026-06-25 19:51:47,Europe/Amsterdam,EUR,,59.99,1.14,0.36,EUR,,58.49,26
LumoGroup,LumoECOM_EU,8620000000000348,ORD-504298,Authorised,2026-06-25 19:55:58,Europe/Amsterdam,EUR,,59.99,,,EUR,,,26
LumoGroup,LumoAPP_US,8620000000001300,ORD-505250,Authorised,2026-06-25 19:57:47,Europe/Amsterdam,USD,,4.99,,,USD,,,26
LumoGroup,LumoAPP_US,8620000000000660,ORD-504610,Settled,2026-06-25 19:58:23,Europe/Amsterdam,USD,,9.99,0.19,0.06,USD,,9.74,26
LumoGroup,LumoECOM_EU,8620000000000232,ORD-504182,Authorised,2026-06-25 20:00:01,Europe/Amsterdam,GBP,,54.99,,,GBP,,,26
LumoGroup,LumoECOM_EU,8620000000000348,ORD-504298,Settled,2026-06-25 20:05:58,Europe/Amsterdam,EUR,,59.99,1.14,0.36,EUR,,58.49,26
LumoGroup,LumoECOM_EU,8620000000001620,ORD-505570,Authorised,2026-06-25 20:11:14,Europe/Amsterdam,GBP,,8.99,,,GBP,,,26
LumoGroup,LumoECOM_EU,8620000000000674,ORD-504624,Authorised,2026-06-25 20:13:03,Europe/Amsterdam,EUR,,9.99,,,EUR,,,26
LumoGroup,LumoECOM_EU,8620000000001665,ORD-505615,Authorised,2026-06-25 20:15:12,Europe/Amsterdam,EUR,,9.99,,,EUR,,,26
LumoGroup,LumoECOM_EU,8620000000000836,ORD-504786,Authorised,2026-06-25 20:21:26,Europe/Amsterdam,EUR,,59.99,,,EUR,,,26
LumoGroup,LumoECOM_EU,8620000000001278,ORD-505228,Authorised,2026-06-25 20:31:07,Europe/Amsterdam,EUR,,9.99,,,EUR,,,26
LumoGroup,LumoECOM_EU,8620000000001281,ORD-505231,Settled,2026-06-25 20:39:52,Europe/Amsterdam,EUR,,9.99,0.19,0.06,EUR,,9.74,26
LumoGroup,LumoECOM_EU,8620000000000082,ORD-504032,Refused,2026-06-25 20:40:10,Europe/Amsterdam,EUR,,24.99,,,EUR,,,26
LumoGroup,LumoECOM_EU,8620000000001556,ORD-505506,Settled,2026-06-25 20:41:34,Europe/Amsterdam,EUR,,24.99,0.47,0.15,EUR,,24.37,26
LumoGroup,LumoECOM_EU,8620000000001620,ORD-505570,Settled,2026-06-25 20:42:14,Europe/Amsterdam,GBP,,8.99,0.17,0.05,GBP,,8.77,26
LumoGroup,LumoECOM_EU,8620000000000626,ORD-504576,Authorised,2026-06-25 20:42:30,Europe/Amsterdam,EUR,,4.99,,,EUR,,,26
LumoGroup,LumoECOM_EU,8620000000001278,ORD-505228,Settled,2026-06-25 20:52:07,Europe/Amsterdam,EUR,,9.99,0.19,0.06,EUR,,9.74,26
LumoGroup,LumoECOM_EU,8620000000000626,ORD-504576,Settled,2026-06-25 20:52:30,Europe/Amsterdam,EUR,,4.99,0.09,0.03,EUR,,4.87,26
LumoGroup,LumoECOM_EU,8620000000000533,ORD-504483,Authorised,2026-06-25 20:55:01,Europe/Amsterdam,EUR,,9.99,,,EUR,,,26
LumoGroup,LumoECOM_EU,8620000000001479,ORD-505429,Authorised,2026-06-25 20:57:01,Europe/Amsterdam,GBP,,21.99,,,GBP,,,26
LumoGroup,LumoECOM_EU,8620000000000486,ORD-504436,Authorised,2026-06-25 20:58:28,Europe/Amsterdam,GBP,,21.99,,,GBP,,,26
LumoGroup,LumoECOM_EU,8620000000000232,ORD-504182,Settled,2026-06-25 21:12:01,Europe/Amsterdam,GBP,,54.99,1.04,0.33,GBP,,53.62,26
LumoGroup,LumoECOM_EU,8620000000000836,ORD-504786,Settled,2026-06-25 21:16:26,Europe/Amsterdam,EUR,,59.99,1.14,0.36,EUR,,58.49,26
LumoGroup,LumoECOM_EU,8620000000000674,ORD-504624,Settled,2026-06-25 21:24:03,Europe/Amsterdam,EUR,,9.99,0.19,0.06,EUR,,9.74,26
LumoGroup,LumoECOM_EU,8620000000001665,ORD-505615,Settled,2026-06-25 21:32:12,Europe/Amsterdam,EUR,,9.99,0.19,0.06,EUR,,9.74,26
LumoGroup,LumoAPP_US,8620000000001300,ORD-505250,Settled,2026-06-25 21:39:47,Europe/Amsterdam,USD,,4.99,0.09,0.03,USD,,4.87,26
LumoGroup,LumoECOM_EU,8620000000001479,ORD-505429,Settled,2026-06-25 21:59:01,Europe/Amsterdam,GBP,,21.99,0.42,0.13,GBP,,21.44,26
LumoGroup,LumoECOM_EU,8620000000000533,ORD-504483,Settled,2026-06-25 22:02:01,Europe/Amsterdam,EUR,,9.99,0.19,0.06,EUR,,9.74,26
LumoGroup,LumoECOM_EU,8620000000000486,ORD-504436,Settled,2026-06-25 22:13:28,Europe/Amsterdam,GBP,,21.99,0.42,0.13,GBP,,21.44,26
LumoGroup,LumoECOM_EU,8620000000000367,ORD-504317,Authorised,2026-06-26 09:06:49,Europe/Amsterdam,EUR,,24.99,,,EUR,,,26
LumoGroup,LumoECOM_EU,8620000000001056,ORD-505006,Authorised,2026-06-26 09:17:16,Europe/Amsterdam,EUR,,9.99,,,EUR,,,26
LumoGroup,LumoECOM_EU,8620000000000967,ORD-504917,Authorised,2026-06-26 09:28:47,Europe/Amsterdam,EUR,,9.99,,,EUR,,,26
LumoGroup,LumoAPP_US,8620000000000320,ORD-504270,Authorised,2026-06-26 09:31:25,Europe/Amsterdam,USD,,9.99,,,USD,,,26
LumoGroup,LumoAPP_US,8620000000000320,ORD-504270,Settled,2026-06-26 09:45:25,Europe/Amsterdam,USD,,9.99,0.19,0.06,USD,,9.74,26
LumoGroup,LumoECOM_EU,8620000000001056,ORD-505006,Settled,2026-06-26 09:55:16,Europe/Amsterdam,EUR,,9.99,0.19,0.06,EUR,,9.74,26
LumoGroup,LumoECOM_EU,8620000000000967,ORD-504917,Settled,2026-06-26 10:09:47,Europe/Amsterdam,EUR,,9.99,0.19,0.06,EUR,,9.74,26
LumoGroup,LumoAPP_US,8620000000001060,ORD-505010,Authorised,2026-06-26 10:10:11,Europe/Amsterdam,USD,,9.99,,,USD,,,26
LumoGroup,LumoECOM_EU,8620000000001067,ORD-505017,Authorised,2026-06-26 10:15:18,Europe/Amsterdam,EUR,,24.99,,,EUR,,,26
LumoGroup,LumoECOM_EU,8620000000000908,ORD-504858,Authorised,2026-06-26 10:16:40,Europe/Amsterdam,EUR,,9.99,,,EUR,,,26
LumoGroup,LumoECOM_EU,8620000000000367,ORD-504317,Settled,2026-06-26 10:32:49,Europe/Amsterdam,EUR,,24.99,0.47,0.15,EUR,,24.37,26
LumoGroup,LumoECOM_EU,8620000000000277,ORD-504227,Authorised,2026-06-26 10:33:14,Europe/Amsterdam,GBP,,8.99,,,GBP,,,26
LumoGroup,LumoAPP_US,8620000000001060,ORD-505010,Settled,2026-06-26 10:40:11,Europe/Amsterdam,USD,,9.99,0.19,0.06,USD,,9.74,26
LumoGroup,LumoECOM_EU,8620000000000583,ORD-504533,Authorised,2026-06-26 11:03:15,Europe/Amsterdam,EUR,,9.99,,,EUR,,,26
LumoGroup,LumoECOM_EU,8620000000000035,ORD-503985,Authorised,2026-06-26 11:16:43,Europe/Amsterdam,EUR,,9.99,,,EUR,,,26
LumoGroup,LumoECOM_EU,8620000000000908,ORD-504858,Settled,2026-06-26 11:21:40,Europe/Amsterdam,EUR,,9.99,0.19,0.06,EUR,,9.74,26
LumoGroup,LumoECOM_EU,8620000000000583,ORD-504533,Settled,2026-06-26 11:23:15,Europe/Amsterdam,EUR,,9.99,0.19,0.06,EUR,,9.74,26
LumoGroup,LumoECOM_EU,8620000000001067,ORD-505017,Settled,2026-06-26 11:33:18,Europe/Amsterdam,EUR,,24.99,0.47,0.15,EUR,,24.37,26
LumoGroup,LumoAPP_US,8620000000000217,ORD-504167,Authorised,2026-06-26 11:58:21,Europe/Amsterdam,USD,,9.99,,,USD,,,26
LumoGroup,LumoECOM_EU,8620000000000035,ORD-503985,Settled,2026-06-26 12:01:43,Europe/Amsterdam,EUR,,9.99,0.19,0.06,EUR,,9.74,26
LumoGroup,LumoECOM_EU,8620000000000277,ORD-504227,Settled,2026-06-26 12:05:14,Europe/Amsterdam,GBP,,8.99,0.17,0.05,GBP,,8.77,26
LumoGroup,LumoECOM_EU,8620000000000323,ORD-504273,Authorised,2026-06-26 12:09:34,Europe/Amsterdam,EUR,,9.99,,,EUR,,,26
LumoGroup,LumoECOM_EU,8620000000001241,ORD-505191,Authorised,2026-06-26 12:27:15,Europe/Amsterdam,GBP,,4.49,,,GBP,,,26
LumoGroup,LumoAPP_US,8620000000000217,ORD-504167,Settled,2026-06-26 12:35:21,Europe/Amsterdam,USD,,9.99,0.19,0.06,USD,,9.74,26
LumoGroup,LumoECOM_EU,8620000000001402,ORD-505352,Authorised,2026-06-26 12:49:35,Europe/Amsterdam,EUR,,9.99,,,EUR,,,26
LumoGroup,LumoECOM_EU,8620000000000248,ORD-504198,Authorised,2026-06-26 12:54:25,Europe/Amsterdam,GBP,,54.99,,,GBP,,,26
LumoGroup,LumoECOM_EU,8620000000000758,ORD-504708,Authorised,2026-06-26 12:59:35,Europe/Amsterdam,GBP,,8.99,,,GBP,,,26
LumoGroup,LumoECOM_EU,8620000000001326,ORD-505276,Authorised,2026-06-26 13:07:07,Europe/Amsterdam,EUR,,9.99,,,EUR,,,26
LumoGroup,LumoECOM_EU,8620000000000529,ORD-504479,Authorised,2026-06-26 13:14:45,Europe/Amsterdam,EUR,,59.99,,,EUR,,,26
LumoGroup,LumoECOM_EU,8620000000001326,ORD-505276,Settled,2026-06-26 13:23:07,Europe/Amsterdam,EUR,,9.99,0.19,0.06,EUR,,9.74,26
LumoGroup,LumoECOM_EU,8620000000000694,ORD-504644,Authorised,2026-06-26 13:23:54,Europe/Amsterdam,EUR,,9.99,,,EUR,,,26
LumoGroup,LumoECOM_EU,8620000000000323,ORD-504273,Settled,2026-06-26 13:25:34,Europe/Amsterdam,EUR,,9.99,0.19,0.06,EUR,,9.74,26
LumoGroup,LumoAPP_US,8620000000000893,ORD-504843,Authorised,2026-06-26 13:27:19,Europe/Amsterdam,USD,,9.99,,,USD,,,26
LumoGroup,LumoECOM_EU,8620000000001219,ORD-505169,Authorised,2026-06-26 13:32:44,Europe/Amsterdam,EUR,,9.99,,,EUR,,,26
LumoGroup,LumoECOM_EU,8620000000001402,ORD-505352,Settled,2026-06-26 13:47:35,Europe/Amsterdam,EUR,,9.99,0.19,0.06,EUR,,9.74,26
LumoGroup,LumoAPP_US,8620000000000951,ORD-504901,Authorised,2026-06-26 14:00:30,Europe/Amsterdam,USD,,59.99,,,USD,,,26
LumoGroup,LumoAPP_US,8620000000000649,ORD-504599,Authorised,2026-06-26 14:06:41,Europe/Amsterdam,USD,,24.99,,,USD,,,26
LumoGroup,LumoECOM_EU,8620000000001548,ORD-505498,Authorised,2026-06-26 14:08:00,Europe/Amsterdam,EUR,,24.99,,,EUR,,,26
LumoGroup,LumoECOM_EU,8620000000001221,ORD-505171,Authorised,2026-06-26 14:08:20,Europe/Amsterdam,EUR,,9.99,,,EUR,,,26
LumoGroup,LumoECOM_EU,8620000000000758,ORD-504708,Settled,2026-06-26 14:08:35,Europe/Amsterdam,GBP,,8.99,0.17,0.05,GBP,,8.77,26
LumoGroup,LumoECOM_EU,8620000000001241,ORD-505191,Settled,2026-06-26 14:13:15,Europe/Amsterdam,GBP,,4.49,0.09,0.02,GBP,,4.38,26
LumoGroup,LumoAPP_US,8620000000001483,ORD-505433,Authorised,2026-06-26 14:22:30,Europe/Amsterdam,USD,,24.99,,,USD,,,26
LumoGroup,LumoAPP_US,8620000000001483,ORD-505433,Settled,2026-06-26 14:27:30,Europe/Amsterdam,USD,,24.99,0.47,0.15,USD,,24.37,26
LumoGroup,LumoECOM_EU,8620000000000733,ORD-504683,Authorised,2026-06-26 14:30:00,Europe/Amsterdam,EUR,,9.99,,,EUR,,,26
LumoGroup,LumoECOM_EU,8620000000000248,ORD-504198,Settled,2026-06-26 14:31:25,Europe/Amsterdam,GBP,,54.99,1.04,0.33,GBP,,53.62,26
LumoGroup,LumoAPP_US,8620000000001018,ORD-504968,Authorised,2026-06-26 14:32:55,Europe/Amsterdam,USD,,59.99,,,USD,,,26
LumoGroup,LumoECOM_EU,8620000000001221,ORD-505171,Settled,2026-06-26 14:33:20,Europe/Amsterdam,EUR,,9.99,0.19,0.06,EUR,,9.74,26
LumoGroup,LumoECOM_EU,8620000000000529,ORD-504479,Settled,2026-06-26 14:37:45,Europe/Amsterdam,EUR,,59.99,1.14,0.36,EUR,,58.49,26
LumoGroup,LumoECOM_EU,8620000000001219,ORD-505169,Settled,2026-06-26 14:39:44,Europe/Amsterdam,EUR,,9.99,0.19,0.06,EUR,,9.74,26
LumoGroup,LumoAPP_US,8620000000000893,ORD-504843,Settled,2026-06-26 14:47:19,Europe/Amsterdam,USD,,9.99,0.19,0.06,USD,,9.74,26
LumoGroup,LumoECOM_EU,8620000000000694,ORD-504644,Settled,2026-06-26 14:58:54,Europe/Amsterdam,EUR,,9.99,0.19,0.06,EUR,,9.74,26
LumoGroup,LumoAPP_US,8620000000000809,ORD-504759,Authorised,2026-06-26 14:59:57,Europe/Amsterdam,USD,,4.99,,,USD,,,26
LumoGroup,LumoAPP_US,8620000000000951,ORD-504901,Settled,2026-06-26 15:06:30,Europe/Amsterdam,USD,,59.99,1.14,0.36,USD,,58.49,26
LumoGroup,LumoECOM_EU,8620000000000733,ORD-504683,Settled,2026-06-26 15:08:00,Europe/Amsterdam,EUR,,9.99,0.19,0.06,EUR,,9.74,26
LumoGroup,LumoECOM_EU,8620000000001548,ORD-505498,Settled,2026-06-26 15:08:00,Europe/Amsterdam,EUR,,24.99,0.47,0.15,EUR,,24.37,26
LumoGroup,LumoAPP_US,8620000000001507,ORD-505457,Authorised,2026-06-26 15:21:56,Europe/Amsterdam,USD,,24.99,,,USD,,,26
LumoGroup,LumoAPP_US,8620000000001018,ORD-504968,Settled,2026-06-26 15:30:55,Europe/Amsterdam,USD,,59.99,1.14,0.36,USD,,58.49,26
LumoGroup,LumoAPP_US,8620000000000649,ORD-504599,Settled,2026-06-26 15:32:41,Europe/Amsterdam,USD,,24.99,0.47,0.15,USD,,24.37,26
LumoGroup,LumoECOM_EU,8620000000000775,ORD-504725,Authorised,2026-06-26 15:35:46,Europe/Amsterdam,EUR,,59.99,,,EUR,,,26
LumoGroup,LumoECOM_EU,8620000000000885,ORD-504835,Authorised,2026-06-26 15:41:17,Europe/Amsterdam,EUR,,9.99,,,EUR,,,26
LumoGroup,LumoECOM_EU,8620000000000866,ORD-504816,Authorised,2026-06-26 15:45:02,Europe/Amsterdam,EUR,,9.99,,,EUR,,,26
LumoGroup,LumoECOM_EU,8620000000000775,ORD-504725,Settled,2026-06-26 15:45:46,Europe/Amsterdam,EUR,,59.99,1.14,0.36,EUR,,58.49,26
LumoGroup,LumoAPP_US,8620000000000809,ORD-504759,Settled,2026-06-26 15:56:57,Europe/Amsterdam,USD,,4.99,0.09,0.03,USD,,4.87,26
LumoGroup,LumoECOM_EU,8620000000001792,ORD-507808,Chargeback,2026-06-26 16:00:00,Europe/Amsterdam,EUR,59.99,,,,EUR,59.99,,26
LumoGroup,LumoECOM_EU,8620000000001515,ORD-505465,Authorised,2026-06-26 16:02:01,Europe/Amsterdam,EUR,,9.99,,,EUR,,,26
LumoGroup,LumoECOM_EU,8620000000000040,ORD-503990,Authorised,2026-06-26 16:20:55,Europe/Amsterdam,EUR,,9.99,,,EUR,,,26
LumoGroup,LumoECOM_EU,8620000000000885,ORD-504835,Settled,2026-06-26 16:28:17,Europe/Amsterdam,EUR,,9.99,0.19,0.06,EUR,,9.74,26
LumoGroup,LumoAPP_US,8620000000001507,ORD-505457,Settled,2026-06-26 16:42:56,Europe/Amsterdam,USD,,24.99,0.47,0.15,USD,,24.37,26
LumoGroup,LumoECOM_EU,8620000000000866,ORD-504816,Settled,2026-06-26 16:51:02,Europe/Amsterdam,EUR,,9.99,0.19,0.06,EUR,,9.74,26
LumoGroup,LumoECOM_EU,8620000000000543,ORD-504493,Authorised,2026-06-26 17:09:24,Europe/Amsterdam,EUR,,59.99,,,EUR,,,26
LumoGroup,LumoECOM_EU,8620000000000110,ORD-504060,Authorised,2026-06-26 17:17:44,Europe/Amsterdam,EUR,,9.99,,,EUR,,,26
LumoGroup,LumoECOM_EU,8620000000001287,ORD-505237,Authorised,2026-06-26 17:23:32,Europe/Amsterdam,EUR,,9.99,,,EUR,,,26
LumoGroup,LumoECOM_EU,8620000000000543,ORD-504493,Settled,2026-06-26 17:27:24,Europe/Amsterdam,EUR,,59.99,1.14,0.36,EUR,,58.49,26
LumoGroup,LumoAPP_US,8620000000000802,ORD-504752,Authorised,2026-06-26 17:34:33,Europe/Amsterdam,USD,,9.99,,,USD,,,26
LumoGroup,LumoAPP_US,8620000000001214,ORD-505164,Authorised,2026-06-26 17:40:00,Europe/Amsterdam,USD,,9.99,,,USD,,,26
LumoGroup,LumoECOM_EU,8620000000000826,ORD-504776,Authorised,2026-06-26 17:45:21,Europe/Amsterdam,EUR,,24.99,,,EUR,,,26
LumoGroup,LumoECOM_EU,8620000000000392,ORD-504342,Authorised,2026-06-26 17:45:56,Europe/Amsterdam,EUR,,9.99,,,EUR,,,26
LumoGroup,LumoECOM_EU,8620000000000859,ORD-504809,Refunded,2026-06-26 17:46:18,Europe/Amsterdam,EUR,5.00,,,,EUR,5.00,,26
LumoGroup,LumoECOM_EU,8620000000001515,ORD-505465,Settled,2026-06-26 17:48:01,Europe/Amsterdam,EUR,,9.99,0.19,0.06,EUR,,9.74,26
LumoGroup,LumoECOM_EU,8620000000000965,ORD-504915,Authorised,2026-06-26 17:48:44,Europe/Amsterdam,GBP,,8.99,,,GBP,,,26
LumoGroup,LumoECOM_EU,8620000000000954,ORD-504904,Authorised,2026-06-26 18:00:21,Europe/Amsterdam,EUR,,24.99,,,EUR,,,26
LumoGroup,LumoECOM_EU,8620000000000965,ORD-504915,Settled,2026-06-26 18:01:44,Europe/Amsterdam,GBP,,8.99,0.17,0.05,GBP,,8.77,26
LumoGroup,LumoECOM_EU,8620000000000040,ORD-503990,Settled,2026-06-26 18:07:55,Europe/Amsterdam,EUR,,9.99,0.19,0.06,EUR,,9.74,26
LumoGroup,LumoECOM_EU,8620000000000074,ORD-504024,Authorised,2026-06-26 18:10:38,Europe/Amsterdam,GBP,,21.99,,,GBP,,,26
LumoGroup,LumoECOM_EU,8620000000000392,ORD-504342,Settled,2026-06-26 18:10:56,Europe/Amsterdam,EUR,,9.99,0.19,0.06,EUR,,9.74,26
LumoGroup,LumoECOM_EU,8620000000001519,ORD-505469,Authorised,2026-06-26 18:34:17,Europe/Amsterdam,EUR,,24.99,,,EUR,,,26
LumoGroup,LumoECOM_EU,8620000000000110,ORD-504060,Settled,2026-06-26 18:39:44,Europe/Amsterdam,EUR,,9.99,0.19,0.06,EUR,,9.74,26
LumoGroup,LumoECOM_EU,8620000000000826,ORD-504776,Settled,2026-06-26 18:43:21,Europe/Amsterdam,EUR,,24.99,0.47,0.15,EUR,,24.37,26
LumoGroup,LumoECOM_EU,8620000000000241,ORD-504191,Authorised,2026-06-26 18:45:07,Europe/Amsterdam,EUR,,9.99,,,EUR,,,26
LumoGroup,LumoECOM_EU,8620000000001077,ORD-505027,Authorised,2026-06-26 18:46:07,Europe/Amsterdam,EUR,,9.99,,,EUR,,,26
LumoGroup,LumoECOM_EU,8620000000000074,ORD-504024,Settled,2026-06-26 18:48:38,Europe/Amsterdam,GBP,,21.99,0.42,0.13,GBP,,21.44,26
LumoGroup,LumoECOM_EU,8620000000001318,ORD-505268,Authorised,2026-06-26 18:51:07,Europe/Amsterdam,EUR,,9.99,,,EUR,,,26
LumoGroup,LumoAPP_US,8620000000000802,ORD-504752,Settled,2026-06-26 18:52:33,Europe/Amsterdam,USD,,9.99,0.19,0.06,USD,,9.74,26
LumoGroup,LumoECOM_EU,8620000000001287,ORD-505237,Settled,2026-06-26 19:05:32,Europe/Amsterdam,EUR,,9.99,0.19,0.06,EUR,,9.74,26
LumoGroup,LumoECOM_EU,8620000000000340,ORD-504290,Authorised,2026-06-26 19:12:03,Europe/Amsterdam,EUR,,24.99,,,EUR,,,26
LumoGroup,LumoAPP_US,8620000000001214,ORD-505164,Settled,2026-06-26 19:15:00,Europe/Amsterdam,USD,,9.99,0.19,0.06,USD,,9.74,26
LumoGroup,LumoECOM_EU,8620000000001519,ORD-505469,Settled,2026-06-26 19:23:17,Europe/Amsterdam,EUR,,24.99,0.47,0.15,EUR,,24.37,26
LumoGroup,LumoECOM_EU,8620000000000412,ORD-504362,Authorised,2026-06-26 19:30:00,Europe/Amsterdam,EUR,,9.99,,,EUR,,,26
LumoGroup,LumoECOM_EU,8620000000001318,ORD-505268,Settled,2026-06-26 19:42:07,Europe/Amsterdam,EUR,,9.99,0.19,0.06,EUR,,9.74,26
LumoGroup,LumoECOM_EU,8620000000000954,ORD-504904,Settled,2026-06-26 19:48:21,Europe/Amsterdam,EUR,,24.99,0.47,0.15,EUR,,24.37,26
LumoGroup,LumoECOM_EU,8620000000000412,ORD-504362,Settled,2026-06-26 19:51:00,Europe/Amsterdam,EUR,,9.99,0.19,0.06,EUR,,9.74,26
LumoGroup,LumoECOM_EU,8620000000001166,ORD-505116,Authorised,2026-06-26 20:01:10,Europe/Amsterdam,EUR,,9.99,,,EUR,,,26
LumoGroup,LumoECOM_EU,8620000000001396,ORD-505346,Authorised,2026-06-26 20:13:45,Europe/Amsterdam,EUR,,59.99,,,EUR,,,26
LumoGroup,LumoECOM_EU,8620000000001166,ORD-505116,Settled,2026-06-26 20:21:10,Europe/Amsterdam,EUR,,9.99,0.19,0.06,EUR,,9.74,26
LumoGroup,LumoECOM_EU,8620000000000241,ORD-504191,Settled,2026-06-26 20:24:07,Europe/Amsterdam,EUR,,9.99,0.19,0.06,EUR,,9.74,26
LumoGroup,LumoECOM_EU,8620000000001077,ORD-505027,Settled,2026-06-26 20:30:07,Europe/Amsterdam,EUR,,9.99,0.19,0.06,EUR,,9.74,26
LumoGroup,LumoECOM_EU,8620000000000340,ORD-504290,Settled,2026-06-26 20:50:03,Europe/Amsterdam,EUR,,24.99,0.47,0.15,EUR,,24.37,26
LumoGroup,LumoECOM_EU,8620000000001396,ORD-505346,Settled,2026-06-26 21:53:45,Europe/Amsterdam,EUR,,59.99,1.14,0.36,EUR,,58.49,26
LumoGroup,LumoAPP_US,8620000000000764,ORD-504714,Authorised,2026-06-27 09:09:38,Europe/Amsterdam,USD,,9.99,,,USD,,,26
LumoGroup,LumoECOM_EU,8620000000000190,ORD-504140,Authorised,2026-06-27 09:11:06,Europe/Amsterdam,EUR,,4.99,,,EUR,,,26
LumoGroup,LumoECOM_EU,8620000000000952,ORD-504902,Authorised,2026-06-27 09:30:25,Europe/Amsterdam,EUR,,9.99,,,EUR,,,26
LumoGroup,LumoAPP_US,8620000000000935,ORD-504885,Authorised,2026-06-27 09:47:10,Europe/Amsterdam,USD,,59.99,,,USD,,,26
LumoGroup,LumoAPP_US,8620000000001299,ORD-505249,Authorised,2026-06-27 10:02:46,Europe/Amsterdam,USD,,24.99,,,USD,,,26
LumoGroup,LumoAPP_US,8620000000000764,ORD-504714,Settled,2026-06-27 10:09:38,Europe/Amsterdam,USD,,9.99,0.19,0.06,USD,,9.74,26
LumoGroup,LumoECOM_EU,8620000000000335,ORD-504285,Authorised,2026-06-27 10:10:03,Europe/Amsterdam,EUR,,9.99,,,EUR,,,26
LumoGroup,LumoECOM_EU,8620000000000190,ORD-504140,Settled,2026-06-27 10:15:06,Europe/Amsterdam,EUR,,4.99,0.09,0.03,EUR,,4.87,26
LumoGroup,LumoAPP_US,8620000000001139,ORD-505089,Authorised,2026-06-27 10:16:20,Europe/Amsterdam,USD,,24.99,,,USD,,,26
LumoGroup,LumoECOM_EU,8620000000000774,ORD-504724,Authorised,2026-06-27 10:17:18,Europe/Amsterdam,EUR,,4.99,,,EUR,,,26
LumoGroup,LumoAPP_US,8620000000000935,ORD-504885,Settled,2026-06-27 10:26:10,Europe/Amsterdam,USD,,59.99,1.14,0.36,USD,,58.49,26
LumoGroup,LumoAPP_US,8620000000001299,ORD-505249,Settled,2026-06-27 10:31:46,Europe/Amsterdam,USD,,24.99,0.47,0.15,USD,,24.37,26
LumoGroup,LumoECOM_EU,8620000000000572,ORD-504522,Authorised,2026-06-27 10:32:58,Europe/Amsterdam,EUR,,9.99,,,EUR,,,26
LumoGroup,LumoECOM_EU,8620000000000335,ORD-504285,Settled,2026-06-27 10:33:03,Europe/Amsterdam,EUR,,9.99,0.19,0.06,EUR,,9.74,26
LumoGroup,LumoECOM_EU,8620000000000952,ORD-504902,Settled,2026-06-27 10:37:25,Europe/Amsterdam,EUR,,9.99,0.19,0.06,EUR,,9.74,26
LumoGroup,LumoECOM_EU,8620000000000774,ORD-504724,Settled,2026-06-27 10:41:18,Europe/Amsterdam,EUR,,4.99,0.09,0.03,EUR,,4.87,26
LumoGroup,LumoECOM_EU,8620000000001526,ORD-505476,Authorised,2026-06-27 10:42:18,Europe/Amsterdam,EUR,,59.99,,,EUR,,,26
LumoGroup,LumoAPP_US,8620000000001139,ORD-505089,Settled,2026-06-27 10:48:20,Europe/Amsterdam,USD,,24.99,0.47,0.15,USD,,24.37,26
LumoGroup,LumoECOM_EU,8620000000000572,ORD-504522,Settled,2026-06-27 10:55:58,Europe/Amsterdam,EUR,,9.99,0.19,0.06,EUR,,9.74,26
LumoGroup,LumoECOM_EU,8620000000001526,ORD-505476,Settled,2026-06-27 11:15:18,Europe/Amsterdam,EUR,,59.99,1.14,0.36,EUR,,58.49,26
LumoGroup,LumoECOM_EU,8620000000000749,ORD-504699,Authorised,2026-06-27 11:16:45,Europe/Amsterdam,EUR,,59.99,,,EUR,,,26
LumoGroup,LumoECOM_EU,8620000000000249,ORD-504199,Authorised,2026-06-27 11:19:36,Europe/Amsterdam,EUR,,9.99,,,EUR,,,26
LumoGroup,LumoAPP_US,8620000000000222,ORD-504172,Refused,2026-06-27 11:21:15,Europe/Amsterdam,USD,,24.99,,,USD,,,26
LumoGroup,LumoAPP_US,8620000000000585,ORD-504535,Authorised,2026-06-27 11:48:26,Europe/Amsterdam,USD,,9.99,,,USD,,,26
LumoGroup,LumoECOM_EU,8620000000000749,ORD-504699,Settled,2026-06-27 12:10:45,Europe/Amsterdam,EUR,,59.99,1.14,0.36,EUR,,58.49,26
LumoGroup,LumoECOM_EU,8620000000000249,ORD-504199,Settled,2026-06-27 12:18:36,Europe/Amsterdam,EUR,,9.99,0.19,0.06,EUR,,9.74,26
LumoGroup,LumoECOM_EU,8620000000000459,ORD-504409,Authorised,2026-06-27 12:27:37,Europe/Amsterdam,EUR,,4.99,,,EUR,,,26
LumoGroup,LumoAPP_US,8620000000000585,ORD-504535,Settled,2026-06-27 12:28:26,Europe/Amsterdam,USD,,9.99,0.19,0.06,USD,,9.74,26
LumoGroup,LumoAPP_US,8620000000001227,ORD-505177,Authorised,2026-06-27 12:31:47,Europe/Amsterdam,USD,,24.99,,,USD,,,26
LumoGroup,LumoECOM_EU,8620000000000991,ORD-504941,Authorised,2026-06-27 12:59:15,Europe/Amsterdam,EUR,,9.99,,,EUR,,,26
LumoGroup,LumoECOM_EU,8620000000001172,ORD-505122,Authorised,2026-06-27 13:08:34,Europe/Amsterdam,GBP,,8.99,,,GBP,,,26
LumoGroup,LumoECOM_EU,8620000000000459,ORD-504409,Settled,2026-06-27 13:26:37,Europe/Amsterdam,EUR,,4.99,0.09,0.03,EUR,,4.87,26
LumoGroup,LumoECOM_EU,8620000000000452,ORD-504402,Authorised,2026-06-27 13:37:33,Europe/Amsterdam,EUR,,9.99,,,EUR,,,26
LumoGroup,LumoAPP_US,8620000000001227,ORD-505177,Settled,2026-06-27 13:41:47,Europe/Amsterdam,USD,,24.99,0.47,0.15,USD,,24.37,26
LumoGroup,LumoECOM_EU,8620000000001042,ORD-504992,Authorised,2026-06-27 13:41:55,Europe/Amsterdam,EUR,,9.99,,,EUR,,,26
LumoGroup,LumoECOM_EU,8620000000001172,ORD-505122,Settled,2026-06-27 13:43:34,Europe/Amsterdam,GBP,,8.99,0.17,0.05,GBP,,8.77,26
LumoGroup,LumoAPP_US,8620000000001114,ORD-505064,Authorised,2026-06-27 14:01:02,Europe/Amsterdam,USD,,9.99,,,USD,,,26
LumoGroup,LumoECOM_EU,8620000000001085,ORD-505035,Authorised,2026-06-27 14:03:08,Europe/Amsterdam,GBP,,8.99,,,GBP,,,26
LumoGroup,LumoECOM_EU,8620000000000991,ORD-504941,Settled,2026-06-27 14:06:15,Europe/Amsterdam,EUR,,9.99,0.19,0.06,EUR,,9.74,26
LumoGroup,LumoECOM_EU,8620000000001465,ORD-505415,Authorised,2026-06-27 14:08:45,Europe/Amsterdam,EUR,,9.99,,,EUR,,,26
LumoGroup,LumoECOM_EU,8620000000001274,ORD-505224,Authorised,2026-06-27 14:15:23,Europe/Amsterdam,EUR,,24.99,,,EUR,,,26
LumoGroup,LumoECOM_EU,8620000000001274,ORD-505224,Settled,2026-06-27 14:30:23,Europe/Amsterdam,EUR,,24.99,0.47,0.15,EUR,,24.37,26
LumoGroup,LumoECOM_EU,8620000000001465,ORD-505415,Settled,2026-06-27 14:30:45,Europe/Amsterdam,EUR,,9.99,0.19,0.06,EUR,,9.74,26
LumoGroup,LumoECOM_EU,8620000000000699,ORD-504649,Authorised,2026-06-27 14:31:53,Europe/Amsterdam,EUR,,9.99,,,EUR,,,26
LumoGroup,LumoECOM_EU,8620000000000452,ORD-504402,Settled,2026-06-27 14:35:33,Europe/Amsterdam,EUR,,9.99,0.19,0.06,EUR,,9.74,26
LumoGroup,LumoECOM_EU,8620000000001484,ORD-505434,Refused,2026-06-27 14:43:04,Europe/Amsterdam,EUR,,4.99,,,EUR,,,26
LumoGroup,LumoECOM_EU,8620000000000594,ORD-504544,Authorised,2026-06-27 14:56:23,Europe/Amsterdam,EUR,,24.99,,,EUR,,,26
LumoGroup,LumoECOM_EU,8620000000001042,ORD-504992,Settled,2026-06-27 14:56:55,Europe/Amsterdam,EUR,,9.99,0.19,0.06,EUR,,9.74,26
LumoGroup,LumoECOM_EU,8620000000000557,ORD-504507,Authorised,2026-06-27 14:57:35,Europe/Amsterdam,EUR,,9.99,,,EUR,,,26
LumoGroup,LumoECOM_EU,8620000000000699,ORD-504649,Settled,2026-06-27 14:58:53,Europe/Amsterdam,EUR,,9.99,0.19,0.06,EUR,,9.74,26
LumoGroup,LumoECOM_EU,8620000000000125,ORD-504075,Authorised,2026-06-27 15:08:33,Europe/Amsterdam,EUR,,9.99,,,EUR,,,26
LumoGroup,LumoAPP_US,8620000000001114,ORD-505064,Settled,2026-06-27 15:16:02,Europe/Amsterdam,USD,,9.99,0.19,0.06,USD,,9.74,26
LumoGroup,LumoECOM_EU,8620000000000594,ORD-504544,Settled,2026-06-27 15:16:23,Europe/Amsterdam,EUR,,24.99,0.47,0.15,EUR,,24.37,26
LumoGroup,LumoECOM_EU,8620000000000223,ORD-504173,Refused,2026-06-27 15:25:05,Europe/Amsterdam,EUR,,9.99,,,EUR,,,26
LumoGroup,LumoECOM_EU,8620000000001144,ORD-505094,Authorised,2026-06-27 15:26:48,Europe/Amsterdam,EUR,,9.99,,,EUR,,,26
LumoGroup,LumoAPP_US,8620000000001680,ORD-505630,Authorised,2026-06-27 15:29:52,Europe/Amsterdam,USD,,4.99,,,USD,,,26
LumoGroup,LumoECOM_EU,8620000000001408,ORD-505358,Authorised,2026-06-27 15:34:12,Europe/Amsterdam,EUR,,9.99,,,EUR,,,26
LumoGroup,LumoAPP_US,8620000000001680,ORD-505630,Settled,2026-06-27 15:37:52,Europe/Amsterdam,USD,,4.99,0.09,0.03,USD,,4.87,26
LumoGroup,LumoECOM_EU,8620000000000600,ORD-504550,Authorised,2026-06-27 15:46:35,Europe/Amsterdam,EUR,,9.99,,,EUR,,,26
LumoGroup,LumoECOM_EU,8620000000001085,ORD-505035,Settled,2026-06-27 15:48:08,Europe/Amsterdam,GBP,,8.99,0.17,0.05,GBP,,8.77,26
LumoGroup,LumoECOM_EU,8620000000001343,ORD-505293,Authorised,2026-06-27 16:00:01,Europe/Amsterdam,GBP,,8.99,,,GBP,,,26
LumoGroup,LumoECOM_EU,8620000000000557,ORD-504507,Settled,2026-06-27 16:04:35,Europe/Amsterdam,EUR,,9.99,0.19,0.06,EUR,,9.74,26
LumoGroup,LumoAPP_US,8620000000000386,ORD-504336,Authorised,2026-06-27 16:21:26,Europe/Amsterdam,USD,,9.99,,,USD,,,26
LumoGroup,LumoECOM_EU,8620000000001144,ORD-505094,Settled,2026-06-27 16:21:48,Europe/Amsterdam,EUR,,9.99,0.19,0.06,EUR,,9.74,26
LumoGroup,LumoECOM_EU,8620000000000125,ORD-504075,Settled,2026-06-27 16:24:33,Europe/Amsterdam,EUR,,9.99,0.19,0.06,EUR,,9.74,26
LumoGroup,LumoECOM_EU,8620000000000600,ORD-504550,Settled,2026-06-27 16:31:35,Europe/Amsterdam,EUR,,9.99,0.19,0.06,EUR,,9.74,26
LumoGroup,LumoECOM_EU,8620000000000390,ORD-504340,Authorised,2026-06-27 16:31:59,Europe/Amsterdam,EUR,,4.99,,,EUR,,,26
LumoGroup,LumoECOM_EU,8620000000000369,ORD-504319,Authorised,2026-06-27 16:34:24,Europe/Amsterdam,EUR,,4.99,,,EUR,,,26
LumoGroup,LumoECOM_EU,8620000000000369,ORD-504319,Settled,2026-06-27 16:43:24,Europe/Amsterdam,EUR,,4.99,0.09,0.03,EUR,,4.87,26
LumoGroup,LumoECOM_EU,8620000000001408,ORD-505358,Settled,2026-06-27 16:46:12,Europe/Amsterdam,EUR,,9.99,0.19,0.06,EUR,,9.74,26
LumoGroup,LumoECOM_EU,8620000000000669,ORD-504619,Authorised,2026-06-27 16:47:30,Europe/Amsterdam,GBP,,8.99,,,GBP,,,26
LumoGroup,LumoAPP_US,8620000000000386,ORD-504336,Settled,2026-06-27 16:59:26,Europe/Amsterdam,USD,,9.99,0.19,0.06,USD,,9.74,26
LumoGroup,LumoECOM_EU,8620000000000476,ORD-504426,Authorised,2026-06-27 17:00:58,Europe/Amsterdam,EUR,,4.99,,,EUR,,,26
LumoGroup,LumoECOM_EU,8620000000000747,ORD-504697,Authorised,2026-06-27 17:06:44,Europe/Amsterdam,EUR,,9.99,,,EUR,,,26
LumoGroup,LumoECOM_EU,8620000000001186,ORD-505136,Authorised,2026-06-27 17:14:57,Europe/Amsterdam,EUR,,9.99,,,EUR,,,26
LumoGroup,LumoECOM_EU,8620000000000390,ORD-504340,Settled,2026-06-27 17:32:59,Europe/Amsterdam,EUR,,4.99,0.09,0.03,EUR,,4.87,26
LumoGroup,LumoECOM_EU,8620000000001343,ORD-505293,Settled,2026-06-27 17:34:01,Europe/Amsterdam,GBP,,8.99,0.17,0.05,GBP,,8.77,26
LumoGroup,LumoECOM_EU,8620000000000041,ORD-503991,Authorised,2026-06-27 17:36:12,Europe/Amsterdam,EUR,,9.99,,,EUR,,,26
LumoGroup,LumoECOM_EU,8620000000001645,ORD-505595,Authorised,2026-06-27 17:40:54,Europe/Amsterdam,EUR,,9.99,,,EUR,,,26
LumoGroup,LumoECOM_EU,8620000000000747,ORD-504697,Settled,2026-06-27 17:55:44,Europe/Amsterdam,EUR,,9.99,0.19,0.06,EUR,,9.74,26
LumoGroup,LumoECOM_EU,8620000000000476,ORD-504426,Settled,2026-06-27 17:58:58,Europe/Amsterdam,EUR,,4.99,0.09,0.03,EUR,,4.87,26
LumoGroup,LumoECOM_EU,8620000000001186,ORD-505136,Settled,2026-06-27 18:00:57,Europe/Amsterdam,EUR,,9.99,0.19,0.06,EUR,,9.74,26
LumoGroup,LumoECOM_EU,8620000000000669,ORD-504619,Settled,2026-06-27 18:06:30,Europe/Amsterdam,GBP,,8.99,0.17,0.05,GBP,,8.77,26
LumoGroup,LumoECOM_EU,8620000000001441,ORD-505391,Authorised,2026-06-27 18:13:45,Europe/Amsterdam,EUR,,9.99,,,EUR,,,26
LumoGroup,LumoECOM_EU,8620000000001047,ORD-504997,Authorised,2026-06-27 18:14:02,Europe/Amsterdam,EUR,,9.99,,,EUR,,,26
LumoGroup,LumoAPP_US,8620000000001500,ORD-505450,Authorised,2026-06-27 18:29:33,Europe/Amsterdam,USD,,59.99,,,USD,,,26
LumoGroup,LumoECOM_EU,8620000000001543,ORD-505493,Authorised,2026-06-27 18:38:18,Europe/Amsterdam,EUR,,24.99,,,EUR,,,26
LumoGroup,LumoECOM_EU,8620000000001047,ORD-504997,Settled,2026-06-27 18:40:02,Europe/Amsterdam,EUR,,9.99,0.19,0.06,EUR,,9.74,26
LumoGroup,LumoECOM_EU,8620000000001645,ORD-505595,Settled,2026-06-27 18:41:54,Europe/Amsterdam,EUR,,9.99,0.19,0.06,EUR,,9.74,26
LumoGroup,LumoECOM_EU,8620000000001441,ORD-505391,Settled,2026-06-27 18:48:45,Europe/Amsterdam,EUR,,9.99,0.19,0.06,EUR,,9.74,26
LumoGroup,LumoECOM_EU,8620000000000730,ORD-504680,Authorised,2026-06-27 18:50:43,Europe/Amsterdam,EUR,,9.99,,,EUR,,,26
LumoGroup,LumoECOM_EU,8620000000001025,ORD-504975,Authorised,2026-06-27 18:52:14,Europe/Amsterdam,EUR,,59.99,,,EUR,,,26
LumoGroup,LumoECOM_EU,8620000000000041,ORD-503991,Settled,2026-06-27 18:53:12,Europe/Amsterdam,EUR,,9.99,0.19,0.06,EUR,,9.74,26
LumoGroup,LumoECOM_EU,8620000000001045,ORD-504995,Authorised,2026-06-27 18:54:03,Europe/Amsterdam,EUR,,9.99,,,EUR,,,26
LumoGroup,LumoECOM_EU,8620000000000989,ORD-504939,Authorised,2026-06-27 19:19:57,Europe/Amsterdam,GBP,,8.99,,,GBP,,,26
LumoGroup,LumoECOM_EU,8620000000000982,ORD-504932,Authorised,2026-06-27 19:20:31,Europe/Amsterdam,EUR,,24.99,,,EUR,,,26
LumoGroup,LumoECOM_EU,8620000000001543,ORD-505493,Settled,2026-06-27 19:27:18,Europe/Amsterdam,EUR,,24.99,0.47,0.15,EUR,,24.37,26
LumoGroup,LumoECOM_EU,8620000000000482,ORD-504432,Authorised,2026-06-27 19:29:03,Europe/Amsterdam,EUR,,9.99,,,EUR,,,26
LumoGroup,LumoECOM_EU,8620000000000982,ORD-504932,Settled,2026-06-27 19:31:31,Europe/Amsterdam,EUR,,24.99,0.47,0.15,EUR,,24.37,26
LumoGroup,LumoECOM_EU,8620000000000989,ORD-504939,Settled,2026-06-27 19:32:57,Europe/Amsterdam,GBP,,8.99,0.17,0.05,GBP,,8.77,26
LumoGroup,LumoECOM_EU,8620000000000656,ORD-504606,Authorised,2026-06-27 19:34:00,Europe/Amsterdam,GBP,,54.99,,,GBP,,,26
LumoGroup,LumoECOM_EU,8620000000001025,ORD-504975,Settled,2026-06-27 19:41:14,Europe/Amsterdam,EUR,,59.99,1.14,0.36,EUR,,58.49,26
LumoGroup,LumoECOM_EU,8620000000000803,ORD-504753,Authorised,2026-06-27 19:42:09,Europe/Amsterdam,EUR,,9.99,,,EUR,,,26
LumoGroup,LumoECOM_EU,8620000000000730,ORD-504680,Settled,2026-06-27 19:43:43,Europe/Amsterdam,EUR,,9.99,0.19,0.06,EUR,,9.74,26
LumoGroup,LumoAPP_US,8620000000001500,ORD-505450,Settled,2026-06-27 19:49:33,Europe/Amsterdam,USD,,59.99,1.14,0.36,USD,,58.49,26
LumoGroup,LumoECOM_EU,8620000000000284,ORD-504234,Authorised,2026-06-27 20:03:32,Europe/Amsterdam,EUR,,24.99,,,EUR,,,26
LumoGroup,LumoECOM_EU,8620000000000492,ORD-504442,Authorised,2026-06-27 20:12:28,Europe/Amsterdam,EUR,,9.99,,,EUR,,,26
LumoGroup,LumoECOM_EU,8620000000000482,ORD-504432,Settled,2026-06-27 20:19:03,Europe/Amsterdam,EUR,,9.99,0.19,0.06,EUR,,9.74,26
LumoGroup,LumoECOM_EU,8620000000000820,ORD-504770,Authorised,2026-06-27 20:25:09,Europe/Amsterdam,EUR,,24.99,,,EUR,,,26
LumoGroup,LumoECOM_EU,8620000000000492,ORD-504442,Settled,2026-06-27 20:30:28,Europe/Amsterdam,EUR,,9.99,0.19,0.06,EUR,,9.74,26
LumoGroup,LumoECOM_EU,8620000000001045,ORD-504995,Settled,2026-06-27 20:42:03,Europe/Amsterdam,EUR,,9.99,0.19,0.06,EUR,,9.74,26
LumoGroup,LumoECOM_EU,8620000000000820,ORD-504770,Settled,2026-06-27 20:50:09,Europe/Amsterdam,EUR,,24.99,0.47,0.15,EUR,,24.37,26
LumoGroup,LumoECOM_EU,8620000000000803,ORD-504753,Settled,2026-06-27 20:56:09,Europe/Amsterdam,EUR,,9.99,0.19,0.06,EUR,,9.74,26
LumoGroup,LumoAPP_US,8620000000001567,ORD-505517,Refused,2026-06-27 20:59:22,Europe/Amsterdam,USD,,59.99,,,USD,,,26
LumoGroup,LumoECOM_EU,8620000000000656,ORD-504606,Settled,2026-06-27 21:00:00,Europe/Amsterdam,GBP,,54.99,1.04,0.33,GBP,,53.62,26
LumoGroup,LumoECOM_EU,8620000000000284,ORD-504234,Settled,2026-06-27 21:37:32,Europe/Amsterdam,EUR,,24.99,0.47,0.15,EUR,,24.37,26
LumoGroup,LumoECOM_EU,8620000000000837,ORD-504787,Authorised,2026-06-28 09:00:38,Europe/Amsterdam,EUR,,24.99,,,EUR,,,26
LumoGroup,LumoECOM_EU,8620000000000454,ORD-504404,Authorised,2026-06-28 09:05:08,Europe/Amsterdam,GBP,,8.99,,,GBP,,,26
LumoGroup,LumoECOM_EU,8620000000000689,ORD-504639,Authorised,2026-06-28 09:14:10,Europe/Amsterdam,EUR,,9.99,,,EUR,,,26
LumoGroup,LumoECOM_EU,8620000000000838,ORD-504788,Authorised,2026-06-28 09:19:53,Europe/Amsterdam,EUR,,24.99,,,EUR,,,26
LumoGroup,LumoECOM_EU,8620000000000454,ORD-504404,Settled,2026-06-28 09:23:08,Europe/Amsterdam,GBP,,8.99,0.17,0.05,GBP,,8.77,26
LumoGroup,LumoECOM_EU,8620000000000099,ORD-504049,Authorised,2026-06-28 09:23:55,Europe/Amsterdam,EUR,,9.99,,,EUR,,,26
LumoGroup,LumoAPP_US,8620000000000376,ORD-504326,Authorised,2026-06-28 09:29:40,Europe/Amsterdam,USD,,9.99,,,USD,,,26
LumoGroup,LumoECOM_EU,8620000000001415,ORD-505365,Authorised,2026-06-28 09:37:15,Europe/Amsterdam,EUR,,9.99,,,EUR,,,26
LumoGroup,LumoECOM_EU,8620000000001512,ORD-505462,Authorised,2026-06-28 09:43:53,Europe/Amsterdam,EUR,,4.99,,,EUR,,,26
LumoGroup,LumoECOM_EU,8620000000000559,ORD-504509,Authorised,2026-06-28 09:48:15,Europe/Amsterdam,GBP,,8.99,,,GBP,,,26
LumoGroup,LumoECOM_EU,8620000000001340,ORD-505290,Authorised,2026-06-28 10:00:19,Europe/Amsterdam,EUR,,24.99,,,EUR,,,26
LumoGroup,LumoECOM_EU,8620000000000486,ORD-504436,Refunded,2026-06-28 10:06:28,Europe/Amsterdam,GBP,21.99,,,,GBP,21.99,,26
LumoGroup,LumoECOM_EU,8620000000000838,ORD-504788,Settled,2026-06-28 10:10:53,Europe/Amsterdam,EUR,,24.99,0.47,0.15,EUR,,24.37,26
LumoGroup,LumoECOM_EU,8620000000000837,ORD-504787,Settled,2026-06-28 10:16:38,Europe/Amsterdam,EUR,,24.99,0.47,0.15,EUR,,24.37,26
LumoGroup,LumoAPP_US,8620000000000843,ORD-504793,Authorised,2026-06-28 10:25:08,Europe/Amsterdam,USD,,24.99,,,USD,,,26
LumoGroup,LumoAPP_US,8620000000000462,ORD-504412,Authorised,2026-06-28 10:28:28,Europe/Amsterdam,USD,,9.99,,,USD,,,26
LumoGroup,LumoECOM_EU,8620000000000304,ORD-504254,Authorised,2026-06-28 10:29:08,Europe/Amsterdam,EUR,,9.99,,,EUR,,,26
LumoGroup,LumoECOM_EU,8620000000000689,ORD-504639,Settled,2026-06-28 10:36:10,Europe/Amsterdam,EUR,,9.99,0.19,0.06,EUR,,9.74,26
LumoGroup,LumoECOM_EU,8620000000000010,ORD-503960,Authorised,2026-06-28 10:36:59,Europe/Amsterdam,GBP,,8.99,,,GBP,,,26
LumoGroup,LumoECOM_EU,8620000000000559,ORD-504509,Settled,2026-06-28 10:39:15,Europe/Amsterdam,GBP,,8.99,0.17,0.05,GBP,,8.77,26
LumoGroup,LumoECOM_EU,8620000000001512,ORD-505462,Settled,2026-06-28 10:39:53,Europe/Amsterdam,EUR,,4.99,0.09,0.03,EUR,,4.87,26
LumoGroup,LumoECOM_EU,8620000000001417,ORD-505367,Authorised,2026-06-28 10:43:03,Europe/Amsterdam,EUR,,9.99,,,EUR,,,26
LumoGroup,LumoECOM_EU,8620000000000099,ORD-504049,Settled,2026-06-28 10:45:55,Europe/Amsterdam,EUR,,9.99,0.19,0.06,EUR,,9.74,26
LumoGroup,LumoECOM_EU,8620000000000997,ORD-504947,Authorised,2026-06-28 10:47:03,Europe/Amsterdam,EUR,,9.99,,,EUR,,,26
LumoGroup,LumoECOM_EU,8620000000001415,ORD-505365,Settled,2026-06-28 10:48:15,Europe/Amsterdam,EUR,,9.99,0.19,0.06,EUR,,9.74,26
LumoGroup,LumoAPP_US,8620000000000376,ORD-504326,Settled,2026-06-28 10:52:40,Europe/Amsterdam,USD,,9.99,0.19,0.06,USD,,9.74,26
LumoGroup,LumoECOM_EU,8620000000001417,ORD-505367,Settled,2026-06-28 11:03:03,Europe/Amsterdam,EUR,,9.99,0.19,0.06,EUR,,9.74,26
LumoGroup,LumoAPP_US,8620000000000288,ORD-504238,Authorised,2026-06-28 11:06:12,Europe/Amsterdam,USD,,9.99,,,USD,,,26
LumoGroup,LumoECOM_EU,8620000000000304,ORD-504254,Settled,2026-06-28 11:26:08,Europe/Amsterdam,EUR,,9.99,0.19,0.06,EUR,,9.74,26
LumoGroup,LumoECOM_EU,8620000000001340,ORD-505290,Settled,2026-06-28 11:30:19,Europe/Amsterdam,EUR,,24.99,0.47,0.15,EUR,,24.37,26
LumoGroup,LumoAPP_US,8620000000000843,ORD-504793,Settled,2026-06-28 11:35:08,Europe/Amsterdam,USD,,24.99,0.47,0.15,USD,,24.37,26
LumoGroup,LumoAPP_US,8620000000000462,ORD-504412,Settled,2026-06-28 11:36:28,Europe/Amsterdam,USD,,9.99,0.19,0.06,USD,,9.74,26
LumoGroup,LumoECOM_EU,8620000000001456,ORD-505406,Authorised,2026-06-28 11:45:58,Europe/Amsterdam,EUR,,24.99,,,EUR,,,26
LumoGroup,LumoECOM_EU,8620000000001247,ORD-505197,Authorised,2026-06-28 11:47:00,Europe/Amsterdam,EUR,,9.99,,,EUR,,,26
LumoGroup,LumoAPP_US,8620000000000288,ORD-504238,Settled,2026-06-28 11:55:12,Europe/Amsterdam,USD,,9.99,0.19,0.06,USD,,9.74,26
LumoGroup,LumoECOM_EU,8620000000000947,ORD-504897,Authorised,2026-06-28 12:06:16,Europe/Amsterdam,EUR,,9.99,,,EUR,,,26
LumoGroup,LumoECOM_EU,8620000000000010,ORD-503960,Settled,2026-06-28 12:11:59,Europe/Amsterdam,GBP,,8.99,0.17,0.05,GBP,,8.77,26
LumoGroup,LumoECOM_EU,8620000000000759,ORD-504709,Authorised,2026-06-28 12:14:04,Europe/Amsterdam,EUR,,9.99,,,EUR,,,26
LumoGroup,LumoECOM_EU,8620000000000997,ORD-504947,Settled,2026-06-28 12:19:03,Europe/Amsterdam,EUR,,9.99,0.19,0.06,EUR,,9.74,26
LumoGroup,LumoECOM_EU,8620000000000759,ORD-504709,Settled,2026-06-28 12:23:04,Europe/Amsterdam,EUR,,9.99,0.19,0.06,EUR,,9.74,26
LumoGroup,LumoECOM_EU,8620000000000816,ORD-504766,Authorised,2026-06-28 12:27:39,Europe/Amsterdam,EUR,,24.99,,,EUR,,,26
LumoGroup,LumoECOM_EU,8620000000001247,ORD-505197,Settled,2026-06-28 12:32:00,Europe/Amsterdam,EUR,,9.99,0.19,0.06,EUR,,9.74,26
LumoGroup,LumoECOM_EU,8620000000001033,ORD-504983,Authorised,2026-06-28 12:33:01,Europe/Amsterdam,GBP,,4.49,,,GBP,,,26
LumoGroup,LumoECOM_EU,8620000000000816,ORD-504766,Settled,2026-06-28 12:38:39,Europe/Amsterdam,EUR,,24.99,0.47,0.15,EUR,,24.37,26
LumoGroup,LumoECOM_EU,8620000000001033,ORD-504983,Settled,2026-06-28 12:40:01,Europe/Amsterdam,GBP,,4.49,0.09,0.02,GBP,,4.38,26
LumoGroup,LumoECOM_EU,8620000000001150,ORD-505100,Authorised,2026-06-28 12:45:01,Europe/Amsterdam,EUR,,9.99,,,EUR,,,26
LumoGroup,LumoAPP_US,8620000000000917,ORD-504867,Refused,2026-06-28 12:56:00,Europe/Amsterdam,USD,,24.99,,,USD,,,26
LumoGroup,LumoECOM_EU,8620000000001456,ORD-505406,Settled,2026-06-28 13:03:58,Europe/Amsterdam,EUR,,24.99,0.47,0.15,EUR,,24.37,26
LumoGroup,LumoECOM_EU,8620000000001150,ORD-505100,Settled,2026-06-28 13:07:01,Europe/Amsterdam,EUR,,9.99,0.19,0.06,EUR,,9.74,26
LumoGroup,LumoECOM_EU,8620000000000947,ORD-504897,Settled,2026-06-28 13:07:16,Europe/Amsterdam,EUR,,9.99,0.19,0.06,EUR,,9.74,26
LumoGroup,LumoECOM_EU,8620000000000918,ORD-504868,Authorised,2026-06-28 13:28:24,Europe/Amsterdam,EUR,,9.99,,,EUR,,,26
LumoGroup,LumoAPP_US,8620000000000875,ORD-504825,Authorised,2026-06-28 13:35:06,Europe/Amsterdam,USD,,9.99,,,USD,,,26
LumoGroup,LumoAPP_US,8620000000000875,ORD-504825,Settled,2026-06-28 13:48:06,Europe/Amsterdam,USD,,9.99,0.19,0.06,USD,,9.74,26
LumoGroup,LumoAPP_US,8620000000000184,ORD-504134,Authorised,2026-06-28 13:52:26,Europe/Amsterdam,USD,,9.99,,,USD,,,26
LumoGroup,LumoAPP_US,8620000000000184,ORD-504134,Settled,2026-06-28 14:12:26,Europe/Amsterdam,USD,,9.99,0.19,0.06,USD,,9.74,26
LumoGroup,LumoECOM_EU,8620000000000448,ORD-504398,Authorised,2026-06-28 14:25:19,Europe/Amsterdam,EUR,,24.99,,,EUR,,,26
LumoGroup,LumoECOM_EU,8620000000000708,ORD-504658,Authorised,2026-06-28 14:31:18,Europe/Amsterdam,EUR,,24.99,,,EUR,,,26
LumoGroup,LumoECOM_EU,8620000000000448,ORD-504398,Settled,2026-06-28 15:01:19,Europe/Amsterdam,EUR,,24.99,0.47,0.15,EUR,,24.37,26
LumoGroup,LumoECOM_EU,8620000000000650,ORD-504600,Authorised,2026-06-28 15:04:28,Europe/Amsterdam,EUR,,9.99,,,EUR,,,26
LumoGroup,LumoECOM_EU,8620000000000918,ORD-504868,Settled,2026-06-28 15:11:24,Europe/Amsterdam,EUR,,9.99,0.19,0.06,EUR,,9.74,26
LumoGroup,LumoECOM_EU,8620000000000708,ORD-504658,Settled,2026-06-28 15:15:18,Europe/Amsterdam,EUR,,24.99,0.47,0.15,EUR,,24.37,26
LumoGroup,LumoECOM_EU,8620000000000650,ORD-504600,Settled,2026-06-28 15:22:28,Europe/Amsterdam,EUR,,9.99,0.19,0.06,EUR,,9.74,26
LumoGroup,LumoAPP_US,8620000000001636,ORD-505586,Authorised,2026-06-28 15:48:02,Europe/Amsterdam,USD,,59.99,,,USD,,,26
LumoGroup,LumoECOM_EU,8620000000001461,ORD-505411,Authorised,2026-06-28 15:49:04,Europe/Amsterdam,GBP,,8.99,,,GBP,,,26
LumoGroup,LumoECOM_EU,8620000000000566,ORD-504516,Authorised,2026-06-28 16:02:37,Europe/Amsterdam,EUR,,24.99,,,EUR,,,26
LumoGroup,LumoECOM_EU,8620000000001021,ORD-504971,Authorised,2026-06-28 16:16:03,Europe/Amsterdam,EUR,,9.99,,,EUR,,,26
LumoGroup,LumoECOM_EU,8620000000001461,ORD-505411,Settled,2026-06-28 16:33:04,Europe/Amsterdam,GBP,,8.99,0.17,0.05,GBP,,8.77,26
LumoGroup,LumoECOM_EU,8620000000001021,ORD-504971,Settled,2026-06-28 17:10:03,Europe/Amsterdam,EUR,,9.99,0.19,0.06,EUR,,9.74,26
LumoGroup,LumoECOM_EU,8620000000001145,ORD-505095,Authorised,2026-06-28 17:11:26,Europe/Amsterdam,EUR,,4.99,,,EUR,,,26
LumoGroup,LumoECOM_EU,8620000000000437,ORD-504387,Authorised,2026-06-28 17:12:05,Europe/Amsterdam,EUR,,59.99,,,EUR,,,26
LumoGroup,LumoECOM_EU,8620000000000566,ORD-504516,Settled,2026-06-28 17:16:37,Europe/Amsterdam,EUR,,24.99,0.47,0.15,EUR,,24.37,26
LumoGroup,LumoECOM_EU,8620000000001293,ORD-505243,Authorised,2026-06-28 17:20:49,Europe/Amsterdam,EUR,,9.99,,,EUR,,,26
LumoGroup,LumoAPP_US,8620000000001636,ORD-505586,Settled,2026-06-28 17:32:02,Europe/Amsterdam,USD,,59.99,1.14,0.36,USD,,58.49,26
LumoGroup,LumoECOM_EU,8620000000001667,ORD-505617,Authorised,2026-06-28 17:33:12,Europe/Amsterdam,EUR,,9.99,,,EUR,,,26
LumoGroup,LumoECOM_EU,8620000000001293,ORD-505243,Settled,2026-06-28 17:36:49,Europe/Amsterdam,EUR,,9.99,0.19,0.06,EUR,,9.74,26
LumoGroup,LumoAPP_US,8620000000000166,ORD-504116,Authorised,2026-06-28 17:42:36,Europe/Amsterdam,USD,,9.99,,,USD,,,26
LumoGroup,LumoECOM_EU,8620000000001145,ORD-505095,Settled,2026-06-28 17:55:26,Europe/Amsterdam,EUR,,4.99,0.09,0.03,EUR,,4.87,26
LumoGroup,LumoECOM_EU,8620000000000437,ORD-504387,Settled,2026-06-28 18:00:05,Europe/Amsterdam,EUR,,59.99,1.14,0.36,EUR,,58.49,26
LumoGroup,LumoECOM_EU,8620000000000075,ORD-504025,Refused,2026-06-28 18:03:48,Europe/Amsterdam,EUR,,9.99,,,EUR,,,26
LumoGroup,LumoECOM_EU,8620000000001667,ORD-505617,Settled,2026-06-28 18:22:12,Europe/Amsterdam,EUR,,9.99,0.19,0.06,EUR,,9.74,26
LumoGroup,LumoECOM_EU,8620000000000570,ORD-504520,Authorised,2026-06-28 18:38:19,Europe/Amsterdam,EUR,,24.99,,,EUR,,,26
LumoGroup,LumoECOM_EU,8620000000000570,ORD-504520,Settled,2026-06-28 18:43:19,Europe/Amsterdam,EUR,,24.99,0.47,0.15,EUR,,24.37,26
LumoGroup,LumoECOM_EU,8620000000000156,ORD-504106,Authorised,2026-06-28 18:45:37,Europe/Amsterdam,GBP,,54.99,,,GBP,,,26
LumoGroup,LumoECOM_EU,8620000000001438,ORD-505388,Authorised,2026-06-28 18:54:59,Europe/Amsterdam,EUR,,9.99,,,EUR,,,26
LumoGroup,LumoECOM_EU,8620000000001787,ORD-507794,Authorised,2026-06-28 19:00:00,Europe/Amsterdam,EUR,,9.99,,,EUR,,,26
LumoGroup,LumoAPP_US,8620000000000166,ORD-504116,Settled,2026-06-28 19:18:36,Europe/Amsterdam,USD,,9.99,0.19,0.06,USD,,9.74,26
LumoGroup,LumoECOM_EU,8620000000001438,ORD-505388,Settled,2026-06-28 19:20:59,Europe/Amsterdam,EUR,,9.99,0.19,0.06,EUR,,9.74,26
LumoGroup,LumoECOM_EU,8620000000000156,ORD-504106,Settled,2026-06-28 19:27:37,Europe/Amsterdam,GBP,,54.99,1.04,0.33,GBP,,53.62,26
LumoGroup,LumoECOM_EU,8620000000000769,ORD-504719,Refused,2026-06-28 19:33:59,Europe/Amsterdam,EUR,,9.99,,,EUR,,,26
LumoGroup,LumoECOM_EU,8620000000000631,ORD-504581,Authorised,2026-06-28 19:48:12,Europe/Amsterdam,EUR,,9.99,,,EUR,,,26
LumoGroup,LumoECOM_EU,8620000000001199,ORD-505149,Authorised,2026-06-28 20:01:57,Europe/Amsterdam,EUR,,59.99,,,EUR,,,26
LumoGroup,LumoECOM_EU,8620000000001601,ORD-505551,Authorised,2026-06-28 20:49:19,Europe/Amsterdam,GBP,,21.99,,,GBP,,,26
LumoGroup,LumoECOM_EU,8620000000000631,ORD-504581,Settled,2026-06-28 21:01:12,Europe/Amsterdam,EUR,,9.99,0.19,0.06,EUR,,9.74,26
LumoGroup,LumoECOM_EU,8620000000001199,ORD-505149,Settled,2026-06-28 21:12:57,Europe/Amsterdam,EUR,,59.99,1.14,0.36,EUR,,58.49,26
LumoGroup,LumoECOM_EU,8620000000001601,ORD-505551,Settled,2026-06-28 22:22:19,Europe/Amsterdam,GBP,,21.99,0.42,0.13,GBP,,21.44,26
LumoGroup,LumoECOM_EU,8620000000000210,ORD-504160,Authorised,2026-06-29 09:05:26,Europe/Amsterdam,GBP,,8.99,,,GBP,,,27
LumoGroup,LumoECOM_EU,8620000000000871,ORD-504821,Authorised,2026-06-29 09:07:23,Europe/Amsterdam,EUR,,24.99,,,EUR,,,27
LumoGroup,LumoAPP_US,8620000000000987,ORD-504937,Authorised,2026-06-29 09:25:39,Europe/Amsterdam,USD,,9.99,,,USD,,,27
LumoGroup,LumoECOM_EU,8620000000000721,ORD-504671,Authorised,2026-06-29 09:42:01,Europe/Amsterdam,EUR,,9.99,,,EUR,,,27
LumoGroup,LumoECOM_EU,8620000000000871,ORD-504821,Settled,2026-06-29 09:42:23,Europe/Amsterdam,EUR,,24.99,0.47,0.15,EUR,,24.37,27
LumoGroup,LumoECOM_EU,8620000000000037,ORD-503987,Authorised,2026-06-29 10:03:48,Europe/Amsterdam,EUR,,9.99,,,EUR,,,27
LumoGroup,LumoECOM_EU,8620000000000191,ORD-504141,Authorised,2026-06-29 10:17:57,Europe/Amsterdam,EUR,,9.99,,,EUR,,,27
LumoGroup,LumoECOM_EU,8620000000000430,ORD-504380,Authorised,2026-06-29 10:22:11,Europe/Amsterdam,EUR,,9.99,,,EUR,,,27
LumoGroup,LumoECOM_EU,8620000000000020,ORD-503970,Authorised,2026-06-29 10:29:07,Europe/Amsterdam,EUR,,9.99,,,EUR,,,27
LumoGroup,LumoECOM_EU,8620000000000210,ORD-504160,Settled,2026-06-29 10:34:26,Europe/Amsterdam,GBP,,8.99,0.17,0.05,GBP,,8.77,27
LumoGroup,LumoECOM_EU,8620000000000612,ORD-504562,Refunded,2026-06-29 10:39:08,Europe/Amsterdam,EUR,9.99,,,,EUR,9.99,,27
LumoGroup,LumoECOM_EU,8620000000000191,ORD-504141,Settled,2026-06-29 10:39:57,Europe/Amsterdam,EUR,,9.99,0.19,0.06,EUR,,9.74,27
LumoGroup,LumoECOM_EU,8620000000001660,ORD-505610,Authorised,2026-06-29 10:45:43,Europe/Amsterdam,EUR,,9.99,,,EUR,,,27
LumoGroup,LumoAPP_US,8620000000000987,ORD-504937,Settled,2026-06-29 11:05:39,Europe/Amsterdam,USD,,9.99,0.19,0.06,USD,,9.74,27
LumoGroup,LumoECOM_EU,8620000000000020,ORD-503970,Settled,2026-06-29 11:12:07,Europe/Amsterdam,EUR,,9.99,0.19,0.06,EUR,,9.74,27
LumoGroup,LumoECOM_EU,8620000000000721,ORD-504671,Settled,2026-06-29 11:14:01,Europe/Amsterdam,EUR,,9.99,0.19,0.06,EUR,,9.74,27
LumoGroup,LumoECOM_EU,8620000000001068,ORD-505018,Authorised,2026-06-29 11:24:50,Europe/Amsterdam,EUR,,24.99,,,EUR,,,27
LumoGroup,LumoECOM_EU,8620000000001055,ORD-505005,Refused,2026-06-29 11:29:48,Europe/Amsterdam,EUR,,9.99,,,EUR,,,27
LumoGroup,LumoECOM_EU,8620000000000037,ORD-503987,Settled,2026-06-29 11:32:48,Europe/Amsterdam,EUR,,9.99,0.19,0.06,EUR,,9.74,27
LumoGroup,LumoAPP_US,8620000000001692,ORD-505642,Authorised,2026-06-29 11:40:23,Europe/Amsterdam,USD,,9.99,,,USD,,,27
LumoGroup,LumoECOM_EU,8620000000001026,ORD-504976,Refused,2026-06-29 11:46:37,Europe/Amsterdam,EUR,,59.99,,,EUR,,,27
LumoGroup,LumoAPP_US,8620000000000857,ORD-504807,Refused,2026-06-29 12:02:16,Europe/Amsterdam,USD,,4.99,,,USD,,,27
LumoGroup,LumoECOM_EU,8620000000000784,ORD-504734,Refused,2026-06-29 12:05:55,Europe/Amsterdam,EUR,,59.99,,,EUR,,,27
LumoGroup,LumoECOM_EU,8620000000000430,ORD-504380,Settled,2026-06-29 12:09:11,Europe/Amsterdam,EUR,,9.99,0.19,0.06,EUR,,9.74,27
LumoGroup,LumoECOM_EU,8620000000000113,ORD-504063,Authorised,2026-06-29 12:25:44,Europe/Amsterdam,EUR,,4.99,,,EUR,,,27
LumoGroup,LumoECOM_EU,8620000000001641,ORD-505591,Authorised,2026-06-29 12:29:11,Europe/Amsterdam,GBP,,8.99,,,GBP,,,27
LumoGroup,LumoECOM_EU,8620000000001140,ORD-505090,Authorised,2026-06-29 12:33:11,Europe/Amsterdam,GBP,,21.99,,,GBP,,,27
LumoGroup,LumoECOM_EU,8620000000001660,ORD-505610,Settled,2026-06-29 12:33:43,Europe/Amsterdam,EUR,,9.99,0.19,0.06,EUR,,9.74,27
LumoGroup,LumoAPP_US,8620000000001692,ORD-505642,Settled,2026-06-29 12:34:23,Europe/Amsterdam,USD,,9.99,0.19,0.06,USD,,9.74,27
LumoGroup,LumoECOM_EU,8620000000000716,ORD-504666,Refunded,2026-06-29 12:35:47,Europe/Amsterdam,EUR,4.99,,,,EUR,4.99,,27
LumoGroup,LumoECOM_EU,8620000000001068,ORD-505018,Settled,2026-06-29 12:36:50,Europe/Amsterdam,EUR,,24.99,0.47,0.15,EUR,,24.37,27
LumoGroup,LumoECOM_EU,8620000000001518,ORD-505468,Authorised,2026-06-29 12:46:27,Europe/Amsterdam,EUR,,9.99,,,EUR,,,27
LumoGroup,LumoECOM_EU,8620000000000032,ORD-503982,Authorised,2026-06-29 12:53:44,Europe/Amsterdam,EUR,,9.99,,,EUR,,,27
LumoGroup,LumoECOM_EU,8620000000001641,ORD-505591,Settled,2026-06-29 13:02:11,Europe/Amsterdam,GBP,,8.99,0.17,0.05,GBP,,8.77,27
LumoGroup,LumoECOM_EU,8620000000000742,ORD-504692,Authorised,2026-06-29 13:06:36,Europe/Amsterdam,GBP,,4.49,,,GBP,,,27
LumoGroup,LumoECOM_EU,8620000000001006,ORD-504956,Refused,2026-06-29 13:08:27,Europe/Amsterdam,GBP,,21.99,,,GBP,,,27
LumoGroup,LumoECOM_EU,8620000000000996,ORD-504946,Refused,2026-06-29 13:09:41,Europe/Amsterdam,EUR,,9.99,,,EUR,,,27
LumoGroup,LumoECOM_EU,8620000000001140,ORD-505090,Settled,2026-06-29 13:22:11,Europe/Amsterdam,GBP,,21.99,0.42,0.13,GBP,,21.44,27
LumoGroup,LumoAPP_US,8620000000000426,ORD-504376,Refused,2026-06-29 13:30:34,Europe/Amsterdam,USD,,9.99,,,USD,,,27
LumoGroup,LumoECOM_EU,8620000000001021,ORD-504971,Refunded,2026-06-29 13:31:03,Europe/Amsterdam,EUR,5.00,,,,EUR,5.00,,27
LumoGroup,LumoECOM_EU,8620000000001563,ORD-505513,Authorised,2026-06-29 13:31:24,Europe/Amsterdam,EUR,,24.99,,,EUR,,,27
LumoGroup,LumoECOM_EU,8620000000001351,ORD-505301,Authorised,2026-06-29 13:34:31,Europe/Amsterdam,GBP,,8.99,,,GBP,,,27
LumoGroup,LumoECOM_EU,8620000000000043,ORD-503993,Authorised,2026-06-29 13:35:58,Europe/Amsterdam,EUR,,9.99,,,EUR,,,27
LumoGroup,LumoECOM_EU,8620000000001563,ORD-505513,Settled,2026-06-29 13:39:24,Europe/Amsterdam,EUR,,24.99,0.47,0.15,EUR,,24.37,27
LumoGroup,LumoECOM_EU,8620000000000576,ORD-504526,Authorised,2026-06-29 13:52:14,Europe/Amsterdam,EUR,,9.99,,,EUR,,,27
LumoGroup,LumoECOM_EU,8620000000001518,ORD-505468,Settled,2026-06-29 13:55:27,Europe/Amsterdam,EUR,,9.99,0.19,0.06,EUR,,9.74,27
LumoGroup,LumoECOM_EU,8620000000000043,ORD-503993,Settled,2026-06-29 13:58:58,Europe/Amsterdam,EUR,,9.99,0.19,0.06,EUR,,9.74,27
LumoGroup,LumoECOM_EU,8620000000000113,ORD-504063,Settled,2026-06-29 14:07:44,Europe/Amsterdam,EUR,,4.99,0.09,0.03,EUR,,4.87,27
LumoGroup,LumoECOM_EU,8620000000000051,ORD-504001,Authorised,2026-06-29 14:11:37,Europe/Amsterdam,GBP,,8.99,,,GBP,,,27
LumoGroup,LumoECOM_EU,8620000000000576,ORD-504526,Settled,2026-06-29 14:19:14,Europe/Amsterdam,EUR,,9.99,0.19,0.06,EUR,,9.74,27
LumoGroup,LumoECOM_EU,8620000000001164,ORD-505114,Authorised,2026-06-29 14:23:45,Europe/Amsterdam,EUR,,9.99,,,EUR,,,27
LumoGroup,LumoECOM_EU,8620000000000032,ORD-503982,Settled,2026-06-29 14:24:44,Europe/Amsterdam,EUR,,9.99,0.19,0.06,EUR,,9.74,27
LumoGroup,LumoAPP_US,8620000000000026,ORD-503976,Authorised,2026-06-29 14:29:18,Europe/Amsterdam,USD,,9.99,,,USD,,,27
LumoGroup,LumoECOM_EU,8620000000001112,ORD-505062,Authorised,2026-06-29 14:33:05,Europe/Amsterdam,EUR,,9.99,,,EUR,,,27
LumoGroup,LumoAPP_US,8620000000000026,ORD-503976,Settled,2026-06-29 14:43:18,Europe/Amsterdam,USD,,9.99,0.19,0.06,USD,,9.74,27
LumoGroup,LumoECOM_EU,8620000000000605,ORD-504555,Authorised,2026-06-29 14:45:27,Europe/Amsterdam,GBP,,8.99,,,GBP,,,27
LumoGroup,LumoECOM_EU,8620000000000742,ORD-504692,Settled,2026-06-29 14:47:36,Europe/Amsterdam,GBP,,4.49,0.09,0.02,GBP,,4.38,27
LumoGroup,LumoECOM_EU,8620000000000051,ORD-504001,Settled,2026-06-29 14:47:37,Europe/Amsterdam,GBP,,8.99,0.17,0.05,GBP,,8.77,27
LumoGroup,LumoECOM_EU,8620000000001159,ORD-505109,Authorised,2026-06-29 14:51:02,Europe/Amsterdam,EUR,,59.99,,,EUR,,,27
LumoGroup,LumoECOM_EU,8620000000001072,ORD-505022,Refused,2026-06-29 14:53:01,Europe/Amsterdam,EUR,,9.99,,,EUR,,,27
LumoGroup,LumoAPP_US,8620000000001355,ORD-505305,Authorised,2026-06-29 14:53:44,Europe/Amsterdam,USD,,24.99,,,USD,,,27
LumoGroup,LumoECOM_EU,8620000000001112,ORD-505062,Settled,2026-06-29 15:03:05,Europe/Amsterdam,EUR,,9.99,0.19,0.06,EUR,,9.74,27
LumoGroup,LumoAPP_US,8620000000000091,ORD-504041,Authorised,2026-06-29 15:05:15,Europe/Amsterdam,USD,,59.99,,,USD,,,27
LumoGroup,LumoAPP_US,8620000000000409,ORD-504359,Authorised,2026-06-29 15:11:21,Europe/Amsterdam,USD,,9.99,,,USD,,,27
LumoGroup,LumoECOM_EU,8620000000001264,ORD-505214,Authorised,2026-06-29 15:11:49,Europe/Amsterdam,GBP,,8.99,,,GBP,,,27
LumoGroup,LumoECOM_EU,8620000000001351,ORD-505301,Settled,2026-06-29 15:21:31,Europe/Amsterdam,GBP,,8.99,0.17,0.05,GBP,,8.77,27
LumoGroup,LumoAPP_US,8620000000000515,ORD-504465,Authorised,2026-06-29 15:23:47,Europe/Amsterdam,USD,,9.99,,,USD,,,27
LumoGroup,LumoECOM_EU,8620000000000971,ORD-504921,Authorised,2026-06-29 15:28:59,Europe/Amsterdam,EUR,,9.99,,,EUR,,,27
LumoGroup,LumoAPP_US,8620000000000515,ORD-504465,Settled,2026-06-29 15:30:47,Europe/Amsterdam,USD,,9.99,0.19,0.06,USD,,9.74,27
LumoGroup,LumoAPP_US,8620000000000091,ORD-504041,Settled,2026-06-29 15:32:15,Europe/Amsterdam,USD,,59.99,1.14,0.36,USD,,58.49,27
LumoGroup,LumoECOM_EU,8620000000001164,ORD-505114,Settled,2026-06-29 15:34:45,Europe/Amsterdam,EUR,,9.99,0.19,0.06,EUR,,9.74,27
LumoGroup,LumoECOM_EU,8620000000000322,ORD-504272,Authorised,2026-06-29 15:38:58,Europe/Amsterdam,EUR,,24.99,,,EUR,,,27
LumoGroup,LumoECOM_EU,8620000000000605,ORD-504555,Settled,2026-06-29 15:46:27,Europe/Amsterdam,GBP,,8.99,0.17,0.05,GBP,,8.77,27
LumoGroup,LumoAPP_US,8620000000000409,ORD-504359,Settled,2026-06-29 15:49:21,Europe/Amsterdam,USD,,9.99,0.19,0.06,USD,,9.74,27
LumoGroup,LumoAPP_US,8620000000000342,ORD-504292,Authorised,2026-06-29 15:52:57,Europe/Amsterdam,USD,,9.99,,,USD,,,27
LumoGroup,LumoECOM_EU,8620000000000971,ORD-504921,Settled,2026-06-29 15:52:59,Europe/Amsterdam,EUR,,9.99,0.19,0.06,EUR,,9.74,27
LumoGroup,LumoECOM_EU,8620000000000641,ORD-504591,Authorised,2026-06-29 15:57:13,Europe/Amsterdam,EUR,,9.99,,,EUR,,,27
LumoGroup,LumoECOM_EU,8620000000000322,ORD-504272,Settled,2026-06-29 16:05:58,Europe/Amsterdam,EUR,,24.99,0.47,0.15,EUR,,24.37,27
LumoGroup,LumoAPP_US,8620000000000342,ORD-504292,Settled,2026-06-29 16:10:57,Europe/Amsterdam,USD,,9.99,0.19,0.06,USD,,9.74,27
LumoGroup,LumoECOM_EU,8620000000001159,ORD-505109,Settled,2026-06-29 16:11:02,Europe/Amsterdam,EUR,,59.99,1.14,0.36,EUR,,58.49,27
LumoGroup,LumoAPP_US,8620000000001355,ORD-505305,Settled,2026-06-29 16:22:44,Europe/Amsterdam,USD,,24.99,0.47,0.15,USD,,24.37,27
LumoGroup,LumoECOM_EU,8620000000001532,ORD-505482,Authorised,2026-06-29 16:24:58,Europe/Amsterdam,GBP,,21.99,,,GBP,,,27
LumoGroup,LumoECOM_EU,8620000000000641,ORD-504591,Settled,2026-06-29 16:51:13,Europe/Amsterdam,EUR,,9.99,0.19,0.06,EUR,,9.74,27
LumoGroup,LumoECOM_EU,8620000000001336,ORD-505286,Authorised,2026-06-29 16:51:35,Europe/Amsterdam,GBP,,8.99,,,GBP,,,27
LumoGroup,LumoECOM_EU,8620000000001087,ORD-505037,Refused,2026-06-29 16:53:08,Europe/Amsterdam,EUR,,9.99,,,EUR,,,27
LumoGroup,LumoAPP_US,8620000000000438,ORD-504388,Refused,2026-06-29 16:58:42,Europe/Amsterdam,USD,,9.99,,,USD,,,27
LumoGroup,LumoECOM_EU,8620000000001264,ORD-505214,Settled,2026-06-29 17:00:49,Europe/Amsterdam,GBP,,8.99,0.17,0.05,GBP,,8.77,27
LumoGroup,LumoECOM_EU,8620000000001165,ORD-505115,Authorised,2026-06-29 17:09:15,Europe/Amsterdam,EUR,,24.99,,,EUR,,,27
LumoGroup,LumoECOM_EU,8620000000001532,ORD-505482,Settled,2026-06-29 17:40:58,Europe/Amsterdam,GBP,,21.99,0.42,0.13,GBP,,21.44,27
LumoGroup,LumoECOM_EU,8620000000000010,ORD-503960,Refunded,2026-06-29 17:41:59,Europe/Amsterdam,GBP,8.99,,,,GBP,8.99,,27
LumoGroup,LumoECOM_EU,8620000000000269,ORD-504219,Authorised,2026-06-29 18:13:23,Europe/Amsterdam,EUR,,59.99,,,EUR,,,27
LumoGroup,LumoECOM_EU,8620000000000375,ORD-504325,Authorised,2026-06-29 18:17:09,Europe/Amsterdam,GBP,,8.99,,,GBP,,,27
LumoGroup,LumoECOM_EU,8620000000000824,ORD-504774,Authorised,2026-06-29 18:21:15,Europe/Amsterdam,EUR,,9.99,,,EUR,,,27
LumoGroup,LumoAPP_US,8620000000001157,ORD-505107,Authorised,2026-06-29 18:29:47,Europe/Amsterdam,USD,,9.99,,,USD,,,27
LumoGroup,LumoECOM_EU,8620000000000541,ORD-504491,Authorised,2026-06-29 18:34:03,Europe/Amsterdam,EUR,,4.99,,,EUR,,,27
LumoGroup,LumoECOM_EU,8620000000001165,ORD-505115,Settled,2026-06-29 18:38:15,Europe/Amsterdam,EUR,,24.99,0.47,0.15,EUR,,24.37,27
LumoGroup,LumoECOM_EU,8620000000001336,ORD-505286,Settled,2026-06-29 18:39:35,Europe/Amsterdam,GBP,,8.99,0.17,0.05,GBP,,8.77,27
LumoGroup,LumoECOM_EU,8620000000000269,ORD-504219,Settled,2026-06-29 18:43:23,Europe/Amsterdam,EUR,,59.99,1.14,0.36,EUR,,58.49,27
LumoGroup,LumoECOM_EU,8620000000001460,ORD-505410,Authorised,2026-06-29 18:43:42,Europe/Amsterdam,EUR,,9.99,,,EUR,,,27
LumoGroup,LumoECOM_EU,8620000000000824,ORD-504774,Settled,2026-06-29 19:15:15,Europe/Amsterdam,EUR,,9.99,0.19,0.06,EUR,,9.74,27
LumoGroup,LumoECOM_EU,8620000000000651,ORD-504601,Authorised,2026-06-29 19:15:49,Europe/Amsterdam,EUR,,24.99,,,EUR,,,27
LumoGroup,LumoECOM_EU,8620000000000569,ORD-504519,Authorised,2026-06-29 19:16:13,Europe/Amsterdam,GBP,,21.99,,,GBP,,,27
LumoGroup,LumoAPP_US,8620000000000932,ORD-504882,Authorised,2026-06-29 19:16:31,Europe/Amsterdam,USD,,59.99,,,USD,,,27
LumoGroup,LumoECOM_EU,8620000000001393,ORD-505343,Authorised,2026-06-29 19:18:18,Europe/Amsterdam,EUR,,9.99,,,EUR,,,27
LumoGroup,LumoAPP_US,8620000000001157,ORD-505107,Settled,2026-06-29 19:28:47,Europe/Amsterdam,USD,,9.99,0.19,0.06,USD,,9.74,27
LumoGroup,LumoECOM_EU,8620000000000033,ORD-503983,Authorised,2026-06-29 19:32:27,Europe/Amsterdam,EUR,,9.99,,,EUR,,,27
LumoGroup,LumoECOM_EU,8620000000001549,ORD-505499,Refused,2026-06-29 19:44:07,Europe/Amsterdam,EUR,,59.99,,,EUR,,,27
LumoGroup,LumoECOM_EU,8620000000000161,ORD-504111,Refused,2026-06-29 19:45:41,Europe/Amsterdam,EUR,,24.99,,,EUR,,,27
LumoGroup,LumoECOM_EU,8620000000000375,ORD-504325,Settled,2026-06-29 19:48:09,Europe/Amsterdam,GBP,,8.99,0.17,0.05,GBP,,8.77,27
LumoGroup,LumoECOM_EU,8620000000000541,ORD-504491,Settled,2026-06-29 19:52:03,Europe/Amsterdam,EUR,,4.99,0.09,0.03,EUR,,4.87,27
LumoGroup,LumoECOM_EU,8620000000000246,ORD-504196,Authorised,2026-06-29 19:52:24,Europe/Amsterdam,EUR,,24.99,,,EUR,,,27
LumoGroup,LumoECOM_EU,8620000000000651,ORD-504601,Settled,2026-06-29 19:57:49,Europe/Amsterdam,EUR,,24.99,0.47,0.15,EUR,,24.37,27
LumoGroup,LumoECOM_EU,8620000000000569,ORD-504519,Settled,2026-06-29 19:59:13,Europe/Amsterdam,GBP,,21.99,0.42,0.13,GBP,,21.44,27
LumoGroup,LumoECOM_EU,8620000000001503,ORD-505453,Authorised,2026-06-29 20:02:23,Europe/Amsterdam,EUR,,9.99,,,EUR,,,27
LumoGroup,LumoAPP_US,8620000000000932,ORD-504882,Settled,2026-06-29 20:19:31,Europe/Amsterdam,USD,,59.99,1.14,0.36,USD,,58.49,27
LumoGroup,LumoECOM_EU,8620000000001460,ORD-505410,Settled,2026-06-29 20:25:42,Europe/Amsterdam,EUR,,9.99,0.19,0.06,EUR,,9.74,27
LumoGroup,LumoECOM_EU,8620000000000246,ORD-504196,Settled,2026-06-29 20:27:24,Europe/Amsterdam,EUR,,24.99,0.47,0.15,EUR,,24.37,27
LumoGroup,LumoECOM_EU,8620000000001292,ORD-505242,Authorised,2026-06-29 20:30:55,Europe/Amsterdam,GBP,,8.99,,,GBP,,,27
LumoGroup,LumoECOM_EU,8620000000001393,ORD-505343,Settled,2026-06-29 20:39:18,Europe/Amsterdam,EUR,,9.99,0.19,0.06,EUR,,9.74,27
LumoGroup,LumoECOM_EU,8620000000000033,ORD-503983,Settled,2026-06-29 20:39:27,Europe/Amsterdam,EUR,,9.99,0.19,0.06,EUR,,9.74,27
LumoGroup,LumoECOM_EU,8620000000001239,ORD-505189,Authorised,2026-06-29 20:49:38,Europe/Amsterdam,GBP,,8.99,,,GBP,,,27
LumoGroup,LumoECOM_EU,8620000000001503,ORD-505453,Settled,2026-06-29 21:38:23,Europe/Amsterdam,EUR,,9.99,0.19,0.06,EUR,,9.74,27
LumoGroup,LumoECOM_EU,8620000000001239,ORD-505189,Settled,2026-06-29 21:43:38,Europe/Amsterdam,GBP,,8.99,0.17,0.05,GBP,,8.77,27
LumoGroup,LumoECOM_EU,8620000000001292,ORD-505242,Settled,2026-06-29 22:13:55,Europe/Amsterdam,GBP,,8.99,0.17,0.05,GBP,,8.77,27
LumoGroup,LumoECOM_EU,8620000000000086,ORD-504036,Authorised,2026-06-30 09:13:17,Europe/Amsterdam,EUR,,24.99,,,EUR,,,27
LumoGroup,LumoECOM_EU,8620000000000086,ORD-504036,Settled,2026-06-30 09:36:17,Europe/Amsterdam,EUR,,24.99,0.47,0.15,EUR,,24.37,27
LumoGroup,LumoECOM_EU,8620000000000668,ORD-504618,Authorised,2026-06-30 09:39:59,Europe/Amsterdam,GBP,,54.99,,,GBP,,,27
LumoGroup,LumoECOM_EU,8620000000000668,ORD-504618,Settled,2026-06-30 09:49:59,Europe/Amsterdam,GBP,,54.99,1.04,0.33,GBP,,53.62,27
LumoGroup,LumoECOM_EU,8620000000001511,ORD-505461,Refused,2026-06-30 09:50:22,Europe/Amsterdam,EUR,,9.99,,,EUR,,,27
LumoGroup,LumoAPP_US,8620000000000195,ORD-504145,Authorised,2026-06-30 10:46:01,Europe/Amsterdam,USD,,9.99,,,USD,,,27
LumoGroup,LumoECOM_EU,8620000000001583,ORD-505533,Authorised,2026-06-30 10:50:16,Europe/Amsterdam,EUR,,9.99,,,EUR,,,27
LumoGroup,LumoECOM_EU,8620000000001489,ORD-505439,Authorised,2026-06-30 11:00:00,Europe/Amsterdam,EUR,,59.99,,,EUR,,,27
LumoGroup,LumoAPP_US,8620000000000195,ORD-504145,Settled,2026-06-30 11:23:01,Europe/Amsterdam,USD,,9.99,0.19,0.06,USD,,9.74,27
LumoGroup,LumoECOM_EU,8620000000001580,ORD-505530,Authorised,2026-06-30 11:44:30,Europe/Amsterdam,EUR,,9.99,,,EUR,,,27
LumoGroup,LumoECOM_EU,8620000000001583,ORD-505533,Settled,2026-06-30 11:49:16,Europe/Amsterdam,EUR,,9.99,0.19,0.06,EUR,,9.74,27
LumoGroup,LumoECOM_EU,8620000000001669,ORD-505619,Refused,2026-06-30 12:21:38,Europe/Amsterdam,EUR,,24.99,,,EUR,,,27
LumoGroup,LumoECOM_EU,8620000000001489,ORD-505439,Settled,2026-06-30 12:28:00,Europe/Amsterdam,EUR,,59.99,1.14,0.36,EUR,,58.49,27
LumoGroup,LumoECOM_EU,8620000000001624,ORD-505574,Authorised,2026-06-30 12:28:47,Europe/Amsterdam,EUR,,59.99,,,EUR,,,27
LumoGroup,LumoAPP_US,8620000000000087,ORD-504037,Authorised,2026-06-30 12:32:40,Europe/Amsterdam,USD,,9.99,,,USD,,,27
LumoGroup,LumoAPP_US,8620000000000409,ORD-504359,Refunded,2026-06-30 12:44:21,Europe/Amsterdam,USD,5.00,,,,USD,5.00,,27
LumoGroup,LumoECOM_EU,8620000000001580,ORD-505530,Settled,2026-06-30 12:48:30,Europe/Amsterdam,EUR,,9.99,0.19,0.06,EUR,,9.74,27
LumoGroup,LumoECOM_EU,8620000000001624,ORD-505574,Settled,2026-06-30 12:50:47,Europe/Amsterdam,EUR,,59.99,1.14,0.36,EUR,,58.49,27
LumoGroup,LumoECOM_EU,8620000000000490,ORD-504440,Authorised,2026-06-30 12:59:17,Europe/Amsterdam,EUR,,59.99,,,EUR,,,27
LumoGroup,LumoAPP_US,8620000000000087,ORD-504037,Settled,2026-06-30 13:02:40,Europe/Amsterdam,USD,,9.99,0.19,0.06,USD,,9.74,27
LumoGroup,LumoAPP_US,8620000000001142,ORD-505092,Authorised,2026-06-30 13:15:25,Europe/Amsterdam,USD,,59.99,,,USD,,,27
LumoGroup,LumoECOM_EU,8620000000000735,ORD-504685,Refused,2026-06-30 13:15:54,Europe/Amsterdam,EUR,,9.99,,,EUR,,,27
LumoGroup,LumoECOM_EU,8620000000001573,ORD-505523,Authorised,2026-06-30 13:18:57,Europe/Amsterdam,EUR,,24.99,,,EUR,,,27
LumoGroup,LumoAPP_US,8620000000000886,ORD-504836,Refused,2026-06-30 13:21:29,Europe/Amsterdam,USD,,9.99,,,USD,,,27
LumoGroup,LumoECOM_EU,8620000000000828,ORD-504778,Authorised,2026-06-30 13:50:28,Europe/Amsterdam,EUR,,9.99,,,EUR,,,27
LumoGroup,LumoECOM_EU,8620000000001573,ORD-505523,Settled,2026-06-30 14:00:57,Europe/Amsterdam,EUR,,24.99,0.47,0.15,EUR,,24.37,27
LumoGroup,LumoAPP_US,8620000000001105,ORD-505055,Authorised,2026-06-30 14:11:11,Europe/Amsterdam,USD,,24.99,,,USD,,,27
LumoGroup,LumoECOM_EU,8620000000000490,ORD-504440,Settled,2026-06-30 14:14:17,Europe/Amsterdam,EUR,,59.99,1.14,0.36,EUR,,58.49,27
LumoGroup,LumoAPP_US,8620000000001142,ORD-505092,Settled,2026-06-30 14:43:25,Europe/Amsterdam,USD,,59.99,1.14,0.36,USD,,58.49,27
LumoGroup,LumoECOM_EU,8620000000000828,ORD-504778,Settled,2026-06-30 14:55:28,Europe/Amsterdam,EUR,,9.99,0.19,0.06,EUR,,9.74,27
LumoGroup,LumoECOM_EU,8620000000001629,ORD-505579,Refused,2026-06-30 15:00:19,Europe/Amsterdam,EUR,,4.99,,,EUR,,,27
LumoGroup,LumoAPP_US,8620000000001003,ORD-504953,Authorised,2026-06-30 15:03:45,Europe/Amsterdam,USD,,9.99,,,USD,,,27
LumoGroup,LumoECOM_EU,8620000000000141,ORD-504091,Authorised,2026-06-30 15:13:46,Europe/Amsterdam,EUR,,9.99,,,EUR,,,27
LumoGroup,LumoECOM_EU,8620000000000245,ORD-504195,Authorised,2026-06-30 15:26:31,Europe/Amsterdam,EUR,,9.99,,,EUR,,,27
LumoGroup,LumoECOM_EU,8620000000000015,ORD-503965,Authorised,2026-06-30 15:31:41,Europe/Amsterdam,EUR,,9.99,,,EUR,,,27
LumoGroup,LumoECOM_EU,8620000000000158,ORD-504108,Authorised,2026-06-30 15:36:09,Europe/Amsterdam,EUR,,24.99,,,EUR,,,27
LumoGroup,LumoECOM_EU,8620000000000101,ORD-504051,Refused,2026-06-30 15:48:16,Europe/Amsterdam,EUR,,9.99,,,EUR,,,27
LumoGroup,LumoAPP_US,8620000000001105,ORD-505055,Settled,2026-06-30 15:51:11,Europe/Amsterdam,USD,,24.99,0.47,0.15,USD,,24.37,27
LumoGroup,LumoECOM_EU,8620000000000245,ORD-504195,Settled,2026-06-30 15:55:31,Europe/Amsterdam,EUR,,9.99,0.19,0.06,EUR,,9.74,27
LumoGroup,LumoECOM_EU,8620000000001488,ORD-505438,Authorised,2026-06-30 15:58:34,Europe/Amsterdam,EUR,,9.99,,,EUR,,,27
LumoGroup,LumoECOM_EU,8620000000000015,ORD-503965,Settled,2026-06-30 15:58:41,Europe/Amsterdam,EUR,,9.99,0.19,0.06,EUR,,9.74,27
LumoGroup,LumoECOM_EU,8620000000000141,ORD-504091,Settled,2026-06-30 15:59:46,Europe/Amsterdam,EUR,,9.99,0.19,0.06,EUR,,9.74,27
LumoGroup,LumoAPP_US,8620000000001003,ORD-504953,Settled,2026-06-30 16:10:45,Europe/Amsterdam,USD,,9.99,0.19,0.06,USD,,9.74,27
LumoGroup,LumoECOM_EU,8620000000001040,ORD-504990,Authorised,2026-06-30 16:14:26,Europe/Amsterdam,EUR,,59.99,,,EUR,,,27
LumoGroup,LumoECOM_EU,8620000000000297,ORD-504247,Authorised,2026-06-30 16:15:42,Europe/Amsterdam,GBP,,54.99,,,GBP,,,27
LumoGroup,LumoECOM_EU,8620000000000058,ORD-504008,Authorised,2026-06-30 16:16:20,Europe/Amsterdam,GBP,,8.99,,,GBP,,,27
LumoGroup,LumoECOM_EU,8620000000000158,ORD-504108,Settled,2026-06-30 16:19:09,Europe/Amsterdam,EUR,,24.99,0.47,0.15,EUR,,24.37,27
LumoGroup,LumoECOM_EU,8620000000000933,ORD-504883,Authorised,2026-06-30 16:29:33,Europe/Amsterdam,EUR,,9.99,,,EUR,,,27
LumoGroup,LumoECOM_EU,8620000000000058,ORD-504008,Settled,2026-06-30 16:33:20,Europe/Amsterdam,GBP,,8.99,0.17,0.05,GBP,,8.77,27
LumoGroup,LumoAPP_US,8620000000001111,ORD-505061,Authorised,2026-06-30 16:40:13,Europe/Amsterdam,USD,,9.99,,,USD,,,27
LumoGroup,LumoAPP_US,8620000000000663,ORD-504613,Authorised,2026-06-30 16:40:26,Europe/Amsterdam,USD,,9.99,,,USD,,,27
LumoGroup,LumoECOM_EU,8620000000001488,ORD-505438,Settled,2026-06-30 16:48:34,Europe/Amsterdam,EUR,,9.99,0.19,0.06,EUR,,9.74,27
LumoGroup,LumoECOM_EU,8620000000000505,ORD-504455,Authorised,2026-06-30 16:49:11,Europe/Amsterdam,EUR,,9.99,,,EUR,,,27
LumoGroup,LumoECOM_EU,8620000000001380,ORD-505330,Authorised,2026-06-30 16:55:55,Europe/Amsterdam,EUR,,9.99,,,EUR,,,27
LumoGroup,LumoECOM_EU,8620000000000493,ORD-504443,Authorised,2026-06-30 16:56:43,Europe/Amsterdam,EUR,,4.99,,,EUR,,,27
LumoGroup,LumoECOM_EU,8620000000001040,ORD-504990,Settled,2026-06-30 16:57:26,Europe/Amsterdam,EUR,,59.99,1.14,0.36,EUR,,58.49,27
LumoGroup,LumoAPP_US,8620000000000303,ORD-504253,Authorised,2026-06-30 17:00:47,Europe/Amsterdam,USD,,24.99,,,USD,,,27
LumoGroup,LumoECOM_EU,8620000000000933,ORD-504883,Settled,2026-06-30 17:01:33,Europe/Amsterdam,EUR,,9.99,0.19,0.06,EUR,,9.74,27
LumoGroup,LumoECOM_EU,8620000000000009,ORD-503959,Authorised,2026-06-30 17:02:18,Europe/Amsterdam,EUR,,9.99,,,EUR,,,27
LumoGroup,LumoAPP_US,8620000000000663,ORD-504613,Settled,2026-06-30 17:05:26,Europe/Amsterdam,USD,,9.99,0.19,0.06,USD,,9.74,27
LumoGroup,LumoECOM_EU,8620000000000308,ORD-504258,Authorised,2026-06-30 17:10:43,Europe/Amsterdam,EUR,,9.99,,,EUR,,,27
LumoGroup,LumoECOM_EU,8620000000001380,ORD-505330,Settled,2026-06-30 17:12:55,Europe/Amsterdam,EUR,,9.99,0.19,0.06,EUR,,9.74,27
LumoGroup,LumoAPP_US,8620000000001170,ORD-505120,Authorised,2026-06-30 17:23:09,Europe/Amsterdam,USD,,4.99,,,USD,,,27
LumoGroup,LumoECOM_EU,8620000000000505,ORD-504455,Settled,2026-06-30 17:27:11,Europe/Amsterdam,EUR,,9.99,0.19,0.06,EUR,,9.74,27
LumoGroup,LumoAPP_US,8620000000001170,ORD-505120,Settled,2026-06-30 17:37:09,Europe/Amsterdam,USD,,4.99,0.09,0.03,USD,,4.87,27
LumoGroup,LumoECOM_EU,8620000000001439,ORD-505389,Authorised,2026-06-30 17:44:40,Europe/Amsterdam,EUR,,59.99,,,EUR,,,27
LumoGroup,LumoECOM_EU,8620000000001092,ORD-505042,Authorised,2026-06-30 17:46:00,Europe/Amsterdam,GBP,,8.99,,,GBP,,,27
LumoGroup,LumoAPP_US,8620000000001344,ORD-505294,Authorised,2026-06-30 17:50:40,Europe/Amsterdam,USD,,9.99,,,USD,,,27
LumoGroup,LumoAPP_US,8620000000001111,ORD-505061,Settled,2026-06-30 17:51:13,Europe/Amsterdam,USD,,9.99,0.19,0.06,USD,,9.74,27
LumoGroup,LumoECOM_EU,8620000000000308,ORD-504258,Settled,2026-06-30 17:51:43,Europe/Amsterdam,EUR,,9.99,0.19,0.06,EUR,,9.74,27
LumoGroup,LumoECOM_EU,8620000000000009,ORD-503959,Settled,2026-06-30 17:52:18,Europe/Amsterdam,EUR,,9.99,0.19,0.06,EUR,,9.74,27
LumoGroup,LumoECOM_EU,8620000000001674,ORD-505624,Refunded,2026-06-30 17:54:42,Europe/Amsterdam,EUR,9.99,,,,EUR,9.99,,27
LumoGroup,LumoAPP_US,8620000000000303,ORD-504253,Settled,2026-06-30 17:54:47,Europe/Amsterdam,USD,,24.99,0.47,0.15,USD,,24.37,27
LumoGroup,LumoECOM_EU,8620000000000094,ORD-504044,Authorised,2026-06-30 17:55:38,Europe/Amsterdam,GBP,,8.99,,,GBP,,,27
LumoGroup,LumoECOM_EU,8620000000000297,ORD-504247,Settled,2026-06-30 18:00:42,Europe/Amsterdam,GBP,,54.99,1.04,0.33,GBP,,53.62,27
LumoGroup,LumoECOM_EU,8620000000001092,ORD-505042,Settled,2026-06-30 18:05:00,Europe/Amsterdam,GBP,,8.99,0.17,0.05,GBP,,8.77,27
LumoGroup,LumoECOM_EU,8620000000001430,ORD-505380,Authorised,2026-06-30 18:05:46,Europe/Amsterdam,EUR,,9.99,,,EUR,,,27
LumoGroup,LumoAPP_US,8620000000001344,ORD-505294,Settled,2026-06-30 18:22:40,Europe/Amsterdam,USD,,9.99,0.19,0.06,USD,,9.74,27
LumoGroup,LumoECOM_EU,8620000000000493,ORD-504443,Settled,2026-06-30 18:24:43,Europe/Amsterdam,EUR,,4.99,0.09,0.03,EUR,,4.87,27
LumoGroup,LumoAPP_US,8620000000001499,ORD-505449,Authorised,2026-06-30 18:39:35,Europe/Amsterdam,USD,,59.99,,,USD,,,27
LumoGroup,LumoECOM_EU,8620000000001430,ORD-505380,Settled,2026-06-30 18:40:46,Europe/Amsterdam,EUR,,9.99,0.19,0.06,EUR,,9.74,27
LumoGroup,LumoECOM_EU,8620000000000318,ORD-504268,Refused,2026-06-30 18:47:23,Europe/Amsterdam,EUR,,9.99,,,EUR,,,27
LumoGroup,LumoECOM_EU,8620000000001439,ORD-505389,Settled,2026-06-30 18:49:40,Europe/Amsterdam,EUR,,59.99,1.14,0.36,EUR,,58.49,27
LumoGroup,LumoECOM_EU,8620000000000788,ORD-504738,Authorised,2026-06-30 19:08:01,Europe/Amsterdam,EUR,,9.99,,,EUR,,,27
LumoGroup,LumoECOM_EU,8620000000000675,ORD-504625,Authorised,2026-06-30 19:08:46,Europe/Amsterdam,EUR,,4.99,,,EUR,,,27
LumoGroup,LumoAPP_US,8620000000001499,ORD-505449,Settled,2026-06-30 19:09:35,Europe/Amsterdam,USD,,59.99,1.14,0.36,USD,,58.49,27
LumoGroup,LumoECOM_EU,8620000000001094,ORD-505044,Authorised,2026-06-30 19:25:46,Europe/Amsterdam,EUR,,9.99,,,EUR,,,27
LumoGroup,LumoECOM_EU,8620000000000937,ORD-504887,Authorised,2026-06-30 19:27:53,Europe/Amsterdam,GBP,,8.99,,,GBP,,,27
LumoGroup,LumoECOM_EU,8620000000000356,ORD-504306,Authorised,2026-06-30 19:35:31,Europe/Amsterdam,EUR,,59.99,,,EUR,,,27
LumoGroup,LumoECOM_EU,8620000000000094,ORD-504044,Settled,2026-06-30 19:38:38,Europe/Amsterdam,GBP,,8.99,0.17,0.05,GBP,,8.77,27
LumoGroup,LumoECOM_EU,8620000000000675,ORD-504625,Settled,2026-06-30 19:43:46,Europe/Amsterdam,EUR,,4.99,0.09,0.03,EUR,,4.87,27
LumoGroup,LumoAPP_US,8620000000001634,ORD-505584,Authorised,2026-06-30 19:44:14,Europe/Amsterdam,USD,,9.99,,,USD,,,27
LumoGroup,LumoECOM_EU,8620000000000788,ORD-504738,Settled,2026-06-30 19:47:01,Europe/Amsterdam,EUR,,9.99,0.19,0.06,EUR,,9.74,27
LumoGroup,LumoECOM_EU,8620000000000916,ORD-504866,Authorised,2026-06-30 20:04:13,Europe/Amsterdam,GBP,,8.99,,,GBP,,,27
LumoGroup,LumoECOM_EU,8620000000001094,ORD-505044,Settled,2026-06-30 20:23:46,Europe/Amsterdam,EUR,,9.99,0.19,0.06,EUR,,9.74,27
LumoGroup,LumoECOM_EU,8620000000000370,ORD-504320,Authorised,2026-06-30 20:29:53,Europe/Amsterdam,EUR,,9.99,,,EUR,,,27
LumoGroup,LumoECOM_EU,8620000000001071,ORD-505021,Authorised,2026-06-30 20:35:26,Europe/Amsterdam,EUR,,9.99,,,EUR,,,27
LumoGroup,LumoECOM_EU,8620000000000356,ORD-504306,Settled,2026-06-30 20:42:31,Europe/Amsterdam,EUR,,59.99,1.14,0.36,EUR,,58.49,27
LumoGroup,LumoECOM_EU,8620000000000916,ORD-504866,Settled,2026-06-30 21:00:13,Europe/Amsterdam,GBP,,8.99,0.17,0.05,GBP,,8.77,27
LumoGroup,LumoECOM_EU,8620000000000937,ORD-504887,Settled,2026-06-30 21:05:53,Europe/Amsterdam,GBP,,8.99,0.17,0.05,GBP,,8.77,27
LumoGroup,LumoAPP_US,8620000000001634,ORD-505584,Settled,2026-06-30 21:09:14,Europe/Amsterdam,USD,,9.99,0.19,0.06,USD,,9.74,27
LumoGroup,LumoECOM_EU,8620000000000370,ORD-504320,Settled,2026-06-30 21:31:53,Europe/Amsterdam,EUR,,9.99,0.19,0.06,EUR,,9.74,27
LumoGroup,LumoECOM_EU,8620000000001071,ORD-505021,Settled,2026-06-30 21:42:26,Europe/Amsterdam,EUR,,9.99,0.19,0.06,EUR,,9.74,27
LumoGroup,LumoECOM_EU,8620000000001788,ORD-507795,Authorised,2026-06-30 23:40:00,Europe/Amsterdam,EUR,,9.99,,,EUR,,,27
LumoGroup,LumoECOM_EU,8620000000001788,ORD-507795,Settled,2026-06-30 23:55:00,Europe/Amsterdam,EUR,,9.99,0.19,0.06,EUR,,9.74,27
LumoGroup,LumoECOM_EU,8620000000001789,ORD-507796,Authorised,2026-07-01 00:20:00,Europe/Amsterdam,EUR,,9.99,,,EUR,,,27
LumoGroup,LumoECOM_EU,8620000000001789,ORD-507796,Settled,2026-07-01 00:35:00,Europe/Amsterdam,EUR,,9.99,0.19,0.06,EUR,,9.74,27
LumoGroup,LumoECOM_EU,8620000000001526,ORD-505476,Refunded,2026-07-01 10:15:18,Europe/Amsterdam,EUR,30.00,,,,EUR,30.00,,27
LumoGroup,LumoECOM_EU,8620000000001702,ORD-505652,Authorised,2026-07-01 10:47:19,Europe/Amsterdam,EUR,,24.99,,,EUR,,,27
LumoGroup,LumoECOM_EU,8620000000001731,ORD-505681,Refused,2026-07-01 11:14:43,Europe/Amsterdam,EUR,,9.99,,,EUR,,,27
LumoGroup,LumoECOM_EU,8620000000001708,ORD-505658,Authorised,2026-07-01 11:49:10,Europe/Amsterdam,GBP,,54.99,,,GBP,,,27
LumoGroup,LumoECOM_EU,8620000000001702,ORD-505652,Settled,2026-07-01 11:51:19,Europe/Amsterdam,EUR,,24.99,0.47,0.15,EUR,,24.37,27
LumoGroup,LumoECOM_EU,8620000000001725,ORD-505675,Authorised,2026-07-01 11:55:33,Europe/Amsterdam,EUR,,24.99,,,EUR,,,27
LumoGroup,LumoECOM_EU,8620000000001733,ORD-505683,Authorised,2026-07-01 12:25:40,Europe/Amsterdam,EUR,,9.99,,,EUR,,,27
LumoGroup,LumoECOM_EU,8620000000001725,ORD-505675,Settled,2026-07-01 12:38:33,Europe/Amsterdam,EUR,,24.99,0.47,0.15,EUR,,24.37,27
LumoGroup,LumoECOM_EU,8620000000001740,ORD-505690,Authorised,2026-07-01 12:40:33,Europe/Amsterdam,EUR,,24.99,,,EUR,,,27
LumoGroup,LumoECOM_EU,8620000000001708,ORD-505658,Settled,2026-07-01 12:52:10,Europe/Amsterdam,GBP,,54.99,1.04,0.33,GBP,,53.62,27
LumoGroup,LumoECOM_EU,8620000000001712,ORD-505662,Authorised,2026-07-01 13:08:04,Europe/Amsterdam,EUR,,9.99,,,EUR,,,27
LumoGroup,LumoAPP_US,8620000000001711,ORD-505661,Authorised,2026-07-01 13:12:27,Europe/Amsterdam,USD,,9.99,,,USD,,,27
LumoGroup,LumoECOM_EU,8620000000001740,ORD-505690,Settled,2026-07-01 13:19:33,Europe/Amsterdam,EUR,,24.99,0.47,0.15,EUR,,24.37,27
LumoGroup,LumoECOM_EU,8620000000001718,ORD-505668,Authorised,2026-07-01 13:35:46,Europe/Amsterdam,EUR,,9.99,,,EUR,,,27
LumoGroup,LumoECOM_EU,8620000000001712,ORD-505662,Settled,2026-07-01 13:47:04,Europe/Amsterdam,EUR,,9.99,0.19,0.06,EUR,,9.74,27
LumoGroup,LumoECOM_EU,8620000000001733,ORD-505683,Settled,2026-07-01 13:48:40,Europe/Amsterdam,EUR,,9.99,0.19,0.06,EUR,,9.74,27
LumoGroup,LumoAPP_US,8620000000001711,ORD-505661,Settled,2026-07-01 14:03:27,Europe/Amsterdam,USD,,9.99,0.19,0.06,USD,,9.74,27
LumoGroup,LumoECOM_EU,8620000000001713,ORD-505663,Authorised,2026-07-01 14:08:27,Europe/Amsterdam,EUR,,9.99,,,EUR,,,27
LumoGroup,LumoECOM_EU,8620000000001718,ORD-505668,Settled,2026-07-01 15:07:46,Europe/Amsterdam,EUR,,9.99,0.19,0.06,EUR,,9.74,27
LumoGroup,LumoECOM_EU,8620000000001713,ORD-505663,Settled,2026-07-01 15:20:27,Europe/Amsterdam,EUR,,9.99,0.19,0.06,EUR,,9.74,27
LumoGroup,LumoECOM_EU,8620000000000674,ORD-504624,Refunded,2026-07-01 16:10:03,Europe/Amsterdam,EUR,9.99,,,,EUR,9.99,,27
LumoGroup,LumoECOM_EU,8620000000001730,ORD-505680,Authorised,2026-07-01 16:22:23,Europe/Amsterdam,EUR,,59.99,,,EUR,,,27
LumoGroup,LumoECOM_EU,8620000000001730,ORD-505680,Settled,2026-07-01 16:35:23,Europe/Amsterdam,EUR,,59.99,1.14,0.36,EUR,,58.49,27
LumoGroup,LumoECOM_EU,8620000000001704,ORD-505654,Authorised,2026-07-01 17:14:27,Europe/Amsterdam,EUR,,59.99,,,EUR,,,27
LumoGroup,LumoECOM_EU,8620000000001742,ORD-505692,Authorised,2026-07-01 17:16:39,Europe/Amsterdam,EUR,,4.99,,,EUR,,,27
LumoGroup,LumoECOM_EU,8620000000001742,ORD-505692,Settled,2026-07-01 17:45:39,Europe/Amsterdam,EUR,,4.99,0.09,0.03,EUR,,4.87,27
LumoGroup,LumoAPP_US,8620000000001745,ORD-505695,Authorised,2026-07-01 17:46:18,Europe/Amsterdam,USD,,9.99,,,USD,,,27
LumoGroup,LumoECOM_EU,8620000000001717,ORD-505667,Authorised,2026-07-01 17:55:25,Europe/Amsterdam,EUR,,9.99,,,EUR,,,27
LumoGroup,LumoECOM_EU,8620000000001704,ORD-505654,Settled,2026-07-01 17:56:27,Europe/Amsterdam,EUR,,59.99,1.14,0.36,EUR,,58.49,27
LumoGroup,LumoECOM_EU,8620000000001728,ORD-505678,Authorised,2026-07-01 18:02:55,Europe/Amsterdam,EUR,,24.99,,,EUR,,,27
LumoGroup,LumoECOM_EU,8620000000001717,ORD-505667,Settled,2026-07-01 18:26:25,Europe/Amsterdam,EUR,,9.99,0.19,0.06,EUR,,9.74,27
LumoGroup,LumoECOM_EU,8620000000001728,ORD-505678,Settled,2026-07-01 18:46:55,Europe/Amsterdam,EUR,,24.99,0.47,0.15,EUR,,24.37,27
LumoGroup,LumoAPP_US,8620000000001745,ORD-505695,Settled,2026-07-01 18:48:18,Europe/Amsterdam,USD,,9.99,0.19,0.06,USD,,9.74,27
LumoGroup,LumoECOM_EU,8620000000001741,ORD-505691,Authorised,2026-07-01 18:50:20,Europe/Amsterdam,EUR,,59.99,,,EUR,,,27
LumoGroup,LumoECOM_EU,8620000000001720,ORD-505670,Authorised,2026-07-01 18:51:15,Europe/Amsterdam,EUR,,9.99,,,EUR,,,27
LumoGroup,LumoECOM_EU,8620000000001716,ORD-505666,Authorised,2026-07-01 18:56:46,Europe/Amsterdam,EUR,,4.99,,,EUR,,,27
LumoGroup,LumoECOM_EU,8620000000001741,ORD-505691,Settled,2026-07-01 19:00:20,Europe/Amsterdam,EUR,,59.99,1.14,0.36,EUR,,58.49,27
LumoGroup,LumoECOM_EU,8620000000001714,ORD-505664,Authorised,2026-07-01 19:10:39,Europe/Amsterdam,EUR,,9.99,,,EUR,,,27
LumoGroup,LumoECOM_EU,8620000000001714,ORD-505664,Settled,2026-07-01 19:59:39,Europe/Amsterdam,EUR,,9.99,0.19,0.06,EUR,,9.74,27
LumoGroup,LumoECOM_EU,8620000000001716,ORD-505666,Settled,2026-07-01 20:00:46,Europe/Amsterdam,EUR,,4.99,0.09,0.03,EUR,,4.87,27
LumoGroup,LumoECOM_EU,8620000000001720,ORD-505670,Settled,2026-07-01 20:01:15,Europe/Amsterdam,EUR,,9.99,0.19,0.06,EUR,,9.74,27
LumoGroup,LumoECOM_EU,8620000000001787,ORD-507794,Settled,2026-07-02 12:00:00,Europe/Amsterdam,EUR,,9.99,0.19,0.06,EUR,,9.74,27
LumoGroup,LumoECOM_EU,8620000000001734,ORD-505684,Authorised,2026-07-02 13:03:55,Europe/Amsterdam,EUR,,4.99,,,EUR,,,27
LumoGroup,LumoECOM_EU,8620000000001734,ORD-505684,Settled,2026-07-02 13:24:55,Europe/Amsterdam,EUR,,4.99,0.09,0.03,EUR,,4.87,27
LumoGroup,LumoECOM_EU,8620000000001722,ORD-505672,Authorised,2026-07-02 14:03:48,Europe/Amsterdam,GBP,,8.99,,,GBP,,,27
LumoGroup,LumoECOM_EU,8620000000001722,ORD-505672,Settled,2026-07-02 14:36:48,Europe/Amsterdam,GBP,,8.99,0.17,0.05,GBP,,8.77,27
LumoGroup,LumoECOM_EU,8620000000001719,ORD-505669,Authorised,2026-07-02 15:12:53,Europe/Amsterdam,EUR,,24.99,,,EUR,,,27
LumoGroup,LumoECOM_EU,8620000000001732,ORD-505682,Authorised,2026-07-02 15:38:02,Europe/Amsterdam,GBP,,8.99,,,GBP,,,27
LumoGroup,LumoECOM_EU,8620000000001744,ORD-505694,Authorised,2026-07-02 16:12:29,Europe/Amsterdam,EUR,,9.99,,,EUR,,,27
LumoGroup,LumoECOM_EU,8620000000001719,ORD-505669,Settled,2026-07-02 16:27:53,Europe/Amsterdam,EUR,,24.99,0.47,0.15,EUR,,24.37,27
LumoGroup,LumoECOM_EU,8620000000000758,ORD-504708,Refunded,2026-07-02 16:44:35,Europe/Amsterdam,GBP,8.99,,,,GBP,8.99,,27
LumoGroup,LumoECOM_EU,8620000000001744,ORD-505694,Settled,2026-07-02 16:51:29,Europe/Amsterdam,EUR,,9.99,0.19,0.06,EUR,,9.74,27
LumoGroup,LumoECOM_EU,8620000000001732,ORD-505682,Settled,2026-07-02 16:55:02,Europe/Amsterdam,GBP,,8.99,0.17,0.05,GBP,,8.77,27
LumoGroup,LumoECOM_EU,8620000000001727,ORD-505677,Authorised,2026-07-02 16:56:39,Europe/Amsterdam,EUR,,59.99,,,EUR,,,27
LumoGroup,LumoECOM_EU,8620000000001709,ORD-505659,Authorised,2026-07-02 17:04:37,Europe/Amsterdam,EUR,,4.99,,,EUR,,,27
LumoGroup,LumoECOM_EU,8620000000001727,ORD-505677,Settled,2026-07-02 18:27:39,Europe/Amsterdam,EUR,,59.99,1.14,0.36,EUR,,58.49,27
LumoGroup,LumoECOM_EU,8620000000001709,ORD-505659,Settled,2026-07-02 18:31:37,Europe/Amsterdam,EUR,,4.99,0.09,0.03,EUR,,4.87,27
LumoGroup,LumoECOM_EU,8620000000001681,ORD-505631,Refunded,2026-07-02 18:48:28,Europe/Amsterdam,EUR,2.50,,,,EUR,2.50,,27
LumoGroup,LumoECOM_EU,8620000000000543,ORD-504493,Refunded,2026-07-02 19:09:24,Europe/Amsterdam,EUR,59.99,,,,EUR,59.99,,27
LumoGroup,LumoECOM_EU,8620000000001723,ORD-505673,Authorised,2026-07-03 10:46:18,Europe/Amsterdam,EUR,,9.99,,,EUR,,,27
LumoGroup,LumoECOM_EU,8620000000001723,ORD-505673,Settled,2026-07-03 11:16:18,Europe/Amsterdam,EUR,,9.99,0.19,0.06,EUR,,9.74,27
LumoGroup,LumoECOM_EU,8620000000000086,ORD-504036,Refunded,2026-07-03 11:31:00,Europe/Amsterdam,EUR,12.50,,,,EUR,12.50,,27
LumoGroup,LumoECOM_EU,8620000000001707,ORD-505657,Authorised,2026-07-03 11:43:30,Europe/Amsterdam,EUR,,9.99,,,EUR,,,27
LumoGroup,LumoAPP_US,8620000000000087,ORD-504037,Refunded,2026-07-03 11:45:00,Europe/Amsterdam,USD,9.99,,,,USD,9.99,,27
LumoGroup,LumoECOM_EU,8620000000001701,ORD-505651,Refused,2026-07-03 11:45:49,Europe/Amsterdam,EUR,,24.99,,,EUR,,,27
LumoGroup,LumoECOM_EU,8620000000001737,ORD-505687,Authorised,2026-07-03 12:25:20,Europe/Amsterdam,GBP,,54.99,,,GBP,,,27
LumoGroup,LumoECOM_EU,8620000000001705,ORD-505655,Authorised,2026-07-03 12:26:38,Europe/Amsterdam,GBP,,54.99,,,GBP,,,27
LumoGroup,LumoECOM_EU,8620000000001706,ORD-505656,Authorised,2026-07-03 12:26:40,Europe/Amsterdam,EUR,,24.99,,,EUR,,,27
LumoGroup,LumoECOM_EU,8620000000001123,ORD-505073,Refunded,2026-07-03 12:28:00,Europe/Amsterdam,EUR,5.00,,,,EUR,5.00,,27
LumoGroup,LumoECOM_EU,8620000000001737,ORD-505687,Settled,2026-07-03 12:38:20,Europe/Amsterdam,GBP,,54.99,1.04,0.33,GBP,,53.62,27
LumoGroup,LumoECOM_EU,8620000000001707,ORD-505657,Settled,2026-07-03 12:39:30,Europe/Amsterdam,EUR,,9.99,0.19,0.06,EUR,,9.74,27
LumoGroup,LumoECOM_EU,8620000000001729,ORD-505679,Authorised,2026-07-03 12:46:31,Europe/Amsterdam,EUR,,9.99,,,EUR,,,27
LumoGroup,LumoECOM_EU,8620000000001706,ORD-505656,Settled,2026-07-03 13:15:40,Europe/Amsterdam,EUR,,24.99,0.47,0.15,EUR,,24.37,27
LumoGroup,LumoECOM_EU,8620000000001736,ORD-505686,Authorised,2026-07-03 13:25:47,Europe/Amsterdam,GBP,,8.99,,,GBP,,,27
LumoGroup,LumoECOM_EU,8620000000001219,ORD-505169,Refunded,2026-07-03 13:29:00,Europe/Amsterdam,EUR,5.00,,,,EUR,5.00,,27
LumoGroup,LumoECOM_EU,8620000000001705,ORD-505655,Settled,2026-07-03 13:56:38,Europe/Amsterdam,GBP,,54.99,1.04,0.33,GBP,,53.62,27
LumoGroup,LumoECOM_EU,8620000000001715,ORD-505665,Authorised,2026-07-03 14:02:39,Europe/Amsterdam,EUR,,9.99,,,EUR,,,27
LumoGroup,LumoECOM_EU,8620000000001729,ORD-505679,Settled,2026-07-03 14:15:31,Europe/Amsterdam,EUR,,9.99,0.19,0.06,EUR,,9.74,27
LumoGroup,LumoECOM_EU,8620000000001736,ORD-505686,Settled,2026-07-03 14:20:47,Europe/Amsterdam,GBP,,8.99,0.17,0.05,GBP,,8.77,27
LumoGroup,LumoECOM_EU,8620000000001715,ORD-505665,Settled,2026-07-03 14:59:39,Europe/Amsterdam,EUR,,9.99,0.19,0.06,EUR,,9.74,27
LumoGroup,LumoECOM_EU,8620000000001738,ORD-505688,Authorised,2026-07-03 15:19:23,Europe/Amsterdam,GBP,,8.99,,,GBP,,,27
LumoGroup,LumoECOM_EU,8620000000001721,ORD-505671,Authorised,2026-07-03 16:05:42,Europe/Amsterdam,GBP,,8.99,,,GBP,,,27
LumoGroup,LumoECOM_EU,8620000000001743,ORD-505693,Authorised,2026-07-03 16:12:21,Europe/Amsterdam,EUR,,9.99,,,EUR,,,27
LumoGroup,LumoECOM_EU,8620000000001726,ORD-505676,Authorised,2026-07-03 16:29:19,Europe/Amsterdam,EUR,,24.99,,,EUR,,,27
LumoGroup,LumoECOM_EU,8620000000001738,ORD-505688,Settled,2026-07-03 16:39:23,Europe/Amsterdam,GBP,,8.99,0.17,0.05,GBP,,8.77,27
LumoGroup,LumoECOM_EU,8620000000001710,ORD-505660,Authorised,2026-07-03 17:00:00,Europe/Amsterdam,EUR,,9.99,,,EUR,,,27
LumoGroup,LumoECOM_EU,8620000000001724,ORD-505674,Authorised,2026-07-03 17:04:54,Europe/Amsterdam,EUR,,9.99,,,EUR,,,27
LumoGroup,LumoECOM_EU,8620000000001743,ORD-505693,Settled,2026-07-03 17:08:21,Europe/Amsterdam,EUR,,9.99,0.19,0.06,EUR,,9.74,27
LumoGroup,LumoECOM_EU,8620000000001726,ORD-505676,Settled,2026-07-03 17:11:19,Europe/Amsterdam,EUR,,24.99,0.47,0.15,EUR,,24.37,27
LumoGroup,LumoECOM_EU,8620000000001724,ORD-505674,Settled,2026-07-03 17:16:54,Europe/Amsterdam,EUR,,9.99,0.19,0.06,EUR,,9.74,27
LumoGroup,LumoECOM_EU,8620000000001703,ORD-505653,Authorised,2026-07-03 17:21:24,Europe/Amsterdam,EUR,,59.99,,,EUR,,,27
LumoGroup,LumoECOM_EU,8620000000001721,ORD-505671,Settled,2026-07-03 17:28:42,Europe/Amsterdam,GBP,,8.99,0.17,0.05,GBP,,8.77,27
LumoGroup,LumoECOM_EU,8620000000001735,ORD-505685,Authorised,2026-07-03 17:36:07,Europe/Amsterdam,EUR,,59.99,,,EUR,,,27
LumoGroup,LumoECOM_EU,8620000000001703,ORD-505653,Settled,2026-07-03 17:55:24,Europe/Amsterdam,EUR,,59.99,1.14,0.36,EUR,,58.49,27
LumoGroup,LumoECOM_EU,8620000000001071,ORD-505021,Refunded,2026-07-03 18:28:00,Europe/Amsterdam,EUR,9.99,,,,EUR,9.99,,27
LumoGroup,LumoECOM_EU,8620000000001710,ORD-505660,Settled,2026-07-03 18:36:00,Europe/Amsterdam,EUR,,9.99,0.19,0.06,EUR,,9.74,27
LumoGroup,LumoECOM_EU,8620000000001739,ORD-505689,Refused,2026-07-03 18:51:20,Europe/Amsterdam,EUR,,59.99,,,EUR,,,27
LumoGroup,LumoECOM_EU,8620000000001735,ORD-505685,Settled,2026-07-03 18:58:07,Europe/Amsterdam,EUR,,59.99,1.14,0.36,EUR,,58.49,27
LumoGroup,LumoECOM_EU,8620000000001645,ORD-505595,Refunded,2026-07-03 19:03:00,Europe/Amsterdam,EUR,9.99,,,,EUR,9.99,,27
