transaction_id,invoice_id,transaction_type,status,created_at_utc,country,currency,currency_exponent,local_amount,fx_rate,usd_amount,fee_usd
DL-90001309,ORD-507781,PAYMENT,PAID,2026-06-01 00:05:00,MX,MXN,2,12900,18.1548,7.11,0.32
DL-90001242,ORD-506937,PAYMENT,REJECTED,2026-06-01 07:25:52,CO,COP,2,19990000,3984.0637,50.17,2.26
DL-90000404,ORD-506099,PAYMENT,PAID,2026-06-01 08:17:24,MX,MXN,2,12900,18.1772,7.10,0.32
DL-90000750,ORD-506445,PAYMENT,PAID,2026-06-01 08:27:11,CO,COP,2,2990000,3984.0637,7.50,0.34
DL-90001024,ORD-506719,PAYMENT,PAID,2026-06-01 08:29:13,BR,BRL,2,3490,5.4195,6.44,0.29
DL-90000922,ORD-506617,PAYMENT,PAID,2026-06-01 08:43:54,BR,BRL,2,3490,5.4195,6.44,0.29
DL-90000210,ORD-505905,PAYMENT,PAID,2026-06-01 08:53:27,BR,BRL,2,8990,5.4195,16.59,0.75
DL-90000390,ORD-506085,PAYMENT,PAID,2026-06-01 08:53:45,CL,CLP,0,6990,941.6196,7.42,0.33
DL-90000163,ORD-505858,PAYMENT,PAID,2026-06-01 09:41:02,CO,COP,2,2990000,3984.0637,7.50,0.34
DL-90000032,ORD-505727,PAYMENT,REJECTED,2026-06-01 09:54:35,BR,BRL,2,3490,5.4195,6.44,0.29
DL-90000791,ORD-506486,PAYMENT,PAID,2026-06-01 10:39:08,MX,MXN,2,5900,18.1772,3.25,0.15
DL-90000482,ORD-506177,PAYMENT,PAID,2026-06-01 11:32:01,MX,MXN,2,12900,18.1772,7.10,0.32
DL-90000655,ORD-506350,PAYMENT,PAID,2026-06-01 11:32:57,BR,BRL,2,3490,5.4195,6.44,0.29
DL-90000160,ORD-505855,PAYMENT,PAID,2026-06-01 12:36:00,BR,BRL,2,3490,5.4195,6.44,0.29
DL-90000478,ORD-506173,PAYMENT,PAID,2026-06-01 12:41:20,MX,MXN,2,12900,18.1772,7.10,0.32
DL-90000475,ORD-506170,PAYMENT,PAID,2026-06-01 12:46:50,CO,COP,2,2990000,3984.0637,7.50,0.34
DL-90000045,ORD-505740,PAYMENT,PAID,2026-06-01 13:20:58,MX,MXN,2,32900,18.1772,18.10,0.81
DL-90000491,ORD-506186,PAYMENT,PAID,2026-06-01 13:24:02,BR,BRL,2,3490,5.4195,6.44,0.29
DL-90000992,ORD-506687,PAYMENT,PAID,2026-06-01 14:38:59,AR,ARS,2,599900,1186.2396,5.06,0.23
DL-90000083,ORD-505778,PAYMENT,PAID,2026-06-01 14:49:25,BR,BRL,2,3490,5.4195,6.44,0.29
DL-90000477,ORD-506172,PAYMENT,PAID,2026-06-01 15:01:03,CO,COP,2,2990000,3984.0637,7.50,0.34
DL-90000313,ORD-506008,PAYMENT,PAID,2026-06-01 15:16:48,BR,BRL,2,19990,5.4195,36.89,1.66
DL-90000275,ORD-505970,PAYMENT,PAID,2026-06-01 15:41:53,CL,CLP,0,6990,941.6196,7.42,0.33
DL-90000226,ORD-505921,PAYMENT,PAID,2026-06-01 15:45:54,BR,BRL,2,3490,5.4195,6.44,0.29
DL-90000847,ORD-506542,PAYMENT,PAID,2026-06-01 15:47:07,BR,BRL,2,3490,5.4195,6.44,0.29
DL-90001070,ORD-506765,PAYMENT,PAID,2026-06-01 15:48:15,BR,BRL,2,3490,5.4195,6.44,0.29
DL-90000379,ORD-506074,PAYMENT,PAID,2026-06-01 16:01:14,BR,BRL,2,19990,5.4195,36.89,1.66
DL-90000168,ORD-505863,PAYMENT,PAID,2026-06-01 16:09:28,BR,BRL,2,1690,5.4195,3.12,0.14
DL-90000778,ORD-506473,PAYMENT,PAID,2026-06-01 16:20:32,BR,BRL,2,3490,5.4195,6.44,0.29
DL-90000460,ORD-506155,PAYMENT,PAID,2026-06-01 17:04:33,CL,CLP,0,44990,941.6196,47.78,2.15
DL-90000169,ORD-505864,PAYMENT,PAID,2026-06-01 18:40:55,BR,BRL,2,3490,5.4195,6.44,0.29
DL-90000885,ORD-506580,PAYMENT,PAID,2026-06-01 18:48:29,BR,BRL,2,19990,5.4195,36.89,1.66
DL-90000543,ORD-506238,PAYMENT,PAID,2026-06-01 19:21:51,CO,COP,2,2990000,3984.0637,7.50,0.34
DL-90000374,ORD-506069,PAYMENT,PAID,2026-06-01 19:28:04,MX,MXN,2,32900,18.1772,18.10,0.81
DL-90000156,ORD-505851,PAYMENT,PAID,2026-06-01 19:43:34,AR,ARS,2,599900,1186.2396,5.06,0.23
DL-90001211,ORD-506906,PAYMENT,PAID,2026-06-01 19:46:16,MX,MXN,2,12900,18.1772,7.10,0.32
DL-90001167,ORD-506862,PAYMENT,PAID,2026-06-01 20:01:51,AR,ARS,2,1599900,1186.2396,13.49,0.61
DL-90000859,ORD-506554,PAYMENT,PAID,2026-06-01 20:28:32,BR,BRL,2,3490,5.4195,6.44,0.29
DL-90000127,ORD-505822,PAYMENT,REJECTED,2026-06-02 07:33:12,CL,CLP,0,3990,944.2871,4.23,0.19
DL-90000136,ORD-505831,PAYMENT,PAID,2026-06-02 08:25:42,MX,MXN,2,5900,18.1838,3.24,0.15
DL-90000732,ORD-506427,PAYMENT,PAID,2026-06-02 08:45:34,MX,MXN,2,12900,18.1838,7.09,0.32
DL-90000618,ORD-506313,PAYMENT,PAID,2026-06-02 08:56:49,CO,COP,2,2990000,3984.0637,7.50,0.34
DL-90000872,ORD-506567,PAYMENT,PAID,2026-06-02 09:08:23,MX,MXN,2,12900,18.1838,7.09,0.32
DL-90000267,ORD-505962,PAYMENT,REJECTED,2026-06-02 09:11:27,BR,BRL,2,8990,5.4350,16.54,0.74
DL-90000527,ORD-506222,PAYMENT,PAID,2026-06-02 09:30:20,CL,CLP,0,6990,944.2871,7.40,0.33
DL-90000003,ORD-505698,PAYMENT,PAID,2026-06-02 09:50:18,MX,MXN,2,5900,18.1838,3.24,0.15
DL-90001097,ORD-506792,PAYMENT,PAID,2026-06-02 10:00:59,CO,COP,2,7990000,3984.0637,20.05,0.90
DL-90000412,ORD-506107,PAYMENT,PAID,2026-06-02 10:06:13,BR,BRL,2,1690,5.4350,3.11,0.14
DL-90001232,ORD-506927,PAYMENT,PAID,2026-06-02 10:16:53,BR,BRL,2,3490,5.4350,6.42,0.29
DL-90000541,ORD-506236,PAYMENT,PAID,2026-06-02 10:29:15,MX,MXN,2,12900,18.1838,7.09,0.32
DL-90000461,ORD-506156,PAYMENT,REJECTED,2026-06-02 10:51:25,BR,BRL,2,3490,5.4350,6.42,0.29
DL-90001015,ORD-506710,PAYMENT,PAID,2026-06-02 10:57:27,MX,MXN,2,79900,18.1838,43.94,1.98
DL-90000221,ORD-505916,PAYMENT,PAID,2026-06-02 11:02:22,MX,MXN,2,12900,18.1838,7.09,0.32
DL-90000456,ORD-506151,PAYMENT,PAID,2026-06-02 11:29:11,MX,MXN,2,32900,18.1838,18.09,0.81
DL-90000711,ORD-506406,PAYMENT,PAID,2026-06-02 11:49:09,BR,BRL,2,3490,5.4350,6.42,0.29
DL-90000697,ORD-506392,PAYMENT,PAID,2026-06-02 12:31:11,BR,BRL,2,3490,5.4350,6.42,0.29
DL-90000626,ORD-506321,PAYMENT,REJECTED,2026-06-02 12:41:45,BR,BRL,2,3490,5.4350,6.42,0.29
DL-90000021,ORD-505716,PAYMENT,PAID,2026-06-02 12:46:56,MX,MXN,2,12900,18.1838,7.09,0.32
DL-90001084,ORD-506779,PAYMENT,PAID,2026-06-02 12:49:19,CO,COP,2,2990000,3984.0637,7.50,0.34
DL-90000978,ORD-506673,PAYMENT,PAID,2026-06-02 13:05:33,CO,COP,2,2990000,3984.0637,7.50,0.34
DL-90000184,ORD-505879,PAYMENT,PAID,2026-06-02 13:09:28,BR,BRL,2,3490,5.4350,6.42,0.29
DL-90001163,ORD-506858,PAYMENT,PAID,2026-06-02 13:59:41,MX,MXN,2,12900,18.1838,7.09,0.32
DL-90000943,ORD-506638,PAYMENT,PAID,2026-06-02 14:08:19,CL,CLP,0,17990,944.2871,19.05,0.86
DL-90000312,ORD-506007,PAYMENT,PAID,2026-06-02 14:18:42,CO,COP,2,2990000,3984.0637,7.50,0.34
DL-90000731,ORD-506426,PAYMENT,PAID,2026-06-02 15:02:21,CL,CLP,0,6990,944.2871,7.40,0.33
DL-90000451,ORD-506146,PAYMENT,PAID,2026-06-02 15:26:06,MX,MXN,2,12900,18.1838,7.09,0.32
DL-90000520,ORD-506215,PAYMENT,PAID,2026-06-02 15:26:50,BR,BRL,2,1690,5.4350,3.11,0.14
DL-90000718,ORD-506413,PAYMENT,PAID,2026-06-02 15:37:53,BR,BRL,2,3490,5.4350,6.42,0.29
DL-90001164,ORD-506859,PAYMENT,PAID,2026-06-02 16:09:20,BR,BRL,2,8990,5.4350,16.54,0.74
DL-90000422,ORD-506117,PAYMENT,PAID,2026-06-02 16:38:24,BR,BRL,2,8990,5.4350,16.54,0.74
DL-90000424,ORD-506119,PAYMENT,PAID,2026-06-02 16:51:42,MX,MXN,2,12900,18.1838,7.09,0.32
DL-90000584,ORD-506279,PAYMENT,PAID,2026-06-02 17:11:03,CL,CLP,0,6990,944.2871,7.40,0.33
DL-90000528,ORD-506223,PAYMENT,PAID,2026-06-02 18:09:19,MX,MXN,2,79900,18.1838,43.94,1.98
DL-90000716,ORD-506411,PAYMENT,PAID,2026-06-02 18:52:27,BR,BRL,2,3490,5.4350,6.42,0.29
DL-90000614,ORD-506309,PAYMENT,PAID,2026-06-02 19:07:47,MX,MXN,2,5900,18.1838,3.24,0.15
DL-90000955,ORD-506650,PAYMENT,PAID,2026-06-02 19:29:56,MX,MXN,2,32900,18.1838,18.09,0.81
DL-90001220,ORD-506915,PAYMENT,PAID,2026-06-03 08:00:20,MX,MXN,2,12900,18.1238,7.12,0.32
DL-90000250,ORD-505945,PAYMENT,PAID,2026-06-03 09:01:47,CL,CLP,0,6990,941.6196,7.42,0.33
DL-90000798,ORD-506493,PAYMENT,PAID,2026-06-03 09:23:26,BR,BRL,2,3490,5.4257,6.43,0.29
DL-90001140,ORD-506835,PAYMENT,PAID,2026-06-03 09:24:44,BR,BRL,2,3490,5.4257,6.43,0.29
DL-90000843,ORD-506538,PAYMENT,PAID,2026-06-03 09:41:28,BR,BRL,2,19990,5.4257,36.84,1.66
DL-90000132,ORD-505827,PAYMENT,PAID,2026-06-03 09:49:19,MX,MXN,2,12900,18.1238,7.12,0.32
DL-90001234,ORD-506929,PAYMENT,PAID,2026-06-03 10:02:12,CL,CLP,0,6990,941.6196,7.42,0.33
DL-90000951,ORD-506646,PAYMENT,PAID,2026-06-03 10:17:28,MX,MXN,2,12900,18.1238,7.12,0.32
DL-90000713,ORD-506408,PAYMENT,PAID,2026-06-03 10:31:49,BR,BRL,2,8990,5.4257,16.57,0.75
DL-90000643,ORD-506338,PAYMENT,PAID,2026-06-03 10:38:16,BR,BRL,2,3490,5.4257,6.43,0.29
DL-90000425,ORD-506120,PAYMENT,REJECTED,2026-06-03 10:44:19,BR,BRL,2,19990,5.4257,36.84,1.66
DL-90000851,ORD-506546,PAYMENT,PAID,2026-06-03 11:09:52,BR,BRL,2,8990,5.4257,16.57,0.75
DL-90001126,ORD-506821,PAYMENT,PAID,2026-06-03 11:13:36,MX,MXN,2,79900,18.1238,44.09,1.98
DL-90000188,ORD-505883,PAYMENT,PAID,2026-06-03 11:41:12,MX,MXN,2,32900,18.1238,18.15,0.82
DL-90000690,ORD-506385,PAYMENT,PAID,2026-06-03 11:50:08,BR,BRL,2,8990,5.4257,16.57,0.75
DL-90000413,ORD-506108,PAYMENT,PAID,2026-06-03 11:55:09,MX,MXN,2,5900,18.1238,3.26,0.15
DL-90001066,ORD-506761,PAYMENT,PAID,2026-06-03 11:56:18,CL,CLP,0,17990,941.6196,19.11,0.86
DL-90000953,ORD-506648,PAYMENT,PAID,2026-06-03 12:01:17,MX,MXN,2,32900,18.1238,18.15,0.82
DL-90000820,ORD-506515,PAYMENT,PAID,2026-06-03 12:12:35,MX,MXN,2,5900,18.1238,3.26,0.15
DL-90001102,ORD-506797,PAYMENT,PAID,2026-06-03 12:33:48,BR,BRL,2,1690,5.4257,3.11,0.14
DL-90001207,ORD-506902,PAYMENT,PAID,2026-06-03 12:55:34,BR,BRL,2,3490,5.4257,6.43,0.29
DL-90001111,ORD-506806,PAYMENT,PAID,2026-06-03 13:48:27,BR,BRL,2,3490,5.4257,6.43,0.29
DL-90001108,ORD-506803,PAYMENT,PAID,2026-06-03 13:49:09,BR,BRL,2,3490,5.4257,6.43,0.29
DL-90000765,ORD-506460,PAYMENT,PAID,2026-06-03 13:51:06,BR,BRL,2,8990,5.4257,16.57,0.75
DL-90000736,ORD-506431,PAYMENT,PAID,2026-06-03 14:16:28,BR,BRL,2,8990,5.4257,16.57,0.75
DL-90000236,ORD-505931,PAYMENT,PAID,2026-06-03 14:56:40,BR,BRL,2,8990,5.4257,16.57,0.75
DL-90000325,ORD-506020,PAYMENT,PAID,2026-06-03 15:03:26,BR,BRL,2,3490,5.4257,6.43,0.29
DL-90000671,ORD-506366,PAYMENT,PAID,2026-06-03 16:06:20,BR,BRL,2,1690,5.4257,3.11,0.14
DL-90001074,ORD-506769,PAYMENT,PAID,2026-06-03 16:10:52,BR,BRL,2,19990,5.4257,36.84,1.66
DL-90000900,ORD-506595,PAYMENT,PAID,2026-06-03 16:21:59,BR,BRL,2,3490,5.4257,6.43,0.29
DL-90000666,ORD-506361,PAYMENT,PAID,2026-06-03 16:32:52,AR,ARS,2,599900,1189.0606,5.05,0.23
DL-90000542,ORD-506237,PAYMENT,PAID,2026-06-03 16:35:34,CL,CLP,0,6990,941.6196,7.42,0.33
DL-90000297,ORD-505992,PAYMENT,PAID,2026-06-03 16:50:30,CO,COP,2,2990000,3984.0637,7.50,0.34
DL-90000559,ORD-506254,PAYMENT,PAID,2026-06-03 17:22:52,BR,BRL,2,3490,5.4257,6.43,0.29
DL-90000744,ORD-506439,PAYMENT,PAID,2026-06-03 17:51:04,MX,MXN,2,12900,18.1238,7.12,0.32
DL-90000328,ORD-506023,PAYMENT,PAID,2026-06-03 18:19:38,MX,MXN,2,79900,18.1238,44.09,1.98
DL-90000008,ORD-505703,PAYMENT,REJECTED,2026-06-03 18:29:53,CL,CLP,0,6990,941.6196,7.42,0.33
DL-90000601,ORD-506296,PAYMENT,REJECTED,2026-06-03 18:44:14,MX,MXN,2,79900,18.1238,44.09,1.98
DL-90000165,ORD-505860,PAYMENT,PAID,2026-06-03 18:52:24,BR,BRL,2,8990,5.4257,16.57,0.75
DL-90000029,ORD-505724,PAYMENT,PAID,2026-06-03 19:05:31,BR,BRL,2,3490,5.4257,6.43,0.29
DL-90000734,ORD-506429,PAYMENT,PAID,2026-06-03 19:11:09,BR,BRL,2,8990,5.4257,16.57,0.75
DL-90000399,ORD-506094,PAYMENT,PAID,2026-06-03 19:33:34,MX,MXN,2,12900,18.1238,7.12,0.32
DL-90000495,ORD-506190,PAYMENT,PAID,2026-06-04 07:49:19,AR,ARS,2,599900,1189.0606,5.05,0.23
DL-90001244,ORD-506939,PAYMENT,REJECTED,2026-06-04 08:23:24,BR,BRL,2,8990,5.4067,16.63,0.75
DL-90001117,ORD-506812,PAYMENT,PAID,2026-06-04 08:59:38,CL,CLP,0,6990,938.9671,7.44,0.33
DL-90001138,ORD-506833,PAYMENT,PAID,2026-06-04 09:54:03,MX,MXN,2,12900,18.1518,7.11,0.32
DL-90001027,ORD-506722,PAYMENT,PAID,2026-06-04 09:58:36,AR,ARS,2,599900,1189.0606,5.05,0.23
DL-90001061,ORD-506756,PAYMENT,PAID,2026-06-04 10:04:27,BR,BRL,2,3490,5.4067,6.45,0.29
DL-90001063,ORD-506758,PAYMENT,PAID,2026-06-04 10:27:20,CL,CLP,0,3990,938.9671,4.25,0.19
DL-90000994,ORD-506689,PAYMENT,PAID,2026-06-04 10:56:06,AR,ARS,2,3999900,1189.0606,33.64,1.51
DL-90000515,ORD-506210,PAYMENT,PAID,2026-06-04 11:10:22,BR,BRL,2,3490,5.4067,6.45,0.29
DL-90000957,ORD-506652,PAYMENT,PAID,2026-06-04 11:14:17,BR,BRL,2,8990,5.4067,16.63,0.75
DL-90000409,ORD-506104,PAYMENT,PAID,2026-06-04 11:48:37,BR,BRL,2,19990,5.4067,36.97,1.66
DL-90001089,ORD-506784,PAYMENT,PAID,2026-06-04 12:21:27,CL,CLP,0,3990,938.9671,4.25,0.19
DL-90000933,ORD-506628,PAYMENT,PAID,2026-06-04 12:53:25,MX,MXN,2,12900,18.1518,7.11,0.32
DL-90000724,ORD-506419,PAYMENT,PAID,2026-06-04 13:41:55,CL,CLP,0,6990,938.9671,7.44,0.33
DL-90000598,ORD-506293,PAYMENT,REJECTED,2026-06-04 14:14:47,BR,BRL,2,3490,5.4067,6.45,0.29
DL-90000276,ORD-505971,PAYMENT,REJECTED,2026-06-04 14:24:26,MX,MXN,2,12900,18.1518,7.11,0.32
DL-90001067,ORD-506762,PAYMENT,PAID,2026-06-04 14:27:54,CL,CLP,0,6990,938.9671,7.44,0.33
DL-90000777,ORD-506472,PAYMENT,PAID,2026-06-04 14:38:32,MX,MXN,2,32900,18.1518,18.12,0.82
DL-90000030,ORD-505725,PAYMENT,PAID,2026-06-04 14:40:04,CL,CLP,0,44990,938.9671,47.91,2.16
DL-90000646,ORD-506341,PAYMENT,PAID,2026-06-04 14:49:18,CL,CLP,0,6990,938.9671,7.44,0.33
DL-90000963,ORD-506658,PAYMENT,PAID,2026-06-04 15:19:54,BR,BRL,2,3490,5.4067,6.45,0.29
DL-90000856,ORD-506551,PAYMENT,PAID,2026-06-04 16:41:48,BR,BRL,2,8990,5.4067,16.63,0.75
DL-90000615,ORD-506310,PAYMENT,PAID,2026-06-04 16:54:24,BR,BRL,2,1690,5.4067,3.13,0.14
DL-90000677,ORD-506372,PAYMENT,PAID,2026-06-04 17:02:06,BR,BRL,2,8990,5.4067,16.63,0.75
DL-90001241,ORD-506936,PAYMENT,PAID,2026-06-04 17:21:57,BR,BRL,2,19990,5.4067,36.97,1.66
DL-90001201,ORD-506896,PAYMENT,PAID,2026-06-04 17:26:48,BR,BRL,2,3490,5.4067,6.45,0.29
DL-90000641,ORD-506336,PAYMENT,PAID,2026-06-04 17:29:01,AR,ARS,2,1599900,1189.0606,13.46,0.61
DL-90000002,ORD-505697,PAYMENT,PAID,2026-06-04 17:37:12,CL,CLP,0,6990,938.9671,7.44,0.33
DL-90000840,ORD-506535,PAYMENT,PAID,2026-06-04 17:43:38,BR,BRL,2,3490,5.4067,6.45,0.29
DL-90000457,ORD-506152,PAYMENT,PAID,2026-06-04 18:04:23,BR,BRL,2,1690,5.4067,3.13,0.14
DL-90001121,ORD-506816,PAYMENT,PAID,2026-06-04 18:04:55,BR,BRL,2,3490,5.4067,6.45,0.29
DL-90000044,ORD-505739,PAYMENT,PAID,2026-06-04 18:41:10,CO,COP,2,19990000,3968.2540,50.37,2.27
DL-90000332,ORD-506027,PAYMENT,PAID,2026-06-04 18:50:01,MX,MXN,2,12900,18.1518,7.11,0.32
DL-90000222,ORD-505917,PAYMENT,PAID,2026-06-04 18:50:07,BR,BRL,2,3490,5.4067,6.45,0.29
DL-90000588,ORD-506283,PAYMENT,PAID,2026-06-04 18:51:21,BR,BRL,2,3490,5.4067,6.45,0.29
DL-90000263,ORD-505958,PAYMENT,PAID,2026-06-04 18:54:52,MX,MXN,2,12900,18.1518,7.11,0.32
DL-90000949,ORD-506644,PAYMENT,PAID,2026-06-04 19:34:11,AR,ARS,2,599900,1189.0606,5.05,0.23
DL-90000249,ORD-505944,PAYMENT,PAID,2026-06-04 20:00:12,BR,BRL,2,3490,5.4067,6.45,0.29
DL-90000918,ORD-506613,PAYMENT,PAID,2026-06-05 07:51:03,BR,BRL,2,3490,5.4139,6.45,0.29
DL-90001050,ORD-506745,PAYMENT,PAID,2026-06-05 07:51:18,MX,MXN,2,12900,18.1805,7.10,0.32
DL-90001210,ORD-506905,PAYMENT,PAID,2026-06-05 08:10:54,BR,BRL,2,8990,5.4139,16.61,0.75
DL-90000917,ORD-506612,PAYMENT,REJECTED,2026-06-05 08:27:27,BR,BRL,2,1690,5.4139,3.12,0.14
DL-90001037,ORD-506732,PAYMENT,PAID,2026-06-05 08:35:27,BR,BRL,2,8990,5.4139,16.61,0.75
DL-90000502,ORD-506197,PAYMENT,PAID,2026-06-05 08:41:05,BR,BRL,2,19990,5.4139,36.92,1.66
DL-90000317,ORD-506012,PAYMENT,PAID,2026-06-05 08:43:46,BR,BRL,2,19990,5.4139,36.92,1.66
DL-90001151,ORD-506846,PAYMENT,PAID,2026-06-05 08:49:45,BR,BRL,2,3490,5.4139,6.45,0.29
DL-90001196,ORD-506891,PAYMENT,PAID,2026-06-05 09:47:01,BR,BRL,2,19990,5.4139,36.92,1.66
DL-90001318,ORD-507813,PAYMENT,PAID,2026-06-05 10:03:00,AR,ARS,2,1599900,1190.4762,13.45,0.61
DL-90000805,ORD-506500,PAYMENT,REJECTED,2026-06-05 10:11:57,AR,ARS,2,599900,1190.4762,5.04,0.23
DL-90000776,ORD-506471,PAYMENT,REJECTED,2026-06-05 10:27:46,AR,ARS,2,599900,1190.4762,5.04,0.23
DL-90001139,ORD-506834,PAYMENT,REJECTED,2026-06-05 10:30:38,MX,MXN,2,12900,18.1805,7.10,0.32
DL-90000405,ORD-506100,PAYMENT,PAID,2026-06-05 11:17:05,MX,MXN,2,12900,18.1805,7.10,0.32
DL-90000144,ORD-505839,PAYMENT,PAID,2026-06-05 11:35:00,AR,ARS,2,1599900,1190.4762,13.44,0.60
DL-90001131,ORD-506826,PAYMENT,PAID,2026-06-05 12:02:07,BR,BRL,2,3490,5.4139,6.45,0.29
DL-90000191,ORD-505886,PAYMENT,PAID,2026-06-05 13:09:09,BR,BRL,2,8990,5.4139,16.61,0.75
DL-90001221,ORD-506916,PAYMENT,PAID,2026-06-05 13:12:36,CO,COP,2,2990000,3984.0637,7.50,0.34
DL-90000891,ORD-506586,PAYMENT,PAID,2026-06-05 13:20:26,MX,MXN,2,32900,18.1805,18.10,0.81
DL-90000504,ORD-506199,PAYMENT,PAID,2026-06-05 13:41:09,CO,COP,2,1290000,3984.0637,3.24,0.15
DL-90001021,ORD-506716,PAYMENT,PAID,2026-06-05 13:48:49,BR,BRL,2,19990,5.4139,36.92,1.66
DL-90000760,ORD-506455,PAYMENT,REJECTED,2026-06-05 13:54:04,BR,BRL,2,3490,5.4139,6.45,0.29
DL-90000788,ORD-506483,PAYMENT,PAID,2026-06-05 13:58:32,AR,ARS,2,1599900,1190.4762,13.44,0.60
DL-90000254,ORD-505949,PAYMENT,PAID,2026-06-05 14:19:45,CO,COP,2,2990000,3984.0637,7.50,0.34
DL-90000627,ORD-506322,PAYMENT,PAID,2026-06-05 14:19:56,CL,CLP,0,6990,939.8496,7.44,0.33
DL-90001150,ORD-506845,PAYMENT,PAID,2026-06-05 14:25:14,BR,BRL,2,8990,5.4139,16.61,0.75
DL-90000319,ORD-506014,PAYMENT,PAID,2026-06-05 14:42:08,BR,BRL,2,19990,5.4139,36.92,1.66
DL-90000997,ORD-506692,PAYMENT,PAID,2026-06-05 14:47:02,BR,BRL,2,19990,5.4139,36.92,1.66
DL-90000738,ORD-506433,PAYMENT,PAID,2026-06-05 14:47:47,MX,MXN,2,12900,18.1805,7.10,0.32
DL-90000811,ORD-506506,PAYMENT,PAID,2026-06-05 14:49:05,BR,BRL,2,3490,5.4139,6.45,0.29
DL-90000729,ORD-506424,PAYMENT,REJECTED,2026-06-05 14:49:08,AR,ARS,2,3999900,1190.4762,33.60,1.51
DL-90000401,ORD-506096,PAYMENT,REJECTED,2026-06-05 15:40:51,MX,MXN,2,12900,18.1805,7.10,0.32
DL-90000995,ORD-506690,PAYMENT,PAID,2026-06-05 15:45:53,BR,BRL,2,3490,5.4139,6.45,0.29
DL-90000735,ORD-506430,PAYMENT,PAID,2026-06-05 16:22:26,CO,COP,2,7990000,3984.0637,20.05,0.90
DL-90001159,ORD-506854,PAYMENT,PAID,2026-06-05 16:59:13,MX,MXN,2,79900,18.1805,43.95,1.98
DL-90000115,ORD-505810,PAYMENT,PAID,2026-06-05 17:15:06,CL,CLP,0,3990,939.8496,4.25,0.19
DL-90000535,ORD-506230,PAYMENT,PAID,2026-06-05 17:22:22,BR,BRL,2,3490,5.4139,6.45,0.29
DL-90000931,ORD-506626,PAYMENT,PAID,2026-06-05 17:47:59,CL,CLP,0,6990,939.8496,7.44,0.33
DL-90000642,ORD-506337,PAYMENT,PAID,2026-06-05 17:49:28,BR,BRL,2,3490,5.4139,6.45,0.29
DL-90000458,ORD-506153,PAYMENT,PAID,2026-06-05 18:16:37,BR,BRL,2,3490,5.4139,6.45,0.29
DL-90000067,ORD-505762,PAYMENT,PAID,2026-06-05 18:30:31,MX,MXN,2,12900,18.1805,7.10,0.32
DL-90000967,ORD-506662,PAYMENT,PAID,2026-06-05 18:34:00,AR,ARS,2,259900,1190.4762,2.18,0.10
DL-90000257,ORD-505952,PAYMENT,PAID,2026-06-05 18:38:40,MX,MXN,2,12900,18.1805,7.10,0.32
DL-90000597,ORD-506292,PAYMENT,PAID,2026-06-05 19:03:15,MX,MXN,2,12900,18.1805,7.10,0.32
DL-90000518,ORD-506213,PAYMENT,PAID,2026-06-05 19:59:23,BR,BRL,2,8990,5.4139,16.61,0.75
DL-90000435,ORD-506130,PAYMENT,PAID,2026-06-06 07:30:28,MX,MXN,2,79900,18.1805,43.95,1.98
DL-90000555,ORD-506250,PAYMENT,PAID,2026-06-06 08:03:34,BR,BRL,2,3490,5.4139,6.45,0.29
DL-90000049,ORD-505744,PAYMENT,PAID,2026-06-06 08:17:35,MX,MXN,2,12900,18.1805,7.10,0.32
DL-90000192,ORD-505887,PAYMENT,PAID,2026-06-06 08:54:57,BR,BRL,2,3490,5.4139,6.45,0.29
DL-90000059,ORD-505754,PAYMENT,PAID,2026-06-06 09:22:45,MX,MXN,2,79900,18.1805,43.95,1.98
DL-90000695,ORD-506390,PAYMENT,REJECTED,2026-06-06 09:33:30,BR,BRL,2,3490,5.4139,6.45,0.29
DL-90000117,ORD-505812,PAYMENT,PAID,2026-06-06 09:40:07,CO,COP,2,19990000,3984.0637,50.17,2.26
DL-90000651,ORD-506346,PAYMENT,PAID,2026-06-06 10:12:48,BR,BRL,2,3490,5.4139,6.45,0.29
DL-90000924,ORD-506619,PAYMENT,PAID,2026-06-06 10:13:00,BR,BRL,2,19990,5.4139,36.92,1.66
DL-90000437,ORD-506132,PAYMENT,PAID,2026-06-06 10:18:41,MX,MXN,2,12900,18.1805,7.10,0.32
DL-90000389,ORD-506084,PAYMENT,PAID,2026-06-06 10:53:46,MX,MXN,2,5900,18.1805,3.25,0.15
DL-90000833,ORD-506528,PAYMENT,PAID,2026-06-06 10:59:14,BR,BRL,2,3490,5.4139,6.45,0.29
DL-90000913,ORD-506608,PAYMENT,PAID,2026-06-06 11:16:21,BR,BRL,2,8990,5.4139,16.61,0.75
DL-90000301,ORD-505996,PAYMENT,REJECTED,2026-06-06 11:22:47,BR,BRL,2,3490,5.4139,6.45,0.29
DL-90000867,ORD-506562,PAYMENT,PAID,2026-06-06 12:10:36,BR,BRL,2,3490,5.4139,6.45,0.29
DL-90001073,ORD-506768,PAYMENT,PAID,2026-06-06 12:10:37,BR,BRL,2,3490,5.4139,6.45,0.29
DL-90000092,ORD-505787,PAYMENT,PAID,2026-06-06 12:14:24,CO,COP,2,2990000,3984.0637,7.50,0.34
DL-90000819,ORD-506514,PAYMENT,PAID,2026-06-06 12:15:27,CO,COP,2,2990000,3984.0637,7.50,0.34
DL-90000621,ORD-506316,PAYMENT,PAID,2026-06-06 12:16:59,CL,CLP,0,3990,939.8496,4.25,0.19
DL-90001217,ORD-506912,PAYMENT,PAID,2026-06-06 13:53:02,MX,MXN,2,79900,18.1805,43.95,1.98
DL-90000606,ORD-506301,PAYMENT,PAID,2026-06-06 14:21:12,MX,MXN,2,32900,18.1805,18.10,0.81
DL-90001314,ORD-507807,PAYMENT,PAID,2026-06-06 14:26:00,BR,BRL,2,19990,5.4139,36.92,1.66
DL-90000678,ORD-506373,PAYMENT,PAID,2026-06-06 14:53:06,MX,MXN,2,12900,18.1805,7.10,0.32
DL-90000036,ORD-505731,PAYMENT,REJECTED,2026-06-06 15:00:59,CO,COP,2,7990000,3984.0637,20.05,0.90
DL-90000157,ORD-505852,PAYMENT,PAID,2026-06-06 15:01:59,AR,ARS,2,599900,1190.4762,5.04,0.23
DL-90001035,ORD-506730,PAYMENT,PAID,2026-06-06 15:24:50,BR,BRL,2,8990,5.4139,16.61,0.75
DL-90000063,ORD-505758,PAYMENT,PAID,2026-06-06 16:00:52,CO,COP,2,7990000,3984.0637,20.05,0.90
DL-90000635,ORD-506330,PAYMENT,PAID,2026-06-06 16:31:41,MX,MXN,2,12900,18.1805,7.10,0.32
DL-90001142,ORD-506837,PAYMENT,PAID,2026-06-06 16:53:59,MX,MXN,2,79900,18.1805,43.95,1.98
DL-90000166,ORD-505861,PAYMENT,PAID,2026-06-06 17:12:58,BR,BRL,2,19990,5.4139,36.92,1.66
DL-90000498,ORD-506193,PAYMENT,PAID,2026-06-06 17:31:31,AR,ARS,2,1599900,1190.4762,13.44,0.60
DL-90000686,ORD-506381,PAYMENT,PAID,2026-06-06 17:36:46,MX,MXN,2,32900,18.1805,18.10,0.81
DL-90000026,ORD-505721,PAYMENT,PAID,2026-06-06 17:39:26,BR,BRL,2,19990,5.4139,36.92,1.66
DL-90001010,ORD-506705,PAYMENT,PAID,2026-06-06 18:21:57,BR,BRL,2,3490,5.4139,6.45,0.29
DL-90000759,ORD-506454,PAYMENT,PAID,2026-06-06 18:47:06,MX,MXN,2,12900,18.1805,7.10,0.32
DL-90000175,ORD-505870,PAYMENT,PAID,2026-06-06 18:59:51,AR,ARS,2,599900,1190.4762,5.04,0.23
DL-90000512,ORD-506207,PAYMENT,PAID,2026-06-06 19:10:36,CO,COP,2,2990000,3984.0637,7.50,0.34
DL-90000521,ORD-506216,PAYMENT,PAID,2026-06-06 19:27:51,BR,BRL,2,3490,5.4139,6.45,0.29
DL-90000858,ORD-506553,PAYMENT,PAID,2026-06-06 19:39:47,BR,BRL,2,8990,5.4139,16.61,0.75
DL-90000524,ORD-506219,PAYMENT,REJECTED,2026-06-07 07:07:57,BR,BRL,2,8990,5.4139,16.61,0.75
DL-90000896,ORD-506591,PAYMENT,PAID,2026-06-07 07:29:46,AR,ARS,2,599900,1190.4762,5.04,0.23
DL-90000890,ORD-506585,PAYMENT,PAID,2026-06-07 08:08:17,CO,COP,2,19990000,3984.0637,50.17,2.26
DL-90001148,ORD-506843,PAYMENT,PAID,2026-06-07 08:19:54,MX,MXN,2,32900,18.1805,18.10,0.81
DL-90000382,ORD-506077,PAYMENT,PAID,2026-06-07 08:57:24,BR,BRL,2,1690,5.4139,3.12,0.14
DL-90000105,ORD-505800,PAYMENT,PAID,2026-06-07 09:34:03,AR,ARS,2,3999900,1190.4762,33.60,1.51
DL-90000630,ORD-506325,PAYMENT,PAID,2026-06-07 09:35:56,BR,BRL,2,8990,5.4139,16.61,0.75
DL-90000912,ORD-506607,PAYMENT,REJECTED,2026-06-07 09:36:26,MX,MXN,2,12900,18.1805,7.10,0.32
DL-90001003,ORD-506698,PAYMENT,PAID,2026-06-07 09:56:50,CL,CLP,0,6990,939.8496,7.44,0.33
DL-90001227,ORD-506922,PAYMENT,PAID,2026-06-07 10:12:44,CL,CLP,0,6990,939.8496,7.44,0.33
DL-90000207,ORD-505902,PAYMENT,PAID,2026-06-07 10:47:15,BR,BRL,2,3490,5.4139,6.45,0.29
DL-90000709,ORD-506404,PAYMENT,PAID,2026-06-07 10:51:03,AR,ARS,2,599900,1190.4762,5.04,0.23
DL-90000377,ORD-506072,PAYMENT,PAID,2026-06-07 10:52:26,BR,BRL,2,8990,5.4139,16.61,0.75
DL-90001008,ORD-506703,PAYMENT,PAID,2026-06-07 11:22:59,BR,BRL,2,3490,5.4139,6.45,0.29
DL-90000142,ORD-505837,PAYMENT,PAID,2026-06-07 11:34:32,BR,BRL,2,1690,5.4139,3.12,0.14
DL-90000040,ORD-505735,PAYMENT,PAID,2026-06-07 11:45:51,AR,ARS,2,1599900,1190.4762,13.44,0.60
DL-90001128,ORD-506823,PAYMENT,PAID,2026-06-07 11:48:33,AR,ARS,2,1599900,1190.4762,13.44,0.60
DL-90000411,ORD-506106,PAYMENT,PAID,2026-06-07 11:52:08,BR,BRL,2,3490,5.4139,6.45,0.29
DL-90001180,ORD-506875,PAYMENT,PAID,2026-06-07 12:01:06,BR,BRL,2,8990,5.4139,16.61,0.75
DL-90000195,ORD-505890,PAYMENT,PAID,2026-06-07 12:08:12,CO,COP,2,7990000,3984.0637,20.05,0.90
DL-90001187,ORD-506882,PAYMENT,PAID,2026-06-07 12:27:09,AR,ARS,2,1599900,1190.4762,13.44,0.60
DL-90001246,ORD-506941,PAYMENT,PAID,2026-06-07 12:46:08,BR,BRL,2,1690,5.4139,3.12,0.14
DL-90000373,ORD-506068,PAYMENT,PAID,2026-06-07 13:16:30,BR,BRL,2,8990,5.4139,16.61,0.75
DL-90000854,ORD-506549,PAYMENT,PAID,2026-06-07 13:24:49,BR,BRL,2,19990,5.4139,36.92,1.66
DL-90000815,ORD-506510,PAYMENT,PAID,2026-06-07 13:41:10,CL,CLP,0,6990,939.8496,7.44,0.33
DL-90000259,ORD-505954,PAYMENT,PAID,2026-06-07 14:03:27,BR,BRL,2,3490,5.4139,6.45,0.29
DL-90000057,ORD-505752,PAYMENT,PAID,2026-06-07 14:13:57,MX,MXN,2,12900,18.1805,7.10,0.32
DL-90000726,ORD-506421,PAYMENT,PAID,2026-06-07 14:14:01,MX,MXN,2,12900,18.1805,7.10,0.32
DL-90000372,ORD-506067,PAYMENT,PAID,2026-06-07 14:20:32,AR,ARS,2,599900,1190.4762,5.04,0.23
DL-90000398,ORD-506093,PAYMENT,PAID,2026-06-07 14:35:48,MX,MXN,2,12900,18.1805,7.10,0.32
DL-90000816,ORD-506511,PAYMENT,PAID,2026-06-07 14:48:00,MX,MXN,2,12900,18.1805,7.10,0.32
DL-90000060,ORD-505755,PAYMENT,PAID,2026-06-07 16:04:23,BR,BRL,2,19990,5.4139,36.92,1.66
DL-90000330,ORD-506025,PAYMENT,PAID,2026-06-07 16:22:37,MX,MXN,2,32900,18.1805,18.10,0.81
DL-90000973,ORD-506668,PAYMENT,PAID,2026-06-07 16:23:38,BR,BRL,2,19990,5.4139,36.92,1.66
DL-90000573,ORD-506268,PAYMENT,PAID,2026-06-07 16:28:10,CL,CLP,0,6990,939.8496,7.44,0.33
DL-90000145,ORD-505840,PAYMENT,PAID,2026-06-07 16:30:14,BR,BRL,2,3490,5.4139,6.45,0.29
DL-90001095,ORD-506790,PAYMENT,PAID,2026-06-07 16:30:22,BR,BRL,2,3490,5.4139,6.45,0.29
DL-90000905,ORD-506600,PAYMENT,PAID,2026-06-07 16:33:36,BR,BRL,2,3490,5.4139,6.45,0.29
DL-90001022,ORD-506717,PAYMENT,PAID,2026-06-07 16:57:15,BR,BRL,2,3490,5.4139,6.45,0.29
DL-90000383,ORD-506078,PAYMENT,PAID,2026-06-07 17:01:29,BR,BRL,2,3490,5.4139,6.45,0.29
DL-90000706,ORD-506401,PAYMENT,PAID,2026-06-07 17:37:45,BR,BRL,2,3490,5.4139,6.45,0.29
DL-90000873,ORD-506568,PAYMENT,PAID,2026-06-07 17:41:21,MX,MXN,2,32900,18.1805,18.10,0.81
DL-90000173,ORD-505868,PAYMENT,PAID,2026-06-07 17:54:22,CO,COP,2,2990000,3984.0637,7.50,0.34
DL-90001188,ORD-506883,PAYMENT,PAID,2026-06-07 18:06:40,MX,MXN,2,12900,18.1805,7.10,0.32
DL-90001152,ORD-506847,PAYMENT,PAID,2026-06-07 18:08:06,BR,BRL,2,3490,5.4139,6.45,0.29
DL-90000987,ORD-506682,PAYMENT,PAID,2026-06-07 18:30:03,MX,MXN,2,12900,18.1805,7.10,0.32
DL-90000470,ORD-506165,PAYMENT,PAID,2026-06-07 18:52:56,BR,BRL,2,3490,5.4139,6.45,0.29
DL-90000758,ORD-506453,PAYMENT,PAID,2026-06-07 19:29:32,MX,MXN,2,12900,18.1805,7.10,0.32
DL-90000391,ORD-506086,PAYMENT,PAID,2026-06-07 19:36:59,BR,BRL,2,3490,5.4139,6.45,0.29
DL-90000397,ORD-506092,PAYMENT,PAID,2026-06-07 19:45:47,BR,BRL,2,3490,5.4139,6.45,0.29
DL-90000669,ORD-506364,PAYMENT,PAID,2026-06-07 19:59:05,AR,ARS,2,599900,1190.4762,5.04,0.23
DL-90001006,ORD-506701,PAYMENT,PAID,2026-06-07 20:16:23,BR,BRL,2,8990,5.4139,16.61,0.75
DL-90000670,ORD-506365,PAYMENT,PAID,2026-06-08 08:24:13,AR,ARS,2,599900,1189.0606,5.05,0.23
DL-90000217,ORD-505912,PAYMENT,PAID,2026-06-08 08:55:05,BR,BRL,2,3490,5.4233,6.44,0.29
DL-90000387,ORD-506082,PAYMENT,PAID,2026-06-08 09:01:01,BR,BRL,2,3490,5.4233,6.44,0.29
DL-90000876,ORD-506571,PAYMENT,PAID,2026-06-08 09:05:14,MX,MXN,2,79900,18.1475,44.03,1.98
DL-90000293,ORD-505988,PAYMENT,PAID,2026-06-08 09:21:00,CO,COP,2,2990000,4000.0000,7.48,0.34
DL-90001228,ORD-506923,PAYMENT,PAID,2026-06-08 09:21:11,CL,CLP,0,6990,939.8496,7.44,0.33
DL-90000590,ORD-506285,PAYMENT,PAID,2026-06-08 09:55:21,BR,BRL,2,1690,5.4233,3.12,0.14
DL-90000589,ORD-506284,PAYMENT,PAID,2026-06-08 10:00:24,MX,MXN,2,5900,18.1475,3.25,0.15
DL-90001214,ORD-506909,PAYMENT,PAID,2026-06-08 10:03:47,CL,CLP,0,44990,939.8496,47.87,2.15
DL-90000005,ORD-505700,PAYMENT,PAID,2026-06-08 10:24:31,BR,BRL,2,3490,5.4233,6.44,0.29
DL-90000544,ORD-506239,PAYMENT,PAID,2026-06-08 10:58:36,CO,COP,2,2990000,4000.0000,7.48,0.34
DL-90001048,ORD-506743,PAYMENT,PAID,2026-06-08 11:43:50,AR,ARS,2,599900,1189.0606,5.05,0.23
DL-90000308,ORD-506003,PAYMENT,PAID,2026-06-08 11:52:15,BR,BRL,2,3490,5.4233,6.44,0.29
DL-90001177,ORD-506872,PAYMENT,PAID,2026-06-08 11:52:28,CO,COP,2,1290000,4000.0000,3.23,0.15
DL-90000326,ORD-506021,PAYMENT,PAID,2026-06-08 11:52:40,BR,BRL,2,3490,5.4233,6.44,0.29
DL-90000894,ORD-506589,PAYMENT,PAID,2026-06-08 11:57:30,BR,BRL,2,3490,5.4233,6.44,0.29
DL-90000592,ORD-506287,PAYMENT,PAID,2026-06-08 12:36:18,BR,BRL,2,19990,5.4233,36.86,1.66
DL-90000628,ORD-506323,PAYMENT,PAID,2026-06-08 12:58:03,BR,BRL,2,19990,5.4233,36.86,1.66
DL-90000539,ORD-506234,PAYMENT,PAID,2026-06-08 13:06:15,MX,MXN,2,12900,18.1475,7.11,0.32
DL-90000916,ORD-506611,PAYMENT,PAID,2026-06-08 13:08:39,BR,BRL,2,3490,5.4233,6.44,0.29
DL-90000566,ORD-506261,PAYMENT,PAID,2026-06-08 13:20:31,CL,CLP,0,17990,939.8496,19.14,0.86
DL-90000492,ORD-506187,PAYMENT,PAID,2026-06-08 13:24:15,MX,MXN,2,12900,18.1475,7.11,0.32
DL-90000138,ORD-505833,PAYMENT,PAID,2026-06-08 13:34:50,MX,MXN,2,12900,18.1475,7.11,0.32
DL-90000352,ORD-506047,PAYMENT,PAID,2026-06-08 13:41:21,BR,BRL,2,3490,5.4233,6.44,0.29
DL-90001052,ORD-506747,PAYMENT,REJECTED,2026-06-08 14:09:52,BR,BRL,2,19990,5.4233,36.86,1.66
DL-90000111,ORD-505806,PAYMENT,PAID,2026-06-08 14:17:18,CO,COP,2,7990000,4000.0000,19.98,0.90
DL-90000369,ORD-506064,PAYMENT,PAID,2026-06-08 14:28:47,MX,MXN,2,12900,18.1475,7.11,0.32
DL-90000703,ORD-506398,PAYMENT,PAID,2026-06-08 14:36:52,MX,MXN,2,32900,18.1475,18.13,0.82
DL-90000693,ORD-506388,PAYMENT,PAID,2026-06-08 15:01:35,BR,BRL,2,1690,5.4233,3.12,0.14
DL-90001019,ORD-506714,PAYMENT,PAID,2026-06-08 15:23:18,CL,CLP,0,6990,939.8496,7.44,0.33
DL-90000932,ORD-506627,PAYMENT,PAID,2026-06-08 15:46:40,CL,CLP,0,17990,939.8496,19.14,0.86
DL-90000393,ORD-506088,PAYMENT,REJECTED,2026-06-08 15:50:53,BR,BRL,2,3490,5.4233,6.44,0.29
DL-90000866,ORD-506561,PAYMENT,PAID,2026-06-08 15:53:01,BR,BRL,2,3490,5.4233,6.44,0.29
DL-90001236,ORD-506931,PAYMENT,PAID,2026-06-08 16:13:35,BR,BRL,2,8990,5.4233,16.58,0.75
DL-90001208,ORD-506903,PAYMENT,PAID,2026-06-08 16:17:37,BR,BRL,2,8990,5.4233,16.58,0.75
DL-90000804,ORD-506499,PAYMENT,PAID,2026-06-08 16:53:04,BR,BRL,2,1690,5.4233,3.12,0.14
DL-90000420,ORD-506115,PAYMENT,PAID,2026-06-08 16:54:40,CL,CLP,0,6990,939.8496,7.44,0.33
DL-90000972,ORD-506667,PAYMENT,PAID,2026-06-08 17:08:37,MX,MXN,2,12900,18.1475,7.11,0.32
DL-90000920,ORD-506615,PAYMENT,PAID,2026-06-08 19:01:09,BR,BRL,2,3490,5.4233,6.44,0.29
DL-90000869,ORD-506564,PAYMENT,PAID,2026-06-08 19:16:18,BR,BRL,2,8990,5.4233,16.58,0.75
DL-90000882,ORD-506577,PAYMENT,PAID,2026-06-08 19:17:14,BR,BRL,2,3490,5.4233,6.44,0.29
DL-90000347,ORD-506042,PAYMENT,PAID,2026-06-08 19:18:21,BR,BRL,2,8990,5.4233,16.58,0.75
DL-90000414,ORD-506109,PAYMENT,PAID,2026-06-08 19:34:06,BR,BRL,2,8990,5.4233,16.58,0.75
DL-90001054,ORD-506749,PAYMENT,REJECTED,2026-06-09 07:24:10,CL,CLP,0,17990,938.9671,19.16,0.86
DL-90000860,ORD-506555,PAYMENT,PAID,2026-06-09 08:06:57,CO,COP,2,7990000,4016.0643,19.90,0.90
DL-90000119,ORD-505814,PAYMENT,REJECTED,2026-06-09 08:35:58,BR,BRL,2,3490,5.4157,6.44,0.29
DL-90001191,ORD-506886,PAYMENT,PAID,2026-06-09 09:05:33,BR,BRL,2,3490,5.4157,6.44,0.29
DL-90000128,ORD-505823,PAYMENT,PAID,2026-06-09 10:00:12,BR,BRL,2,8990,5.4157,16.60,0.75
DL-90001311,ORD-507789,PAYMENT,PAID,2026-06-09 10:08:00,BR,BRL,2,8990,5.4157,16.60,0.75
DL-90000028,ORD-505723,PAYMENT,PAID,2026-06-09 10:19:45,MX,MXN,2,79900,18.0871,44.18,1.99
DL-90000162,ORD-505857,PAYMENT,PAID,2026-06-09 10:22:02,CL,CLP,0,44990,938.9671,47.91,2.16
DL-90000574,ORD-506269,PAYMENT,PAID,2026-06-09 10:22:36,MX,MXN,2,79900,18.0871,44.18,1.99
DL-90000499,ORD-506194,PAYMENT,PAID,2026-06-09 10:27:38,AR,ARS,2,599900,1191.8951,5.03,0.23
DL-90000569,ORD-506264,PAYMENT,PAID,2026-06-09 11:17:50,BR,BRL,2,3490,5.4157,6.44,0.29
DL-90000508,ORD-506203,PAYMENT,PAID,2026-06-09 11:41:25,BR,BRL,2,8990,5.4157,16.60,0.75
DL-90000822,ORD-506517,PAYMENT,PAID,2026-06-09 12:39:36,BR,BRL,2,8990,5.4157,16.60,0.75
DL-90000232,ORD-505927,PAYMENT,PAID,2026-06-09 13:43:22,CL,CLP,0,17990,938.9671,19.16,0.86
DL-90000360,ORD-506055,PAYMENT,PAID,2026-06-09 14:00:51,CL,CLP,0,3990,938.9671,4.25,0.19
DL-90000679,ORD-506374,PAYMENT,PAID,2026-06-09 14:13:39,MX,MXN,2,79900,18.0871,44.18,1.99
DL-90000985,ORD-506680,PAYMENT,PAID,2026-06-09 14:23:41,MX,MXN,2,12900,18.0871,7.13,0.32
DL-90000636,ORD-506331,PAYMENT,PAID,2026-06-09 14:29:06,AR,ARS,2,599900,1191.8951,5.03,0.23
DL-90000710,ORD-506405,PAYMENT,PAID,2026-06-09 14:36:18,BR,BRL,2,3490,5.4157,6.44,0.29
DL-90001079,ORD-506774,PAYMENT,PAID,2026-06-09 14:39:52,BR,BRL,2,8990,5.4157,16.60,0.75
DL-90000286,ORD-505981,PAYMENT,PAID,2026-06-09 14:42:40,MX,MXN,2,12900,18.0871,7.13,0.32
DL-90000009,ORD-505704,PAYMENT,REJECTED,2026-06-09 15:05:16,BR,BRL,2,3490,5.4157,6.44,0.29
DL-90001134,ORD-506829,PAYMENT,PAID,2026-06-09 15:18:39,MX,MXN,2,32900,18.0871,18.19,0.82
DL-90000023,ORD-505718,PAYMENT,PAID,2026-06-09 15:22:00,AR,ARS,2,3999900,1191.8951,33.56,1.51
DL-90000346,ORD-506041,PAYMENT,PAID,2026-06-09 15:25:12,CL,CLP,0,44990,938.9671,47.91,2.16
DL-90000260,ORD-505955,PAYMENT,PAID,2026-06-09 15:45:18,MX,MXN,2,12900,18.0871,7.13,0.32
DL-90000519,ORD-506214,PAYMENT,PAID,2026-06-09 16:04:19,CL,CLP,0,17990,938.9671,19.16,0.86
DL-90001212,ORD-506907,PAYMENT,PAID,2026-06-09 16:42:34,BR,BRL,2,3490,5.4157,6.44,0.29
DL-90000333,ORD-506028,PAYMENT,PAID,2026-06-09 16:43:33,MX,MXN,2,32900,18.0871,18.19,0.82
DL-90000152,ORD-505847,PAYMENT,PAID,2026-06-09 16:54:28,BR,BRL,2,3490,5.4157,6.44,0.29
DL-90000793,ORD-506488,PAYMENT,PAID,2026-06-09 17:00:43,BR,BRL,2,8990,5.4157,16.60,0.75
DL-90000878,ORD-506573,PAYMENT,PAID,2026-06-09 17:09:18,BR,BRL,2,3490,5.4157,6.44,0.29
DL-90000660,ORD-506355,PAYMENT,PAID,2026-06-09 17:20:07,CO,COP,2,2990000,4016.0643,7.45,0.34
DL-90000803,ORD-506498,PAYMENT,PAID,2026-06-09 17:45:29,MX,MXN,2,12900,18.0871,7.13,0.32
DL-90000106,ORD-505801,PAYMENT,PAID,2026-06-09 18:18:04,BR,BRL,2,3490,5.4157,6.44,0.29
DL-90001190,ORD-506885,PAYMENT,PAID,2026-06-09 18:43:47,BR,BRL,2,8990,5.4157,16.60,0.75
DL-90000901,ORD-506596,PAYMENT,PAID,2026-06-09 19:02:33,MX,MXN,2,12900,18.0871,7.13,0.32
DL-90000787,ORD-506482,PAYMENT,PAID,2026-06-09 19:13:25,AR,ARS,2,1599900,1191.8951,13.42,0.60
DL-90001086,ORD-506781,PAYMENT,PAID,2026-06-09 19:22:55,CO,COP,2,7990000,4016.0643,19.90,0.90
DL-90000634,ORD-506329,PAYMENT,PAID,2026-06-09 20:11:31,AR,ARS,2,599900,1191.8951,5.03,0.23
DL-90000644,ORD-506339,PAYMENT,REJECTED,2026-06-10 07:10:09,BR,BRL,2,1690,5.2482,3.22,0.14
DL-90000274,ORD-505969,PAYMENT,PAID,2026-06-10 07:39:10,MX,MXN,2,12900,18.0216,7.16,0.32
DL-90000672,ORD-506367,PAYMENT,PAID,2026-06-10 08:00:24,CL,CLP,0,6990,936.3296,7.47,0.34
DL-90001195,ORD-506890,PAYMENT,PAID,2026-06-10 08:34:28,BR,BRL,2,3490,5.2482,6.65,0.30
DL-90000006,ORD-505701,PAYMENT,PAID,2026-06-10 08:40:00,AR,ARS,2,599900,1193.3174,5.03,0.23
DL-90000430,ORD-506125,PAYMENT,REJECTED,2026-06-10 08:45:44,MX,MXN,2,32900,18.0216,18.26,0.82
DL-90000034,ORD-505729,PAYMENT,PAID,2026-06-10 09:05:23,CL,CLP,0,44990,936.3296,48.05,2.16
DL-90000130,ORD-505825,PAYMENT,PAID,2026-06-10 09:11:13,MX,MXN,2,12900,18.0216,7.16,0.32
DL-90000785,ORD-506480,PAYMENT,PAID,2026-06-10 10:02:02,BR,BRL,2,19990,5.2482,38.09,1.71
DL-90000038,ORD-505733,PAYMENT,PAID,2026-06-10 10:19:38,BR,BRL,2,3490,5.2482,6.65,0.30
DL-90000322,ORD-506017,PAYMENT,PAID,2026-06-10 10:55:30,CO,COP,2,7990000,4032.2581,19.82,0.89
DL-90000484,ORD-506179,PAYMENT,PAID,2026-06-10 11:01:07,CO,COP,2,19990000,4032.2581,49.58,2.23
DL-90000020,ORD-505715,PAYMENT,PAID,2026-06-10 11:12:30,MX,MXN,2,32900,18.0216,18.26,0.82
DL-90000585,ORD-506280,PAYMENT,PAID,2026-06-10 11:35:55,AR,ARS,2,599900,1193.3174,5.03,0.23
DL-90000623,ORD-506318,PAYMENT,PAID,2026-06-10 11:42:14,BR,BRL,2,3490,5.2482,6.65,0.30
DL-90000881,ORD-506576,PAYMENT,PAID,2026-06-10 12:06:12,BR,BRL,2,3490,5.2482,6.65,0.30
DL-90000238,ORD-505933,PAYMENT,PAID,2026-06-10 12:10:13,BR,BRL,2,8990,5.2482,17.13,0.77
DL-90001149,ORD-506844,PAYMENT,PAID,2026-06-10 12:24:51,BR,BRL,2,19990,5.2482,38.09,1.71
DL-90000707,ORD-506402,PAYMENT,PAID,2026-06-10 12:45:40,CL,CLP,0,44990,936.3296,48.05,2.16
DL-90000692,ORD-506387,PAYMENT,REJECTED,2026-06-10 13:01:30,BR,BRL,2,19990,5.2482,38.09,1.71
DL-90000792,ORD-506487,PAYMENT,REJECTED,2026-06-10 13:08:50,BR,BRL,2,8990,5.2482,17.13,0.77
DL-90000048,ORD-505743,PAYMENT,PAID,2026-06-10 13:43:38,MX,MXN,2,12900,18.0216,7.16,0.32
DL-90000433,ORD-506128,PAYMENT,PAID,2026-06-10 14:04:45,CL,CLP,0,6990,936.3296,7.47,0.34
DL-90000608,ORD-506303,PAYMENT,PAID,2026-06-10 14:35:10,CL,CLP,0,6990,936.3296,7.47,0.34
DL-90000954,ORD-506649,PAYMENT,PAID,2026-06-10 14:35:30,CL,CLP,0,6990,936.3296,7.47,0.34
DL-90000981,ORD-506676,PAYMENT,PAID,2026-06-10 14:41:18,CL,CLP,0,17990,936.3296,19.21,0.86
DL-90000827,ORD-506522,PAYMENT,PAID,2026-06-10 15:02:42,BR,BRL,2,3490,5.2482,6.65,0.30
DL-90000080,ORD-505775,PAYMENT,PAID,2026-06-10 15:28:20,AR,ARS,2,599900,1193.3174,5.03,0.23
DL-90001308,ORD-507778,PAYMENT,PAID,2026-06-10 15:33:00,BR,BRL,2,8990,5.2482,17.13,0.77
DL-90000947,ORD-506642,PAYMENT,PAID,2026-06-10 15:39:07,CL,CLP,0,6990,936.3296,7.47,0.34
DL-90000050,ORD-505745,PAYMENT,REJECTED,2026-06-10 15:52:00,CO,COP,2,2990000,4032.2581,7.42,0.33
DL-90000447,ORD-506142,PAYMENT,PAID,2026-06-10 16:00:13,MX,MXN,2,5900,18.0216,3.27,0.15
DL-90001136,ORD-506831,PAYMENT,PAID,2026-06-10 16:21:20,MX,MXN,2,32900,18.0216,18.26,0.82
DL-90000176,ORD-505871,PAYMENT,PAID,2026-06-10 16:21:32,BR,BRL,2,3490,5.2482,6.65,0.30
DL-90000701,ORD-506396,PAYMENT,PAID,2026-06-10 16:48:33,CL,CLP,0,17990,936.3296,19.21,0.86
DL-90000345,ORD-506040,PAYMENT,PAID,2026-06-10 17:05:52,BR,BRL,2,8990,5.2482,17.13,0.77
DL-90000728,ORD-506423,PAYMENT,PAID,2026-06-10 17:45:25,CO,COP,2,19990000,4032.2581,49.58,2.23
DL-90000280,ORD-505975,PAYMENT,PAID,2026-06-10 17:48:11,MX,MXN,2,32900,18.0216,18.26,0.82
DL-90000579,ORD-506274,PAYMENT,PAID,2026-06-10 17:54:15,CL,CLP,0,6990,936.3296,7.47,0.34
DL-90000205,ORD-505900,PAYMENT,PAID,2026-06-10 17:56:50,BR,BRL,2,19990,5.2482,38.09,1.71
DL-90000341,ORD-506036,PAYMENT,PAID,2026-06-10 18:03:20,CL,CLP,0,6990,936.3296,7.47,0.34
DL-90000266,ORD-505961,PAYMENT,PAID,2026-06-10 18:06:00,MX,MXN,2,12900,18.0216,7.16,0.32
DL-90000099,ORD-505794,PAYMENT,PAID,2026-06-10 18:39:28,MX,MXN,2,12900,18.0216,7.16,0.32
DL-90000991,ORD-506686,PAYMENT,PAID,2026-06-10 18:57:42,BR,BRL,2,8990,5.2482,17.13,0.77
DL-90000054,ORD-505749,PAYMENT,PAID,2026-06-10 19:21:46,MX,MXN,2,12900,18.0216,7.16,0.32
DL-90000982,ORD-506677,PAYMENT,PAID,2026-06-10 19:22:35,MX,MXN,2,12900,18.0216,7.16,0.32
DL-90001147,ORD-506842,PAYMENT,PAID,2026-06-10 19:35:34,BR,BRL,2,3490,5.2482,6.65,0.30
DL-90000094,ORD-505789,PAYMENT,PAID,2026-06-11 07:32:10,BR,BRL,2,1690,5.3906,3.14,0.14
DL-90000675,ORD-506370,PAYMENT,PAID,2026-06-11 08:06:30,BR,BRL,2,1690,5.3906,3.14,0.14
DL-90000112,ORD-505807,PAYMENT,PAID,2026-06-11 08:13:01,CO,COP,2,2990000,4048.5830,7.39,0.33
DL-90000182,ORD-505877,PAYMENT,PAID,2026-06-11 08:22:47,BR,BRL,2,3490,5.3906,6.47,0.29
DL-90000116,ORD-505811,PAYMENT,PAID,2026-06-11 08:28:03,MX,MXN,2,12900,18.0796,7.14,0.32
DL-90000350,ORD-506045,PAYMENT,PAID,2026-06-11 08:45:54,BR,BRL,2,8990,5.3906,16.68,0.75
DL-90000553,ORD-506248,PAYMENT,PAID,2026-06-11 08:50:06,CL,CLP,0,3990,938.0863,4.25,0.19
DL-90000593,ORD-506288,PAYMENT,PAID,2026-06-11 09:00:18,AR,ARS,2,599900,1194.7431,5.02,0.23
DL-90000480,ORD-506175,PAYMENT,REJECTED,2026-06-11 09:06:54,MX,MXN,2,32900,18.0796,18.20,0.82
DL-90000832,ORD-506527,PAYMENT,PAID,2026-06-11 09:24:55,AR,ARS,2,599900,1194.7431,5.02,0.23
DL-90000807,ORD-506502,PAYMENT,PAID,2026-06-11 09:31:42,BR,BRL,2,8990,5.3906,16.68,0.75
DL-90000730,ORD-506425,PAYMENT,PAID,2026-06-11 09:57:40,BR,BRL,2,3490,5.3906,6.47,0.29
DL-90001098,ORD-506793,PAYMENT,PAID,2026-06-11 10:06:20,CL,CLP,0,6990,938.0863,7.45,0.34
DL-90000215,ORD-505910,PAYMENT,PAID,2026-06-11 10:39:37,CL,CLP,0,6990,938.0863,7.45,0.34
DL-90000410,ORD-506105,PAYMENT,REJECTED,2026-06-11 11:21:05,MX,MXN,2,12900,18.0796,7.14,0.32
DL-90000449,ORD-506144,PAYMENT,PAID,2026-06-11 11:36:25,CO,COP,2,2990000,4048.5830,7.39,0.33
DL-90000143,ORD-505838,PAYMENT,PAID,2026-06-11 11:42:30,MX,MXN,2,12900,18.0796,7.14,0.32
DL-90000110,ORD-505805,PAYMENT,PAID,2026-06-11 11:58:30,BR,BRL,2,3490,5.3906,6.47,0.29
DL-90000658,ORD-506353,PAYMENT,PAID,2026-06-11 12:16:12,BR,BRL,2,3490,5.3906,6.47,0.29
DL-90000667,ORD-506362,PAYMENT,PAID,2026-06-11 12:39:50,MX,MXN,2,79900,18.0796,44.19,1.99
DL-90001161,ORD-506856,PAYMENT,PAID,2026-06-11 12:42:33,CL,CLP,0,6990,938.0863,7.45,0.34
DL-90001218,ORD-506913,PAYMENT,REJECTED,2026-06-11 12:43:51,BR,BRL,2,3490,5.3906,6.47,0.29
DL-90001141,ORD-506836,PAYMENT,PAID,2026-06-11 12:52:38,BR,BRL,2,8990,5.3906,16.68,0.75
DL-90000336,ORD-506031,PAYMENT,PAID,2026-06-11 13:12:44,CL,CLP,0,17990,938.0863,19.18,0.86
DL-90001057,ORD-506752,PAYMENT,PAID,2026-06-11 13:15:27,BR,BRL,2,8990,5.3906,16.68,0.75
DL-90001171,ORD-506866,PAYMENT,PAID,2026-06-11 13:24:25,CL,CLP,0,17990,938.0863,19.18,0.86
DL-90001055,ORD-506750,PAYMENT,REJECTED,2026-06-11 13:40:32,MX,MXN,2,12900,18.0796,7.14,0.32
DL-90000033,ORD-505728,PAYMENT,PAID,2026-06-11 13:43:10,BR,BRL,2,3490,5.3906,6.47,0.29
DL-90000846,ORD-506541,PAYMENT,PAID,2026-06-11 14:00:03,BR,BRL,2,3490,5.3906,6.47,0.29
DL-90001206,ORD-506901,PAYMENT,PAID,2026-06-11 14:16:18,BR,BRL,2,19990,5.3906,37.08,1.67
DL-90000998,ORD-506693,PAYMENT,PAID,2026-06-11 14:53:37,MX,MXN,2,32900,18.0796,18.20,0.82
DL-90001181,ORD-506876,PAYMENT,PAID,2026-06-11 15:02:09,BR,BRL,2,3490,5.3906,6.47,0.29
DL-90001130,ORD-506825,PAYMENT,PAID,2026-06-11 15:02:24,BR,BRL,2,8990,5.3906,16.68,0.75
DL-90000668,ORD-506363,PAYMENT,PAID,2026-06-11 15:17:42,BR,BRL,2,19990,5.3906,37.08,1.67
DL-90001224,ORD-506919,PAYMENT,PAID,2026-06-11 15:22:40,BR,BRL,2,3490,5.3906,6.47,0.29
DL-90000202,ORD-505897,PAYMENT,PAID,2026-06-11 15:33:22,BR,BRL,2,3490,5.3906,6.47,0.29
DL-90000448,ORD-506143,PAYMENT,PAID,2026-06-11 15:34:52,MX,MXN,2,5900,18.0796,3.26,0.15
DL-90000705,ORD-506400,PAYMENT,PAID,2026-06-11 15:35:36,BR,BRL,2,3490,5.3906,6.47,0.29
DL-90000088,ORD-505783,PAYMENT,PAID,2026-06-11 15:58:56,BR,BRL,2,3490,5.3906,6.47,0.29
DL-90001175,ORD-506870,PAYMENT,PAID,2026-06-11 16:00:30,AR,ARS,2,259900,1194.7431,2.18,0.10
DL-90000131,ORD-505826,PAYMENT,PAID,2026-06-11 16:03:17,MX,MXN,2,79900,18.0796,44.19,1.99
DL-90000220,ORD-505915,PAYMENT,PAID,2026-06-11 16:16:35,MX,MXN,2,12900,18.0796,7.14,0.32
DL-90000090,ORD-505785,PAYMENT,PAID,2026-06-11 16:40:23,CO,COP,2,2990000,4048.5830,7.39,0.33
DL-90001223,ORD-506918,PAYMENT,PAID,2026-06-11 16:41:26,BR,BRL,2,3490,5.3906,6.47,0.29
DL-90000914,ORD-506609,PAYMENT,PAID,2026-06-11 16:55:31,BR,BRL,2,3490,5.3906,6.47,0.29
DL-90000687,ORD-506382,PAYMENT,PAID,2026-06-11 17:05:51,BR,BRL,2,19990,5.3906,37.08,1.67
DL-90000817,ORD-506512,PAYMENT,PAID,2026-06-11 17:52:21,BR,BRL,2,3490,5.3906,6.47,0.29
DL-90000224,ORD-505919,PAYMENT,PAID,2026-06-11 18:18:13,BR,BRL,2,8990,5.3906,16.68,0.75
DL-90001018,ORD-506713,PAYMENT,PAID,2026-06-11 18:23:55,MX,MXN,2,32900,18.0796,18.20,0.82
DL-90000501,ORD-506196,PAYMENT,REJECTED,2026-06-11 18:44:21,CO,COP,2,19990000,4048.5830,49.38,2.22
DL-90000578,ORD-506273,PAYMENT,PAID,2026-06-11 18:47:56,AR,ARS,2,599900,1194.7431,5.02,0.23
DL-90000235,ORD-505930,PAYMENT,PAID,2026-06-11 19:47:44,BR,BRL,2,3490,5.3906,6.47,0.29
DL-90001014,ORD-506709,PAYMENT,PAID,2026-06-11 19:59:17,AR,ARS,2,259900,1194.7431,2.18,0.10
DL-90000007,ORD-505702,PAYMENT,PAID,2026-06-12 07:32:52,BR,BRL,2,8990,5.4098,16.62,0.75
DL-90000075,ORD-505770,PAYMENT,PAID,2026-06-12 08:12:24,BR,BRL,2,3490,5.4098,6.45,0.29
DL-90000114,ORD-505809,PAYMENT,PAID,2026-06-12 08:41:21,MX,MXN,2,12900,18.0766,7.14,0.32
DL-90000084,ORD-505779,PAYMENT,PAID,2026-06-12 09:03:24,BR,BRL,2,19990,5.4098,36.95,1.66
DL-90000443,ORD-506138,PAYMENT,PAID,2026-06-12 09:04:46,BR,BRL,2,1690,5.4098,3.12,0.14
DL-90000039,ORD-505734,PAYMENT,PAID,2026-06-12 09:13:37,BR,BRL,2,3490,5.4098,6.45,0.29
DL-90000148,ORD-505843,PAYMENT,PAID,2026-06-12 09:33:48,MX,MXN,2,12900,18.0766,7.14,0.32
DL-90000772,ORD-506467,PAYMENT,PAID,2026-06-12 09:48:25,CO,COP,2,2990000,4065.0407,7.36,0.33
DL-90000662,ORD-506357,PAYMENT,PAID,2026-06-12 09:51:42,CL,CLP,0,6990,938.9671,7.44,0.33
DL-90000370,ORD-506065,PAYMENT,PAID,2026-06-12 10:18:32,AR,ARS,2,259900,1197.6048,2.17,0.10
DL-90000490,ORD-506185,PAYMENT,PAID,2026-06-12 11:04:19,MX,MXN,2,12900,18.0766,7.14,0.32
DL-90000381,ORD-506076,PAYMENT,PAID,2026-06-12 11:43:29,CO,COP,2,2990000,4065.0407,7.36,0.33
DL-90000198,ORD-505893,PAYMENT,PAID,2026-06-12 11:46:17,BR,BRL,2,3490,5.4098,6.45,0.29
DL-90000362,ORD-506057,PAYMENT,PAID,2026-06-12 12:20:15,MX,MXN,2,12900,18.0766,7.14,0.32
DL-90000489,ORD-506184,PAYMENT,PAID,2026-06-12 12:59:39,MX,MXN,2,12900,18.0766,7.14,0.32
DL-90000680,ORD-506375,PAYMENT,PAID,2026-06-12 12:59:46,BR,BRL,2,19990,5.4098,36.95,1.66
DL-90000596,ORD-506291,PAYMENT,PAID,2026-06-12 13:20:53,CO,COP,2,2990000,4065.0407,7.36,0.33
DL-90000514,ORD-506209,PAYMENT,PAID,2026-06-12 13:32:49,BR,BRL,2,19990,5.4098,36.95,1.66
DL-90001083,ORD-506778,PAYMENT,PAID,2026-06-12 13:52:31,MX,MXN,2,32900,18.0766,18.20,0.82
DL-90000591,ORD-506286,PAYMENT,PAID,2026-06-12 14:09:53,MX,MXN,2,12900,18.0766,7.14,0.32
DL-90001068,ORD-506763,PAYMENT,PAID,2026-06-12 14:51:46,BR,BRL,2,19990,5.4098,36.95,1.66
DL-90000086,ORD-505781,PAYMENT,PAID,2026-06-12 14:58:11,CL,CLP,0,17990,938.9671,19.16,0.86
DL-90000324,ORD-506019,PAYMENT,PAID,2026-06-12 15:11:55,MX,MXN,2,79900,18.0766,44.20,1.99
DL-90000637,ORD-506332,PAYMENT,PAID,2026-06-12 15:39:15,MX,MXN,2,5900,18.0766,3.26,0.15
DL-90000367,ORD-506062,PAYMENT,PAID,2026-06-12 15:52:38,BR,BRL,2,3490,5.4098,6.45,0.29
DL-90000580,ORD-506275,PAYMENT,PAID,2026-06-12 16:08:50,BR,BRL,2,3490,5.4098,6.45,0.29
DL-90000342,ORD-506037,PAYMENT,PAID,2026-06-12 16:57:14,BR,BRL,2,1690,5.4098,3.12,0.14
DL-90000962,ORD-506657,PAYMENT,PAID,2026-06-12 17:06:46,CL,CLP,0,6990,938.9671,7.44,0.33
DL-90001204,ORD-506899,PAYMENT,PAID,2026-06-12 17:07:40,BR,BRL,2,3490,5.4098,6.45,0.29
DL-90000077,ORD-505772,PAYMENT,PAID,2026-06-12 17:14:25,CO,COP,2,2990000,4065.0407,7.36,0.33
DL-90001047,ORD-506742,PAYMENT,PAID,2026-06-12 17:19:50,CO,COP,2,2990000,4065.0407,7.36,0.33
DL-90000748,ORD-506443,PAYMENT,PAID,2026-06-12 17:32:11,CL,CLP,0,17990,938.9671,19.16,0.86
DL-90000829,ORD-506524,PAYMENT,PAID,2026-06-12 17:36:54,AR,ARS,2,3999900,1197.6048,33.40,1.50
DL-90000976,ORD-506671,PAYMENT,PAID,2026-06-12 17:44:06,MX,MXN,2,12900,18.0766,7.14,0.32
DL-90000577,ORD-506272,PAYMENT,PAID,2026-06-12 18:22:07,BR,BRL,2,3490,5.4098,6.45,0.29
DL-90000684,ORD-506379,PAYMENT,PAID,2026-06-12 18:26:56,MX,MXN,2,32900,18.0766,18.20,0.82
DL-90000948,ORD-506643,PAYMENT,PAID,2026-06-12 18:33:47,MX,MXN,2,32900,18.0766,18.20,0.82
DL-90000193,ORD-505888,PAYMENT,PAID,2026-06-12 18:36:28,CO,COP,2,2990000,4065.0407,7.36,0.33
DL-90001193,ORD-506888,PAYMENT,PAID,2026-06-12 18:38:53,CO,COP,2,2990000,4065.0407,7.36,0.33
DL-90000964,ORD-506659,PAYMENT,REJECTED,2026-06-12 18:39:33,BR,BRL,2,8990,5.4098,16.62,0.75
DL-90000334,ORD-506029,PAYMENT,PAID,2026-06-12 18:56:17,MX,MXN,2,12900,18.0766,7.14,0.32
DL-90000689,ORD-506384,PAYMENT,PAID,2026-06-12 19:10:46,BR,BRL,2,19990,5.4098,36.95,1.66
DL-90000135,ORD-505830,PAYMENT,PAID,2026-06-12 19:22:25,BR,BRL,2,19990,5.4098,36.95,1.66
DL-90000423,ORD-506118,PAYMENT,PAID,2026-06-12 20:07:46,AR,ARS,2,599900,1197.6048,5.01,0.23
DL-90000444,ORD-506139,PAYMENT,PAID,2026-06-12 20:34:52,CL,CLP,0,6990,938.9671,7.44,0.33
DL-90000315,ORD-506010,PAYMENT,PAID,2026-06-13 07:18:52,BR,BRL,2,1690,5.4098,3.12,0.14
DL-90001296,ORD-506209,REFUND,REFUNDED,2026-06-13 08:26:49,BR,BRL,2,19990,5.4098,36.95,0.00
DL-90000532,ORD-506227,PAYMENT,PAID,2026-06-13 08:32:59,BR,BRL,2,19990,5.4098,36.95,1.66
DL-90001240,ORD-506935,PAYMENT,REJECTED,2026-06-13 08:40:54,AR,ARS,2,599900,1197.6048,5.01,0.23
DL-90000602,ORD-506297,PAYMENT,PAID,2026-06-13 09:01:03,MX,MXN,2,12900,18.0766,7.14,0.32
DL-90000070,ORD-505765,PAYMENT,PAID,2026-06-13 09:25:10,BR,BRL,2,8990,5.4098,16.62,0.75
DL-90000587,ORD-506282,PAYMENT,PAID,2026-06-13 09:27:29,BR,BRL,2,19990,5.4098,36.95,1.66
DL-90001065,ORD-506760,PAYMENT,PAID,2026-06-13 10:09:10,BR,BRL,2,3490,5.4098,6.45,0.29
DL-90000640,ORD-506335,PAYMENT,PAID,2026-06-13 10:09:49,BR,BRL,2,19990,5.4098,36.95,1.66
DL-90001250,ORD-506945,PAYMENT,PAID,2026-06-13 10:19:16,MX,MXN,2,12900,18.0766,7.14,0.32
DL-90000902,ORD-506597,PAYMENT,PAID,2026-06-13 10:39:13,BR,BRL,2,19990,5.4098,36.95,1.66
DL-90000919,ORD-506614,PAYMENT,PAID,2026-06-13 11:18:14,BR,BRL,2,8990,5.4098,16.62,0.75
DL-90000926,ORD-506621,PAYMENT,PAID,2026-06-13 11:34:48,BR,BRL,2,19990,5.4098,36.95,1.66
DL-90000186,ORD-505881,PAYMENT,PAID,2026-06-13 11:37:38,CO,COP,2,1290000,4065.0407,3.17,0.14
DL-90000357,ORD-506052,PAYMENT,PAID,2026-06-13 12:54:23,AR,ARS,2,599900,1197.6048,5.01,0.23
DL-90000147,ORD-505842,PAYMENT,PAID,2026-06-13 13:19:02,BR,BRL,2,3490,5.4098,6.45,0.29
DL-90001170,ORD-506865,PAYMENT,PAID,2026-06-13 13:22:05,BR,BRL,2,3490,5.4098,6.45,0.29
DL-90000243,ORD-505938,PAYMENT,PAID,2026-06-13 13:45:34,BR,BRL,2,1690,5.4098,3.12,0.14
DL-90000481,ORD-506176,PAYMENT,PAID,2026-06-13 14:15:41,CL,CLP,0,6990,938.9671,7.44,0.33
DL-90000605,ORD-506300,PAYMENT,PAID,2026-06-13 14:18:53,BR,BRL,2,3490,5.4098,6.45,0.29
DL-90000072,ORD-505767,PAYMENT,PAID,2026-06-13 14:55:44,MX,MXN,2,12900,18.0766,7.14,0.32
DL-90000183,ORD-505878,PAYMENT,PAID,2026-06-13 14:58:17,MX,MXN,2,5900,18.0766,3.26,0.15
DL-90001156,ORD-506851,PAYMENT,PAID,2026-06-13 15:27:00,BR,BRL,2,3490,5.4098,6.45,0.29
DL-90000439,ORD-506134,PAYMENT,PAID,2026-06-13 16:14:25,AR,ARS,2,1599900,1197.6048,13.36,0.60
DL-90000146,ORD-505841,PAYMENT,PAID,2026-06-13 16:26:09,MX,MXN,2,12900,18.0766,7.14,0.32
DL-90000782,ORD-506477,PAYMENT,REJECTED,2026-06-13 16:38:27,MX,MXN,2,12900,18.0766,7.14,0.32
DL-90001198,ORD-506893,PAYMENT,REJECTED,2026-06-13 17:10:31,BR,BRL,2,19990,5.4098,36.95,1.66
DL-90000721,ORD-506416,PAYMENT,PAID,2026-06-13 17:15:27,CO,COP,2,19990000,4065.0407,49.18,2.21
DL-90000012,ORD-505707,PAYMENT,PAID,2026-06-13 17:28:18,BR,BRL,2,3490,5.4098,6.45,0.29
DL-90001088,ORD-506783,PAYMENT,PAID,2026-06-13 17:29:27,BR,BRL,2,1690,5.4098,3.12,0.14
DL-90000796,ORD-506491,PAYMENT,PAID,2026-06-13 17:38:51,MX,MXN,2,12900,18.0766,7.14,0.32
DL-90001056,ORD-506751,PAYMENT,REJECTED,2026-06-13 17:42:56,MX,MXN,2,12900,18.0766,7.14,0.32
DL-90000440,ORD-506135,PAYMENT,PAID,2026-06-13 18:03:41,MX,MXN,2,12900,18.0766,7.14,0.32
DL-90001129,ORD-506824,PAYMENT,PAID,2026-06-13 18:34:52,AR,ARS,2,599900,1197.6048,5.01,0.23
DL-90000526,ORD-506221,PAYMENT,PAID,2026-06-13 18:38:29,CL,CLP,0,6990,938.9671,7.44,0.33
DL-90000406,ORD-506101,PAYMENT,PAID,2026-06-13 18:42:25,AR,ARS,2,599900,1197.6048,5.01,0.23
DL-90000366,ORD-506061,PAYMENT,PAID,2026-06-13 18:55:13,MX,MXN,2,12900,18.0766,7.14,0.32
DL-90000552,ORD-506247,PAYMENT,PAID,2026-06-13 19:00:12,BR,BRL,2,19990,5.4098,36.95,1.66
DL-90001051,ORD-506746,PAYMENT,PAID,2026-06-13 19:05:34,BR,BRL,2,3490,5.4098,6.45,0.29
DL-90001235,ORD-506930,PAYMENT,PAID,2026-06-13 19:17:49,CL,CLP,0,6990,938.9671,7.44,0.33
DL-90000767,ORD-506462,PAYMENT,PAID,2026-06-13 19:27:02,MX,MXN,2,12900,18.0766,7.14,0.32
DL-90001205,ORD-506900,PAYMENT,PAID,2026-06-13 20:08:55,BR,BRL,2,3490,5.4098,6.45,0.29
DL-90000304,ORD-505999,PAYMENT,PAID,2026-06-14 07:46:13,AR,ARS,2,599900,1197.6048,5.01,0.23
DL-90000507,ORD-506202,PAYMENT,PAID,2026-06-14 08:15:46,BR,BRL,2,3490,5.4098,6.45,0.29
DL-90000581,ORD-506276,PAYMENT,PAID,2026-06-14 08:18:46,MX,MXN,2,12900,18.0766,7.14,0.32
DL-90000010,ORD-505705,PAYMENT,PAID,2026-06-14 08:55:34,BR,BRL,2,1690,5.4098,3.12,0.14
DL-90000265,ORD-505960,PAYMENT,PAID,2026-06-14 08:55:45,MX,MXN,2,12900,18.0766,7.14,0.32
DL-90001216,ORD-506911,PAYMENT,PAID,2026-06-14 09:18:00,BR,BRL,2,19990,5.4098,36.95,1.66
DL-90001292,ORD-506012,REFUND,REFUNDED,2026-06-14 09:24:46,BR,BRL,2,19990,5.4098,36.95,0.00
DL-90001145,ORD-506840,PAYMENT,PAID,2026-06-14 09:25:53,BR,BRL,2,3490,5.4098,6.45,0.29
DL-90000836,ORD-506531,PAYMENT,REJECTED,2026-06-14 09:49:04,BR,BRL,2,3490,5.4098,6.45,0.29
DL-90000167,ORD-505862,PAYMENT,PAID,2026-06-14 10:01:20,BR,BRL,2,3490,5.4098,6.45,0.29
DL-90000244,ORD-505939,PAYMENT,PAID,2026-06-14 10:15:31,CL,CLP,0,6990,938.9671,7.44,0.33
DL-90000965,ORD-506660,PAYMENT,PAID,2026-06-14 10:31:22,BR,BRL,2,3490,5.4098,6.45,0.29
DL-90000206,ORD-505901,PAYMENT,PAID,2026-06-14 10:39:32,BR,BRL,2,3490,5.4098,6.45,0.29
DL-90001168,ORD-506863,PAYMENT,PAID,2026-06-14 10:42:33,BR,BRL,2,8990,5.4098,16.62,0.75
DL-90000122,ORD-505817,PAYMENT,PAID,2026-06-14 11:10:19,AR,ARS,2,3999900,1197.6048,33.40,1.50
DL-90000089,ORD-505784,PAYMENT,PAID,2026-06-14 12:39:32,AR,ARS,2,599900,1197.6048,5.01,0.23
DL-90000179,ORD-505874,PAYMENT,PAID,2026-06-14 13:03:12,BR,BRL,2,3490,5.4098,6.45,0.29
DL-90000823,ORD-506518,PAYMENT,PAID,2026-06-14 13:20:38,BR,BRL,2,3490,5.4098,6.45,0.29
DL-90000839,ORD-506534,PAYMENT,REJECTED,2026-06-14 13:37:50,BR,BRL,2,1690,5.4098,3.12,0.14
DL-90000988,ORD-506683,PAYMENT,PAID,2026-06-14 13:45:03,MX,MXN,2,12900,18.0766,7.14,0.32
DL-90000087,ORD-505782,PAYMENT,PAID,2026-06-14 13:47:43,BR,BRL,2,3490,5.4098,6.45,0.29
DL-90001071,ORD-506766,PAYMENT,PAID,2026-06-14 13:50:02,CO,COP,2,1290000,4065.0407,3.17,0.14
DL-90000533,ORD-506228,PAYMENT,PAID,2026-06-14 14:14:38,BR,BRL,2,3490,5.4098,6.45,0.29
DL-90000441,ORD-506136,PAYMENT,PAID,2026-06-14 14:19:25,BR,BRL,2,8990,5.4098,16.62,0.75
DL-90001288,ORD-505864,REFUND,REFUNDED,2026-06-14 14:35:55,BR,BRL,2,1745,5.4098,3.23,0.00
DL-90000837,ORD-506532,PAYMENT,PAID,2026-06-14 14:39:41,CL,CLP,0,3990,938.9671,4.25,0.19
DL-90000355,ORD-506050,PAYMENT,PAID,2026-06-14 14:47:00,BR,BRL,2,3490,5.4098,6.45,0.29
DL-90001239,ORD-506934,PAYMENT,PAID,2026-06-14 14:57:40,MX,MXN,2,5900,18.0766,3.26,0.15
DL-90000251,ORD-505946,PAYMENT,PAID,2026-06-14 15:43:52,CO,COP,2,19990000,4065.0407,49.18,2.21
DL-90000081,ORD-505776,PAYMENT,PAID,2026-06-14 15:46:45,BR,BRL,2,3490,5.4098,6.45,0.29
DL-90000302,ORD-505997,PAYMENT,PAID,2026-06-14 16:05:25,BR,BRL,2,3490,5.4098,6.45,0.29
DL-90001310,ORD-507787,PAYMENT,IN_MEDIATION,2026-06-14 16:16:00,BR,BRL,2,3490,5.4098,6.45,0.29
DL-90000327,ORD-506022,PAYMENT,REJECTED,2026-06-14 17:16:00,CL,CLP,0,17990,938.9671,19.16,0.86
DL-90000663,ORD-506358,PAYMENT,REJECTED,2026-06-14 17:28:58,BR,BRL,2,19990,5.4098,36.95,1.66
DL-90000291,ORD-505986,PAYMENT,PAID,2026-06-14 17:34:44,MX,MXN,2,32900,18.0766,18.20,0.82
DL-90000123,ORD-505818,PAYMENT,PAID,2026-06-14 18:18:27,BR,BRL,2,19990,5.4098,36.95,1.66
DL-90000281,ORD-505976,PAYMENT,PAID,2026-06-14 18:58:24,MX,MXN,2,32900,18.0766,18.20,0.82
DL-90001099,ORD-506794,PAYMENT,PAID,2026-06-14 19:44:35,BR,BRL,2,8990,5.4098,16.62,0.75
DL-90000101,ORD-505796,PAYMENT,PAID,2026-06-15 07:16:19,CO,COP,2,2990000,4081.6327,7.33,0.33
DL-90000493,ORD-506188,PAYMENT,PAID,2026-06-15 07:18:38,BR,BRL,2,3490,5.4053,6.46,0.29
DL-90000071,ORD-505766,PAYMENT,PAID,2026-06-15 07:39:22,MX,MXN,2,32900,18.1261,18.15,0.82
DL-90000343,ORD-506038,PAYMENT,PAID,2026-06-15 08:43:13,MX,MXN,2,12900,18.1261,7.12,0.32
DL-90000545,ORD-506240,PAYMENT,REJECTED,2026-06-15 09:46:13,BR,BRL,2,3490,5.4053,6.46,0.29
DL-90000619,ORD-506314,PAYMENT,PAID,2026-06-15 10:13:27,AR,ARS,2,3999900,1194.7431,33.48,1.51
DL-90000903,ORD-506598,PAYMENT,PAID,2026-06-15 10:16:10,MX,MXN,2,12900,18.1261,7.12,0.32
DL-90001113,ORD-506808,PAYMENT,PAID,2026-06-15 10:27:43,BR,BRL,2,8990,5.4053,16.63,0.75
DL-90000201,ORD-505896,PAYMENT,PAID,2026-06-15 11:05:36,BR,BRL,2,3490,5.4053,6.46,0.29
DL-90000904,ORD-506599,PAYMENT,PAID,2026-06-15 11:34:34,CO,COP,2,2990000,4081.6327,7.33,0.33
DL-90001312,ORD-507790,PAYMENT,PAID,2026-06-15 11:49:00,MX,MXN,2,79900,18.1261,44.08,1.98
DL-90001118,ORD-506813,PAYMENT,REJECTED,2026-06-15 12:25:54,CL,CLP,0,44990,942.5071,47.73,2.15
DL-90000529,ORD-506224,PAYMENT,PAID,2026-06-15 12:41:52,MX,MXN,2,12900,18.1261,7.12,0.32
DL-90000349,ORD-506044,PAYMENT,PAID,2026-06-15 12:52:31,CL,CLP,0,6990,942.5071,7.42,0.33
DL-90000185,ORD-505880,PAYMENT,PAID,2026-06-15 13:05:42,MX,MXN,2,12900,18.1261,7.12,0.32
DL-90001092,ORD-506787,PAYMENT,PAID,2026-06-15 13:07:22,CO,COP,2,7990000,4081.6327,19.58,0.88
DL-90000568,ORD-506263,PAYMENT,PAID,2026-06-15 13:16:46,CO,COP,2,2990000,4081.6327,7.33,0.33
DL-90000616,ORD-506311,PAYMENT,PAID,2026-06-15 13:51:59,CO,COP,2,7990000,4081.6327,19.58,0.88
DL-90000525,ORD-506220,PAYMENT,PAID,2026-06-15 13:57:16,BR,BRL,2,3490,5.4053,6.46,0.29
DL-90000212,ORD-505907,PAYMENT,PAID,2026-06-15 14:18:30,AR,ARS,2,3999900,1194.7431,33.48,1.51
DL-90000419,ORD-506114,PAYMENT,PAID,2026-06-15 14:32:23,BR,BRL,2,1690,5.4053,3.13,0.14
DL-90000910,ORD-506605,PAYMENT,PAID,2026-06-15 14:39:00,CL,CLP,0,6990,942.5071,7.42,0.33
DL-90000300,ORD-505995,PAYMENT,PAID,2026-06-15 15:04:20,BR,BRL,2,3490,5.4053,6.46,0.29
DL-90000339,ORD-506034,PAYMENT,PAID,2026-06-15 15:24:41,MX,MXN,2,32900,18.1261,18.15,0.82
DL-90000096,ORD-505791,PAYMENT,PAID,2026-06-15 15:29:09,MX,MXN,2,32900,18.1261,18.15,0.82
DL-90000930,ORD-506625,PAYMENT,REJECTED,2026-06-15 16:17:08,BR,BRL,2,1690,5.4053,3.13,0.14
DL-90000344,ORD-506039,PAYMENT,PAID,2026-06-15 17:53:08,BR,BRL,2,8990,5.4053,16.63,0.75
DL-90000934,ORD-506629,PAYMENT,REJECTED,2026-06-15 18:12:27,BR,BRL,2,1690,5.4053,3.13,0.14
DL-90000613,ORD-506308,PAYMENT,PAID,2026-06-15 18:34:20,BR,BRL,2,1690,5.4053,3.13,0.14
DL-90001002,ORD-506697,PAYMENT,PAID,2026-06-15 18:39:05,CL,CLP,0,6990,942.5071,7.42,0.33
DL-90000766,ORD-506461,PAYMENT,PAID,2026-06-15 19:25:10,MX,MXN,2,5900,18.1261,3.25,0.15
DL-90000100,ORD-505795,PAYMENT,PAID,2026-06-15 20:24:53,BR,BRL,2,1690,5.4053,3.13,0.14
DL-90000241,ORD-505936,PAYMENT,PAID,2026-06-16 07:45:53,BR,BRL,2,8990,5.4149,16.60,0.75
DL-90000694,ORD-506389,PAYMENT,PAID,2026-06-16 08:24:58,BR,BRL,2,3490,5.4149,6.45,0.29
DL-90001109,ORD-506804,PAYMENT,PAID,2026-06-16 08:36:07,AR,ARS,2,1599900,1196.1722,13.38,0.60
DL-90001238,ORD-506933,PAYMENT,PAID,2026-06-16 08:42:41,BR,BRL,2,3490,5.4149,6.45,0.29
DL-90000537,ORD-506232,PAYMENT,PAID,2026-06-16 08:50:20,AR,ARS,2,259900,1196.1722,2.17,0.10
DL-90000558,ORD-506253,PAYMENT,PAID,2026-06-16 09:06:43,CO,COP,2,2990000,4065.0407,7.36,0.33
DL-90000708,ORD-506403,PAYMENT,PAID,2026-06-16 09:15:57,CL,CLP,0,6990,944.2871,7.40,0.33
DL-90000888,ORD-506583,PAYMENT,REJECTED,2026-06-16 09:23:24,MX,MXN,2,12900,18.1048,7.13,0.32
DL-90000019,ORD-505714,PAYMENT,PAID,2026-06-16 09:35:41,CO,COP,2,7990000,4065.0407,19.66,0.88
DL-90000403,ORD-506098,PAYMENT,PAID,2026-06-16 10:24:52,MX,MXN,2,12900,18.1048,7.13,0.32
DL-90000562,ORD-506257,PAYMENT,PAID,2026-06-16 10:39:21,CO,COP,2,2990000,4065.0407,7.36,0.33
DL-90000298,ORD-505993,PAYMENT,PAID,2026-06-16 11:07:41,BR,BRL,2,8990,5.4149,16.60,0.75
DL-90000233,ORD-505928,PAYMENT,PAID,2026-06-16 11:30:24,BR,BRL,2,3490,5.4149,6.45,0.29
DL-90000649,ORD-506344,PAYMENT,PAID,2026-06-16 11:37:41,CL,CLP,0,6990,944.2871,7.40,0.33
DL-90000378,ORD-506073,PAYMENT,PAID,2026-06-16 11:46:14,CL,CLP,0,44990,944.2871,47.64,2.14
DL-90001043,ORD-506738,PAYMENT,PAID,2026-06-16 11:51:39,MX,MXN,2,79900,18.1048,44.13,1.99
DL-90000639,ORD-506334,PAYMENT,PAID,2026-06-16 12:14:44,MX,MXN,2,5900,18.1048,3.26,0.15
DL-90001039,ORD-506734,PAYMENT,PAID,2026-06-16 12:30:51,CL,CLP,0,17990,944.2871,19.05,0.86
DL-90001080,ORD-506775,PAYMENT,PAID,2026-06-16 12:30:54,BR,BRL,2,3490,5.4149,6.45,0.29
DL-90000908,ORD-506603,PAYMENT,PAID,2026-06-16 13:07:32,CL,CLP,0,6990,944.2871,7.40,0.33
DL-90000189,ORD-505884,PAYMENT,PAID,2026-06-16 13:38:48,BR,BRL,2,19990,5.4149,36.92,1.66
DL-90001100,ORD-506795,PAYMENT,PAID,2026-06-16 13:53:41,MX,MXN,2,32900,18.1048,18.17,0.82
DL-90000408,ORD-506103,PAYMENT,PAID,2026-06-16 13:55:02,BR,BRL,2,3490,5.4149,6.45,0.29
DL-90000925,ORD-506620,PAYMENT,PAID,2026-06-16 13:57:36,BR,BRL,2,3490,5.4149,6.45,0.29
DL-90001155,ORD-506850,PAYMENT,PAID,2026-06-16 15:11:34,CO,COP,2,2990000,4065.0407,7.36,0.33
DL-90000171,ORD-505866,PAYMENT,PAID,2026-06-16 16:03:32,MX,MXN,2,12900,18.1048,7.13,0.32
DL-90000966,ORD-506661,PAYMENT,PAID,2026-06-16 16:26:08,MX,MXN,2,12900,18.1048,7.13,0.32
DL-90000561,ORD-506256,PAYMENT,PAID,2026-06-16 16:30:24,CO,COP,2,2990000,4065.0407,7.36,0.33
DL-90000719,ORD-506414,PAYMENT,PAID,2026-06-16 16:41:28,BR,BRL,2,3490,5.4149,6.45,0.29
DL-90000296,ORD-505991,PAYMENT,PAID,2026-06-16 16:49:04,CL,CLP,0,17990,944.2871,19.05,0.86
DL-90000103,ORD-505798,PAYMENT,PAID,2026-06-16 16:49:46,BR,BRL,2,3490,5.4149,6.45,0.29
DL-90000442,ORD-506137,PAYMENT,PAID,2026-06-16 17:10:43,CO,COP,2,1290000,4065.0407,3.17,0.14
DL-90000699,ORD-506394,PAYMENT,REJECTED,2026-06-16 17:23:26,MX,MXN,2,79900,18.1048,44.13,1.99
DL-90000970,ORD-506665,PAYMENT,PAID,2026-06-16 17:42:07,BR,BRL,2,8990,5.4149,16.60,0.75
DL-90000664,ORD-506359,PAYMENT,PAID,2026-06-16 17:45:22,MX,MXN,2,12900,18.1048,7.13,0.32
DL-90000975,ORD-506670,PAYMENT,PAID,2026-06-16 17:46:10,CL,CLP,0,44990,944.2871,47.64,2.14
DL-90000835,ORD-506530,PAYMENT,PAID,2026-06-16 17:52:49,AR,ARS,2,599900,1196.1722,5.02,0.23
DL-90000704,ORD-506399,PAYMENT,PAID,2026-06-16 17:59:49,BR,BRL,2,3490,5.4149,6.45,0.29
DL-90001203,ORD-506898,PAYMENT,PAID,2026-06-16 18:02:58,MX,MXN,2,12900,18.1048,7.13,0.32
DL-90000428,ORD-506123,PAYMENT,PAID,2026-06-16 19:01:35,BR,BRL,2,19990,5.4149,36.92,1.66
DL-90001004,ORD-506699,PAYMENT,PAID,2026-06-16 19:32:41,MX,MXN,2,12900,18.1048,7.13,0.32
DL-90000294,ORD-505989,PAYMENT,PAID,2026-06-16 19:38:52,CO,COP,2,2990000,4065.0407,7.36,0.33
DL-90000565,ORD-506260,PAYMENT,PAID,2026-06-17 07:16:31,CO,COP,2,7990000,4081.6327,19.58,0.88
DL-90000125,ORD-505820,PAYMENT,REJECTED,2026-06-17 08:02:22,BR,BRL,2,19990,5.4126,36.93,1.66
DL-90001075,ORD-506770,PAYMENT,PAID,2026-06-17 08:28:48,BR,BRL,2,3490,5.4126,6.45,0.29
DL-90000338,ORD-506033,PAYMENT,PAID,2026-06-17 08:45:40,MX,MXN,2,12900,18.0783,7.14,0.32
DL-90000945,ORD-506640,PAYMENT,PAID,2026-06-17 09:01:47,BR,BRL,2,3490,5.4126,6.45,0.29
DL-90000438,ORD-506133,PAYMENT,PAID,2026-06-17 09:37:54,MX,MXN,2,12900,18.0783,7.14,0.32
DL-90000696,ORD-506391,PAYMENT,PAID,2026-06-17 10:12:54,BR,BRL,2,8990,5.4126,16.61,0.75
DL-90000078,ORD-505773,PAYMENT,PAID,2026-06-17 10:26:00,MX,MXN,2,32900,18.0783,18.20,0.82
DL-90000288,ORD-505983,PAYMENT,REJECTED,2026-06-17 10:33:06,BR,BRL,2,3490,5.4126,6.45,0.29
DL-90000712,ORD-506407,PAYMENT,PAID,2026-06-17 10:43:30,CL,CLP,0,44990,944.2871,47.64,2.14
DL-90001173,ORD-506868,PAYMENT,PAID,2026-06-17 11:13:16,MX,MXN,2,12900,18.0783,7.14,0.32
DL-90000299,ORD-505994,PAYMENT,PAID,2026-06-17 11:19:42,MX,MXN,2,12900,18.0783,7.14,0.32
DL-90000245,ORD-505940,PAYMENT,PAID,2026-06-17 11:37:29,BR,BRL,2,3490,5.4126,6.45,0.29
DL-90001093,ORD-506788,PAYMENT,REJECTED,2026-06-17 12:03:23,CL,CLP,0,6990,944.2871,7.40,0.33
DL-90000253,ORD-505948,PAYMENT,PAID,2026-06-17 12:15:51,BR,BRL,2,19990,5.4126,36.93,1.66
DL-90001013,ORD-506708,PAYMENT,PAID,2026-06-17 12:20:52,CO,COP,2,2990000,4081.6327,7.33,0.33
DL-90000500,ORD-506195,PAYMENT,PAID,2026-06-17 12:21:15,BR,BRL,2,3490,5.4126,6.45,0.29
DL-90000351,ORD-506046,PAYMENT,REJECTED,2026-06-17 12:24:31,BR,BRL,2,3490,5.4126,6.45,0.29
DL-90000513,ORD-506208,PAYMENT,PAID,2026-06-17 12:39:01,BR,BRL,2,8990,5.4126,16.61,0.75
DL-90000139,ORD-505834,PAYMENT,PAID,2026-06-17 12:44:50,MX,MXN,2,12900,18.0783,7.14,0.32
DL-90000762,ORD-506457,PAYMENT,PAID,2026-06-17 12:45:55,MX,MXN,2,12900,18.0783,7.14,0.32
DL-90001077,ORD-506772,PAYMENT,PAID,2026-06-17 12:48:32,CO,COP,2,2990000,4081.6327,7.33,0.33
DL-90000483,ORD-506178,PAYMENT,REJECTED,2026-06-17 12:54:22,CL,CLP,0,6990,944.2871,7.40,0.33
DL-90000309,ORD-506004,PAYMENT,PAID,2026-06-17 13:17:14,CL,CLP,0,6990,944.2871,7.40,0.33
DL-90000421,ORD-506116,PAYMENT,PAID,2026-06-17 13:19:44,BR,BRL,2,8990,5.4126,16.61,0.75
DL-90001189,ORD-506884,PAYMENT,PAID,2026-06-17 13:27:23,BR,BRL,2,19990,5.4126,36.93,1.66
DL-90000407,ORD-506102,PAYMENT,PAID,2026-06-17 13:45:41,MX,MXN,2,32900,18.0783,18.20,0.82
DL-90001249,ORD-506944,PAYMENT,PAID,2026-06-17 14:24:30,BR,BRL,2,1690,5.4126,3.12,0.14
DL-90001001,ORD-506696,PAYMENT,PAID,2026-06-17 14:28:41,MX,MXN,2,12900,18.0783,7.14,0.32
DL-90000329,ORD-506024,PAYMENT,PAID,2026-06-17 15:35:58,CL,CLP,0,6990,944.2871,7.40,0.33
DL-90000599,ORD-506294,PAYMENT,PAID,2026-06-17 15:37:50,AR,ARS,2,3999900,1197.6048,33.40,1.50
DL-90000653,ORD-506348,PAYMENT,PAID,2026-06-17 15:43:46,BR,BRL,2,3490,5.4126,6.45,0.29
DL-90000530,ORD-506225,PAYMENT,PAID,2026-06-17 16:38:05,MX,MXN,2,12900,18.0783,7.14,0.32
DL-90000415,ORD-506110,PAYMENT,PAID,2026-06-17 16:40:32,AR,ARS,2,1599900,1197.6048,13.36,0.60
DL-90000273,ORD-505968,PAYMENT,PAID,2026-06-17 16:48:24,CL,CLP,0,17990,944.2871,19.05,0.86
DL-90000848,ORD-506543,PAYMENT,PAID,2026-06-17 17:06:54,CO,COP,2,2990000,4081.6327,7.33,0.33
DL-90000889,ORD-506584,PAYMENT,PAID,2026-06-17 17:14:33,BR,BRL,2,8990,5.4126,16.61,0.75
DL-90000223,ORD-505918,PAYMENT,PAID,2026-06-17 17:34:29,MX,MXN,2,5900,18.0783,3.26,0.15
DL-90000824,ORD-506519,PAYMENT,PAID,2026-06-17 18:01:28,MX,MXN,2,12900,18.0783,7.14,0.32
DL-90000853,ORD-506548,PAYMENT,PAID,2026-06-17 18:12:14,MX,MXN,2,12900,18.0783,7.14,0.32
DL-90000208,ORD-505903,PAYMENT,PAID,2026-06-17 18:17:01,AR,ARS,2,599900,1197.6048,5.01,0.23
DL-90000204,ORD-505899,PAYMENT,REJECTED,2026-06-17 18:22:22,BR,BRL,2,3490,5.4126,6.45,0.29
DL-90000870,ORD-506565,PAYMENT,PAID,2026-06-17 19:15:17,BR,BRL,2,1690,5.4126,3.12,0.14
DL-90000229,ORD-505924,PAYMENT,PAID,2026-06-17 19:51:28,CL,CLP,0,6990,944.2871,7.40,0.33
DL-90000107,ORD-505802,PAYMENT,PAID,2026-06-17 19:52:31,MX,MXN,2,32900,18.0783,18.20,0.82
DL-90000289,ORD-505984,PAYMENT,PAID,2026-06-17 20:26:28,MX,MXN,2,12900,18.0783,7.14,0.32
DL-90001237,ORD-506932,PAYMENT,PAID,2026-06-18 07:47:15,CL,CLP,0,17990,942.5071,19.09,0.86
DL-90001000,ORD-506695,PAYMENT,REJECTED,2026-06-18 07:47:47,BR,BRL,2,8990,5.4334,16.55,0.74
DL-90000875,ORD-506570,PAYMENT,REJECTED,2026-06-18 08:05:08,BR,BRL,2,3490,5.4334,6.42,0.29
DL-90000683,ORD-506378,PAYMENT,PAID,2026-06-18 08:21:56,BR,BRL,2,19990,5.4334,36.79,1.66
DL-90000604,ORD-506299,PAYMENT,PAID,2026-06-18 08:36:10,MX,MXN,2,79900,18.0989,44.15,1.99
DL-90000937,ORD-506632,PAYMENT,PAID,2026-06-18 08:55:02,BR,BRL,2,19990,5.4334,36.79,1.66
DL-90000285,ORD-505980,PAYMENT,REJECTED,2026-06-18 08:57:12,BR,BRL,2,3490,5.4334,6.42,0.29
DL-90000494,ORD-506189,PAYMENT,PAID,2026-06-18 09:09:50,BR,BRL,2,19990,5.4334,36.79,1.66
DL-90001122,ORD-506817,PAYMENT,PAID,2026-06-18 09:30:18,BR,BRL,2,3490,5.4334,6.42,0.29
DL-90000434,ORD-506129,PAYMENT,PAID,2026-06-18 09:40:01,CO,COP,2,7990000,4098.3607,19.50,0.88
DL-90001137,ORD-506832,PAYMENT,PAID,2026-06-18 09:49:39,BR,BRL,2,3490,5.4334,6.42,0.29
DL-90001096,ORD-506791,PAYMENT,REJECTED,2026-06-18 10:24:29,BR,BRL,2,3490,5.4334,6.42,0.29
DL-90001298,ORD-506363,REFUND,REFUNDED,2026-06-18 10:25:42,BR,BRL,2,19990,5.4334,36.79,0.00
DL-90000445,ORD-506140,PAYMENT,PAID,2026-06-18 10:53:23,BR,BRL,2,3490,5.4334,6.42,0.29
DL-90000753,ORD-506448,PAYMENT,REJECTED,2026-06-18 10:55:53,AR,ARS,2,3999900,1201.9231,33.28,1.50
DL-90000702,ORD-506397,PAYMENT,PAID,2026-06-18 11:00:16,BR,BRL,2,3490,5.4334,6.42,0.29
DL-90000691,ORD-506386,PAYMENT,PAID,2026-06-18 11:18:18,AR,ARS,2,1599900,1201.9231,13.31,0.60
DL-90001315,ORD-507807,REFUND,REFUNDED,2026-06-18 12:00:00,BR,BRL,2,9995,5.4334,18.40,0.00
DL-90001160,ORD-506855,PAYMENT,PAID,2026-06-18 12:09:45,AR,ARS,2,599900,1201.9231,4.99,0.22
DL-90000129,ORD-505824,PAYMENT,PAID,2026-06-18 12:19:07,BR,BRL,2,1690,5.4334,3.11,0.14
DL-90000109,ORD-505804,PAYMENT,PAID,2026-06-18 12:34:22,MX,MXN,2,32900,18.0989,18.18,0.82
DL-90000557,ORD-506252,PAYMENT,PAID,2026-06-18 12:40:30,CL,CLP,0,17990,942.5071,19.09,0.86
DL-90000246,ORD-505941,PAYMENT,PAID,2026-06-18 12:56:48,BR,BRL,2,3490,5.4334,6.42,0.29
DL-90000426,ORD-506121,PAYMENT,PAID,2026-06-18 13:04:17,BR,BRL,2,8990,5.4334,16.55,0.74
DL-90000547,ORD-506242,PAYMENT,PAID,2026-06-18 13:04:56,BR,BRL,2,8990,5.4334,16.55,0.74
DL-90001248,ORD-506943,PAYMENT,PAID,2026-06-18 13:23:05,BR,BRL,2,1690,5.4334,3.11,0.14
DL-90000685,ORD-506380,PAYMENT,PAID,2026-06-18 13:24:34,CL,CLP,0,6990,942.5071,7.42,0.33
DL-90000549,ORD-506244,PAYMENT,PAID,2026-06-18 13:30:04,BR,BRL,2,19990,5.4334,36.79,1.66
DL-90000024,ORD-505719,PAYMENT,PAID,2026-06-18 13:36:00,BR,BRL,2,3490,5.4334,6.42,0.29
DL-90000314,ORD-506009,PAYMENT,PAID,2026-06-18 14:09:12,MX,MXN,2,32900,18.0989,18.18,0.82
DL-90000454,ORD-506149,PAYMENT,PAID,2026-06-18 14:11:53,MX,MXN,2,12900,18.0989,7.13,0.32
DL-90000065,ORD-505760,PAYMENT,REJECTED,2026-06-18 14:45:06,CO,COP,2,2990000,4098.3607,7.30,0.33
DL-90000321,ORD-506016,PAYMENT,PAID,2026-06-18 14:49:01,CL,CLP,0,6990,942.5071,7.42,0.33
DL-90000316,ORD-506011,PAYMENT,REJECTED,2026-06-18 14:50:19,MX,MXN,2,12900,18.0989,7.13,0.32
DL-90000055,ORD-505750,PAYMENT,PAID,2026-06-18 15:01:15,AR,ARS,2,599900,1201.9231,4.99,0.22
DL-90001069,ORD-506764,PAYMENT,PAID,2026-06-18 15:04:17,BR,BRL,2,3490,5.4334,6.42,0.29
DL-90000921,ORD-506616,PAYMENT,PAID,2026-06-18 15:04:38,MX,MXN,2,12900,18.0989,7.13,0.32
DL-90000140,ORD-505835,PAYMENT,PAID,2026-06-18 15:22:21,BR,BRL,2,3490,5.4334,6.42,0.29
DL-90000098,ORD-505793,PAYMENT,PAID,2026-06-18 15:38:43,MX,MXN,2,32900,18.0989,18.18,0.82
DL-90001294,ORD-506103,REFUND,REFUNDED,2026-06-18 15:39:02,BR,BRL,2,3490,5.4334,6.42,0.00
DL-90001143,ORD-506838,PAYMENT,PAID,2026-06-18 15:44:46,MX,MXN,2,12900,18.0989,7.13,0.32
DL-90000506,ORD-506201,PAYMENT,PAID,2026-06-18 15:45:42,BR,BRL,2,3490,5.4334,6.42,0.29
DL-90001172,ORD-506867,PAYMENT,PAID,2026-06-18 15:58:45,CO,COP,2,2990000,4098.3607,7.30,0.33
DL-90001302,ORD-506784,REFUND,REFUNDED,2026-06-18 16:13:27,CL,CLP,0,3990,942.5071,4.23,0.00
DL-90000764,ORD-506459,PAYMENT,PAID,2026-06-18 17:12:39,CL,CLP,0,6990,942.5071,7.42,0.33
DL-90000485,ORD-506180,PAYMENT,PAID,2026-06-18 17:41:14,BR,BRL,2,3490,5.4334,6.42,0.29
DL-90001184,ORD-506879,PAYMENT,REJECTED,2026-06-18 17:44:28,MX,MXN,2,32900,18.0989,18.18,0.82
DL-90000656,ORD-506351,PAYMENT,REJECTED,2026-06-18 17:52:26,MX,MXN,2,79900,18.0989,44.15,1.99
DL-90001005,ORD-506700,PAYMENT,REJECTED,2026-06-18 17:52:33,BR,BRL,2,3490,5.4334,6.42,0.29
DL-90000984,ORD-506679,PAYMENT,PAID,2026-06-18 17:59:09,BR,BRL,2,3490,5.4334,6.42,0.29
DL-90000688,ORD-506383,PAYMENT,PAID,2026-06-18 18:05:37,CL,CLP,0,17990,942.5071,19.09,0.86
DL-90001219,ORD-506914,PAYMENT,PAID,2026-06-18 18:22:36,BR,BRL,2,3490,5.4334,6.42,0.29
DL-90001025,ORD-506720,PAYMENT,PAID,2026-06-18 19:59:52,CL,CLP,0,6990,942.5071,7.42,0.33
DL-90000149,ORD-505844,PAYMENT,REJECTED,2026-06-19 07:17:52,MX,MXN,2,12900,18.0989,7.13,0.32
DL-90000946,ORD-506641,PAYMENT,REJECTED,2026-06-19 07:42:23,BR,BRL,2,3490,5.4334,6.42,0.29
DL-90001301,ORD-506746,REFUND,REFUNDED,2026-06-19 08:24:34,BR,BRL,2,1745,5.4334,3.21,0.00
DL-90000469,ORD-506164,PAYMENT,PAID,2026-06-19 08:50:27,MX,MXN,2,12900,18.0989,7.13,0.32
DL-90000279,ORD-505974,PAYMENT,REJECTED,2026-06-19 08:53:06,MX,MXN,2,32900,18.0989,18.18,0.82
DL-90000586,ORD-506281,PAYMENT,PAID,2026-06-19 08:53:54,MX,MXN,2,12900,18.0989,7.13,0.32
DL-90001209,ORD-506904,PAYMENT,PAID,2026-06-19 08:55:27,CO,COP,2,2990000,4098.3607,7.30,0.33
DL-90000620,ORD-506315,PAYMENT,PAID,2026-06-19 09:43:07,BR,BRL,2,3490,5.4334,6.42,0.29
DL-90001081,ORD-506776,PAYMENT,PAID,2026-06-19 09:50:26,BR,BRL,2,8990,5.4334,16.55,0.74
DL-90000600,ORD-506295,PAYMENT,REJECTED,2026-06-19 10:15:08,MX,MXN,2,12900,18.0989,7.13,0.32
DL-90000941,ORD-506636,PAYMENT,PAID,2026-06-19 10:22:26,BR,BRL,2,3490,5.4334,6.42,0.29
DL-90000474,ORD-506169,PAYMENT,PAID,2026-06-19 10:23:20,BR,BRL,2,1690,5.4334,3.11,0.14
DL-90001316,ORD-507810,PAYMENT,PAID,2026-06-19 11:16:00,MX,MXN,2,12900,18.0989,7.13,0.32
DL-90001316,ORD-507810,PAYMENT,PAID,2026-06-19 11:16:00,MX,MXN,2,12900,18.0989,7.13,0.32
DL-90000120,ORD-505815,PAYMENT,PAID,2026-06-19 11:37:47,AR,ARS,2,599900,1201.9231,4.99,0.22
DL-90001040,ORD-506735,PAYMENT,PAID,2026-06-19 11:39:06,MX,MXN,2,79900,18.0989,44.15,1.99
DL-90001215,ORD-506910,PAYMENT,PAID,2026-06-19 11:51:27,MX,MXN,2,32900,18.0989,18.18,0.82
DL-90000516,ORD-506211,PAYMENT,REJECTED,2026-06-19 12:00:47,BR,BRL,2,8990,5.4334,16.55,0.74
DL-90000654,ORD-506349,PAYMENT,PAID,2026-06-19 12:16:06,MX,MXN,2,12900,18.0989,7.13,0.32
DL-90000228,ORD-505923,PAYMENT,PAID,2026-06-19 12:56:30,AR,ARS,2,599900,1201.9231,4.99,0.22
DL-90000855,ORD-506550,PAYMENT,PAID,2026-06-19 13:10:13,CO,COP,2,2990000,4098.3607,7.30,0.33
DL-90001293,ORD-506062,REFUND,REFUNDED,2026-06-19 13:28:38,BR,BRL,2,1745,5.4334,3.21,0.00
DL-90001176,ORD-506871,PAYMENT,PAID,2026-06-19 13:52:51,BR,BRL,2,3490,5.4334,6.42,0.29
DL-90000969,ORD-506664,PAYMENT,PAID,2026-06-19 14:05:47,AR,ARS,2,259900,1201.9231,2.16,0.10
DL-90000400,ORD-506095,PAYMENT,PAID,2026-06-19 14:46:46,MX,MXN,2,12900,18.0989,7.13,0.32
DL-90001185,ORD-506880,PAYMENT,PAID,2026-06-19 15:01:41,BR,BRL,2,3490,5.4334,6.42,0.29
DL-90001078,ORD-506773,PAYMENT,REJECTED,2026-06-19 15:54:34,CL,CLP,0,17990,942.5071,19.09,0.86
DL-90000277,ORD-505972,PAYMENT,PAID,2026-06-19 16:02:58,BR,BRL,2,3490,5.4334,6.42,0.29
DL-90000572,ORD-506267,PAYMENT,PAID,2026-06-19 16:41:40,MX,MXN,2,12900,18.0989,7.13,0.32
DL-90001105,ORD-506800,PAYMENT,PAID,2026-06-19 16:54:56,BR,BRL,2,3490,5.4334,6.42,0.29
DL-90001169,ORD-506864,PAYMENT,PAID,2026-06-19 17:05:05,CO,COP,2,19990000,4098.3607,48.78,2.20
DL-90000842,ORD-506537,PAYMENT,PAID,2026-06-19 17:44:57,BR,BRL,2,8990,5.4334,16.55,0.74
DL-90000741,ORD-506436,PAYMENT,PAID,2026-06-19 17:47:33,BR,BRL,2,19990,5.4334,36.79,1.66
DL-90001034,ORD-506729,PAYMENT,PAID,2026-06-19 17:53:40,BR,BRL,2,19990,5.4334,36.79,1.66
DL-90000742,ORD-506437,PAYMENT,PAID,2026-06-19 18:01:42,BR,BRL,2,3490,5.4334,6.42,0.29
DL-90000563,ORD-506258,PAYMENT,REJECTED,2026-06-19 18:12:28,BR,BRL,2,8990,5.4334,16.55,0.74
DL-90000320,ORD-506015,PAYMENT,PAID,2026-06-19 18:15:30,CO,COP,2,19990000,4098.3607,48.78,2.20
DL-90000611,ORD-506306,PAYMENT,PAID,2026-06-19 20:07:32,MX,MXN,2,32900,18.0989,18.18,0.82
DL-90000722,ORD-506417,PAYMENT,PAID,2026-06-20 07:29:51,CO,COP,2,19990000,4098.3607,48.78,2.20
DL-90000725,ORD-506420,PAYMENT,PAID,2026-06-20 08:30:54,MX,MXN,2,12900,18.0989,7.13,0.32
DL-90000609,ORD-506304,PAYMENT,PAID,2026-06-20 08:42:03,BR,BRL,2,19990,5.4334,36.79,1.66
DL-90000864,ORD-506559,PAYMENT,REJECTED,2026-06-20 08:56:27,BR,BRL,2,19990,5.4334,36.79,1.66
DL-90000576,ORD-506271,PAYMENT,PAID,2026-06-20 08:59:42,BR,BRL,2,19990,5.4334,36.79,1.66
DL-90000781,ORD-506476,PAYMENT,PAID,2026-06-20 09:14:36,BR,BRL,2,1690,5.4334,3.11,0.14
DL-90001114,ORD-506809,PAYMENT,PAID,2026-06-20 09:22:27,MX,MXN,2,12900,18.0989,7.13,0.32
DL-90000356,ORD-506051,PAYMENT,PAID,2026-06-20 09:42:24,BR,BRL,2,8990,5.4334,16.55,0.74
DL-90001041,ORD-506736,PAYMENT,PAID,2026-06-20 09:48:31,AR,ARS,2,599900,1201.9231,4.99,0.22
DL-90000190,ORD-505885,PAYMENT,PAID,2026-06-20 09:54:23,CO,COP,2,7990000,4098.3607,19.50,0.88
DL-90000085,ORD-505780,PAYMENT,PAID,2026-06-20 10:29:32,CL,CLP,0,17990,942.5071,19.09,0.86
DL-90000868,ORD-506563,PAYMENT,PAID,2026-06-20 10:38:57,CL,CLP,0,6990,942.5071,7.42,0.33
DL-90001060,ORD-506755,PAYMENT,PAID,2026-06-20 10:40:30,BR,BRL,2,19990,5.4334,36.79,1.66
DL-90000471,ORD-506166,PAYMENT,PAID,2026-06-20 11:12:02,MX,MXN,2,12900,18.0989,7.13,0.32
DL-90000743,ORD-506438,PAYMENT,PAID,2026-06-20 11:37:11,BR,BRL,2,3490,5.4334,6.42,0.29
DL-90001162,ORD-506857,PAYMENT,PAID,2026-06-20 11:46:37,BR,BRL,2,3490,5.4334,6.42,0.29
DL-90000121,ORD-505816,PAYMENT,PAID,2026-06-20 11:55:53,BR,BRL,2,1690,5.4334,3.11,0.14
DL-90000225,ORD-505920,PAYMENT,PAID,2026-06-20 12:06:34,MX,MXN,2,12900,18.0989,7.13,0.32
DL-90001016,ORD-506711,PAYMENT,PAID,2026-06-20 13:22:01,AR,ARS,2,599900,1201.9231,4.99,0.22
DL-90000700,ORD-506395,PAYMENT,PAID,2026-06-20 13:32:44,BR,BRL,2,1690,5.4334,3.11,0.14
DL-90000337,ORD-506032,PAYMENT,PAID,2026-06-20 13:33:29,MX,MXN,2,79900,18.0989,44.15,1.99
DL-90000715,ORD-506410,PAYMENT,PAID,2026-06-20 13:43:00,CO,COP,2,2990000,4098.3607,7.30,0.33
DL-90000093,ORD-505788,PAYMENT,PAID,2026-06-20 13:45:52,BR,BRL,2,8990,5.4334,16.55,0.74
DL-90000076,ORD-505771,PAYMENT,PAID,2026-06-20 13:55:08,BR,BRL,2,3490,5.4334,6.42,0.29
DL-90000066,ORD-505761,PAYMENT,PAID,2026-06-20 14:26:37,MX,MXN,2,12900,18.0989,7.13,0.32
DL-90000911,ORD-506606,PAYMENT,PAID,2026-06-20 14:43:53,BR,BRL,2,1690,5.4334,3.11,0.14
DL-90000865,ORD-506560,PAYMENT,REJECTED,2026-06-20 14:50:36,BR,BRL,2,3490,5.4334,6.42,0.29
DL-90000476,ORD-506171,PAYMENT,PAID,2026-06-20 14:52:56,BR,BRL,2,3490,5.4334,6.42,0.29
DL-90000196,ORD-505891,PAYMENT,PAID,2026-06-20 15:03:53,BR,BRL,2,8990,5.4334,16.55,0.74
DL-90000295,ORD-505990,PAYMENT,PAID,2026-06-20 15:19:59,BR,BRL,2,3490,5.4334,6.42,0.29
DL-90000053,ORD-505748,PAYMENT,PAID,2026-06-20 15:24:44,BR,BRL,2,3490,5.4334,6.42,0.29
DL-90000808,ORD-506503,PAYMENT,PAID,2026-06-20 16:00:24,BR,BRL,2,3490,5.4334,6.42,0.29
DL-90000789,ORD-506484,PAYMENT,PAID,2026-06-20 16:03:53,CL,CLP,0,44990,942.5071,47.73,2.15
DL-90001062,ORD-506757,PAYMENT,PAID,2026-06-20 16:22:45,BR,BRL,2,3490,5.4334,6.42,0.29
DL-90000022,ORD-505717,PAYMENT,PAID,2026-06-20 16:41:48,BR,BRL,2,3490,5.4334,6.42,0.29
DL-90000862,ORD-506557,PAYMENT,PAID,2026-06-20 16:43:47,MX,MXN,2,79900,18.0989,44.15,1.99
DL-90000353,ORD-506048,PAYMENT,PAID,2026-06-20 16:45:18,BR,BRL,2,1690,5.4334,3.11,0.14
DL-90000047,ORD-505742,PAYMENT,PAID,2026-06-20 17:00:33,CL,CLP,0,17990,942.5071,19.09,0.86
DL-90000676,ORD-506371,PAYMENT,PAID,2026-06-20 17:45:15,BR,BRL,2,3490,5.4334,6.42,0.29
DL-90000624,ORD-506319,PAYMENT,PAID,2026-06-20 17:59:17,MX,MXN,2,12900,18.0989,7.13,0.32
DL-90001144,ORD-506839,PAYMENT,PAID,2026-06-20 18:14:22,BR,BRL,2,3490,5.4334,6.42,0.29
DL-90001017,ORD-506712,PAYMENT,PAID,2026-06-20 18:43:13,BR,BRL,2,19990,5.4334,36.79,1.66
DL-90001247,ORD-506942,PAYMENT,PAID,2026-06-20 18:57:41,MX,MXN,2,12900,18.0989,7.13,0.32
DL-90000879,ORD-506574,PAYMENT,PAID,2026-06-20 19:01:27,BR,BRL,2,3490,5.4334,6.42,0.29
DL-90000950,ORD-506645,PAYMENT,PAID,2026-06-20 19:06:05,CL,CLP,0,6990,942.5071,7.42,0.33
DL-90000486,ORD-506181,PAYMENT,PAID,2026-06-20 19:34:41,BR,BRL,2,3490,5.4334,6.42,0.29
DL-90001199,ORD-506894,PAYMENT,PAID,2026-06-20 20:00:52,MX,MXN,2,5900,18.0989,3.26,0.15
DL-90000174,ORD-505869,PAYMENT,PAID,2026-06-21 07:42:04,MX,MXN,2,12900,18.0989,7.13,0.32
DL-90000496,ORD-506191,PAYMENT,PAID,2026-06-21 08:38:41,BR,BRL,2,8990,5.4334,16.55,0.74
DL-90000126,ORD-505821,PAYMENT,PAID,2026-06-21 08:46:26,BR,BRL,2,3490,5.4334,6.42,0.29
DL-90000396,ORD-506091,PAYMENT,PAID,2026-06-21 09:11:28,BR,BRL,2,3490,5.4334,6.42,0.29
DL-90000282,ORD-505977,PAYMENT,PAID,2026-06-21 10:16:58,BR,BRL,2,3490,5.4334,6.42,0.29
DL-90000073,ORD-505768,PAYMENT,PAID,2026-06-21 10:29:04,CO,COP,2,7990000,4098.3607,19.50,0.88
DL-90000392,ORD-506087,PAYMENT,REJECTED,2026-06-21 10:46:35,AR,ARS,2,599900,1201.9231,4.99,0.22
DL-90000923,ORD-506618,PAYMENT,PAID,2026-06-21 11:00:56,CO,COP,2,2990000,4098.3607,7.30,0.33
DL-90000999,ORD-506694,PAYMENT,PAID,2026-06-21 11:03:15,BR,BRL,2,3490,5.4334,6.42,0.29
DL-90000046,ORD-505741,PAYMENT,PAID,2026-06-21 11:05:55,MX,MXN,2,12900,18.0989,7.13,0.32
DL-90001133,ORD-506828,PAYMENT,PAID,2026-06-21 11:13:14,CO,COP,2,2990000,4098.3607,7.30,0.33
DL-90000944,ORD-506639,PAYMENT,PAID,2026-06-21 11:44:14,CL,CLP,0,6990,942.5071,7.42,0.33
DL-90000199,ORD-505894,PAYMENT,REJECTED,2026-06-21 12:12:22,AR,ARS,2,599900,1201.9231,4.99,0.22
DL-90000771,ORD-506466,PAYMENT,PAID,2026-06-21 12:44:43,MX,MXN,2,12900,18.0989,7.13,0.32
DL-90000270,ORD-505965,PAYMENT,PAID,2026-06-21 12:44:53,MX,MXN,2,32900,18.0989,18.18,0.82
DL-90000825,ORD-506520,PAYMENT,PAID,2026-06-21 12:45:34,BR,BRL,2,8990,5.4334,16.55,0.74
DL-90001011,ORD-506706,PAYMENT,PAID,2026-06-21 13:53:38,BR,BRL,2,8990,5.4334,16.55,0.74
DL-90000877,ORD-506572,PAYMENT,PAID,2026-06-21 14:47:30,MX,MXN,2,12900,18.0989,7.13,0.32
DL-90000674,ORD-506369,PAYMENT,PAID,2026-06-21 15:23:31,BR,BRL,2,3490,5.4334,6.42,0.29
DL-90000534,ORD-506229,PAYMENT,PAID,2026-06-21 15:32:26,MX,MXN,2,79900,18.0989,44.15,1.99
DL-90000464,ORD-506159,PAYMENT,PAID,2026-06-21 15:46:28,CO,COP,2,2990000,4098.3607,7.30,0.33
DL-90001030,ORD-506725,PAYMENT,PAID,2026-06-21 15:58:48,BR,BRL,2,8990,5.4334,16.55,0.74
DL-90000551,ORD-506246,PAYMENT,PAID,2026-06-21 16:10:40,AR,ARS,2,599900,1201.9231,4.99,0.22
DL-90000466,ORD-506161,PAYMENT,PAID,2026-06-21 16:12:37,BR,BRL,2,1690,5.4334,3.11,0.14
DL-90000079,ORD-505774,PAYMENT,PAID,2026-06-21 16:26:20,MX,MXN,2,32900,18.0989,18.18,0.82
DL-90000871,ORD-506566,PAYMENT,PAID,2026-06-21 16:32:48,BR,BRL,2,3490,5.4334,6.42,0.29
DL-90000887,ORD-506582,PAYMENT,PAID,2026-06-21 17:28:41,CL,CLP,0,6990,942.5071,7.42,0.33
DL-90000813,ORD-506508,PAYMENT,PAID,2026-06-21 17:51:03,MX,MXN,2,5900,18.0989,3.26,0.15
DL-90000983,ORD-506678,PAYMENT,PAID,2026-06-21 18:00:32,BR,BRL,2,3490,5.4334,6.42,0.29
DL-90001053,ORD-506748,PAYMENT,PAID,2026-06-21 18:10:11,AR,ARS,2,599900,1201.9231,4.99,0.22
DL-90000230,ORD-505925,PAYMENT,PAID,2026-06-21 18:10:32,BR,BRL,2,19990,5.4334,36.79,1.66
DL-90001154,ORD-506849,PAYMENT,PAID,2026-06-21 18:15:14,MX,MXN,2,12900,18.0989,7.13,0.32
DL-90000761,ORD-506456,PAYMENT,PAID,2026-06-21 18:25:10,BR,BRL,2,19990,5.4334,36.79,1.66
DL-90000814,ORD-506509,PAYMENT,PAID,2026-06-21 18:33:48,CO,COP,2,2990000,4098.3607,7.30,0.33
DL-90000465,ORD-506160,PAYMENT,PAID,2026-06-21 19:09:40,AR,ARS,2,259900,1201.9231,2.16,0.10
DL-90000108,ORD-505803,PAYMENT,PAID,2026-06-22 07:44:03,CO,COP,2,2990000,4098.3607,7.30,0.33
DL-90000960,ORD-506655,PAYMENT,PAID,2026-06-22 07:56:19,BR,BRL,2,19990,5.4501,36.68,1.65
DL-90000097,ORD-505792,PAYMENT,PAID,2026-06-22 08:11:55,BR,BRL,2,3490,5.4501,6.40,0.29
DL-90000069,ORD-505764,PAYMENT,PAID,2026-06-22 09:05:40,MX,MXN,2,32900,18.1064,18.17,0.82
DL-90000487,ORD-506182,PAYMENT,PAID,2026-06-22 09:40:41,BR,BRL,2,3490,5.4501,6.40,0.29
DL-90000463,ORD-506158,PAYMENT,PAID,2026-06-22 09:51:48,MX,MXN,2,79900,18.1064,44.13,1.99
DL-90000783,ORD-506478,PAYMENT,PAID,2026-06-22 09:54:00,BR,BRL,2,1690,5.4501,3.10,0.14
DL-90001197,ORD-506892,PAYMENT,PAID,2026-06-22 09:55:44,MX,MXN,2,5900,18.1064,3.26,0.15
DL-90000505,ORD-506200,PAYMENT,PAID,2026-06-22 10:00:00,MX,MXN,2,12900,18.1064,7.12,0.32
DL-90000218,ORD-505913,PAYMENT,PAID,2026-06-22 10:12:10,BR,BRL,2,3490,5.4501,6.40,0.29
DL-90000247,ORD-505942,PAYMENT,PAID,2026-06-22 10:18:58,MX,MXN,2,12900,18.1064,7.12,0.32
DL-90001064,ORD-506759,PAYMENT,PAID,2026-06-22 10:30:33,MX,MXN,2,32900,18.1064,18.17,0.82
DL-90000262,ORD-505957,PAYMENT,PAID,2026-06-22 10:30:56,BR,BRL,2,1690,5.4501,3.10,0.14
DL-90000452,ORD-506147,PAYMENT,PAID,2026-06-22 10:41:30,MX,MXN,2,12900,18.1064,7.12,0.32
DL-90000200,ORD-505895,PAYMENT,PAID,2026-06-22 10:58:08,BR,BRL,2,3490,5.4501,6.40,0.29
DL-90000385,ORD-506080,PAYMENT,PAID,2026-06-22 11:02:48,CO,COP,2,2990000,4098.3607,7.30,0.33
DL-90000031,ORD-505726,PAYMENT,PAID,2026-06-22 11:17:01,BR,BRL,2,1690,5.4501,3.10,0.14
DL-90000818,ORD-506513,PAYMENT,PAID,2026-06-22 11:28:15,MX,MXN,2,32900,18.1064,18.17,0.82
DL-90001313,ORD-507791,PAYMENT,PAID,2026-06-22 11:36:00,CO,COP,2,19990000,4098.3607,48.78,2.20
DL-90000974,ORD-506669,PAYMENT,REJECTED,2026-06-22 11:37:52,MX,MXN,2,12900,18.1064,7.12,0.32
DL-90000278,ORD-505973,PAYMENT,PAID,2026-06-22 11:50:19,CL,CLP,0,6990,945.1796,7.40,0.33
DL-90000384,ORD-506079,PAYMENT,PAID,2026-06-22 11:52:22,CL,CLP,0,6990,945.1796,7.40,0.33
DL-90000779,ORD-506474,PAYMENT,PAID,2026-06-22 11:53:22,MX,MXN,2,79900,18.1064,44.13,1.99
DL-90000394,ORD-506089,PAYMENT,PAID,2026-06-22 12:03:08,CO,COP,2,7990000,4098.3607,19.50,0.88
DL-90001225,ORD-506920,PAYMENT,PAID,2026-06-22 12:05:21,BR,BRL,2,3490,5.4501,6.40,0.29
DL-90001026,ORD-506721,PAYMENT,PAID,2026-06-22 12:29:49,MX,MXN,2,12900,18.1064,7.12,0.32
DL-90000961,ORD-506656,PAYMENT,PAID,2026-06-22 13:39:40,CO,COP,2,2990000,4098.3607,7.30,0.33
DL-90000727,ORD-506422,PAYMENT,PAID,2026-06-22 13:42:04,CL,CLP,0,6990,945.1796,7.40,0.33
DL-90000996,ORD-506691,PAYMENT,PAID,2026-06-22 14:03:58,BR,BRL,2,3490,5.4501,6.40,0.29
DL-90000018,ORD-505713,PAYMENT,PAID,2026-06-22 14:10:47,CO,COP,2,7990000,4098.3607,19.50,0.88
DL-90000582,ORD-506277,PAYMENT,PAID,2026-06-22 15:12:02,MX,MXN,2,5900,18.1064,3.26,0.15
DL-90000213,ORD-505908,PAYMENT,PAID,2026-06-22 16:04:13,CL,CLP,0,3990,945.1796,4.22,0.19
DL-90000737,ORD-506432,PAYMENT,PAID,2026-06-22 16:29:15,CL,CLP,0,6990,945.1796,7.40,0.33
DL-90001007,ORD-506702,PAYMENT,PAID,2026-06-22 17:16:35,MX,MXN,2,79900,18.1064,44.13,1.99
DL-90000714,ORD-506409,PAYMENT,PAID,2026-06-22 17:17:59,AR,ARS,2,599900,1199.0408,5.00,0.23
DL-90000756,ORD-506451,PAYMENT,PAID,2026-06-22 17:38:36,BR,BRL,2,3490,5.4501,6.40,0.29
DL-90001103,ORD-506798,PAYMENT,PAID,2026-06-22 18:17:53,MX,MXN,2,79900,18.1064,44.13,1.99
DL-90000261,ORD-505956,PAYMENT,PAID,2026-06-22 18:23:20,BR,BRL,2,3490,5.4501,6.40,0.29
DL-90000844,ORD-506539,PAYMENT,PAID,2026-06-22 18:35:58,BR,BRL,2,8990,5.4501,16.50,0.74
DL-90000993,ORD-506688,PAYMENT,PAID,2026-06-22 19:01:59,MX,MXN,2,12900,18.1064,7.12,0.32
DL-90001009,ORD-506704,PAYMENT,PAID,2026-06-22 19:04:08,BR,BRL,2,1690,5.4501,3.10,0.14
DL-90000095,ORD-505790,PAYMENT,PAID,2026-06-22 19:17:20,BR,BRL,2,3490,5.4501,6.40,0.29
DL-90001213,ORD-506908,PAYMENT,PAID,2026-06-23 08:18:16,MX,MXN,2,79900,18.1482,44.03,1.98
DL-90000194,ORD-505889,PAYMENT,REJECTED,2026-06-23 08:30:40,CL,CLP,0,6990,942.5071,7.42,0.33
DL-90001082,ORD-506777,PAYMENT,PAID,2026-06-23 08:34:24,BR,BRL,2,8990,5.4556,16.48,0.74
DL-90000256,ORD-505951,PAYMENT,PAID,2026-06-23 08:49:22,BR,BRL,2,3490,5.4556,6.40,0.29
DL-90000052,ORD-505747,PAYMENT,PAID,2026-06-23 08:54:05,BR,BRL,2,3490,5.4556,6.40,0.29
DL-90000990,ORD-506685,PAYMENT,PAID,2026-06-23 09:30:01,AR,ARS,2,599900,1197.6048,5.01,0.23
DL-90000104,ORD-505799,PAYMENT,PAID,2026-06-23 09:39:49,BR,BRL,2,3490,5.4556,6.40,0.29
DL-90001319,ORD-507814,PAYMENT,PAID,2026-06-23 09:45:00,AR,ARS,2,1599900,1197.6048,13.37,0.60
DL-90000488,ORD-506183,PAYMENT,PAID,2026-06-23 09:52:20,BR,BRL,2,3490,5.4556,6.40,0.29
DL-90001127,ORD-506822,PAYMENT,PAID,2026-06-23 10:13:03,MX,MXN,2,5900,18.1482,3.25,0.15
DL-90000968,ORD-506663,PAYMENT,PAID,2026-06-23 10:18:21,BR,BRL,2,3490,5.4556,6.40,0.29
DL-90000631,ORD-506326,PAYMENT,PAID,2026-06-23 10:25:29,BR,BRL,2,8990,5.4556,16.48,0.74
DL-90000211,ORD-505906,PAYMENT,PAID,2026-06-23 10:35:55,MX,MXN,2,79900,18.1482,44.03,1.98
DL-90001182,ORD-506877,PAYMENT,REJECTED,2026-06-23 10:45:02,CO,COP,2,2990000,4115.2263,7.27,0.33
DL-90000203,ORD-505898,PAYMENT,PAID,2026-06-23 11:15:53,BR,BRL,2,3490,5.4556,6.40,0.29
DL-90000935,ORD-506630,PAYMENT,PAID,2026-06-23 11:29:18,CO,COP,2,2990000,4115.2263,7.27,0.33
DL-90000432,ORD-506127,PAYMENT,PAID,2026-06-23 11:40:17,BR,BRL,2,3490,5.4556,6.40,0.29
DL-90001110,ORD-506805,PAYMENT,REJECTED,2026-06-23 11:59:58,BR,BRL,2,19990,5.4556,36.64,1.65
DL-90000453,ORD-506148,PAYMENT,PAID,2026-06-23 12:07:08,BR,BRL,2,19990,5.4556,36.64,1.65
DL-90000898,ORD-506593,PAYMENT,PAID,2026-06-23 12:08:55,CL,CLP,0,6990,942.5071,7.42,0.33
DL-90000768,ORD-506463,PAYMENT,PAID,2026-06-23 12:39:26,BR,BRL,2,3490,5.4556,6.40,0.29
DL-90000068,ORD-505763,PAYMENT,PAID,2026-06-23 12:58:01,CL,CLP,0,3990,942.5071,4.23,0.19
DL-90000335,ORD-506030,PAYMENT,PAID,2026-06-23 14:01:51,MX,MXN,2,12900,18.1482,7.11,0.32
DL-90000283,ORD-505978,PAYMENT,PAID,2026-06-23 14:06:32,CL,CLP,0,6990,942.5071,7.42,0.33
DL-90001287,ORD-505770,REFUND,REFUNDED,2026-06-23 14:21:24,BR,BRL,2,3490,5.4556,6.40,0.00
DL-90000986,ORD-506681,PAYMENT,PAID,2026-06-23 14:24:19,CL,CLP,0,3990,942.5071,4.23,0.19
DL-90000287,ORD-505982,PAYMENT,PAID,2026-06-23 14:33:07,AR,ARS,2,599900,1197.6048,5.01,0.23
DL-90000091,ORD-505786,PAYMENT,PAID,2026-06-23 14:34:21,CO,COP,2,7990000,4115.2263,19.42,0.87
DL-90000311,ORD-506006,PAYMENT,PAID,2026-06-23 14:37:26,AR,ARS,2,1599900,1197.6048,13.36,0.60
DL-90001233,ORD-506928,PAYMENT,PAID,2026-06-23 14:50:37,MX,MXN,2,12900,18.1482,7.11,0.32
DL-90000307,ORD-506002,PAYMENT,PAID,2026-06-23 15:10:41,BR,BRL,2,3490,5.4556,6.40,0.29
DL-90000928,ORD-506623,PAYMENT,PAID,2026-06-23 15:23:33,BR,BRL,2,8990,5.4556,16.48,0.74
DL-90001179,ORD-506874,PAYMENT,PAID,2026-06-23 15:37:03,CL,CLP,0,6990,942.5071,7.42,0.33
DL-90001119,ORD-506814,PAYMENT,PAID,2026-06-23 15:40:36,MX,MXN,2,12900,18.1482,7.11,0.32
DL-90000180,ORD-505875,PAYMENT,PAID,2026-06-23 16:04:42,BR,BRL,2,8990,5.4556,16.48,0.74
DL-90000240,ORD-505935,PAYMENT,PAID,2026-06-23 16:19:12,MX,MXN,2,12900,18.1482,7.11,0.32
DL-90001112,ORD-506807,PAYMENT,PAID,2026-06-23 16:22:57,BR,BRL,2,8990,5.4556,16.48,0.74
DL-90000479,ORD-506174,PAYMENT,PAID,2026-06-23 16:25:31,CL,CLP,0,6990,942.5071,7.42,0.33
DL-90000802,ORD-506497,PAYMENT,PAID,2026-06-23 16:44:13,BR,BRL,2,3490,5.4556,6.40,0.29
DL-90001036,ORD-506731,PAYMENT,PAID,2026-06-23 17:05:35,BR,BRL,2,19990,5.4556,36.64,1.65
DL-90000234,ORD-505929,PAYMENT,PAID,2026-06-23 17:56:17,AR,ARS,2,3999900,1197.6048,33.40,1.50
DL-90000522,ORD-506217,PAYMENT,PAID,2026-06-23 18:13:37,BR,BRL,2,3490,5.4556,6.40,0.29
DL-90000517,ORD-506212,PAYMENT,PAID,2026-06-23 18:24:24,MX,MXN,2,79900,18.1482,44.03,1.98
DL-90000812,ORD-506507,PAYMENT,PAID,2026-06-23 18:25:32,CL,CLP,0,6990,942.5071,7.42,0.33
DL-90000509,ORD-506204,PAYMENT,PAID,2026-06-23 18:41:31,BR,BRL,2,19990,5.4556,36.64,1.65
DL-90001165,ORD-506860,PAYMENT,PAID,2026-06-23 18:44:54,BR,BRL,2,3490,5.4556,6.40,0.29
DL-90000717,ORD-506412,PAYMENT,PAID,2026-06-23 18:53:17,MX,MXN,2,12900,18.1482,7.11,0.32
DL-90000082,ORD-505777,PAYMENT,PAID,2026-06-23 20:19:17,CO,COP,2,2990000,4115.2263,7.27,0.33
DL-90000769,ORD-506464,PAYMENT,REJECTED,2026-06-24 07:01:55,BR,BRL,2,3490,5.4584,6.39,0.29
DL-90000826,ORD-506521,PAYMENT,PAID,2026-06-24 07:56:00,BR,BRL,2,19990,5.4584,36.62,1.65
DL-90000359,ORD-506054,PAYMENT,PAID,2026-06-24 08:17:05,BR,BRL,2,8990,5.4584,16.47,0.74
DL-90000538,ORD-506233,PAYMENT,PAID,2026-06-24 08:27:22,MX,MXN,2,12900,18.1689,7.10,0.32
DL-90000150,ORD-505845,PAYMENT,PAID,2026-06-24 08:52:26,BR,BRL,2,8990,5.4584,16.47,0.74
DL-90000037,ORD-505732,PAYMENT,PAID,2026-06-24 08:58:54,MX,MXN,2,12900,18.1689,7.10,0.32
DL-90000757,ORD-506452,PAYMENT,PAID,2026-06-24 09:01:19,AR,ARS,2,599900,1199.0408,5.00,0.23
DL-90001286,ORD-505747,REFUND,REFUNDED,2026-06-24 09:23:05,BR,BRL,2,3490,5.4584,6.39,0.00
DL-90000368,ORD-506063,PAYMENT,PAID,2026-06-24 10:01:43,BR,BRL,2,1690,5.4584,3.10,0.14
DL-90000940,ORD-506635,PAYMENT,PAID,2026-06-24 10:07:41,CO,COP,2,2990000,4098.3607,7.30,0.33
DL-90000682,ORD-506377,PAYMENT,PAID,2026-06-24 10:10:42,BR,BRL,2,3490,5.4584,6.39,0.29
DL-90000740,ORD-506435,PAYMENT,PAID,2026-06-24 10:17:35,MX,MXN,2,12900,18.1689,7.10,0.32
DL-90000681,ORD-506376,PAYMENT,PAID,2026-06-24 10:27:17,BR,BRL,2,3490,5.4584,6.39,0.29
DL-90000809,ORD-506504,PAYMENT,PAID,2026-06-24 10:36:06,BR,BRL,2,3490,5.4584,6.39,0.29
DL-90000880,ORD-506575,PAYMENT,PAID,2026-06-24 11:06:54,CO,COP,2,7990000,4098.3607,19.50,0.88
DL-90000775,ORD-506470,PAYMENT,PAID,2026-06-24 11:10:40,BR,BRL,2,1690,5.4584,3.10,0.14
DL-90000556,ORD-506251,PAYMENT,PAID,2026-06-24 11:36:57,MX,MXN,2,5900,18.1689,3.25,0.15
DL-90000645,ORD-506340,PAYMENT,PAID,2026-06-24 12:02:20,BR,BRL,2,3490,5.4584,6.39,0.29
DL-90000564,ORD-506259,PAYMENT,REJECTED,2026-06-24 12:22:50,BR,BRL,2,1690,5.4584,3.10,0.14
DL-90001202,ORD-506897,PAYMENT,PAID,2026-06-24 12:38:16,MX,MXN,2,12900,18.1689,7.10,0.32
DL-90001076,ORD-506771,PAYMENT,PAID,2026-06-24 13:02:16,BR,BRL,2,3490,5.4584,6.39,0.29
DL-90000720,ORD-506415,PAYMENT,PAID,2026-06-24 13:20:29,CO,COP,2,7990000,4098.3607,19.50,0.88
DL-90001020,ORD-506715,PAYMENT,PAID,2026-06-24 13:23:03,MX,MXN,2,32900,18.1689,18.11,0.81
DL-90000459,ORD-506154,PAYMENT,PAID,2026-06-24 13:34:33,CL,CLP,0,6990,943.3962,7.41,0.33
DL-90000629,ORD-506324,PAYMENT,PAID,2026-06-24 13:41:56,BR,BRL,2,3490,5.4584,6.39,0.29
DL-90000016,ORD-505711,PAYMENT,PAID,2026-06-24 13:45:57,CO,COP,2,2990000,4098.3607,7.30,0.33
DL-90000216,ORD-505911,PAYMENT,PAID,2026-06-24 14:08:16,BR,BRL,2,8990,5.4584,16.47,0.74
DL-90000752,ORD-506447,PAYMENT,PAID,2026-06-24 14:18:48,BR,BRL,2,3490,5.4584,6.39,0.29
DL-90000227,ORD-505922,PAYMENT,PAID,2026-06-24 14:47:31,BR,BRL,2,1690,5.4584,3.10,0.14
DL-90001230,ORD-506925,PAYMENT,REJECTED,2026-06-24 15:03:15,CL,CLP,0,17990,943.3962,19.07,0.86
DL-90000897,ORD-506592,PAYMENT,PAID,2026-06-24 15:16:16,BR,BRL,2,8990,5.4584,16.47,0.74
DL-90000786,ORD-506481,PAYMENT,PAID,2026-06-24 15:17:17,CO,COP,2,2990000,4098.3607,7.30,0.33
DL-90000861,ORD-506556,PAYMENT,PAID,2026-06-24 15:34:38,AR,ARS,2,599900,1199.0408,5.00,0.23
DL-90001107,ORD-506802,PAYMENT,PAID,2026-06-24 15:45:48,BR,BRL,2,3490,5.4584,6.39,0.29
DL-90000638,ORD-506333,PAYMENT,PAID,2026-06-24 16:04:29,MX,MXN,2,12900,18.1689,7.10,0.32
DL-90000828,ORD-506523,PAYMENT,PAID,2026-06-24 16:05:18,MX,MXN,2,12900,18.1689,7.10,0.32
DL-90000268,ORD-505963,PAYMENT,PAID,2026-06-24 16:09:23,CO,COP,2,19990000,4098.3607,48.78,2.20
DL-90000118,ORD-505813,PAYMENT,PAID,2026-06-24 16:15:50,BR,BRL,2,3490,5.4584,6.39,0.29
DL-90000455,ORD-506150,PAYMENT,PAID,2026-06-24 16:21:38,MX,MXN,2,32900,18.1689,18.11,0.81
DL-90000784,ORD-506479,PAYMENT,PAID,2026-06-24 16:45:47,CO,COP,2,19990000,4098.3607,48.78,2.20
DL-90000187,ORD-505882,PAYMENT,PAID,2026-06-24 16:53:25,AR,ARS,2,1599900,1199.0408,13.34,0.60
DL-90000290,ORD-505985,PAYMENT,PAID,2026-06-24 16:57:46,MX,MXN,2,12900,18.1689,7.10,0.32
DL-90001306,ORD-506943,REFUND,REFUNDED,2026-06-24 17:05:05,BR,BRL,2,845,5.4584,1.55,0.00
DL-90001032,ORD-506727,PAYMENT,PAID,2026-06-24 17:43:56,MX,MXN,2,12900,18.1689,7.10,0.32
DL-90001291,ORD-506009,REFUND,REFUNDED,2026-06-24 17:46:12,MX,MXN,2,32900,18.1689,18.11,0.00
DL-90000153,ORD-505848,PAYMENT,PAID,2026-06-24 17:49:05,BR,BRL,2,8990,5.4584,16.47,0.74
DL-90000137,ORD-505832,PAYMENT,PAID,2026-06-24 18:31:02,MX,MXN,2,32900,18.1689,18.11,0.81
DL-90000603,ORD-506298,PAYMENT,PAID,2026-06-24 19:45:17,CL,CLP,0,44990,943.3962,47.69,2.15
DL-90001072,ORD-506767,PAYMENT,PAID,2026-06-24 19:48:46,CL,CLP,0,44990,943.3962,47.69,2.15
DL-90000017,ORD-505712,PAYMENT,PAID,2026-06-25 07:46:13,BR,BRL,2,3490,5.4729,6.38,0.29
DL-90000980,ORD-506675,PAYMENT,PAID,2026-06-25 07:57:58,BR,BRL,2,3490,5.4729,6.38,0.29
DL-90000427,ORD-506122,PAYMENT,PAID,2026-06-25 08:08:38,BR,BRL,2,3490,5.4729,6.38,0.29
DL-90001090,ORD-506785,PAYMENT,PAID,2026-06-25 08:33:01,MX,MXN,2,12900,18.2066,7.09,0.32
DL-90000849,ORD-506544,PAYMENT,PAID,2026-06-25 08:54:51,BR,BRL,2,19990,5.4729,36.53,1.64
DL-90000305,ORD-506000,PAYMENT,REJECTED,2026-06-25 09:14:28,BR,BRL,2,3490,5.4729,6.38,0.29
DL-90001200,ORD-506895,PAYMENT,PAID,2026-06-25 09:44:13,MX,MXN,2,5900,18.2066,3.24,0.15
DL-90000884,ORD-506579,PAYMENT,PAID,2026-06-25 10:28:47,AR,ARS,2,599900,1197.6048,5.01,0.23
DL-90000647,ORD-506342,PAYMENT,PAID,2026-06-25 11:18:50,BR,BRL,2,19990,5.4729,36.53,1.64
DL-90000141,ORD-505836,PAYMENT,PAID,2026-06-25 11:41:20,CL,CLP,0,3990,944.2871,4.23,0.19
DL-90000292,ORD-505987,PAYMENT,PAID,2026-06-25 11:49:10,CL,CLP,0,3990,944.2871,4.23,0.19
DL-90000852,ORD-506547,PAYMENT,PAID,2026-06-25 11:49:14,CO,COP,2,2990000,4098.3607,7.30,0.33
DL-90001222,ORD-506917,PAYMENT,REJECTED,2026-06-25 11:53:21,MX,MXN,2,12900,18.2066,7.09,0.32
DL-90000977,ORD-506672,PAYMENT,PAID,2026-06-25 12:01:58,BR,BRL,2,3490,5.4729,6.38,0.29
DL-90000214,ORD-505909,PAYMENT,PAID,2026-06-25 12:03:43,AR,ARS,2,599900,1197.6048,5.01,0.23
DL-90001229,ORD-506924,PAYMENT,REJECTED,2026-06-25 12:33:20,MX,MXN,2,12900,18.2066,7.09,0.32
DL-90000746,ORD-506441,PAYMENT,PAID,2026-06-25 12:41:38,MX,MXN,2,12900,18.2066,7.09,0.32
DL-90000698,ORD-506393,PAYMENT,PAID,2026-06-25 12:44:36,BR,BRL,2,3490,5.4729,6.38,0.29
DL-90000363,ORD-506058,PAYMENT,PAID,2026-06-25 12:46:16,MX,MXN,2,79900,18.2066,43.89,1.98
DL-90000886,ORD-506581,PAYMENT,PAID,2026-06-25 12:59:23,BR,BRL,2,3490,5.4729,6.38,0.29
DL-90000014,ORD-505709,PAYMENT,PAID,2026-06-25 13:28:45,MX,MXN,2,79900,18.2066,43.89,1.98
DL-90001132,ORD-506827,PAYMENT,REJECTED,2026-06-25 13:51:32,BR,BRL,2,3490,5.4729,6.38,0.29
DL-90000380,ORD-506075,PAYMENT,PAID,2026-06-25 13:55:38,MX,MXN,2,32900,18.2066,18.07,0.81
DL-90000402,ORD-506097,PAYMENT,PAID,2026-06-25 14:17:51,BR,BRL,2,1690,5.4729,3.09,0.14
DL-90000446,ORD-506141,PAYMENT,PAID,2026-06-25 14:35:04,BR,BRL,2,3490,5.4729,6.38,0.29
DL-90000665,ORD-506360,PAYMENT,PAID,2026-06-25 14:47:58,AR,ARS,2,259900,1197.6048,2.17,0.10
DL-90001106,ORD-506801,PAYMENT,PAID,2026-06-25 15:08:07,BR,BRL,2,19990,5.4729,36.53,1.64
DL-90001290,ORD-506006,REFUND,REFUNDED,2026-06-25 15:12:26,AR,ARS,2,799950,1197.6048,6.68,0.00
DL-90000450,ORD-506145,PAYMENT,PAID,2026-06-25 15:21:31,AR,ARS,2,599900,1197.6048,5.01,0.23
DL-90000436,ORD-506131,PAYMENT,PAID,2026-06-25 15:23:53,MX,MXN,2,12900,18.2066,7.09,0.32
DL-90000838,ORD-506533,PAYMENT,PAID,2026-06-25 15:53:32,BR,BRL,2,3490,5.4729,6.38,0.29
DL-90000416,ORD-506111,PAYMENT,PAID,2026-06-25 17:11:37,CL,CLP,0,6990,944.2871,7.40,0.33
DL-90000821,ORD-506516,PAYMENT,PAID,2026-06-25 17:19:58,AR,ARS,2,599900,1197.6048,5.01,0.23
DL-90000763,ORD-506458,PAYMENT,PAID,2026-06-25 17:20:03,CO,COP,2,2990000,4098.3607,7.30,0.33
DL-90001153,ORD-506848,PAYMENT,PAID,2026-06-25 17:31:41,CL,CLP,0,6990,944.2871,7.40,0.33
DL-90000942,ORD-506637,PAYMENT,PAID,2026-06-25 17:55:54,MX,MXN,2,12900,18.2066,7.09,0.32
DL-90000124,ORD-505819,PAYMENT,PAID,2026-06-25 18:02:24,BR,BRL,2,19990,5.4729,36.53,1.64
DL-90000540,ORD-506235,PAYMENT,PAID,2026-06-25 18:43:28,CL,CLP,0,17990,944.2871,19.05,0.86
DL-90000473,ORD-506168,PAYMENT,PAID,2026-06-25 18:45:17,BR,BRL,2,3490,5.4729,6.38,0.29
DL-90000269,ORD-505964,PAYMENT,PAID,2026-06-25 19:14:27,CO,COP,2,1290000,4098.3607,3.15,0.14
DL-90000431,ORD-506126,PAYMENT,PAID,2026-06-25 19:41:16,BR,BRL,2,3490,5.4729,6.38,0.29
DL-90000774,ORD-506469,PAYMENT,PAID,2026-06-25 19:41:28,CL,CLP,0,44990,944.2871,47.64,2.14
DL-90000874,ORD-506569,PAYMENT,PAID,2026-06-25 19:51:20,BR,BRL,2,1690,5.4729,3.09,0.14
DL-90001245,ORD-506940,PAYMENT,REJECTED,2026-06-26 07:16:04,BR,BRL,2,3490,5.4802,6.37,0.29
DL-90000929,ORD-506624,PAYMENT,REJECTED,2026-06-26 07:26:34,MX,MXN,2,12900,18.1646,7.10,0.32
DL-90000209,ORD-505904,PAYMENT,PAID,2026-06-26 08:16:12,MX,MXN,2,32900,18.1646,18.11,0.81
DL-90001300,ORD-506584,REFUND,REFUNDED,2026-06-26 08:45:33,BR,BRL,2,8990,5.4802,16.40,0.00
DL-90001049,ORD-506744,PAYMENT,PAID,2026-06-26 08:51:07,CL,CLP,0,44990,942.5071,47.73,2.15
DL-90000956,ORD-506651,PAYMENT,REJECTED,2026-06-26 08:52:57,BR,BRL,2,3490,5.4802,6.37,0.29
DL-90000612,ORD-506307,PAYMENT,PAID,2026-06-26 09:25:39,AR,ARS,2,599900,1201.9231,4.99,0.22
DL-90000745,ORD-506440,PAYMENT,REJECTED,2026-06-26 09:37:17,CL,CLP,0,3990,942.5071,4.23,0.19
DL-90000472,ORD-506167,PAYMENT,PAID,2026-06-26 09:43:33,MX,MXN,2,5900,18.1646,3.25,0.15
DL-90000989,ORD-506684,PAYMENT,PAID,2026-06-26 10:05:46,MX,MXN,2,12900,18.1646,7.10,0.32
DL-90001101,ORD-506796,PAYMENT,PAID,2026-06-26 10:20:58,BR,BRL,2,8990,5.4802,16.40,0.74
DL-90000939,ORD-506634,PAYMENT,PAID,2026-06-26 11:01:08,BR,BRL,2,3490,5.4802,6.37,0.29
DL-90001115,ORD-506810,PAYMENT,PAID,2026-06-26 11:17:05,BR,BRL,2,3490,5.4802,6.37,0.29
DL-90000546,ORD-506241,PAYMENT,PAID,2026-06-26 11:25:16,BR,BRL,2,3490,5.4802,6.37,0.29
DL-90000632,ORD-506327,PAYMENT,PAID,2026-06-26 11:39:28,BR,BRL,2,3490,5.4802,6.37,0.29
DL-90000622,ORD-506317,PAYMENT,PAID,2026-06-26 11:44:07,MX,MXN,2,12900,18.1646,7.10,0.32
DL-90001031,ORD-506726,PAYMENT,PAID,2026-06-26 12:05:26,BR,BRL,2,3490,5.4802,6.37,0.29
DL-90000041,ORD-505736,PAYMENT,PAID,2026-06-26 12:20:39,CL,CLP,0,6990,942.5071,7.42,0.33
DL-90001046,ORD-506741,PAYMENT,PAID,2026-06-26 12:29:50,BR,BRL,2,3490,5.4802,6.37,0.29
DL-90000074,ORD-505769,PAYMENT,PAID,2026-06-26 12:39:30,BR,BRL,2,3490,5.4802,6.37,0.29
DL-90000181,ORD-505876,PAYMENT,PAID,2026-06-26 13:09:22,BR,BRL,2,8990,5.4802,16.40,0.74
DL-90000548,ORD-506243,PAYMENT,PAID,2026-06-26 13:17:49,CL,CLP,0,6990,942.5071,7.42,0.33
DL-90000025,ORD-505720,PAYMENT,REJECTED,2026-06-26 13:54:03,BR,BRL,2,8990,5.4802,16.40,0.74
DL-90001303,ORD-506832,REFUND,REFUNDED,2026-06-26 13:56:39,BR,BRL,2,3490,5.4802,6.37,0.00
DL-90000959,ORD-506654,PAYMENT,PAID,2026-06-26 14:06:39,MX,MXN,2,12900,18.1646,7.10,0.32
DL-90000661,ORD-506356,PAYMENT,PAID,2026-06-26 14:23:00,MX,MXN,2,12900,18.1646,7.10,0.32
DL-90001299,ORD-506516,REFUND,REFUNDED,2026-06-26 14:53:58,AR,ARS,2,599900,1201.9231,4.99,0.00
DL-90000013,ORD-505708,PAYMENT,PAID,2026-06-26 15:22:46,MX,MXN,2,12900,18.1646,7.10,0.32
DL-90000958,ORD-506653,PAYMENT,PAID,2026-06-26 15:54:24,BR,BRL,2,8990,5.4802,16.40,0.74
DL-90000348,ORD-506043,PAYMENT,PAID,2026-06-26 16:08:41,BR,BRL,2,3490,5.4802,6.37,0.29
DL-90000810,ORD-506505,PAYMENT,PAID,2026-06-26 17:11:19,CO,COP,2,2990000,4081.6327,7.33,0.33
DL-90000027,ORD-505722,PAYMENT,PAID,2026-06-26 17:19:17,AR,ARS,2,599900,1201.9231,4.99,0.22
DL-90000770,ORD-506465,PAYMENT,PAID,2026-06-26 17:20:21,BR,BRL,2,1690,5.4802,3.08,0.14
DL-90001194,ORD-506889,PAYMENT,PAID,2026-06-26 17:21:00,MX,MXN,2,79900,18.1646,43.99,1.98
DL-90000749,ORD-506444,PAYMENT,PAID,2026-06-26 17:42:03,BR,BRL,2,3490,5.4802,6.37,0.29
DL-90000652,ORD-506347,PAYMENT,PAID,2026-06-26 17:46:34,MX,MXN,2,79900,18.1646,43.99,1.98
DL-90000178,ORD-505873,PAYMENT,PAID,2026-06-26 18:11:51,BR,BRL,2,19990,5.4802,36.48,1.64
DL-90000462,ORD-506157,PAYMENT,PAID,2026-06-26 18:33:26,BR,BRL,2,3490,5.4802,6.37,0.29
DL-90000797,ORD-506492,PAYMENT,PAID,2026-06-26 19:07:22,CL,CLP,0,17990,942.5071,19.09,0.86
DL-90001094,ORD-506789,PAYMENT,PAID,2026-06-26 19:27:35,AR,ARS,2,599900,1201.9231,4.99,0.22
DL-90000607,ORD-506302,PAYMENT,PAID,2026-06-26 20:06:38,BR,BRL,2,3490,5.4802,6.37,0.29
DL-90000780,ORD-506475,PAYMENT,PAID,2026-06-27 08:12:52,MX,MXN,2,12900,18.1646,7.10,0.32
DL-90000252,ORD-505947,PAYMENT,PAID,2026-06-27 08:20:54,CL,CLP,0,44990,942.5071,47.73,2.15
DL-90000673,ORD-506368,PAYMENT,PAID,2026-06-27 08:26:34,CO,COP,2,1290000,4081.6327,3.16,0.14
DL-90000523,ORD-506218,PAYMENT,PAID,2026-06-27 08:32:53,CL,CLP,0,44990,942.5071,47.73,2.15
DL-90000883,ORD-506578,PAYMENT,PAID,2026-06-27 08:45:36,BR,BRL,2,3490,5.4802,6.37,0.29
DL-90001183,ORD-506878,PAYMENT,PAID,2026-06-27 08:49:03,BR,BRL,2,3490,5.4802,6.37,0.29
DL-90000258,ORD-505953,PAYMENT,PAID,2026-06-27 09:02:14,AR,ARS,2,3999900,1201.9231,33.28,1.50
DL-90000058,ORD-505753,PAYMENT,PAID,2026-06-27 09:03:33,CO,COP,2,2990000,4081.6327,7.33,0.33
DL-90001157,ORD-506852,PAYMENT,PAID,2026-06-27 10:01:13,BR,BRL,2,19990,5.4802,36.48,1.64
DL-90001120,ORD-506815,PAYMENT,PAID,2026-06-27 10:07:49,CO,COP,2,2990000,4081.6327,7.33,0.33
DL-90000417,ORD-506112,PAYMENT,PAID,2026-06-27 10:08:21,BR,BRL,2,8990,5.4802,16.40,0.74
DL-90000895,ORD-506590,PAYMENT,PAID,2026-06-27 10:12:38,BR,BRL,2,19990,5.4802,36.48,1.64
DL-90000841,ORD-506536,PAYMENT,PAID,2026-06-27 10:25:22,CO,COP,2,2990000,4081.6327,7.33,0.33
DL-90000831,ORD-506526,PAYMENT,PAID,2026-06-27 10:39:48,BR,BRL,2,3490,5.4802,6.37,0.29
DL-90000747,ORD-506442,PAYMENT,PAID,2026-06-27 11:01:41,MX,MXN,2,32900,18.1646,18.11,0.81
DL-90001166,ORD-506861,PAYMENT,PAID,2026-06-27 11:43:17,MX,MXN,2,79900,18.1646,43.99,1.98
DL-90000594,ORD-506289,PAYMENT,PAID,2026-06-27 12:08:23,BR,BRL,2,3490,5.4802,6.37,0.29
DL-90000799,ORD-506494,PAYMENT,PAID,2026-06-27 12:15:33,BR,BRL,2,3490,5.4802,6.37,0.29
DL-90001192,ORD-506887,PAYMENT,PAID,2026-06-27 12:16:28,MX,MXN,2,32900,18.1646,18.11,0.81
DL-90000648,ORD-506343,PAYMENT,PAID,2026-06-27 12:31:12,BR,BRL,2,3490,5.4802,6.37,0.29
DL-90001091,ORD-506786,PAYMENT,PAID,2026-06-27 12:40:34,CO,COP,2,19990000,4081.6327,48.98,2.20
DL-90000303,ORD-505998,PAYMENT,PAID,2026-06-27 12:52:17,BR,BRL,2,3490,5.4802,6.37,0.29
DL-90000364,ORD-506059,PAYMENT,PAID,2026-06-27 13:30:15,CL,CLP,0,44990,942.5071,47.73,2.15
DL-90000952,ORD-506647,PAYMENT,PAID,2026-06-27 13:52:23,MX,MXN,2,79900,18.1646,43.99,1.98
DL-90000361,ORD-506056,PAYMENT,PAID,2026-06-27 14:05:18,BR,BRL,2,3490,5.4802,6.37,0.29
DL-90000617,ORD-506312,PAYMENT,PAID,2026-06-27 14:29:15,BR,BRL,2,3490,5.4802,6.37,0.29
DL-90000113,ORD-505808,PAYMENT,PAID,2026-06-27 14:41:28,BR,BRL,2,19990,5.4802,36.48,1.64
DL-90000467,ORD-506162,PAYMENT,PAID,2026-06-27 14:51:17,BR,BRL,2,8990,5.4802,16.40,0.74
DL-90001125,ORD-506820,PAYMENT,PAID,2026-06-27 15:01:46,BR,BRL,2,3490,5.4802,6.37,0.29
DL-90000011,ORD-505706,PAYMENT,PAID,2026-06-27 15:06:23,AR,ARS,2,599900,1201.9231,4.99,0.22
DL-90000657,ORD-506352,PAYMENT,PAID,2026-06-27 15:06:31,AR,ARS,2,599900,1201.9231,4.99,0.22
DL-90000001,ORD-505696,PAYMENT,PAID,2026-06-27 15:56:54,MX,MXN,2,79900,18.1646,43.99,1.98
DL-90000376,ORD-506071,PAYMENT,PAID,2026-06-27 15:58:41,BR,BRL,2,3490,5.4802,6.37,0.29
DL-90000197,ORD-505892,PAYMENT,PAID,2026-06-27 16:15:52,MX,MXN,2,12900,18.1646,7.10,0.32
DL-90000801,ORD-506496,PAYMENT,PAID,2026-06-27 16:26:39,BR,BRL,2,19990,5.4802,36.48,1.64
DL-90001295,ORD-506111,REFUND,REFUNDED,2026-06-27 16:38:37,CL,CLP,0,3495,942.5071,3.71,0.00
DL-90000583,ORD-506278,PAYMENT,PAID,2026-06-27 16:38:54,CO,COP,2,2990000,4081.6327,7.33,0.33
DL-90000271,ORD-505966,PAYMENT,PAID,2026-06-27 16:39:07,MX,MXN,2,12900,18.1646,7.10,0.32
DL-90000625,ORD-506320,PAYMENT,PAID,2026-06-27 16:40:05,CO,COP,2,2990000,4081.6327,7.33,0.33
DL-90001029,ORD-506724,PAYMENT,PAID,2026-06-27 17:23:51,CL,CLP,0,6990,942.5071,7.42,0.33
DL-90000043,ORD-505738,PAYMENT,PAID,2026-06-27 17:29:43,BR,BRL,2,3490,5.4802,6.37,0.29
DL-90000159,ORD-505854,PAYMENT,PAID,2026-06-27 17:45:55,MX,MXN,2,32900,18.1646,18.11,0.81
DL-90000418,ORD-506113,PAYMENT,PAID,2026-06-27 18:06:13,CL,CLP,0,6990,942.5071,7.42,0.33
DL-90000497,ORD-506192,PAYMENT,PAID,2026-06-27 18:06:14,BR,BRL,2,3490,5.4802,6.37,0.29
DL-90001124,ORD-506819,PAYMENT,PAID,2026-06-27 18:16:24,BR,BRL,2,1690,5.4802,3.08,0.14
DL-90000536,ORD-506231,PAYMENT,PAID,2026-06-27 18:16:28,MX,MXN,2,12900,18.1646,7.10,0.32
DL-90000795,ORD-506490,PAYMENT,PAID,2026-06-27 18:16:35,BR,BRL,2,3490,5.4802,6.37,0.29
DL-90000979,ORD-506674,PAYMENT,PAID,2026-06-27 18:17:57,BR,BRL,2,3490,5.4802,6.37,0.29
DL-90000773,ORD-506468,PAYMENT,PAID,2026-06-27 18:40:14,CL,CLP,0,17990,942.5071,19.09,0.86
DL-90000610,ORD-506305,PAYMENT,PAID,2026-06-27 19:10:00,BR,BRL,2,3490,5.4802,6.37,0.29
DL-90000971,ORD-506666,PAYMENT,PAID,2026-06-27 19:48:16,MX,MXN,2,12900,18.1646,7.10,0.32
DL-90000061,ORD-505756,PAYMENT,PAID,2026-06-27 20:01:36,MX,MXN,2,12900,18.1646,7.10,0.32
DL-90000239,ORD-505934,PAYMENT,REJECTED,2026-06-28 07:25:59,MX,MXN,2,79900,18.1646,43.99,1.98
DL-90000331,ORD-506026,PAYMENT,PAID,2026-06-28 08:07:06,BR,BRL,2,3490,5.4802,6.37,0.29
DL-90000806,ORD-506501,PAYMENT,PAID,2026-06-28 08:33:41,MX,MXN,2,12900,18.1646,7.10,0.32
DL-90000909,ORD-506604,PAYMENT,PAID,2026-06-28 08:53:02,AR,ARS,2,1599900,1201.9231,13.31,0.60
DL-90000134,ORD-505829,PAYMENT,PAID,2026-06-28 09:42:56,BR,BRL,2,8990,5.4802,16.40,0.74
DL-90001186,ORD-506881,PAYMENT,PAID,2026-06-28 10:03:45,AR,ARS,2,259900,1201.9231,2.16,0.10
DL-90000340,ORD-506035,PAYMENT,PAID,2026-06-28 10:09:00,BR,BRL,2,3490,5.4802,6.37,0.29
DL-90001226,ORD-506921,PAYMENT,PAID,2026-06-28 10:14:11,MX,MXN,2,12900,18.1646,7.10,0.32
DL-90000062,ORD-505757,PAYMENT,PAID,2026-06-28 10:28:39,MX,MXN,2,12900,18.1646,7.10,0.32
DL-90000042,ORD-505737,PAYMENT,PAID,2026-06-28 10:57:05,AR,ARS,2,259900,1201.9231,2.16,0.10
DL-90000310,ORD-506005,PAYMENT,PAID,2026-06-28 11:41:54,BR,BRL,2,3490,5.4802,6.37,0.29
DL-90000650,ORD-506345,PAYMENT,REJECTED,2026-06-28 13:10:55,MX,MXN,2,12900,18.1646,7.10,0.32
DL-90000154,ORD-505849,PAYMENT,PAID,2026-06-28 13:30:46,BR,BRL,2,19990,5.4802,36.48,1.64
DL-90001058,ORD-506753,PAYMENT,REJECTED,2026-06-28 13:50:04,BR,BRL,2,8990,5.4802,16.40,0.74
DL-90000172,ORD-505867,PAYMENT,PAID,2026-06-28 13:58:43,CL,CLP,0,6990,942.5071,7.42,0.33
DL-90001033,ORD-506728,PAYMENT,PAID,2026-06-28 14:14:13,CO,COP,2,1290000,4081.6327,3.16,0.14
DL-90000733,ORD-506428,PAYMENT,PAID,2026-06-28 14:51:50,CO,COP,2,2990000,4081.6327,7.33,0.33
DL-90000237,ORD-505932,PAYMENT,PAID,2026-06-28 15:12:57,MX,MXN,2,12900,18.1646,7.10,0.32
DL-90000550,ORD-506245,PAYMENT,PAID,2026-06-28 15:13:00,MX,MXN,2,12900,18.1646,7.10,0.32
DL-90001038,ORD-506733,PAYMENT,PAID,2026-06-28 15:14:42,MX,MXN,2,12900,18.1646,7.10,0.32
DL-90000158,ORD-505853,PAYMENT,PAID,2026-06-28 16:11:29,BR,BRL,2,3490,5.4802,6.37,0.29
DL-90000064,ORD-505759,PAYMENT,PAID,2026-06-28 16:14:11,BR,BRL,2,3490,5.4802,6.37,0.29
DL-90000906,ORD-506601,PAYMENT,PAID,2026-06-28 16:30:28,BR,BRL,2,8990,5.4802,16.40,0.74
DL-90000531,ORD-506226,PAYMENT,PAID,2026-06-28 16:40:08,AR,ARS,2,1599900,1201.9231,13.31,0.60
DL-90001023,ORD-506718,PAYMENT,PAID,2026-06-28 17:09:13,AR,ARS,2,3999900,1201.9231,33.28,1.50
DL-90000306,ORD-506001,PAYMENT,PAID,2026-06-28 17:12:03,BR,BRL,2,3490,5.4802,6.37,0.29
DL-90000554,ORD-506249,PAYMENT,PAID,2026-06-28 17:12:27,CO,COP,2,7990000,4081.6327,19.58,0.88
DL-90000004,ORD-505699,PAYMENT,PAID,2026-06-28 17:41:27,CL,CLP,0,6990,942.5071,7.42,0.33
DL-90000395,ORD-506090,PAYMENT,PAID,2026-06-28 17:43:49,BR,BRL,2,1690,5.4802,3.08,0.14
DL-90000899,ORD-506594,PAYMENT,PAID,2026-06-28 17:52:21,BR,BRL,2,3490,5.4802,6.37,0.29
DL-90000570,ORD-506265,PAYMENT,PAID,2026-06-28 17:55:15,AR,ARS,2,599900,1201.9231,4.99,0.22
DL-90000723,ORD-506418,PAYMENT,PAID,2026-06-28 18:02:55,BR,BRL,2,8990,5.4802,16.40,0.74
DL-90000255,ORD-505950,PAYMENT,PAID,2026-06-28 18:21:51,MX,MXN,2,5900,18.1646,3.25,0.15
DL-90000219,ORD-505914,PAYMENT,PAID,2026-06-28 18:30:20,BR,BRL,2,8990,5.4802,16.40,0.74
DL-90000375,ORD-506070,PAYMENT,PAID,2026-06-28 18:51:24,BR,BRL,2,3490,5.4802,6.37,0.29
DL-90000595,ORD-506290,PAYMENT,PAID,2026-06-28 19:08:34,BR,BRL,2,8990,5.4802,16.40,0.74
DL-90000754,ORD-506449,PAYMENT,PAID,2026-06-28 19:22:13,CO,COP,2,7990000,4081.6327,19.58,0.88
DL-90001045,ORD-506740,PAYMENT,PAID,2026-06-28 19:25:38,AR,ARS,2,599900,1201.9231,4.99,0.22
DL-90001135,ORD-506830,PAYMENT,PAID,2026-06-28 19:59:35,BR,BRL,2,3490,5.4802,6.37,0.29
DL-90000511,ORD-506206,PAYMENT,PAID,2026-06-29 07:54:09,BR,BRL,2,3490,5.4717,6.38,0.29
DL-90000323,ORD-506018,PAYMENT,PAID,2026-06-29 08:10:53,CO,COP,2,7990000,4065.0407,19.66,0.88
DL-90000845,ORD-506540,PAYMENT,PAID,2026-06-29 09:01:12,MX,MXN,2,12900,18.1123,7.12,0.32
DL-90001174,ORD-506869,PAYMENT,PAID,2026-06-29 09:23:47,BR,BRL,2,19990,5.4717,36.53,1.64
DL-90000264,ORD-505959,PAYMENT,PAID,2026-06-29 09:41:00,MX,MXN,2,5900,18.1123,3.26,0.15
DL-90000857,ORD-506552,PAYMENT,REJECTED,2026-06-29 09:43:36,MX,MXN,2,12900,18.1123,7.12,0.32
DL-90001178,ORD-506873,PAYMENT,PAID,2026-06-29 09:47:01,MX,MXN,2,5900,18.1123,3.26,0.15
DL-90000056,ORD-505751,PAYMENT,PAID,2026-06-29 09:51:52,BR,BRL,2,19990,5.4717,36.53,1.64
DL-90000051,ORD-505746,PAYMENT,PAID,2026-06-29 10:30:11,AR,ARS,2,259900,1206.2726,2.15,0.10
DL-90000560,ORD-506255,PAYMENT,PAID,2026-06-29 10:53:05,BR,BRL,2,8990,5.4717,16.43,0.74
DL-90000575,ORD-506270,PAYMENT,PAID,2026-06-29 11:28:33,BR,BRL,2,3490,5.4717,6.38,0.29
DL-90000503,ORD-506198,PAYMENT,PAID,2026-06-29 11:30:48,CL,CLP,0,6990,941.6196,7.42,0.33
DL-90001123,ORD-506818,PAYMENT,PAID,2026-06-29 11:35:12,BR,BRL,2,3490,5.4717,6.38,0.29
DL-90001243,ORD-506938,PAYMENT,PAID,2026-06-29 11:44:24,BR,BRL,2,3490,5.4717,6.38,0.29
DL-90000015,ORD-505710,PAYMENT,PAID,2026-06-29 12:07:17,BR,BRL,2,3490,5.4717,6.38,0.29
DL-90001012,ORD-506707,PAYMENT,PAID,2026-06-29 12:21:57,BR,BRL,2,8990,5.4717,16.43,0.74
DL-90000936,ORD-506631,PAYMENT,REJECTED,2026-06-29 12:32:31,AR,ARS,2,599900,1206.2726,4.97,0.22
DL-90000272,ORD-505967,PAYMENT,PAID,2026-06-29 12:53:13,MX,MXN,2,12900,18.1123,7.12,0.32
DL-90000659,ORD-506354,PAYMENT,PAID,2026-06-29 12:56:03,BR,BRL,2,8990,5.4717,16.43,0.74
DL-90001085,ORD-506780,PAYMENT,PAID,2026-06-29 13:09:34,CL,CLP,0,6990,941.6196,7.42,0.33
DL-90000863,ORD-506558,PAYMENT,PAID,2026-06-29 14:13:38,CO,COP,2,7990000,4065.0407,19.66,0.88
DL-90000358,ORD-506053,PAYMENT,REJECTED,2026-06-29 14:28:56,CL,CLP,0,6990,941.6196,7.42,0.33
DL-90000915,ORD-506610,PAYMENT,PAID,2026-06-29 14:48:15,CO,COP,2,7990000,4065.0407,19.66,0.88
DL-90000035,ORD-505730,PAYMENT,PAID,2026-06-29 15:19:22,CO,COP,2,2990000,4065.0407,7.36,0.33
DL-90000633,ORD-506328,PAYMENT,PAID,2026-06-29 16:10:43,AR,ARS,2,599900,1206.2726,4.97,0.22
DL-90000755,ORD-506450,PAYMENT,PAID,2026-06-29 16:29:16,MX,MXN,2,12900,18.1123,7.12,0.32
DL-90001028,ORD-506723,PAYMENT,PAID,2026-06-29 17:39:50,BR,BRL,2,8990,5.4717,16.43,0.74
DL-90000388,ORD-506083,PAYMENT,PAID,2026-06-29 17:59:21,BR,BRL,2,8990,5.4717,16.43,0.74
DL-90000830,ORD-506525,PAYMENT,PAID,2026-06-29 18:00:21,BR,BRL,2,3490,5.4717,6.38,0.29
DL-90000834,ORD-506529,PAYMENT,PAID,2026-06-29 18:19:57,MX,MXN,2,32900,18.1123,18.16,0.82
DL-90000468,ORD-506163,PAYMENT,REJECTED,2026-06-29 18:26:04,BR,BRL,2,8990,5.4717,16.43,0.74
DL-90000510,ORD-506205,PAYMENT,PAID,2026-06-29 19:26:27,MX,MXN,2,5900,18.1123,3.26,0.15
DL-90000248,ORD-505943,PAYMENT,PAID,2026-06-29 19:43:27,CO,COP,2,2990000,4065.0407,7.36,0.33
DL-90001146,ORD-506841,PAYMENT,PAID,2026-06-29 19:43:53,CL,CLP,0,6990,941.6196,7.42,0.33
DL-90000371,ORD-506066,PAYMENT,PAID,2026-06-29 20:06:47,CL,CLP,0,6990,941.6196,7.42,0.33
DL-90001059,ORD-506754,PAYMENT,PAID,2026-06-30 07:16:00,CO,COP,2,2990000,4065.0407,7.36,0.33
DL-90000151,ORD-505846,PAYMENT,PAID,2026-06-30 07:34:19,BR,BRL,2,3490,5.4691,6.38,0.29
DL-90001104,ORD-506799,PAYMENT,PAID,2026-06-30 08:32:55,CO,COP,2,7990000,4065.0407,19.66,0.88
DL-90000938,ORD-506633,PAYMENT,PAID,2026-06-30 08:40:12,BR,BRL,2,8990,5.4691,16.44,0.74
DL-90000318,ORD-506013,PAYMENT,PAID,2026-06-30 09:11:23,CL,CLP,0,6990,944.2871,7.40,0.33
DL-90000177,ORD-505872,PAYMENT,PAID,2026-06-30 09:46:12,CO,COP,2,2990000,4065.0407,7.36,0.33
DL-90000429,ORD-506124,PAYMENT,REJECTED,2026-06-30 10:39:56,BR,BRL,2,3490,5.4691,6.38,0.29
DL-90000354,ORD-506049,PAYMENT,PAID,2026-06-30 10:42:44,BR,BRL,2,3490,5.4691,6.38,0.29
DL-90000800,ORD-506495,PAYMENT,PAID,2026-06-30 11:10:22,AR,ARS,2,3999900,1210.6538,33.04,1.49
DL-90001231,ORD-506926,PAYMENT,PAID,2026-06-30 11:20:28,BR,BRL,2,3490,5.4691,6.38,0.29
DL-90000794,ORD-506489,PAYMENT,PAID,2026-06-30 11:40:54,BR,BRL,2,3490,5.4691,6.38,0.29
DL-90000790,ORD-506485,PAYMENT,PAID,2026-06-30 11:43:14,BR,BRL,2,3490,5.4691,6.38,0.29
DL-90000850,ORD-506545,PAYMENT,PAID,2026-06-30 11:43:36,MX,MXN,2,32900,18.1623,18.11,0.81
DL-90001042,ORD-506737,PAYMENT,PAID,2026-06-30 12:01:59,CO,COP,2,2990000,4065.0407,7.36,0.33
DL-90000907,ORD-506602,PAYMENT,PAID,2026-06-30 12:05:55,CO,COP,2,2990000,4065.0407,7.36,0.33
DL-90000284,ORD-505979,PAYMENT,PAID,2026-06-30 12:41:03,BR,BRL,2,3490,5.4691,6.38,0.29
DL-90000231,ORD-505926,PAYMENT,PAID,2026-06-30 12:52:25,BR,BRL,2,3490,5.4691,6.38,0.29
DL-90001158,ORD-506853,PAYMENT,PAID,2026-06-30 13:11:18,BR,BRL,2,8990,5.4691,16.44,0.74
DL-90000571,ORD-506266,PAYMENT,PAID,2026-06-30 13:16:24,AR,ARS,2,599900,1210.6538,4.96,0.22
DL-90000751,ORD-506446,PAYMENT,PAID,2026-06-30 13:40:29,BR,BRL,2,8990,5.4691,16.44,0.74
DL-90001044,ORD-506739,PAYMENT,REJECTED,2026-06-30 13:49:31,BR,BRL,2,19990,5.4691,36.55,1.64
DL-90000102,ORD-505797,PAYMENT,PAID,2026-06-30 13:54:04,CL,CLP,0,44990,944.2871,47.64,2.14
DL-90000155,ORD-505850,PAYMENT,REJECTED,2026-06-30 16:11:41,CL,CLP,0,6990,944.2871,7.40,0.33
DL-90000133,ORD-505828,PAYMENT,PAID,2026-06-30 16:20:28,AR,ARS,2,1599900,1210.6538,13.22,0.59
DL-90000242,ORD-505937,PAYMENT,PAID,2026-06-30 16:33:30,CL,CLP,0,6990,944.2871,7.40,0.33
DL-90000365,ORD-506060,PAYMENT,PAID,2026-06-30 16:59:24,CO,COP,2,7990000,4065.0407,19.66,0.88
DL-90000739,ORD-506434,PAYMENT,PAID,2026-06-30 17:21:16,MX,MXN,2,32900,18.1623,18.11,0.81
DL-90000893,ORD-506588,PAYMENT,PAID,2026-06-30 17:30:45,CO,COP,2,7990000,4065.0407,19.66,0.88
DL-90001116,ORD-506811,PAYMENT,PAID,2026-06-30 17:34:31,BR,BRL,2,3490,5.4691,6.38,0.29
DL-90000161,ORD-505856,PAYMENT,PAID,2026-06-30 17:40:30,BR,BRL,2,1690,5.4691,3.09,0.14
DL-90000892,ORD-506587,PAYMENT,PAID,2026-06-30 17:43:36,BR,BRL,2,19990,5.4691,36.55,1.64
DL-90000927,ORD-506622,PAYMENT,REJECTED,2026-06-30 18:13:51,CO,COP,2,2990000,4065.0407,7.36,0.33
DL-90000567,ORD-506262,PAYMENT,REJECTED,2026-06-30 18:54:18,BR,BRL,2,3490,5.4691,6.38,0.29
DL-90000170,ORD-505865,PAYMENT,PAID,2026-06-30 18:54:35,BR,BRL,2,19990,5.4691,36.55,1.64
DL-90000386,ORD-506081,PAYMENT,PAID,2026-06-30 19:23:59,MX,MXN,2,12900,18.1623,7.10,0.32
DL-90000164,ORD-505859,PAYMENT,PAID,2026-06-30 19:45:15,CO,COP,2,2990000,4065.0407,7.36,0.33
DL-90001087,ORD-506782,PAYMENT,PAID,2026-06-30 20:16:45,MX,MXN,2,12900,18.1623,7.10,0.32
DL-90001255,ORD-506950,PAYMENT,PAID,2026-07-01 09:27:43,MX,MXN,2,12900,18.1808,7.10,0.32
DL-90001276,ORD-506971,PAYMENT,PAID,2026-07-01 10:20:50,BR,BRL,2,19990,5.4560,36.64,1.65
DL-90001275,ORD-506970,PAYMENT,PAID,2026-07-01 10:36:23,BR,BRL,2,19990,5.4560,36.64,1.65
DL-90001282,ORD-506977,PAYMENT,REJECTED,2026-07-01 11:42:59,MX,MXN,2,12900,18.1808,7.10,0.32
DL-90001261,ORD-506956,PAYMENT,PAID,2026-07-01 12:48:40,CL,CLP,0,6990,946.0738,7.39,0.33
DL-90001266,ORD-506961,PAYMENT,PAID,2026-07-01 13:34:34,CO,COP,2,19990000,4048.5830,49.38,2.22
DL-90001274,ORD-506969,PAYMENT,PAID,2026-07-01 13:54:48,MX,MXN,2,12900,18.1808,7.10,0.32
DL-90001258,ORD-506953,PAYMENT,PAID,2026-07-01 15:32:00,MX,MXN,2,12900,18.1808,7.10,0.32
DL-90001277,ORD-506972,PAYMENT,PAID,2026-07-01 16:33:19,BR,BRL,2,3490,5.4560,6.40,0.29
DL-90001273,ORD-506968,PAYMENT,PAID,2026-07-01 16:43:00,MX,MXN,2,5900,18.1808,3.25,0.15
DL-90001285,ORD-506980,PAYMENT,PAID,2026-07-01 17:10:59,BR,BRL,2,3490,5.4560,6.40,0.29
DL-90001283,ORD-506978,PAYMENT,PAID,2026-07-01 18:04:19,BR,BRL,2,19990,5.4560,36.64,1.65
DL-90001253,ORD-506948,PAYMENT,REJECTED,2026-07-02 08:01:40,MX,MXN,2,12900,18.2163,7.08,0.32
DL-90001289,ORD-505895,REFUND,REFUNDED,2026-07-02 08:19:08,BR,BRL,2,3490,5.4720,6.38,0.00
DL-90001271,ORD-506966,PAYMENT,PAID,2026-07-02 09:09:02,BR,BRL,2,3490,5.4720,6.38,0.29
DL-90001264,ORD-506959,PAYMENT,PAID,2026-07-02 10:45:38,MX,MXN,2,5900,18.2163,3.24,0.15
DL-90001284,ORD-506979,PAYMENT,PAID,2026-07-02 10:48:19,MX,MXN,2,32900,18.2163,18.06,0.81
DL-90001272,ORD-506967,PAYMENT,PAID,2026-07-02 11:07:03,AR,ARS,2,599900,1212.1212,4.95,0.22
DL-90001254,ORD-506949,PAYMENT,PAID,2026-07-02 11:29:18,BR,BRL,2,3490,5.4720,6.38,0.29
DL-90001267,ORD-506962,PAYMENT,PAID,2026-07-02 14:00:05,BR,BRL,2,3490,5.4720,6.38,0.29
DL-90001304,ORD-506849,REFUND,REFUNDED,2026-07-02 14:28:14,MX,MXN,2,12900,18.2163,7.08,0.00
DL-90001262,ORD-506957,PAYMENT,PAID,2026-07-02 14:54:34,CL,CLP,0,17990,944.2871,19.05,0.86
DL-90001281,ORD-506976,PAYMENT,PAID,2026-07-02 16:55:52,CL,CLP,0,6990,944.2871,7.40,0.33
DL-90001251,ORD-506946,PAYMENT,PAID,2026-07-02 16:56:07,BR,BRL,2,3490,5.4720,6.38,0.29
DL-90001268,ORD-506963,PAYMENT,PAID,2026-07-02 17:39:29,BR,BRL,2,8990,5.4720,16.43,0.74
DL-90001257,ORD-506952,PAYMENT,PAID,2026-07-03 09:49:06,MX,MXN,2,32900,18.1785,18.10,0.81
DL-90001269,ORD-506964,PAYMENT,PAID,2026-07-03 11:29:06,CO,COP,2,7990000,4065.0407,19.66,0.88
DL-90001297,ORD-506270,REFUND,REFUNDED,2026-07-03 12:00:33,BR,BRL,2,3490,5.4688,6.38,0.00
DL-90001278,ORD-506973,PAYMENT,PAID,2026-07-03 12:41:35,BR,BRL,2,3490,5.4688,6.38,0.29
DL-90001307,ORD-506947,REFUND,REFUNDED,2026-07-03 12:56:00,BR,BRL,2,1745,5.4688,3.19,0.00
DL-90001256,ORD-506951,PAYMENT,PAID,2026-07-03 13:01:56,MX,MXN,2,12900,18.1785,7.10,0.32
DL-90001263,ORD-506958,PAYMENT,PAID,2026-07-03 13:55:37,BR,BRL,2,8990,5.4688,16.44,0.74
DL-90001260,ORD-506955,PAYMENT,PAID,2026-07-03 13:56:14,MX,MXN,2,5900,18.1785,3.25,0.15
DL-90001305,ORD-506897,REFUND,REFUNDED,2026-07-03 15:20:00,MX,MXN,2,6450,18.1785,3.55,0.00
DL-90001270,ORD-506965,PAYMENT,PAID,2026-07-03 16:10:11,BR,BRL,2,3490,5.4688,6.38,0.29
DL-90001280,ORD-506975,PAYMENT,PAID,2026-07-03 17:04:00,BR,BRL,2,3490,5.4688,6.38,0.29
DL-90001259,ORD-506954,PAYMENT,PAID,2026-07-03 17:37:14,MX,MXN,2,79900,18.1785,43.95,1.98
DL-90001252,ORD-506947,PAYMENT,PAID,2026-07-03 17:55:26,BR,BRL,2,3490,5.4688,6.38,0.29
DL-90001265,ORD-506960,PAYMENT,PAID,2026-07-03 18:41:30,CL,CLP,0,17990,946.9697,19.00,0.86
DL-90001279,ORD-506974,PAYMENT,PAID,2026-07-03 18:55:55,AR,ARS,2,599900,1207.7295,4.97,0.22
