Date,Time,Time Zone,Name,Transaction ID,Reference Txn ID,Type,Status,Currency,Gross,Fee,Net,Invoice ID
06/01/2026,07:12:11,GMT,Taylor Brooks,7FTLSR4XAT5TKVLKF,,Website Payment,Completed,USD,9.99,-0.84,9.15,ORD-500884
06/01/2026,07:54:32,GMT,Morgan Hayes,7R82A7SLSXJAD72J1,,Website Payment,Completed,USD,59.99,-2.58,57.41,ORD-500132
06/01/2026,07:59:18,GMT,Drew Bennett,S1VNZT7ACC5E6HNYD,,Website Payment,Completed,USD,59.99,-2.58,57.41,ORD-500591
06/01/2026,08:03:29,GMT,Riley Carter,BTDR7VQTQ8G4GTMGS,,Website Payment,Completed,USD,9.99,-0.84,9.15,ORD-500479
06/01/2026,08:16:21,GMT,Casey Nguyen,NFQZ142PMP4P1BC2Q,,Website Payment,Completed,USD,24.99,-1.36,23.63,ORD-500005
06/01/2026,09:00:15,GMT,Drew Bennett,N7VX4KXZDD15F2201,,Website Payment,Denied,USD,4.99,0.00,0.00,ORD-501104
06/01/2026,09:25:38,GMT,Riley Carter,RL8EC16AWHFX9ZMVP,,Website Payment,Completed,USD,9.99,-0.84,9.15,ORD-501386
06/01/2026,09:31:18,GMT,Sam Porter,S1KXD9HHRK5L064VV,,Website Payment,Completed,USD,24.99,-1.36,23.63,ORD-500622
06/01/2026,09:40:49,GMT,Casey Nguyen,WH0XJ7C9GPKYTTWEF,,Website Payment,Completed,USD,24.99,-1.36,23.63,ORD-501952
06/01/2026,09:52:02,GMT,Sam Porter,9E1DVH6MCZSE794PQ,,Website Payment,Completed,USD,9.99,-0.84,9.15,ORD-501398
06/01/2026,10:10:07,GMT,Sam Porter,CHEWPN9C1UTHGHPTW,,Website Payment,Completed,USD,9.99,-0.84,9.15,ORD-501533
06/01/2026,10:35:47,GMT,Alex Morgan,807XA0GNQV1FF2TN7,,Website Payment,Completed,USD,24.99,-1.36,23.63,ORD-500802
06/01/2026,10:36:01,GMT,Drew Bennett,E6BEFJHWNTTHN5FDU,,Website Payment,Completed,USD,9.99,-0.84,9.15,ORD-500781
06/01/2026,10:48:17,GMT,Avery Collins,WXHZG5NWTUKM10G1M,,Website Payment,Completed,USD,9.99,-0.84,9.15,ORD-501778
06/01/2026,10:58:01,GMT,Morgan Hayes,F5WMK5KZSZY03QCC8,,Website Payment,Completed,USD,4.99,-0.66,4.33,ORD-500915
06/01/2026,11:14:08,GMT,Riley Carter,5KCBEYXXU8PFN31H9,,Website Payment,Completed,USD,59.99,-2.58,57.41,ORD-501784
06/01/2026,11:21:02,GMT,Morgan Hayes,AKTX2A923LXC3BJY0,,Website Payment,Completed,USD,9.99,-0.84,9.15,ORD-501212
06/01/2026,11:26:24,GMT,Drew Bennett,CEXUCGPEDA2UDZ43J,,Website Payment,Completed,USD,59.99,-2.58,57.41,ORD-500954
06/01/2026,11:36:52,GMT,Drew Bennett,9PWR9X3JTSWT77FB0,,Website Payment,Completed,USD,9.99,-0.84,9.15,ORD-502011
06/01/2026,11:36:59,GMT,Casey Nguyen,QSDZAF66280S1GGYG,,Website Payment,Completed,USD,59.99,-2.58,57.41,ORD-501828
06/01/2026,11:38:23,GMT,Morgan Hayes,K3L9JRX4T1S0KERL4,,Website Payment,Completed,USD,9.99,-0.84,9.15,ORD-501661
06/01/2026,11:56:10,GMT,Avery Collins,A18YPHB0K4ZMVKX9R,,Website Payment,Completed,USD,9.99,-0.84,9.15,ORD-500537
06/01/2026,12:06:04,GMT,Taylor Brooks,PSS640BKAYNBJC64X,,Website Payment,Completed,USD,9.99,-0.84,9.15,ORD-501918
06/01/2026,12:12:57,GMT,Morgan Hayes,JYR2R75L8BDD5UG0J,,Website Payment,Completed,USD,9.99,-0.84,9.15,ORD-501869
06/01/2026,12:22:13,GMT,Jamie Ross,SGLK9EZPC23UY22W3,,Website Payment,Completed,USD,9.99,-0.84,9.15,ORD-501968
06/01/2026,12:41:48,GMT,Drew Bennett,09SFGAHY25HP867MR,,Website Payment,Completed,USD,9.99,-0.84,9.15,ORD-500737
06/01/2026,12:52:49,GMT,Jamie Ross,LXHXC6PUMJD62LAQR,,Website Payment,Completed,USD,9.99,-0.84,9.15,ORD-500113
06/01/2026,12:54:26,GMT,Avery Collins,MS72VATEY5VV3BX9P,,Website Payment,Completed,USD,24.99,-1.36,23.63,ORD-500818
06/01/2026,13:17:02,GMT,Drew Bennett,EPL87HB04N64JZBAU,,Website Payment,Completed,USD,9.99,-0.84,9.15,ORD-501865
06/01/2026,13:22:33,GMT,Alex Morgan,28UFJN1ADT03V1KX8,,Website Payment,Completed,USD,59.99,-2.58,57.41,ORD-501248
06/01/2026,14:07:00,GMT,Avery Collins,2E6LFNFTR5N9DC7AF,,Website Payment,Completed,USD,24.99,-1.36,23.63,ORD-500182
06/01/2026,14:21:43,GMT,Sam Porter,72SFAVYG04LV76XK2,,Website Payment,Completed,USD,4.99,-0.66,4.33,ORD-500489
06/01/2026,15:02:40,GMT,Avery Collins,EN90Q72Z11CVDNRLY,,Website Payment,Completed,USD,9.99,-0.84,9.15,ORD-500867
06/01/2026,15:09:05,GMT,Riley Carter,Y0K8695P9W7443K3B,,Website Payment,Completed,USD,59.99,-2.58,57.41,ORD-501563
06/01/2026,15:25:53,GMT,Sam Porter,Y9QAASWXEWBK7063X,,Website Payment,Completed,USD,9.99,-0.84,9.15,ORD-500603
06/01/2026,16:34:15,GMT,Avery Collins,3H7D8SY7RP3FDM3E1,,Website Payment,Completed,USD,9.99,-0.84,9.15,ORD-501670
06/01/2026,16:52:13,GMT,Riley Carter,FGX00CW9QVJPLZYGD,,Website Payment,Completed,USD,24.99,-1.36,23.63,ORD-501694
06/01/2026,16:54:39,GMT,Sam Porter,PWPZM3749Q1TCU02V,,Website Payment,Completed,USD,24.99,-1.36,23.63,ORD-500642
06/01/2026,16:58:16,GMT,Sam Porter,3TB77LDE6VV3FYVKA,,Website Payment,Completed,USD,9.99,-0.84,9.15,ORD-500347
06/01/2026,16:58:39,GMT,Drew Bennett,Z4BLUZCUSML2MQ1WL,,Website Payment,Completed,USD,4.99,-0.66,4.33,ORD-500789
06/01/2026,17:30:15,GMT,Jordan Lee,1DBNXY2JFP2UBL658,,Website Payment,Completed,USD,59.99,-2.58,57.41,ORD-500397
06/01/2026,17:39:05,GMT,Morgan Hayes,LASTRDZKMB8WR8W3Y,,Website Payment,Completed,USD,9.99,-0.84,9.15,ORD-500767
06/01/2026,18:01:21,GMT,Avery Collins,EPT3WD95UNQE67WH6,,Website Payment,Completed,USD,24.99,-1.36,23.63,ORD-500202
06/01/2026,18:09:25,GMT,Morgan Hayes,MDB8QRSNE2M3ZU70R,,Website Payment,Completed,USD,9.99,-0.84,9.15,ORD-501768
06/01/2026,18:10:18,GMT,Avery Collins,Z2QBWALZKSVL9U7FB,,Website Payment,Completed,USD,9.99,-0.84,9.15,ORD-502012
06/01/2026,19:11:16,GMT,Morgan Hayes,HMNERYUW5U5UL0DKS,,Website Payment,Completed,USD,24.99,-1.36,23.63,ORD-502041
06/01/2026,19:23:31,GMT,Drew Bennett,A85G92JUXFQR2GSSS,,Website Payment,Completed,USD,9.99,-0.84,9.15,ORD-500507
06/01/2026,19:36:38,GMT,Riley Carter,GFHXK6P60U5FCXSX9,,Website Payment,Completed,USD,59.99,-2.58,57.41,ORD-500807
06/02/2026,08:13:41,GMT,Drew Bennett,5X52DP2JM7DN08QFX,,Website Payment,Denied,USD,4.99,0.00,0.00,ORD-500088
06/02/2026,08:33:56,GMT,Sam Porter,JBTAPJK5Y7HYE99YH,,Website Payment,Completed,USD,9.99,-0.84,9.15,ORD-501127
06/02/2026,08:50:24,GMT,Morgan Hayes,5A7M7LAMURJTW5XG0,,Website Payment,Denied,USD,9.99,0.00,0.00,ORD-500164
06/02/2026,08:54:04,GMT,Casey Nguyen,67NK7ADX0ZZHN0SRC,,Website Payment,Completed,USD,9.99,-0.84,9.15,ORD-501144
06/02/2026,08:56:18,GMT,Jamie Ross,YFUYN6Y2DRQDGGYJC,,Website Payment,Completed,USD,9.99,-0.84,9.15,ORD-501201
06/02/2026,08:58:45,GMT,Casey Nguyen,KTU2B71VNDSDTGWYH,,Website Payment,Completed,USD,9.99,-0.84,9.15,ORD-500616
06/02/2026,09:17:34,GMT,Taylor Brooks,T2HMB1TT1YJ2SSK9D,,Website Payment,Completed,USD,9.99,-0.84,9.15,ORD-500988
06/02/2026,09:32:51,GMT,Alex Morgan,3FUWEAE2Z09J00SLU,,Website Payment,Completed,USD,9.99,-0.84,9.15,ORD-500291
06/02/2026,09:43:38,GMT,Riley Carter,QN0R9HQYJAUX3XMLG,,Website Payment,Completed,USD,9.99,-0.84,9.15,ORD-501210
06/02/2026,09:46:09,GMT,Casey Nguyen,XCBPS84JRM3WPZ5BY,,Website Payment,Completed,USD,59.99,-2.58,57.41,ORD-501817
06/02/2026,09:51:32,GMT,Drew Bennett,NR0U8RDJ1P54P1K4U,,Website Payment,Completed,USD,59.99,-2.58,57.41,ORD-501459
06/02/2026,09:52:09,GMT,Morgan Hayes,DJ34GLHH34QRW8LJM,,Website Payment,Completed,USD,9.99,-0.84,9.15,ORD-500369
06/02/2026,09:52:51,GMT,Jamie Ross,6HHMRNVCBD2APWT9E,,Website Payment,Completed,USD,59.99,-2.58,57.41,ORD-500117
06/02/2026,10:35:35,GMT,Jordan Lee,TTMZ6QYM6QS94CVEM,,Website Payment,Completed,USD,9.99,-0.84,9.15,ORD-500395
06/02/2026,10:52:00,GMT,Jordan Lee,Y8X4JTTPTK9MDVZ5U,,Website Payment,Completed,USD,24.99,-1.36,23.63,ORD-500998
06/02/2026,10:56:49,GMT,Casey Nguyen,62565PT3H5HZQV8XD,,Website Payment,Completed,USD,9.99,-0.84,9.15,ORD-500344
06/02/2026,11:00:31,GMT,Jamie Ross,0L3Q6S89MPQX4Q264,,Website Payment,Completed,USD,9.99,-0.84,9.15,ORD-501726
06/02/2026,11:34:57,GMT,Morgan Hayes,GRMFH7TE3BYLP9261,,Website Payment,Completed,USD,9.99,-0.84,9.15,ORD-501789
06/02/2026,11:43:50,GMT,Jamie Ross,61G7SEM5WWDA12C9T,,Website Payment,Completed,USD,24.99,-1.36,23.63,ORD-501842
06/02/2026,11:47:51,GMT,Alex Morgan,V1JBVY475NHGAT9CA,,Website Payment,Completed,USD,4.99,-0.66,4.33,ORD-502018
06/02/2026,12:09:11,GMT,Alex Morgan,W7W3U6F03NYUBPTXJ,,Website Payment,Completed,USD,4.99,-0.66,4.33,ORD-501232
06/02/2026,12:09:53,GMT,Avery Collins,TJ208BF86ZQ5F84FM,,Website Payment,Completed,USD,9.99,-0.84,9.15,ORD-501165
06/02/2026,12:21:19,GMT,Taylor Brooks,BPWB0ZTW42HWVGL7Z,,Website Payment,Completed,USD,4.99,-0.66,4.33,ORD-500283
06/02/2026,12:22:07,GMT,Morgan Hayes,PDFK8VECXWD370DQK,,Website Payment,Completed,USD,9.99,-0.84,9.15,ORD-501414
06/02/2026,12:24:45,GMT,Sam Porter,P9PUKFB6SZXZ2YEVJ,,Website Payment,Completed,USD,9.99,-0.84,9.15,ORD-501574
06/02/2026,12:27:28,GMT,Jordan Lee,NXXQNJX0D8GE3T0VW,,Website Payment,Completed,USD,24.99,-1.36,23.63,ORD-500677
06/02/2026,12:30:14,GMT,Morgan Hayes,EJPHJRHV769ZGY5JM,,Website Payment,Completed,USD,24.99,-1.36,23.63,ORD-501076
06/02/2026,12:32:56,GMT,Taylor Brooks,9NM69LAKEG0R1FH35,,Website Payment,Completed,USD,59.99,-2.58,57.41,ORD-501181
06/02/2026,12:51:58,GMT,Morgan Hayes,HZLGP336733Y06ZDK,,Website Payment,Completed,USD,9.99,-0.84,9.15,ORD-501877
06/02/2026,12:52:03,GMT,Sam Porter,7Z91DXM8RX9V8EAAT,,Website Payment,Completed,USD,9.99,-0.84,9.15,ORD-501519
06/02/2026,12:53:39,GMT,Jamie Ross,581K8ZACVNSMLQ96P,,Website Payment,Completed,USD,59.99,-2.58,57.41,ORD-501211
06/02/2026,12:58:40,GMT,Jamie Ross,N9LSBCD9GDUMBU522,,Website Payment,Completed,USD,24.99,-1.36,23.63,ORD-501852
06/02/2026,13:02:32,GMT,Jamie Ross,EMSLZVVS63TGW3XUB,,Website Payment,Completed,USD,24.99,-1.36,23.63,ORD-501923
06/02/2026,13:10:32,GMT,Morgan Hayes,Q9LRD2REEF7MFAMY9,,Website Payment,Completed,USD,9.99,-0.84,9.15,ORD-500790
06/02/2026,13:18:00,GMT,Riley Carter,L3R510048HCSLJ5L8,,Website Payment,Completed,USD,9.99,-0.84,9.15,ORD-500430
06/02/2026,13:21:29,GMT,Drew Bennett,F7XKE6G29U59NWY67,,Website Payment,Completed,USD,9.99,-0.84,9.15,ORD-500775
06/02/2026,13:36:52,GMT,Taylor Brooks,XNT03LDDP9QCAD9WB,,Website Payment,Completed,USD,59.99,-2.58,57.41,ORD-500646
06/02/2026,13:37:03,GMT,Jordan Lee,Q8NWZREUTKWAD2UFH,,Website Payment,Completed,USD,9.99,-0.84,9.15,ORD-500195
06/02/2026,13:39:18,GMT,Alex Morgan,A9MU0KC7XWFM65FYL,,Website Payment,Completed,USD,9.99,-0.84,9.15,ORD-500294
06/02/2026,14:09:17,GMT,Alex Morgan,V5TQXAXDECY42WTFX,,Website Payment,Completed,USD,24.99,-1.36,23.63,ORD-500375
06/02/2026,14:13:30,GMT,Drew Bennett,N6PH9Q041WXS6ZQAV,,Website Payment,Completed,USD,9.99,-0.84,9.15,ORD-500644
06/02/2026,14:28:42,GMT,Sam Porter,CXK44PPTAZBXLRT4U,,Website Payment,Completed,USD,24.99,-1.36,23.63,ORD-501355
06/02/2026,14:40:16,GMT,Alex Morgan,UN5U80Z061FAGLWZY,,Website Payment,Completed,USD,9.99,-0.84,9.15,ORD-500506
06/02/2026,14:43:25,GMT,Casey Nguyen,32K5KFDG7GCEVZ97C,,Website Payment,Completed,USD,24.99,-1.36,23.63,ORD-501597
06/02/2026,14:50:50,GMT,Casey Nguyen,VBV05JDBDXEEJ6BTR,,Website Payment,Completed,USD,9.99,-0.84,9.15,ORD-500079
06/02/2026,14:56:36,GMT,Jordan Lee,WZRWYQZ6ZWLRJM23B,,Website Payment,Completed,USD,9.99,-0.84,9.15,ORD-501234
06/02/2026,15:12:21,GMT,Alex Morgan,NCRB6Z8ZB3X817JHV,,Website Payment,Completed,USD,9.99,-0.84,9.15,ORD-501723
06/02/2026,15:17:54,GMT,Jordan Lee,UH2UT76WBYVNBE36W,,Website Payment,Completed,USD,9.99,-0.84,9.15,ORD-501105
06/02/2026,16:05:30,GMT,Jordan Lee,7G4G8XFZQHW77W2BU,,Website Payment,Completed,USD,24.99,-1.36,23.63,ORD-501678
06/02/2026,16:08:53,GMT,Avery Collins,FBSJH1ECT97T0QG37,,Website Payment,Completed,USD,9.99,-0.84,9.15,ORD-500444
06/02/2026,16:12:29,GMT,Avery Collins,E3AHB63X94DM6QZCD,,Website Payment,Completed,USD,9.99,-0.84,9.15,ORD-500846
06/02/2026,16:18:28,GMT,Morgan Hayes,KGK20RDLQZ0EQGP28,,Website Payment,Completed,USD,9.99,-0.84,9.15,ORD-500784
06/02/2026,16:31:37,GMT,Drew Bennett,QK18NS4YDNWLET0YX,,Website Payment,Denied,USD,9.99,0.00,0.00,ORD-500555
06/02/2026,16:54:50,GMT,Jamie Ross,U177YX89EDAVRKTSN,,Website Payment,Completed,USD,24.99,-1.36,23.63,ORD-500118
06/02/2026,17:03:48,GMT,Drew Bennett,EU8C9H13Q4LGTTEJC,,Website Payment,Denied,USD,9.99,0.00,0.00,ORD-500837
06/02/2026,17:23:31,GMT,Drew Bennett,HMUKNKPH9BCDTN3BR,,Website Payment,Denied,USD,24.99,0.00,0.00,ORD-500168
06/02/2026,17:32:39,GMT,Taylor Brooks,XGF5DHEZA37JKZM55,,Website Payment,Completed,USD,4.99,-0.66,4.33,ORD-501798
06/02/2026,17:48:24,GMT,Sam Porter,K1C6F4CTC01BTW3PX,,Website Payment,Completed,USD,9.99,-0.84,9.15,ORD-500281
06/02/2026,18:02:57,GMT,Taylor Brooks,GGWF287AU57K2NNP6,,Website Payment,Completed,USD,9.99,-0.84,9.15,ORD-500709
06/02/2026,18:05:38,GMT,Alex Morgan,FQ1AWPGG9LZZKA493,,Website Payment,Completed,USD,24.99,-1.36,23.63,ORD-502046
06/02/2026,18:19:42,GMT,Drew Bennett,7X1VLGG4GLC82TY91,,Website Payment,Completed,USD,9.99,-0.84,9.15,ORD-501137
06/02/2026,18:20:15,GMT,Jamie Ross,Y9VL1SEA68887R9EF,,Website Payment,Completed,USD,59.99,-2.58,57.41,ORD-501189
06/02/2026,18:27:00,GMT,Avery Collins,3A0G4EBBH33M4NQ9U,,Website Payment,Completed,USD,9.99,-0.84,9.15,ORD-500614
06/02/2026,19:03:56,GMT,Casey Nguyen,6W58F6JJBHZJHZ357,,Website Payment,Completed,USD,24.99,-1.36,23.63,ORD-501457
06/02/2026,19:12:39,GMT,Riley Carter,7C5TWQ3XWBFM3LRTM,,Website Payment,Completed,USD,9.99,-0.84,9.15,ORD-500205
06/02/2026,19:14:16,GMT,Alex Morgan,2YKCG307U4TK2E9W0,,Website Payment,Completed,USD,9.99,-0.84,9.15,ORD-500561
06/02/2026,19:17:27,GMT,Sam Porter,85CKU7745LA0DWUEV,,Website Payment,Completed,USD,9.99,-0.84,9.15,ORD-500741
06/02/2026,19:28:06,GMT,Jordan Lee,F29M5LEC26BUWPH63,,Website Payment,Completed,USD,9.99,-0.84,9.15,ORD-500657
06/02/2026,19:30:00,GMT,Casey Nguyen,YUU515AYYQAKGD78U,,Website Payment,Completed,USD,9.99,-0.84,9.15,ORD-501264
06/02/2026,20:06:31,GMT,Jordan Lee,FMYJSSDFU1KXLCP38,,Website Payment,Completed,USD,9.99,-0.84,9.15,ORD-500169
06/02/2026,20:26:44,GMT,Jamie Ross,HD947EK6255PXYBCW,,Website Payment,Completed,USD,9.99,-0.84,9.15,ORD-500891
06/03/2026,07:59:50,GMT,Sam Porter,KL0UFMMF47MNL78MU,,Website Payment,Denied,USD,9.99,0.00,0.00,ORD-501847
06/03/2026,08:10:08,GMT,Drew Bennett,Z64QNDXAKESSADA8M,,Website Payment,Completed,USD,9.99,-0.84,9.15,ORD-501047
06/03/2026,08:29:39,GMT,Jordan Lee,32JMEH6UMMYJ50JJ4,,Website Payment,Completed,USD,24.99,-1.36,23.63,ORD-500046
06/03/2026,08:45:37,GMT,Morgan Hayes,J5LYWZYSJR9T45QCN,,Website Payment,Completed,USD,24.99,-1.36,23.63,ORD-501431
06/03/2026,08:54:42,GMT,Riley Carter,YM66U594B2K7VTQUD,,Website Payment,Completed,USD,9.99,-0.84,9.15,ORD-501249
06/03/2026,09:00:23,GMT,Morgan Hayes,RXGHFYZJ7Q6NKQCYP,,Website Payment,Completed,USD,4.99,-0.66,4.33,ORD-500576
06/03/2026,09:16:30,GMT,Sam Porter,JC371LHUFHXP0TJP1,,Website Payment,Completed,USD,4.99,-0.66,4.33,ORD-501955
06/03/2026,10:01:42,GMT,Morgan Hayes,2701SQD8YLK2GGZ28,,Website Payment,Denied,USD,24.99,0.00,0.00,ORD-500122
06/03/2026,10:02:37,GMT,Alex Morgan,6VS945QXGCEGLY8LX,,Website Payment,Completed,USD,9.99,-0.84,9.15,ORD-500547
06/03/2026,10:08:30,GMT,Riley Carter,C50QZSPHGT9Y2YTP2,,Website Payment,Completed,USD,4.99,-0.66,4.33,ORD-500806
06/03/2026,10:18:47,GMT,Jordan Lee,L88PYJBBY4D2BKUDT,,Website Payment,Completed,USD,9.99,-0.84,9.15,ORD-501468
06/03/2026,10:32:43,GMT,Jordan Lee,2KWM6YZ05PZ06UZTL,,Website Payment,Completed,USD,24.99,-1.36,23.63,ORD-501311
06/03/2026,10:50:28,GMT,Casey Nguyen,MU9RU3BP5NRGDZ6CP,,Website Payment,Completed,USD,9.99,-0.84,9.15,ORD-501454
06/03/2026,10:59:03,GMT,Taylor Brooks,EEDLMDLB8L6HQ0L4Q,,Website Payment,Completed,USD,59.99,-2.58,57.41,ORD-500332
06/03/2026,11:12:59,GMT,Riley Carter,D6DYP4K2G5DGCCCP4,,Website Payment,Completed,USD,59.99,-2.58,57.41,ORD-500733
06/03/2026,11:23:31,GMT,Riley Carter,8H652ZPLP7DM8YRU7,,Website Payment,Completed,USD,9.99,-0.84,9.15,ORD-500778
06/03/2026,11:32:09,GMT,Avery Collins,RDPF89PP266GQEL1C,,Website Payment,Completed,USD,59.99,-2.58,57.41,ORD-501054
06/03/2026,11:50:26,GMT,Drew Bennett,AL9WQABQKPJRA3M3K,,Website Payment,Completed,USD,9.99,-0.84,9.15,ORD-501954
06/03/2026,12:04:25,GMT,Taylor Brooks,WDUTUJALTP9KPTGLC,,Website Payment,Completed,USD,24.99,-1.36,23.63,ORD-501515
06/03/2026,12:05:01,GMT,Jordan Lee,7Q2Q3ZN9R2GFFKZ6Y,,Website Payment,Completed,USD,9.99,-0.84,9.15,ORD-500232
06/03/2026,12:33:44,GMT,Taylor Brooks,K649ABWVMXCBNUVXZ,,Website Payment,Completed,USD,9.99,-0.84,9.15,ORD-501416
06/03/2026,13:01:14,GMT,Avery Collins,Y2KE9BVWAM5GSWQ4E,,Website Payment,Completed,USD,9.99,-0.84,9.15,ORD-501256
06/03/2026,13:03:51,GMT,Taylor Brooks,S8DHEG66RBTKM3VA9,,Website Payment,Completed,USD,9.99,-0.84,9.15,ORD-501926
06/03/2026,13:17:48,GMT,Morgan Hayes,GFBUK7HWND806SR74,,Website Payment,Completed,USD,9.99,-0.84,9.15,ORD-501634
06/03/2026,13:19:59,GMT,Jamie Ross,QH3361U20R93105WC,,Website Payment,Completed,USD,9.99,-0.84,9.15,ORD-501532
06/03/2026,13:35:02,GMT,Jordan Lee,LSMDG847PYBDEEXKS,,Website Payment,Completed,USD,4.99,-0.66,4.33,ORD-501121
06/03/2026,13:42:06,GMT,Casey Nguyen,44RBBDLJJN1S2B5A4,,Website Payment,Completed,USD,24.99,-1.36,23.63,ORD-500562
06/03/2026,13:57:29,GMT,Drew Bennett,7SDHZD8NYJ3B8XT9B,,Website Payment,Denied,USD,9.99,0.00,0.00,ORD-500641
06/03/2026,14:00:49,GMT,Taylor Brooks,NE92CZKPRHJB3AJUP,,Website Payment,Completed,USD,24.99,-1.36,23.63,ORD-500607
06/03/2026,14:04:21,GMT,Riley Carter,YYGFLVPLT3HQKB5GX,,Website Payment,Completed,USD,9.99,-0.84,9.15,ORD-501446
06/03/2026,14:15:57,GMT,Avery Collins,QTTW9K12P9D6HMGXC,,Website Payment,Completed,USD,9.99,-0.84,9.15,ORD-501767
06/03/2026,14:16:18,GMT,Jamie Ross,TVEXMXL5A67NBS2A1,,Website Payment,Completed,USD,59.99,-2.58,57.41,ORD-501957
06/03/2026,14:29:32,GMT,Alex Morgan,5HE89H833705XF7YJ,,Website Payment,Completed,USD,4.99,-0.66,4.33,ORD-501009
06/03/2026,14:30:24,GMT,Morgan Hayes,V4PBLZ3FTSHBJRJ7L,,Website Payment,Completed,USD,59.99,-2.58,57.41,ORD-501772
06/03/2026,14:34:00,GMT,Casey Nguyen,E7E5WNSRCNLPX4FBQ,,Website Payment,Completed,USD,9.99,-0.84,9.15,ORD-501223
06/03/2026,14:37:55,GMT,Sam Porter,BJH69KMNE81QDKR0W,,Website Payment,Completed,USD,24.99,-1.36,23.63,ORD-500207
06/03/2026,15:04:44,GMT,Drew Bennett,50FXHNGDAZBCCT2Q8,,Website Payment,Completed,USD,4.99,-0.66,4.33,ORD-501314
06/03/2026,15:52:14,GMT,Taylor Brooks,LS92EBPRMH284EKM1,,Website Payment,Denied,USD,9.99,0.00,0.00,ORD-501743
06/03/2026,15:54:56,GMT,Sam Porter,BTZ3YKU3FXJTZJY5S,,Website Payment,Completed,USD,9.99,-0.84,9.15,ORD-501077
06/03/2026,16:17:36,GMT,Avery Collins,1K0970M3104VQAL85,,Website Payment,Completed,USD,9.99,-0.84,9.15,ORD-500449
06/03/2026,16:26:25,GMT,Jamie Ross,H73AHLXASTVFHC2KX,,Website Payment,Completed,USD,24.99,-1.36,23.63,ORD-500702
06/03/2026,16:55:12,GMT,Avery Collins,BQ00SBGFQPD2SAGF8,,Website Payment,Completed,USD,24.99,-1.36,23.63,ORD-501825
06/03/2026,17:00:14,GMT,Jamie Ross,CV8DXV3AAZ44F7HCU,,Website Payment,Completed,USD,9.99,-0.84,9.15,ORD-500052
06/03/2026,17:09:53,GMT,Jordan Lee,JLJ50SPV7S2SETQYX,,Website Payment,Completed,USD,9.99,-0.84,9.15,ORD-500744
06/03/2026,17:12:45,GMT,Jordan Lee,QLTWRSQENN9V5HPDF,,Website Payment,Completed,USD,24.99,-1.36,23.63,ORD-501603
06/03/2026,17:31:47,GMT,Morgan Hayes,F0MF9H6DZ5ARWTTS8,,Website Payment,Completed,USD,4.99,-0.66,4.33,ORD-500829
06/03/2026,18:07:54,GMT,Alex Morgan,TF27RUSVKNCWS07T9,,Website Payment,Completed,USD,9.99,-0.84,9.15,ORD-500635
06/03/2026,18:22:37,GMT,Morgan Hayes,X4L8YLJZ2BA4M5E0R,,Website Payment,Completed,USD,4.99,-0.66,4.33,ORD-501480
06/03/2026,18:29:50,GMT,Jordan Lee,ZP94AS7K9BY0QBATW,,Website Payment,Completed,USD,24.99,-1.36,23.63,ORD-500480
06/03/2026,18:34:59,GMT,Taylor Brooks,969K9Z1DR8F2SUHHK,,Website Payment,Completed,USD,9.99,-0.84,9.15,ORD-501732
06/03/2026,18:45:25,GMT,Sam Porter,NW2V9GFYTGQ8W6389,,Website Payment,Completed,USD,9.99,-0.84,9.15,ORD-501262
06/03/2026,18:45:37,GMT,Alex Morgan,TSD25ZN9UZQBZUZEG,,Website Payment,Denied,USD,59.99,0.00,0.00,ORD-501072
06/03/2026,18:51:01,GMT,Avery Collins,QG2VH0DHJWXSWWFK0,,Website Payment,Completed,USD,9.99,-0.84,9.15,ORD-500433
06/03/2026,18:58:03,GMT,Alex Morgan,W38SKCKPXV19ZRSBJ,,Website Payment,Completed,USD,9.99,-0.84,9.15,ORD-501898
06/03/2026,18:58:49,GMT,Avery Collins,AYBVH121V5WV5PYZG,,Website Payment,Completed,USD,59.99,-2.58,57.41,ORD-501471
06/03/2026,19:11:33,GMT,Riley Carter,L4KA07QF2HF0GN4FQ,,Website Payment,Completed,USD,24.99,-1.36,23.63,ORD-500280
06/03/2026,19:30:54,GMT,Casey Nguyen,3BXTGYRPY6MNK73BP,,Website Payment,Completed,USD,59.99,-2.58,57.41,ORD-500695
06/03/2026,20:13:50,GMT,Taylor Brooks,HKBH25KAQGZD8CQMN,,Website Payment,Completed,USD,4.99,-0.66,4.33,ORD-501675
06/03/2026,20:22:44,GMT,Alex Morgan,UAQDTD6RXQN25K1K6,,Website Payment,Completed,USD,24.99,-1.36,23.63,ORD-501893
06/04/2026,08:35:26,GMT,Morgan Hayes,SQYEE805ERVLD8AA1,,Website Payment,Completed,USD,9.99,-0.84,9.15,ORD-500310
06/04/2026,09:01:36,GMT,Sam Porter,8RPZY4BWKX1YRUUZX,,Website Payment,Completed,USD,9.99,-0.84,9.15,ORD-500457
06/04/2026,09:03:44,GMT,Jordan Lee,KV0SB7G519UDJ5VBD,,Website Payment,Completed,USD,9.99,-0.84,9.15,ORD-501801
06/04/2026,09:06:47,GMT,Riley Carter,BNYB4H4LQLGG6GDQP,,Website Payment,Denied,USD,24.99,0.00,0.00,ORD-500021
06/04/2026,09:10:50,GMT,Drew Bennett,SX4Z8P13TFY0MG9ZY,,Website Payment,Completed,USD,9.99,-0.84,9.15,ORD-500398
06/04/2026,09:19:45,GMT,Jordan Lee,9EH38DTUWC586U7QY,,Website Payment,Completed,USD,9.99,-0.84,9.15,ORD-500290
06/04/2026,09:28:06,GMT,Jordan Lee,R40DERXYLEZ5RCNZA,,Website Payment,Completed,USD,9.99,-0.84,9.15,ORD-500633
06/04/2026,09:36:04,GMT,Sam Porter,1MB89YKKNXT3ALD3W,,Website Payment,Completed,USD,24.99,-1.36,23.63,ORD-500856
06/04/2026,09:50:43,GMT,Sam Porter,HZR8ZJFZUWT32V1W6,,Website Payment,Completed,USD,9.99,-0.84,9.15,ORD-500265
06/04/2026,10:05:17,GMT,Avery Collins,XL91KCE8F2X4K4Y6Y,,Website Payment,Completed,USD,9.99,-0.84,9.15,ORD-501288
06/04/2026,10:14:44,GMT,Drew Bennett,GLBDMZZ29BEF2PSZ1,,Website Payment,Denied,USD,9.99,0.00,0.00,ORD-501570
06/04/2026,10:27:19,GMT,Drew Bennett,1B83Y0R5P4RBXSC1Y,,Website Payment,Completed,USD,4.99,-0.66,4.33,ORD-500262
06/04/2026,10:38:26,GMT,Jamie Ross,BKUE0XCA4PTM076DT,,Website Payment,Completed,USD,4.99,-0.66,4.33,ORD-500305
06/04/2026,10:45:15,GMT,Taylor Brooks,V9ZHAM550JSLFVNYF,,Website Payment,Completed,USD,4.99,-0.66,4.33,ORD-500573
06/04/2026,11:03:22,GMT,Avery Collins,6XX3DECDMFL3FHRXK,,Website Payment,Completed,USD,9.99,-0.84,9.15,ORD-501112
06/04/2026,11:32:58,GMT,Taylor Brooks,YXHMZFEHPMCYKE7LV,,Website Payment,Completed,USD,4.99,-0.66,4.33,ORD-501701
06/04/2026,11:49:02,GMT,Drew Bennett,EM7G90UF320H8S035,,Website Payment,Completed,USD,9.99,-0.84,9.15,ORD-501095
06/04/2026,11:52:16,GMT,Avery Collins,WYHCWGUDXA1XF91C6,,Website Payment,Completed,USD,9.99,-0.84,9.15,ORD-501023
06/04/2026,12:02:43,GMT,Riley Carter,MG2HENC9PN4797NKM,,Website Payment,Completed,USD,24.99,-1.36,23.63,ORD-500564
06/04/2026,12:40:13,GMT,Morgan Hayes,WJU6MEUJDA4DT5FVW,,Website Payment,Completed,USD,9.99,-0.84,9.15,ORD-500008
06/04/2026,13:00:30,GMT,Taylor Brooks,CRXJBZLCA1CW4B2LD,,Website Payment,Completed,USD,9.99,-0.84,9.15,ORD-501690
06/04/2026,13:10:26,GMT,Casey Nguyen,YP6ZBJ4LD167P1TVB,,Website Payment,Completed,USD,9.99,-0.84,9.15,ORD-501399
06/04/2026,13:23:26,GMT,Casey Nguyen,6A3Q350UEPSF1H688,,Website Payment,Completed,USD,9.99,-0.84,9.15,ORD-501286
06/04/2026,13:36:03,GMT,Jamie Ross,PKB4L9KKKEP0KY4RQ,,Website Payment,Completed,USD,9.99,-0.84,9.15,ORD-501729
06/04/2026,13:39:57,GMT,Taylor Brooks,4KP8X5URNDRCECY91,,Website Payment,Completed,USD,59.99,-2.58,57.41,ORD-501830
06/04/2026,14:12:57,GMT,Alex Morgan,7LZE2JLA7D6YRNL6X,,Website Payment,Completed,USD,59.99,-2.58,57.41,ORD-500402
06/04/2026,14:45:56,GMT,Avery Collins,JER1UC2ZXJG8K8AH9,,Website Payment,Completed,USD,24.99,-1.36,23.63,ORD-500943
06/04/2026,14:50:46,GMT,Riley Carter,3ZSEGYWWS9T97HWNK,,Website Payment,Completed,USD,9.99,-0.84,9.15,ORD-500231
06/04/2026,14:53:04,GMT,Taylor Brooks,DW0WWAMGQCTAWPCUX,,Website Payment,Denied,USD,9.99,0.00,0.00,ORD-500148
06/04/2026,15:15:52,GMT,Alex Morgan,SMFUH9BZCD6D9SJ2U,,Website Payment,Completed,USD,9.99,-0.84,9.15,ORD-501545
06/04/2026,15:23:24,GMT,Alex Morgan,M9TKRMMQYRQXGH35T,,Website Payment,Completed,USD,9.99,-0.84,9.15,ORD-500973
06/04/2026,15:37:27,GMT,Taylor Brooks,XN0V24XZAJGKNFH1V,,Website Payment,Completed,USD,24.99,-1.36,23.63,ORD-500533
06/04/2026,15:42:06,GMT,Taylor Brooks,VA42E98MMAWKGHKWK,,Website Payment,Completed,USD,9.99,-0.84,9.15,ORD-500472
06/04/2026,15:46:28,GMT,Sam Porter,VTW903CGTBKCUDH2J,,Website Payment,Completed,USD,59.99,-2.58,57.41,ORD-500137
06/04/2026,15:46:56,GMT,Morgan Hayes,CK7C9VYKR47735F98,,Website Payment,Completed,USD,24.99,-1.36,23.63,ORD-501802
06/04/2026,15:47:40,GMT,Morgan Hayes,ZMR2E21YYMCDUGA7L,,Website Payment,Completed,USD,24.99,-1.36,23.63,ORD-501483
06/04/2026,15:54:44,GMT,Alex Morgan,09TJ28THQVGMBH92A,,Website Payment,Completed,USD,9.99,-0.84,9.15,ORD-501896
06/04/2026,16:10:18,GMT,Drew Bennett,0TR0YSDFCV9R9S1WL,S1VNZT7ACC5E6HNYD,Refund,Refunded,USD,-59.99,0.00,-59.99,ORD-500591
06/04/2026,16:15:05,GMT,Jamie Ross,AHK7HMNUS1QU2D6N5,,Website Payment,Completed,USD,9.99,-0.84,9.15,ORD-500276
06/04/2026,16:30:08,GMT,Jordan Lee,YPHCJ7DL289E2F64X,,Website Payment,Completed,USD,59.99,-2.58,57.41,ORD-501277
06/04/2026,16:32:51,GMT,Avery Collins,QEDF89XL8SVS5XUGG,,Website Payment,Completed,USD,9.99,-0.84,9.15,ORD-500866
06/04/2026,16:34:14,GMT,Sam Porter,M0C0J49EKZ8W6JUP7,,Website Payment,Completed,USD,9.99,-0.84,9.15,ORD-500712
06/04/2026,16:36:42,GMT,Morgan Hayes,E84KFHUMRA1QK333M,YM66U594B2K7VTQUD,Refund,Refunded,USD,-5.00,0.00,-5.00,ORD-501249
06/04/2026,16:38:48,GMT,Alex Morgan,4LMYYMEDF225S15MR,,Website Payment,Completed,USD,9.99,-0.84,9.15,ORD-501657
06/04/2026,16:44:35,GMT,Riley Carter,C3Z1NSUYX85AB1LR5,,Website Payment,Completed,USD,4.99,-0.66,4.33,ORD-500321
06/04/2026,16:50:48,GMT,Jordan Lee,QZR1ET3QMW6JLLY34,,Website Payment,Completed,USD,9.99,-0.84,9.15,ORD-500583
06/04/2026,16:56:25,GMT,Jamie Ross,2W98CVC76J0VVVZHT,,Website Payment,Completed,USD,59.99,-2.58,57.41,ORD-501944
06/04/2026,16:59:48,GMT,Jamie Ross,4YQU5Y5B753RYBK5T,,Website Payment,Completed,USD,9.99,-0.84,9.15,ORD-501350
06/04/2026,17:02:28,GMT,Sam Porter,VY5ZTKZM5LT8H7MPZ,,Website Payment,Completed,USD,9.99,-0.84,9.15,ORD-500874
06/04/2026,17:43:16,GMT,Casey Nguyen,EBH4CT5WV62Z7T5NX,,Website Payment,Completed,USD,24.99,-1.36,23.63,ORD-500438
06/04/2026,17:48:27,GMT,Morgan Hayes,DNHSU34PERXCBWVU9,,Website Payment,Completed,USD,9.99,-0.84,9.15,ORD-500976
06/04/2026,17:53:37,GMT,Taylor Brooks,9M7MMV1F93TWSQNC5,,Website Payment,Completed,USD,59.99,-2.58,57.41,ORD-500992
06/04/2026,18:04:36,GMT,Sam Porter,3JC2LFK5YFKY2Y16C,,Website Payment,Completed,USD,24.99,-1.36,23.63,ORD-501020
06/04/2026,18:16:07,GMT,Sam Porter,TGE81P6851H3R0JMR,,Website Payment,Completed,USD,24.99,-1.36,23.63,ORD-501527
06/04/2026,18:21:01,GMT,Jamie Ross,MLJQ9EZ84S7YB3NF0,,Website Payment,Completed,USD,9.99,-0.84,9.15,ORD-500439
06/04/2026,18:37:17,GMT,Casey Nguyen,3D7C4MLKGHDGSJEQ1,,Website Payment,Completed,USD,24.99,-1.36,23.63,ORD-501725
06/04/2026,18:46:39,GMT,Alex Morgan,BLSM6FX4YTM7ATCJF,,Website Payment,Completed,USD,59.99,-2.58,57.41,ORD-501334
06/04/2026,18:50:39,GMT,Drew Bennett,1EAYTZG9JG1W4KMB6,,Website Payment,Completed,USD,59.99,-2.58,57.41,ORD-500662
06/04/2026,18:57:12,GMT,Alex Morgan,4ZFG8C5K642WEDR56,,Website Payment,Completed,USD,59.99,-2.58,57.41,ORD-501887
06/04/2026,19:04:13,GMT,Morgan Hayes,7BEJSKB7CW5ZWDUF3,,Website Payment,Completed,USD,9.99,-0.84,9.15,ORD-501990
06/04/2026,19:08:38,GMT,Jordan Lee,58P04VSEVB4TRKY0D,,Website Payment,Completed,USD,24.99,-1.36,23.63,ORD-501188
06/04/2026,19:21:04,GMT,Avery Collins,8DPB3E5KHFKN8M52Z,,Website Payment,Completed,USD,9.99,-0.84,9.15,ORD-501465
06/04/2026,19:34:57,GMT,Casey Nguyen,NE8TY0KTMEEFLNXLQ,,Website Payment,Completed,USD,9.99,-0.84,9.15,ORD-501082
06/04/2026,19:43:52,GMT,Riley Carter,3X7LMH581XZ1XWQSY,,Website Payment,Completed,USD,4.99,-0.66,4.33,ORD-501693
06/05/2026,07:35:25,GMT,Alex Morgan,8ZKGX4NFK23TK6HKG,,Website Payment,Completed,USD,24.99,-1.36,23.63,ORD-501087
06/05/2026,07:50:13,GMT,Casey Nguyen,M63E7YGQN67VLEN6Y,,Website Payment,Completed,USD,9.99,-0.84,9.15,ORD-500734
06/05/2026,08:11:53,GMT,Alex Morgan,452U314QFMWQ3CRYG,,Website Payment,Completed,USD,59.99,-2.58,57.41,ORD-500012
06/05/2026,08:45:30,GMT,Jamie Ross,VXM2287R3PUNMXQ65,,Website Payment,Denied,USD,9.99,0.00,0.00,ORD-500882
06/05/2026,08:54:07,GMT,Casey Nguyen,DQY68X1KGGDP77MYS,,Website Payment,Completed,USD,59.99,-2.58,57.41,ORD-501567
06/05/2026,09:03:25,GMT,Taylor Brooks,G9QYXT5XZ8J88US7Z,,Website Payment,Completed,USD,9.99,-0.84,9.15,ORD-500411
06/05/2026,09:07:07,GMT,Sam Porter,4VSA9EVB8RTW8JDVZ,,Website Payment,Denied,USD,9.99,0.00,0.00,ORD-500865
06/05/2026,09:07:52,GMT,Morgan Hayes,AGHX6JFLHU56BRYB0,,Website Payment,Completed,USD,9.99,-0.84,9.15,ORD-501988
06/05/2026,09:14:18,GMT,Sam Porter,AKB7J59BXKNQY2E31,,Website Payment,Denied,USD,9.99,0.00,0.00,ORD-501387
06/05/2026,09:24:22,GMT,Casey Nguyen,XG3S3W3NSF4BDCUZE,,Website Payment,Completed,USD,9.99,-0.84,9.15,ORD-501974
06/05/2026,09:33:04,GMT,Jordan Lee,6S6WRRR0CCZNTYQPH,1MB89YKKNXT3ALD3W,Refund,Refunded,USD,-12.50,0.00,-12.50,ORD-500856
06/05/2026,09:52:50,GMT,Jordan Lee,0L6CH55L2P32D9WGK,,Website Payment,Completed,USD,9.99,-0.84,9.15,ORD-502008
06/05/2026,09:54:57,GMT,Casey Nguyen,1YECL5XKEW1XYCQWL,,Website Payment,Completed,USD,9.99,-0.84,9.15,ORD-500655
06/05/2026,10:47:12,GMT,Jamie Ross,2LQBSQR4LM44YULYA,,Website Payment,Completed,USD,9.99,-0.84,9.15,ORD-500155
06/05/2026,10:55:59,GMT,Morgan Hayes,D23VXSJN0BUW98X1D,,Website Payment,Completed,USD,59.99,-2.58,57.41,ORD-501073
06/05/2026,10:59:03,GMT,Drew Bennett,0WAX6U7KHGS8W2W99,,Website Payment,Completed,USD,24.99,-1.36,23.63,ORD-501055
06/05/2026,11:07:38,GMT,Alex Morgan,TDFTNVMSQ4N738SFS,,Website Payment,Completed,USD,9.99,-0.84,9.15,ORD-501496
06/05/2026,11:18:04,GMT,Jamie Ross,6CY7R8K70QCQ5FH5A,,Website Payment,Completed,USD,9.99,-0.84,9.15,ORD-500228
06/05/2026,11:26:01,GMT,Sam Porter,380CTJP5VYGWW0QJP,,Website Payment,Completed,USD,9.99,-0.84,9.15,ORD-500277
06/05/2026,11:29:32,GMT,Jordan Lee,XWPX1ZGW9J9QPWN6L,,Website Payment,Completed,USD,9.99,-0.84,9.15,ORD-500134
06/05/2026,11:39:39,GMT,Drew Bennett,JX950F3U6Z2M8PKS3,,Website Payment,Completed,USD,59.99,-2.58,57.41,ORD-500713
06/05/2026,11:41:38,GMT,Drew Bennett,8LS52B4Y846VBH2QN,,Website Payment,Denied,USD,24.99,0.00,0.00,ORD-501717
06/05/2026,11:55:26,GMT,Riley Carter,L3WRWADA9KQZ66TQ0,,Website Payment,Completed,USD,24.99,-1.36,23.63,ORD-501099
06/05/2026,12:00:30,GMT,Riley Carter,AJEGBPRPQ1MJXNP1R,,Website Payment,Completed,USD,24.99,-1.36,23.63,ORD-501770
06/05/2026,12:22:07,GMT,Jordan Lee,DFGVD1L2U4Q60T915,,Website Payment,Completed,USD,9.99,-0.84,9.15,ORD-500097
06/05/2026,12:24:06,GMT,Alex Morgan,XDH4Z29MPACBBJCW7,,Website Payment,Completed,USD,59.99,-2.58,57.41,ORD-501538
06/05/2026,12:33:23,GMT,Riley Carter,NWR3BK7NYEMX9S8W8,,Website Payment,Completed,USD,9.99,-0.84,9.15,ORD-501030
06/05/2026,12:37:46,GMT,Drew Bennett,11ULYCDWM8L31XGYP,,Website Payment,Completed,USD,24.99,-1.36,23.63,ORD-501407
06/05/2026,12:45:58,GMT,Avery Collins,GE6M3J847X43LY8YN,,Website Payment,Completed,USD,9.99,-0.84,9.15,ORD-501660
06/05/2026,12:58:33,GMT,Sam Porter,UVT63HHJ9FB7E54W7,,Website Payment,Completed,USD,9.99,-0.84,9.15,ORD-500560
06/05/2026,12:58:35,GMT,Drew Bennett,EX68VY9DFR51JTYLH,,Website Payment,Completed,USD,24.99,-1.36,23.63,ORD-501217
06/05/2026,13:07:30,GMT,Avery Collins,N7WUG0VTVCZB33BTM,,Website Payment,Completed,USD,9.99,-0.84,9.15,ORD-500452
06/05/2026,13:10:46,GMT,Jamie Ross,N10RGHY5QYAUKRZV6,,Website Payment,Denied,USD,9.99,0.00,0.00,ORD-501266
06/05/2026,13:13:07,GMT,Sam Porter,5FQCWMU93FJBCLDF8,,Website Payment,Completed,USD,9.99,-0.84,9.15,ORD-500268
06/05/2026,13:24:29,GMT,Casey Nguyen,UJT27WE0EDPBF4RB9,,Website Payment,Completed,USD,59.99,-2.58,57.41,ORD-501085
06/05/2026,13:47:42,GMT,Morgan Hayes,17YNYTL43V7RP5XES,,Website Payment,Completed,USD,9.99,-0.84,9.15,ORD-500191
06/05/2026,14:08:11,GMT,Alex Morgan,RUB0MU1KWUWSJWNP2,,Website Payment,Completed,USD,4.99,-0.66,4.33,ORD-501086
06/05/2026,14:34:11,GMT,Taylor Brooks,BBBZ4YFRZA5S948C4,,Website Payment,Completed,USD,24.99,-1.36,23.63,ORD-500060
06/05/2026,14:42:51,GMT,Avery Collins,8DCQ7MX9YK8ZVTXAK,,Website Payment,Completed,USD,4.99,-0.66,4.33,ORD-501174
06/05/2026,15:20:00,GMT,Riley Carter,4C1A8F4SNF20PSJPP,,Website Payment,Completed,USD,9.99,-0.84,9.15,ORD-502015
06/05/2026,15:24:48,GMT,Jordan Lee,SPG1HVBL69AWXGCV1,,Website Payment,Completed,USD,9.99,-0.84,9.15,ORD-500815
06/05/2026,15:28:21,GMT,Alex Morgan,9YA9UMK530P9Q7CF9,,Website Payment,Completed,USD,59.99,-2.58,57.41,ORD-500401
06/05/2026,15:55:15,GMT,Sam Porter,FC35NNRXJTMYUA1AB,,Website Payment,Denied,USD,9.99,0.00,0.00,ORD-501494
06/05/2026,16:11:59,GMT,Casey Nguyen,ZCTDTQD4PD4CXFHRC,QSDZAF66280S1GGYG,Refund,Refunded,USD,-30.00,0.00,-30.00,ORD-501828
06/05/2026,16:29:20,GMT,Taylor Brooks,X1QES73CQCX6W88Z2,,Website Payment,Completed,USD,4.99,-0.66,4.33,ORD-501058
06/05/2026,16:50:01,GMT,Jordan Lee,QQ592WESBHA7W0A7C,,Website Payment,Completed,USD,9.99,-0.84,9.15,ORD-500517
06/05/2026,17:17:02,GMT,Taylor Brooks,W9P5MHFM4WB5A01YZ,,Website Payment,Denied,USD,9.99,0.00,0.00,ORD-501808
06/05/2026,17:24:26,GMT,Jordan Lee,WMR2W9FLGZ31M8F3W,,Website Payment,Denied,USD,24.99,0.00,0.00,ORD-501722
06/05/2026,17:27:28,GMT,Jordan Lee,HUCQEMJHXFAKT080S,,Website Payment,Completed,USD,9.99,-0.84,9.15,ORD-501462
06/05/2026,17:34:26,GMT,Sam Porter,CXNYKNV3XERQUD43V,,Website Payment,Completed,USD,24.99,-1.36,23.63,ORD-501744
06/05/2026,17:41:50,GMT,Taylor Brooks,8YE3S1RE1SJ1BQEVK,,Website Payment,Completed,USD,9.99,-0.84,9.15,ORD-501279
06/05/2026,18:06:19,GMT,Drew Bennett,DCX024V42EK7TXFCL,,Website Payment,Completed,USD,9.99,-0.84,9.15,ORD-500760
06/05/2026,18:25:41,GMT,Jamie Ross,41ZN5LRJAAGK88S3U,,Website Payment,Denied,USD,24.99,0.00,0.00,ORD-501966
06/05/2026,18:26:23,GMT,Casey Nguyen,6DFH0GFMDN7CPX9ZS,,Website Payment,Completed,USD,59.99,-2.58,57.41,ORD-500100
06/05/2026,18:31:15,GMT,Jordan Lee,2FMG79L1W4287JPX2,,Website Payment,Completed,USD,24.99,-1.36,23.63,ORD-500981
06/05/2026,18:33:07,GMT,Casey Nguyen,KYXKVM868E4WFWZGF,,Website Payment,Completed,USD,4.99,-0.66,4.33,ORD-501406
06/05/2026,18:55:45,GMT,Riley Carter,Z652WGN6NJB9WQYY3,,Website Payment,Completed,USD,4.99,-0.66,4.33,ORD-500015
06/05/2026,18:56:59,GMT,Morgan Hayes,Y9K7PSWNCEFAYMCTD,,Website Payment,Completed,USD,59.99,-2.58,57.41,ORD-501251
06/05/2026,18:59:52,GMT,Jamie Ross,MDHERGBF9YG75GG39,,Website Payment,Completed,USD,9.99,-0.84,9.15,ORD-501884
06/05/2026,19:06:12,GMT,Avery Collins,7ZHH8D4Q0MTAET8KD,,Website Payment,Completed,USD,24.99,-1.36,23.63,ORD-500822
06/05/2026,19:07:51,GMT,Jamie Ross,ZSLNZ66MJSGBT06RL,,Website Payment,Completed,USD,59.99,-2.58,57.41,ORD-501301
06/05/2026,19:19:13,GMT,Riley Carter,2TSBLA4KTCDU76QKS,,Website Payment,Completed,USD,59.99,-2.58,57.41,ORD-500936
06/05/2026,19:34:40,GMT,Avery Collins,865Q2JPK925N5NLP5,,Website Payment,Completed,USD,9.99,-0.84,9.15,ORD-500224
06/05/2026,20:05:30,GMT,Drew Bennett,PUSEEKNR0PESR9JUF,,Website Payment,Completed,USD,4.99,-0.66,4.33,ORD-501711
06/06/2026,08:00:25,GMT,Drew Bennett,SMPSBRV48242ZLEV3,,Website Payment,Completed,USD,24.99,-1.36,23.63,ORD-501120
06/06/2026,08:04:38,GMT,Sam Porter,9WHJLUVDXVVC410NF,,Website Payment,Completed,USD,9.99,-0.84,9.15,ORD-500445
06/06/2026,08:21:27,GMT,Jordan Lee,H7FJ5SQZQ865MYG07,,Website Payment,Completed,USD,4.99,-0.66,4.33,ORD-500711
06/06/2026,08:26:40,GMT,Jordan Lee,EFKRL1EWFNY22UT8R,,Website Payment,Completed,USD,9.99,-0.84,9.15,ORD-501437
06/06/2026,08:27:09,GMT,Jamie Ross,SCGBG1P6DFKHJMXRZ,,Website Payment,Completed,USD,9.99,-0.84,9.15,ORD-501455
06/06/2026,08:27:45,GMT,Jordan Lee,ZJD8BSZ4D034SC2E2,,Website Payment,Completed,USD,24.99,-1.36,23.63,ORD-502042
06/06/2026,08:30:22,GMT,Jamie Ross,DXV407TZRYZPGD87H,,Website Payment,Completed,USD,9.99,-0.84,9.15,ORD-501013
06/06/2026,08:43:03,GMT,Jamie Ross,SX4LQ3H5EVC78YS0T,,Website Payment,Completed,USD,9.99,-0.84,9.15,ORD-500945
06/06/2026,09:15:02,GMT,Jamie Ross,14DCGR3T50NDPJYS3,,Website Payment,Completed,USD,59.99,-2.58,57.41,ORD-501752
06/06/2026,09:23:11,GMT,Avery Collins,7H4WFZE9AK1S472US,,Website Payment,Completed,USD,9.99,-0.84,9.15,ORD-501012
06/06/2026,09:34:37,GMT,Casey Nguyen,UGGLDFCAYKTEN61R5,,Website Payment,Completed,USD,24.99,-1.36,23.63,ORD-501499
06/06/2026,09:42:49,GMT,Riley Carter,P4UU9WFE3RF53RU07,,Website Payment,Completed,USD,9.99,-0.84,9.15,ORD-500360
06/06/2026,09:57:56,GMT,Alex Morgan,HPJ3PTXRN2B0F1XZ6,,Website Payment,Completed,USD,24.99,-1.36,23.63,ORD-500832
06/06/2026,10:04:12,GMT,Casey Nguyen,KCD89DGB0BGM9YZGM,,Website Payment,Completed,USD,9.99,-0.84,9.15,ORD-501108
06/06/2026,10:06:11,GMT,Alex Morgan,F6A37BBYW0JHYLPTF,,Website Payment,Completed,USD,24.99,-1.36,23.63,ORD-500552
06/06/2026,10:29:09,GMT,Morgan Hayes,9YGSV9GVXZHRSM578,,Website Payment,Completed,USD,59.99,-2.58,57.41,ORD-500311
06/06/2026,10:39:47,GMT,Drew Bennett,Z0LSRHF1PP2W5TWZS,,Website Payment,Completed,USD,4.99,-0.66,4.33,ORD-501103
06/06/2026,10:43:43,GMT,Taylor Brooks,PC4WQFV6WNLFRF0CL,,Website Payment,Completed,USD,59.99,-2.58,57.41,ORD-500325
06/06/2026,10:47:33,GMT,Jamie Ross,LX1F3WY5WGCKMGD0U,,Website Payment,Completed,USD,24.99,-1.36,23.63,ORD-500096
06/06/2026,10:53:07,GMT,Jordan Lee,WUVUXV2L8QW4J9CEC,,Website Payment,Completed,USD,9.99,-0.84,9.15,ORD-500512
06/06/2026,11:11:04,GMT,Taylor Brooks,JZE20MAEF1WE8FATF,,Website Payment,Completed,USD,9.99,-0.84,9.15,ORD-500227
06/06/2026,12:02:03,GMT,Drew Bennett,KJE3QQ5L93Q6FQE4K,,Website Payment,Completed,USD,59.99,-2.58,57.41,ORD-501347
06/06/2026,12:03:10,GMT,Casey Nguyen,B7ZEW01WDXC046JSX,A18YPHB0K4ZMVKX9R,Refund,Refunded,USD,-5.00,0.00,-5.00,ORD-500537
06/06/2026,12:04:37,GMT,Riley Carter,31D3NYCGG5XFUB1LN,,Website Payment,Completed,USD,9.99,-0.84,9.15,ORD-500372
06/06/2026,12:10:58,GMT,Sam Porter,KR1HRNJ5G15QR08KF,,Website Payment,Denied,USD,9.99,0.00,0.00,ORD-501011
06/06/2026,12:14:05,GMT,Casey Nguyen,FXMM9UTGVBTU4YSB4,,Website Payment,Completed,USD,9.99,-0.84,9.15,ORD-501841
06/06/2026,12:19:05,GMT,Morgan Hayes,DKF4J3HQ2T5C4Q9JC,,Website Payment,Completed,USD,9.99,-0.84,9.15,ORD-500417
06/06/2026,12:23:44,GMT,Avery Collins,ESTDR8XTPJ5LJNRJ1,,Website Payment,Completed,USD,9.99,-0.84,9.15,ORD-500659
06/06/2026,12:27:10,GMT,Jordan Lee,LLEZ8RA0TDP1H1EJG,,Website Payment,Completed,USD,9.99,-0.84,9.15,ORD-501477
06/06/2026,12:28:54,GMT,Jordan Lee,AWXTA210R6XN7JS0P,,Website Payment,Completed,USD,9.99,-0.84,9.15,ORD-500629
06/06/2026,12:30:41,GMT,Jamie Ross,TNNURE3UPGLSUYAZQ,,Website Payment,Completed,USD,24.99,-1.36,23.63,ORD-502001
06/06/2026,12:32:09,GMT,Avery Collins,UTVUSXP54M3C2GVU4,,Website Payment,Completed,USD,9.99,-0.84,9.15,ORD-501213
06/06/2026,13:08:48,GMT,Jamie Ross,VEGUKFEF3T86ZN7H9,,Website Payment,Completed,USD,9.99,-0.84,9.15,ORD-500223
06/06/2026,13:15:27,GMT,Drew Bennett,5LS4PTWHRHMZNCEGJ,,Website Payment,Denied,USD,9.99,0.00,0.00,ORD-500654
06/06/2026,13:18:10,GMT,Jamie Ross,UNTEYVBKHCG0NN7LA,,Website Payment,Completed,USD,59.99,-2.58,57.41,ORD-500718
06/06/2026,13:48:41,GMT,Jamie Ross,5B2WQ0PWQ103X7QT3,,Website Payment,Completed,USD,24.99,-1.36,23.63,ORD-500237
06/06/2026,13:53:25,GMT,Taylor Brooks,NLVMDUBC2SLRLXK1M,,Website Payment,Completed,USD,9.99,-0.84,9.15,ORD-501556
06/06/2026,14:08:38,GMT,Morgan Hayes,ASEUEF0Z5TSW3U4NS,,Website Payment,Denied,USD,9.99,0.00,0.00,ORD-500731
06/06/2026,14:08:47,GMT,Riley Carter,8KVWD6HXY0LEBE37Z,,Website Payment,Completed,USD,9.99,-0.84,9.15,ORD-501316
06/06/2026,14:10:08,GMT,Jamie Ross,PRFY0W62NTCYSGHD7,,Website Payment,Completed,USD,59.99,-2.58,57.41,ORD-501585
06/06/2026,14:17:54,GMT,Jamie Ross,S96G3BSHSJ4NH6XM9,,Website Payment,Denied,USD,9.99,0.00,0.00,ORD-500746
06/06/2026,14:22:51,GMT,Avery Collins,8AH6UPRQ9AC6N9PRP,,Website Payment,Completed,USD,9.99,-0.84,9.15,ORD-501921
06/06/2026,14:29:33,GMT,Avery Collins,GYVKN81H2A340H87M,,Website Payment,Denied,USD,59.99,0.00,0.00,ORD-500725
06/06/2026,14:41:57,GMT,Jordan Lee,5PJ7HWB2YV6ZM5ZRX,,Website Payment,Completed,USD,24.99,-1.36,23.63,ORD-501845
06/06/2026,14:52:47,GMT,Morgan Hayes,XYNDEETDHM222TRAG,,Website Payment,Denied,USD,24.99,0.00,0.00,ORD-501973
06/06/2026,15:13:57,GMT,Jamie Ross,R8LV2WW3YDSDCZXHE,,Website Payment,Completed,USD,9.99,-0.84,9.15,ORD-501753
06/06/2026,15:14:42,GMT,Sam Porter,P0L19MZVPF0A4S2VH,,Website Payment,Completed,USD,9.99,-0.84,9.15,ORD-500758
06/06/2026,15:21:16,GMT,Alex Morgan,R803UULUVAD9Z8FES,,Website Payment,Completed,USD,24.99,-1.36,23.63,ORD-500774
06/06/2026,15:21:20,GMT,Sam Porter,CGE6P8DUELBGQW8ES,,Website Payment,Completed,USD,9.99,-0.84,9.15,ORD-501220
06/06/2026,15:38:54,GMT,Jordan Lee,0E60WKF7X2WZW7WDH,,Website Payment,Completed,USD,9.99,-0.84,9.15,ORD-500092
06/06/2026,15:41:12,GMT,Jordan Lee,SBBHEU3JK3EM9MWFL,,Website Payment,Completed,USD,24.99,-1.36,23.63,ORD-500510
06/06/2026,15:54:06,GMT,Avery Collins,J0WS11XXX1UA3QH3B,,Website Payment,Completed,USD,9.99,-0.84,9.15,ORD-501849
06/06/2026,15:54:10,GMT,Alex Morgan,74XM6JVFYQ36UBMU8,,Website Payment,Completed,USD,4.99,-0.66,4.33,ORD-501850
06/06/2026,16:03:02,GMT,Taylor Brooks,RWGLKMZG6QTEM7AFE,,Website Payment,Completed,USD,4.99,-0.66,4.33,ORD-500844
06/06/2026,16:06:32,GMT,Taylor Brooks,893FCCSWUQSWHD15L,,Website Payment,Completed,USD,24.99,-1.36,23.63,ORD-501295
06/06/2026,16:15:43,GMT,Jamie Ross,7ED1XQ8PCPZHMRBZL,,Website Payment,Completed,USD,59.99,-2.58,57.41,ORD-500301
06/06/2026,16:21:47,GMT,Avery Collins,RRVVQU1XJ0KZ6GYJX,,Website Payment,Completed,USD,9.99,-0.84,9.15,ORD-501195
06/06/2026,16:33:34,GMT,Taylor Brooks,ACEDD6E8NLFNKP6N4,,Website Payment,Completed,USD,59.99,-2.58,57.41,ORD-500894
06/06/2026,17:03:40,GMT,Jamie Ross,NL2T3K1996U153DN8,,Website Payment,Completed,USD,9.99,-0.84,9.15,ORD-500436
06/06/2026,17:06:47,GMT,Casey Nguyen,STDBYJ454EAFCQS2P,,Website Payment,Completed,USD,9.99,-0.84,9.15,ORD-501253
06/06/2026,17:10:57,GMT,Sam Porter,QV67YZTVJ38BEDZ1Q,,Website Payment,Completed,USD,9.99,-0.84,9.15,ORD-500648
06/06/2026,17:12:29,GMT,Riley Carter,XHE18G2ZWBX3HX9NV,,Website Payment,Completed,USD,4.99,-0.66,4.33,ORD-500961
06/06/2026,17:23:20,GMT,Alex Morgan,KFTLFVW0LE95CQ686,,Website Payment,Completed,USD,9.99,-0.84,9.15,ORD-501339
06/06/2026,17:26:05,GMT,Morgan Hayes,3LZGJNS2GKESALKW3,,Website Payment,Completed,USD,59.99,-2.58,57.41,ORD-501138
06/06/2026,17:33:33,GMT,Morgan Hayes,REKHLXFYS8KYUENJJ,,Website Payment,Completed,USD,9.99,-0.84,9.15,ORD-501246
06/06/2026,18:00:50,GMT,Morgan Hayes,24YJ4ZX35CYF8L6E6,,Website Payment,Completed,USD,4.99,-0.66,4.33,ORD-501836
06/06/2026,18:05:15,GMT,Morgan Hayes,03VSTY03A3JYT20GF,,Website Payment,Completed,USD,9.99,-0.84,9.15,ORD-500979
06/06/2026,18:08:00,GMT,Alex Morgan,R8K7DT90DKP90F6KN,,Website Payment,Completed,USD,9.99,-0.84,9.15,ORD-501986
06/06/2026,18:15:19,GMT,Morgan Hayes,GGWXGLW5PGM96CTYZ,,Website Payment,Denied,USD,9.99,0.00,0.00,ORD-501310
06/06/2026,18:17:56,GMT,Jamie Ross,CK0J59TLWU5N9JG92,,Website Payment,Completed,USD,9.99,-0.84,9.15,ORD-500490
06/06/2026,18:18:54,GMT,Casey Nguyen,YK2JRDAT1ZL6S7LKK,,Website Payment,Completed,USD,9.99,-0.84,9.15,ORD-501997
06/06/2026,18:19:40,GMT,Jordan Lee,LQ3P03B9UARB5FHWZ,,Website Payment,Completed,USD,9.99,-0.84,9.15,ORD-501079
06/06/2026,18:32:10,GMT,Casey Nguyen,Q3ZV256Q0FFF5EZX0,,Website Payment,Completed,USD,9.99,-0.84,9.15,ORD-500437
06/06/2026,19:09:11,GMT,Sam Porter,S41P30FKUYFRD92WB,,Website Payment,Completed,USD,24.99,-1.36,23.63,ORD-500900
06/06/2026,19:37:12,GMT,Alex Morgan,40AZGKR4THHVFN8BP,,Website Payment,Completed,USD,9.99,-0.84,9.15,ORD-501590
06/06/2026,19:39:26,GMT,Taylor Brooks,NC226K7AGNLJTLRNR,,Website Payment,Completed,USD,9.99,-0.84,9.15,ORD-500912
06/06/2026,19:51:16,GMT,Taylor Brooks,3X062U1WS36VL4E7D,,Website Payment,Completed,USD,9.99,-0.84,9.15,ORD-501498
06/06/2026,20:03:07,GMT,Alex Morgan,M507FHZBHP6LS4XMR,,Website Payment,Completed,USD,59.99,-2.58,57.41,ORD-500947
06/06/2026,20:06:18,GMT,Drew Bennett,8EEAFW8JB40Y8UF1E,,Website Payment,Completed,USD,24.99,-1.36,23.63,ORD-500328
06/06/2026,20:07:47,GMT,Avery Collins,GPRK6B8LYGP1CT0WU,,Website Payment,Completed,USD,9.99,-0.84,9.15,ORD-500799
06/07/2026,07:59:03,GMT,Drew Bennett,60HL2VYBW5RSSYNZQ,,Website Payment,Completed,USD,9.99,-0.84,9.15,ORD-501595
06/07/2026,08:07:53,GMT,Alex Morgan,SUTHU1LT8DXT7MYC7,,Website Payment,Completed,USD,9.99,-0.84,9.15,ORD-501092
06/07/2026,08:16:25,GMT,Taylor Brooks,KBUBJ87W8FX3FU9PE,,Website Payment,Completed,USD,9.99,-0.84,9.15,ORD-500090
06/07/2026,08:20:59,GMT,Alex Morgan,042FHU6KGTXZR503N,,Website Payment,Completed,USD,9.99,-0.84,9.15,ORD-500363
06/07/2026,08:40:33,GMT,Sam Porter,LW38J8Z92A36DT4R0,,Website Payment,Completed,USD,59.99,-2.58,57.41,ORD-500379
06/07/2026,08:49:13,GMT,Morgan Hayes,CKAQP0WDNPN58XQWJ,,Website Payment,Completed,USD,9.99,-0.84,9.15,ORD-501493
06/07/2026,08:50:18,GMT,Casey Nguyen,TLCBXKCMXR0ZU9X36,,Website Payment,Completed,USD,9.99,-0.84,9.15,ORD-501027
06/07/2026,09:08:31,GMT,Taylor Brooks,5PYM9W8AA31SSSYZW,,Website Payment,Completed,USD,9.99,-0.84,9.15,ORD-501644
06/07/2026,09:17:05,GMT,Sam Porter,19M65WJMWCYEEEP6J,,Website Payment,Completed,USD,4.99,-0.66,4.33,ORD-501962
06/07/2026,09:23:11,GMT,Jordan Lee,4F3ES9C93LA93KE9U,,Website Payment,Completed,USD,59.99,-2.58,57.41,ORD-500995
06/07/2026,09:24:51,GMT,Taylor Brooks,4XMA4RVMP3W4XH8LS,,Website Payment,Completed,USD,9.99,-0.84,9.15,ORD-500971
06/07/2026,09:25:38,GMT,Avery Collins,NEG12Z2V4TZWQEJQS,,Website Payment,Completed,USD,9.99,-0.84,9.15,ORD-500750
06/07/2026,10:03:43,GMT,Sam Porter,CC9589YP65123247L,,Website Payment,Completed,USD,9.99,-0.84,9.15,ORD-500666
06/07/2026,10:12:39,GMT,Sam Porter,3R7YZKHG2X3XWH00B,,Website Payment,Denied,USD,9.99,0.00,0.00,ORD-501780
06/07/2026,10:25:51,GMT,Drew Bennett,BLDNU4Y0J8LHMAWJ5,ZSLNZ66MJSGBT06RL,Refund,Refunded,USD,-59.99,0.00,-59.99,ORD-501301
06/07/2026,10:29:33,GMT,Drew Bennett,9QCKNBHY1Q6Q9HXB4,,Website Payment,Completed,USD,9.99,-0.84,9.15,ORD-500198
06/07/2026,10:45:04,GMT,Alex Morgan,TM1TUPJMDA3NKLUQV,,Website Payment,Completed,USD,4.99,-0.66,4.33,ORD-501226
06/07/2026,11:01:29,GMT,Jamie Ross,C3RN4KMYKB4PZTZ77,,Website Payment,Completed,USD,9.99,-0.84,9.15,ORD-500495
06/07/2026,11:07:32,GMT,Morgan Hayes,1D32F57812Q0Z49AJ,,Website Payment,Completed,USD,9.99,-0.84,9.15,ORD-500735
06/07/2026,11:25:10,GMT,Drew Bennett,ZY7VF9KBEUNLXG8V7,,Website Payment,Completed,USD,9.99,-0.84,9.15,ORD-501032
06/07/2026,12:01:33,GMT,Avery Collins,NGGJW0MND6WT9GVBS,,Website Payment,Completed,USD,4.99,-0.66,4.33,ORD-500033
06/07/2026,12:07:42,GMT,Morgan Hayes,6AKUE9J8UECW7ZPQ8,,Website Payment,Completed,USD,9.99,-0.84,9.15,ORD-501267
06/07/2026,12:07:54,GMT,Alex Morgan,0DTTL50WKY483MQ6J,,Website Payment,Completed,USD,9.99,-0.84,9.15,ORD-501340
06/07/2026,12:15:07,GMT,Morgan Hayes,0LTDCPARM71CV6ATZ,,Website Payment,Completed,USD,24.99,-1.36,23.63,ORD-501685
06/07/2026,12:16:05,GMT,Morgan Hayes,ADXVWBGLEV2EC9G60,,Website Payment,Completed,USD,9.99,-0.84,9.15,ORD-501667
06/07/2026,12:20:21,GMT,Jamie Ross,G7XCX9TUFBSW2QASG,,Website Payment,Denied,USD,9.99,0.00,0.00,ORD-501060
06/07/2026,12:25:43,GMT,Alex Morgan,DDDBD9N8H7AWTZSLQ,,Website Payment,Denied,USD,24.99,0.00,0.00,ORD-501134
06/07/2026,12:33:24,GMT,Casey Nguyen,EQJU33YPE1HUVJ79C,,Website Payment,Completed,USD,9.99,-0.84,9.15,ORD-500176
06/07/2026,12:43:20,GMT,Avery Collins,SKV3VL92DTT4H5AYZ,,Website Payment,Completed,USD,9.99,-0.84,9.15,ORD-501057
06/07/2026,12:51:16,GMT,Taylor Brooks,ZLBH0TSL8F2YM065P,,Website Payment,Denied,USD,9.99,0.00,0.00,ORD-501472
06/07/2026,13:16:46,GMT,Jamie Ross,3K397MTVG765ZKBVU,,Website Payment,Completed,USD,9.99,-0.84,9.15,ORD-500180
06/07/2026,13:40:38,GMT,Alex Morgan,SDMYFBS32CJ1LBSLE,QN0R9HQYJAUX3XMLG,Refund,Refunded,USD,-9.99,0.00,-9.99,ORD-501210
06/07/2026,13:48:19,GMT,Taylor Brooks,LVWFLFCXBUBJSF9JE,,Website Payment,Completed,USD,24.99,-1.36,23.63,ORD-501615
06/07/2026,13:51:59,GMT,Casey Nguyen,9FD6E8UDVS8J0RVG4,,Website Payment,Completed,USD,9.99,-0.84,9.15,ORD-501540
06/07/2026,13:55:35,GMT,Drew Bennett,AX3QF8JVAM8BNLQEF,,Website Payment,Completed,USD,9.99,-0.84,9.15,ORD-501528
06/07/2026,14:18:18,GMT,Jordan Lee,GC1E1YBCR410CBN7Q,,Website Payment,Completed,USD,9.99,-0.84,9.15,ORD-501231
06/07/2026,14:25:43,GMT,Avery Collins,G6NUHTW1NTEHX2C3W,,Website Payment,Completed,USD,9.99,-0.84,9.15,ORD-500364
06/07/2026,14:44:22,GMT,Morgan Hayes,Q823NQ4E1CVUTJKM3,,Website Payment,Completed,USD,9.99,-0.84,9.15,ORD-501746
06/07/2026,14:48:53,GMT,Taylor Brooks,QRP2QEL7LTXFRFWV6,,Website Payment,Denied,USD,9.99,0.00,0.00,ORD-501337
06/07/2026,14:53:21,GMT,Jamie Ross,NEU79GYULJZUX5FEA,,Website Payment,Completed,USD,9.99,-0.84,9.15,ORD-500605
06/07/2026,15:01:55,GMT,Riley Carter,WJGCF8Y6R9GYV462C,,Website Payment,Completed,USD,9.99,-0.84,9.15,ORD-500252
06/07/2026,15:14:07,GMT,Taylor Brooks,MLD02WHPHJ5N3ZGDP,,Website Payment,Completed,USD,9.99,-0.84,9.15,ORD-501292
06/07/2026,15:25:49,GMT,Avery Collins,ZMURFNLSC6NEU9EL5,,Website Payment,Denied,USD,9.99,0.00,0.00,ORD-502027
06/07/2026,15:33:59,GMT,Taylor Brooks,XW9HEJDWC3P3CVUNL,,Website Payment,Completed,USD,24.99,-1.36,23.63,ORD-501259
06/07/2026,15:38:39,GMT,Riley Carter,6VWLBLL0S1QDRRVA4,,Website Payment,Completed,USD,9.99,-0.84,9.15,ORD-501539
06/07/2026,15:45:40,GMT,Jamie Ross,T641KFXJRK23E33SS,,Website Payment,Completed,USD,59.99,-2.58,57.41,ORD-500602
06/07/2026,15:49:59,GMT,Taylor Brooks,EST0P9XSCM3FLB1A8,,Website Payment,Completed,USD,59.99,-2.58,57.41,ORD-502003
06/07/2026,15:56:17,GMT,Morgan Hayes,HNFYZPZPYMF838FDP,,Website Payment,Completed,USD,9.99,-0.84,9.15,ORD-500766
06/07/2026,15:58:51,GMT,Morgan Hayes,ES2V1MRBVJ48R2CG5,,Website Payment,Completed,USD,9.99,-0.84,9.15,ORD-500701
06/07/2026,16:07:38,GMT,Sam Porter,KU06LZ1F8NCUG05EB,,Website Payment,Completed,USD,59.99,-2.58,57.41,ORD-500190
06/07/2026,16:10:40,GMT,Casey Nguyen,8SRXWFYUL6V7NJX61,,Website Payment,Completed,USD,24.99,-1.36,23.63,ORD-500626
06/07/2026,16:15:46,GMT,Sam Porter,CQ4MXF45DAUDCMQ93,,Website Payment,Completed,USD,4.99,-0.66,4.33,ORD-501289
06/07/2026,16:34:25,GMT,Sam Porter,1282HN3G04MXLTF2T,,Website Payment,Completed,USD,24.99,-1.36,23.63,ORD-501299
06/07/2026,16:35:06,GMT,Jordan Lee,R11PNAXTDNDFBZ3SA,,Website Payment,Completed,USD,9.99,-0.84,9.15,ORD-501632
06/07/2026,16:51:09,GMT,Casey Nguyen,XX6YAP79AEMRBFS7D,,Website Payment,Completed,USD,24.99,-1.36,23.63,ORD-500509
06/07/2026,16:59:44,GMT,Casey Nguyen,X462T8DXRWSVXAUXM,,Website Payment,Completed,USD,9.99,-0.84,9.15,ORD-500513
06/07/2026,17:05:56,GMT,Riley Carter,90UBDF4TRGG9QUC2K,,Website Payment,Completed,USD,24.99,-1.36,23.63,ORD-501747
06/07/2026,17:07:07,GMT,Drew Bennett,DCY7F7N863PXS87KF,,Website Payment,Completed,USD,24.99,-1.36,23.63,ORD-500476
06/07/2026,17:07:23,GMT,Jordan Lee,7NPXL2CHX8R5BBKRM,,Website Payment,Completed,USD,9.99,-0.84,9.15,ORD-501133
06/07/2026,17:13:21,GMT,Drew Bennett,3MTM0VURB84SFW8G8,,Website Payment,Completed,USD,9.99,-0.84,9.15,ORD-501071
06/07/2026,17:17:13,GMT,Morgan Hayes,D0ZU4WL1R35AYNTVD,,Website Payment,Completed,USD,9.99,-0.84,9.15,ORD-501945
06/07/2026,17:19:54,GMT,Taylor Brooks,RUY76J9TJE84FUJ7R,,Website Payment,Completed,USD,9.99,-0.84,9.15,ORD-500930
06/07/2026,17:26:23,GMT,Jamie Ross,KRKVQQ7M2FC266UC9,,Website Payment,Completed,USD,9.99,-0.84,9.15,ORD-500740
06/07/2026,17:31:27,GMT,Taylor Brooks,BRXSZW85NW8LXA7YH,,Website Payment,Completed,USD,24.99,-1.36,23.63,ORD-501031
06/07/2026,17:35:55,GMT,Jamie Ross,GTJM6C3Y2V9Y3D3MD,,Website Payment,Denied,USD,9.99,0.00,0.00,ORD-501626
06/07/2026,17:36:06,GMT,Alex Morgan,ACL11W4R78T3U5YCX,,Website Payment,Completed,USD,59.99,-2.58,57.41,ORD-500150
06/07/2026,17:56:54,GMT,Morgan Hayes,GXC8V4X2Y8UG98MJF,,Website Payment,Completed,USD,24.99,-1.36,23.63,ORD-500135
06/07/2026,18:00:38,GMT,Riley Carter,ENBRCTKFW60HEXMZ7,,Website Payment,Completed,USD,24.99,-1.36,23.63,ORD-501175
06/07/2026,18:02:37,GMT,Sam Porter,9PFVSQBEM2383K26K,,Website Payment,Completed,USD,9.99,-0.84,9.15,ORD-501586
06/07/2026,18:10:09,GMT,Sam Porter,FMVTJ1JSYFVRSXM18,,Website Payment,Completed,USD,9.99,-0.84,9.15,ORD-501048
06/07/2026,18:23:46,GMT,Riley Carter,59PHCA8RGUXZWSMBN,,Website Payment,Completed,USD,59.99,-2.58,57.41,ORD-500926
06/07/2026,18:55:52,GMT,Jordan Lee,DU1BVAH3B38EKQSTX,,Website Payment,Completed,USD,9.99,-0.84,9.15,ORD-500972
06/07/2026,18:58:30,GMT,Riley Carter,XDMMCKHTNQWR8TYF8,,Website Payment,Completed,USD,9.99,-0.84,9.15,ORD-500322
06/07/2026,19:00:33,GMT,Sam Porter,SFXPQ6W4970PSCQ1Q,,Website Payment,Completed,USD,24.99,-1.36,23.63,ORD-501390
06/07/2026,19:04:12,GMT,Avery Collins,XT1FCLP1B3ZJAPHH3,,Website Payment,Completed,USD,9.99,-0.84,9.15,ORD-500478
06/07/2026,19:13:22,GMT,Jordan Lee,ELT1RK184MBANZ691,,Website Payment,Completed,USD,9.99,-0.84,9.15,ORD-500907
06/07/2026,19:19:58,GMT,Alex Morgan,8MJ0T5PP8DZQFYB9S,,Website Payment,Completed,USD,9.99,-0.84,9.15,ORD-501403
06/07/2026,19:19:59,GMT,Jamie Ross,NFQ5D8GH089RLUGM5,,Website Payment,Completed,USD,4.99,-0.66,4.33,ORD-501638
06/07/2026,19:33:44,GMT,Jordan Lee,YJPFZ1GKR9FCAU61K,,Website Payment,Completed,USD,4.99,-0.66,4.33,ORD-501640
06/07/2026,19:43:23,GMT,Riley Carter,R0S2ENA0EL3CYXGVE,,Website Payment,Completed,USD,59.99,-2.58,57.41,ORD-500593
06/08/2026,07:48:37,GMT,Jordan Lee,LM38H2UQ29BDRDDDA,,Website Payment,Completed,USD,4.99,-0.66,4.33,ORD-501939
06/08/2026,08:17:25,GMT,Taylor Brooks,ADKV6KH5Q2TMBRCF9,,Website Payment,Denied,USD,9.99,0.00,0.00,ORD-500743
06/08/2026,08:25:47,GMT,Avery Collins,T4TJUW9RQDBZZAWJ5,,Website Payment,Completed,USD,24.99,-1.36,23.63,ORD-501449
06/08/2026,08:27:05,GMT,Casey Nguyen,EKM5YYJSGZGD2NBQM,,Website Payment,Completed,USD,9.99,-0.84,9.15,ORD-501492
06/08/2026,08:51:28,GMT,Avery Collins,5XXDE96T0AZ8NJN1Q,,Website Payment,Completed,USD,9.99,-0.84,9.15,ORD-501215
06/08/2026,08:58:24,GMT,Morgan Hayes,02AJK8DEH662D0PRM,,Website Payment,Completed,USD,9.99,-0.84,9.15,ORD-500315
06/08/2026,09:01:23,GMT,Taylor Brooks,H7RU2YFGPJ80YDC7A,,Website Payment,Completed,USD,59.99,-2.58,57.41,ORD-500541
06/08/2026,09:02:07,GMT,Jordan Lee,BUL6UFK4WZA82ZCZF,,Website Payment,Completed,USD,9.99,-0.84,9.15,ORD-500429
06/08/2026,09:46:19,GMT,Casey Nguyen,HX92W72J2A3NHHXJG,,Website Payment,Completed,USD,9.99,-0.84,9.15,ORD-500374
06/08/2026,09:46:38,GMT,Avery Collins,PBHRYB71XNFBGDA3E,,Website Payment,Completed,USD,59.99,-2.58,57.41,ORD-500620
06/08/2026,09:47:24,GMT,Riley Carter,2HJURJE6T34NB0RLJ,,Website Payment,Completed,USD,9.99,-0.84,9.15,ORD-501196
06/08/2026,09:53:43,GMT,Sam Porter,CKHT7P68UKKRA1D2N,,Website Payment,Denied,USD,9.99,0.00,0.00,ORD-501460
06/08/2026,10:07:57,GMT,Alex Morgan,L6B7YUJZ0TFPHLFR9,,Website Payment,Completed,USD,9.99,-0.84,9.15,ORD-500535
06/08/2026,10:24:40,GMT,Morgan Hayes,VL60PFT5861XBR9DA,,Website Payment,Completed,USD,9.99,-0.84,9.15,ORD-501720
06/08/2026,10:27:39,GMT,Morgan Hayes,KNHF91QYZJHYBFRLY,,Website Payment,Completed,USD,9.99,-0.84,9.15,ORD-502032
06/08/2026,10:39:44,GMT,Jamie Ross,HDPNTGXSSX0LZ7H62,,Website Payment,Completed,USD,9.99,-0.84,9.15,ORD-500667
06/08/2026,10:44:37,GMT,Alex Morgan,ANQ6S64VZP7U2NXUE,,Website Payment,Completed,USD,24.99,-1.36,23.63,ORD-500967
06/08/2026,10:47:08,GMT,Taylor Brooks,1249RG3PZCCY12EJR,,Website Payment,Completed,USD,9.99,-0.84,9.15,ORD-500234
06/08/2026,10:56:26,GMT,Alex Morgan,M4ZJ6U1C1CK6WEFS8,,Website Payment,Completed,USD,9.99,-0.84,9.15,ORD-501265
06/08/2026,11:05:21,GMT,Morgan Hayes,06ZBHNF8BG8A1LFUQ,,Website Payment,Denied,USD,9.99,0.00,0.00,ORD-500157
06/08/2026,11:08:25,GMT,Taylor Brooks,MC7GVUCLD4CF5A78T,,Website Payment,Completed,USD,24.99,-1.36,23.63,ORD-501769
06/08/2026,11:09:00,GMT,Riley Carter,0XPPF1W639Z9XDZNU,,Website Payment,Completed,USD,9.99,-0.84,9.15,ORD-500908
06/08/2026,11:16:08,GMT,Jordan Lee,KA2AJHQJ2E8V508JD,,Website Payment,Completed,USD,9.99,-0.84,9.15,ORD-501551
06/08/2026,11:19:45,GMT,Morgan Hayes,1RLZUGRFMDDMQABEL,,Website Payment,Completed,USD,24.99,-1.36,23.63,ORD-501432
06/08/2026,11:32:43,GMT,Jordan Lee,DB3NFJX1VGRUMACVA,,Website Payment,Completed,USD,9.99,-0.84,9.15,ORD-500462
06/08/2026,11:41:32,GMT,Jamie Ross,1U18Z79780ZUBAL51,,Website Payment,Denied,USD,9.99,0.00,0.00,ORD-500997
06/08/2026,12:27:27,GMT,Alex Morgan,XEHB9VG1LZ5X719VM,,Website Payment,Completed,USD,24.99,-1.36,23.63,ORD-500724
06/08/2026,12:28:18,GMT,Alex Morgan,R8MCV0AKWR78X6HJN,,Website Payment,Completed,USD,9.99,-0.84,9.15,ORD-500704
06/08/2026,12:35:41,GMT,Riley Carter,S8LDT07JXQ1K2C1M5,,Website Payment,Completed,USD,9.99,-0.84,9.15,ORD-502009
06/08/2026,12:41:40,GMT,Taylor Brooks,408YA7ZRA38C1JEAG,,Website Payment,Completed,USD,9.99,-0.84,9.15,ORD-501699
06/08/2026,12:44:39,GMT,Taylor Brooks,A050HP9498PZX7A4J,,Website Payment,Completed,USD,9.99,-0.84,9.15,ORD-501534
06/08/2026,12:54:00,GMT,Casey Nguyen,JFMBKHD1PFYBLPLY7,,Website Payment,Completed,USD,9.99,-0.84,9.15,ORD-500649
06/08/2026,13:11:36,GMT,Drew Bennett,FBGAX3LMWUSRV81NZ,,Website Payment,Completed,USD,9.99,-0.84,9.15,ORD-500037
06/08/2026,13:15:28,GMT,Alex Morgan,BVRZE7DV9CK0SDBUV,,Website Payment,Completed,USD,9.99,-0.84,9.15,ORD-500902
06/08/2026,13:27:03,GMT,Morgan Hayes,5LTABF0MWVRPGGB9N,,Website Payment,Completed,USD,59.99,-2.58,57.41,ORD-501397
06/08/2026,13:29:01,GMT,Alex Morgan,MWSHBYQ9AG1BAGJT7,,Website Payment,Completed,USD,9.99,-0.84,9.15,ORD-501708
06/08/2026,13:31:16,GMT,Taylor Brooks,E4D7BTZ750DT4M122,,Website Payment,Completed,USD,24.99,-1.36,23.63,ORD-500748
06/08/2026,14:21:28,GMT,Drew Bennett,MAZL4XWJU6FM3YM0K,,Website Payment,Completed,USD,24.99,-1.36,23.63,ORD-501199
06/08/2026,14:27:04,GMT,Morgan Hayes,YYWXM7R8SU6FM0E7T,,Website Payment,Completed,USD,9.99,-0.84,9.15,ORD-501360
06/08/2026,14:29:15,GMT,Casey Nguyen,KH851G1N8M15L0RJY,,Website Payment,Completed,USD,9.99,-0.84,9.15,ORD-500141
06/08/2026,14:51:27,GMT,Sam Porter,M4RY04V2366LX5MJD,,Website Payment,Completed,USD,9.99,-0.84,9.15,ORD-501524
06/08/2026,14:54:49,GMT,Jamie Ross,NT8RG74K8BJWE0RLV,,Website Payment,Completed,USD,9.99,-0.84,9.15,ORD-500050
06/08/2026,14:57:19,GMT,Riley Carter,M5NP107QJGHDNHABA,,Website Payment,Completed,USD,24.99,-1.36,23.63,ORD-501394
06/08/2026,15:18:23,GMT,Casey Nguyen,48FYP7G2XSSU5GEDY,,Website Payment,Completed,USD,9.99,-0.84,9.15,ORD-500697
06/08/2026,15:24:33,GMT,Avery Collins,55HDTZTUCRYJZHRFV,,Website Payment,Completed,USD,9.99,-0.84,9.15,ORD-501346
06/08/2026,15:56:53,GMT,Alex Morgan,D6XA28234PTAFJLEV,,Website Payment,Completed,USD,59.99,-2.58,57.41,ORD-500388
06/08/2026,16:10:26,GMT,Drew Bennett,A24GGUCY17SY1RVU8,,Website Payment,Completed,USD,24.99,-1.36,23.63,ORD-500482
06/08/2026,16:31:00,GMT,Alex Morgan,0VTX5DQ6A5ANPERSX,,Website Payment,Completed,USD,9.99,-0.84,9.15,ORD-500001
06/08/2026,16:40:26,GMT,Morgan Hayes,HZXDT2QJW3FBNLNFG,,Website Payment,Completed,USD,24.99,-1.36,23.63,ORD-501671
06/08/2026,16:42:35,GMT,Morgan Hayes,M79JSZ32WFFDB6GST,,Website Payment,Completed,USD,24.99,-1.36,23.63,ORD-501056
06/08/2026,16:57:28,GMT,Sam Porter,2Q7YEXMYQ598M1KW0,,Website Payment,Completed,USD,24.99,-1.36,23.63,ORD-500451
06/08/2026,17:16:34,GMT,Sam Porter,8XC6VT628SD5H9EBB,,Website Payment,Completed,USD,24.99,-1.36,23.63,ORD-501572
06/08/2026,17:24:28,GMT,Casey Nguyen,UH9EG53F95WHUBLFH,,Website Payment,Completed,USD,9.99,-0.84,9.15,ORD-501357
06/08/2026,17:32:47,GMT,Jordan Lee,CQEG02J75429KYZA6,,Website Payment,Completed,USD,4.99,-0.66,4.33,ORD-501630
06/08/2026,17:48:16,GMT,Riley Carter,X7NXLDCKP9LBXZ1MZ,,Website Payment,Denied,USD,24.99,0.00,0.00,ORD-501381
06/08/2026,17:51:48,GMT,Taylor Brooks,6N8Q5MGFHHL76XHRP,,Website Payment,Completed,USD,4.99,-0.66,4.33,ORD-500071
06/08/2026,17:51:55,GMT,Jamie Ross,DTA3U0QPK46JL1S9N,,Website Payment,Completed,USD,24.99,-1.36,23.63,ORD-501647
06/08/2026,17:58:15,GMT,Taylor Brooks,B4DTTH35MV8LN1DK7,,Website Payment,Completed,USD,59.99,-2.58,57.41,ORD-500717
06/08/2026,18:36:15,GMT,Avery Collins,SK72PVXB4TXA3443H,,Website Payment,Completed,USD,9.99,-0.84,9.15,ORD-501924
06/08/2026,18:40:31,GMT,Jamie Ross,Z1ZKYNGH0WUHA5DB9,,Website Payment,Completed,USD,9.99,-0.84,9.15,ORD-501411
06/08/2026,18:49:34,GMT,Casey Nguyen,YBGNG3Y6J7DTK7KL3,,Website Payment,Completed,USD,9.99,-0.84,9.15,ORD-501142
06/08/2026,19:02:43,GMT,Jamie Ross,QCXYCEF06ZSGJBECY,,Website Payment,Denied,USD,9.99,0.00,0.00,ORD-500136
06/08/2026,19:03:16,GMT,Jamie Ross,QVNFE1BUFBP3C93ET,,Website Payment,Completed,USD,24.99,-1.36,23.63,ORD-501529
06/08/2026,19:19:17,GMT,Jordan Lee,FF2YSVX389LTD5USE,,Website Payment,Completed,USD,59.99,-2.58,57.41,ORD-501983
06/08/2026,19:20:41,GMT,Sam Porter,HUMZ2JMW7NN5E5UK0,,Website Payment,Completed,USD,9.99,-0.84,9.15,ORD-501322
06/08/2026,19:55:08,GMT,Casey Nguyen,83H8W71WWRX7W0UWB,,Website Payment,Completed,USD,59.99,-2.58,57.41,ORD-501965
06/08/2026,20:06:10,GMT,Casey Nguyen,F5D3S7A5EWD1BJ760,,Website Payment,Completed,USD,9.99,-0.84,9.15,ORD-500965
06/08/2026,20:10:30,GMT,Taylor Brooks,CKZ21CF6SHRWE8S9J,,Website Payment,Completed,USD,24.99,-1.36,23.63,ORD-500753
06/08/2026,20:22:09,GMT,Avery Collins,UL6Q44UKSHJ4LZENJ,,Website Payment,Completed,USD,24.99,-1.36,23.63,ORD-500030
06/09/2026,08:03:19,GMT,Riley Carter,S66DT6VF57V9SWGRS,,Website Payment,Completed,USD,9.99,-0.84,9.15,ORD-500177
06/09/2026,08:07:47,GMT,Alex Morgan,UP31L1Y6MXUU66ZCU,,Website Payment,Completed,USD,9.99,-0.84,9.15,ORD-500895
06/09/2026,08:27:12,GMT,Jamie Ross,XRVP632MQZGRBXX1R,,Website Payment,Completed,USD,9.99,-0.84,9.15,ORD-500764
06/09/2026,09:20:20,GMT,Alex Morgan,CCJDP3NM5DEMF9CS3,,Website Payment,Completed,USD,24.99,-1.36,23.63,ORD-500985
06/09/2026,09:21:28,GMT,Riley Carter,TKWQMD1W2CN9W3BM5,,Website Payment,Completed,USD,59.99,-2.58,57.41,ORD-501738
06/09/2026,09:27:12,GMT,Taylor Brooks,D5MA7CGC6S0QWRZZA,,Website Payment,Completed,USD,9.99,-0.84,9.15,ORD-501158
06/09/2026,09:48:46,GMT,Avery Collins,301SMFSULJNQJ28MV,,Website Payment,Completed,USD,59.99,-2.58,57.41,ORD-500798
06/09/2026,10:00:57,GMT,Riley Carter,ZNEJEY6RTJQPSUUZH,,Website Payment,Completed,USD,9.99,-0.84,9.15,ORD-500883
06/09/2026,10:13:01,GMT,Drew Bennett,LCM96ADUSE9J3PL8Q,,Website Payment,Completed,USD,24.99,-1.36,23.63,ORD-501867
06/09/2026,10:15:26,GMT,Drew Bennett,JL1DY380XQL2QKVXE,,Website Payment,Completed,USD,9.99,-0.84,9.15,ORD-500487
06/09/2026,10:24:52,GMT,Alex Morgan,U5UCKL8N91X2EFN3T,,Website Payment,Completed,USD,24.99,-1.36,23.63,ORD-501041
06/09/2026,10:41:55,GMT,Taylor Brooks,AH9L7SHK1K6NAYZRD,,Website Payment,Completed,USD,9.99,-0.84,9.15,ORD-501233
06/09/2026,10:42:49,GMT,Morgan Hayes,CVATFCU5QKN7NBDST,,Website Payment,Completed,USD,9.99,-0.84,9.15,ORD-501816
06/09/2026,10:46:38,GMT,Jordan Lee,7R97W4BS9Y5CP6TB9,,Website Payment,Completed,USD,24.99,-1.36,23.63,ORD-501994
06/09/2026,10:58:14,GMT,Taylor Brooks,294ZVGDSEK6RNWGMJ,,Website Payment,Completed,USD,9.99,-0.84,9.15,ORD-501281
06/09/2026,10:59:50,GMT,Taylor Brooks,SFE7D0YMX74QBH3DX,,Website Payment,Completed,USD,24.99,-1.36,23.63,ORD-500862
06/09/2026,11:12:38,GMT,Jordan Lee,70URL2WC2E7AXZW8E,,Website Payment,Completed,USD,9.99,-0.84,9.15,ORD-501881
06/09/2026,11:14:27,GMT,Avery Collins,9SD6T0D19D936Y7DQ,,Website Payment,Completed,USD,9.99,-0.84,9.15,ORD-500348
06/09/2026,11:23:05,GMT,Jamie Ross,9YP6FBVTVGSANLX9U,,Website Payment,Completed,USD,4.99,-0.66,4.33,ORD-500409
06/09/2026,11:33:29,GMT,Morgan Hayes,LEA53JFY9FWUMLXR6,,Website Payment,Completed,USD,9.99,-0.84,9.15,ORD-501934
06/09/2026,11:48:27,GMT,Taylor Brooks,98YFFTRD7TBBQ8YYL,,Website Payment,Denied,USD,24.99,0.00,0.00,ORD-500962
06/09/2026,11:55:48,GMT,Jordan Lee,7XDX5UAYNTEQWTG8G,,Website Payment,Completed,USD,9.99,-0.84,9.15,ORD-500441
06/09/2026,12:04:29,GMT,Sam Porter,1SUNRAUZFB6GTEWQQ,,Website Payment,Completed,USD,9.99,-0.84,9.15,ORD-500289
06/09/2026,12:12:38,GMT,Casey Nguyen,9V3SEHEMEX1V8D3R2,,Website Payment,Completed,USD,9.99,-0.84,9.15,ORD-501341
06/09/2026,12:23:41,GMT,Casey Nguyen,AK761FGN59UTBCBZZ,,Website Payment,Completed,USD,4.99,-0.66,4.33,ORD-501736
06/09/2026,12:24:47,GMT,Taylor Brooks,JCUPBZF73YTDHP6EB,,Website Payment,Completed,USD,9.99,-0.84,9.15,ORD-500955
06/09/2026,12:34:23,GMT,Sam Porter,CU37LCMU1DUX162BQ,,Website Payment,Completed,USD,24.99,-1.36,23.63,ORD-500431
06/09/2026,12:35:25,GMT,Alex Morgan,9ZQYU5JRY14PDLGN5,,Website Payment,Completed,USD,24.99,-1.36,23.63,ORD-500073
06/09/2026,12:46:59,GMT,Casey Nguyen,1DSU9NFWUZLQC1NF2,,Website Payment,Completed,USD,9.99,-0.84,9.15,ORD-500081
06/09/2026,12:52:37,GMT,Taylor Brooks,BZXPTYMAJ56NDEUPF,,Website Payment,Completed,USD,59.99,-2.58,57.41,ORD-501325
06/09/2026,12:54:12,GMT,Avery Collins,19FQLGHQ5DRSE9VBF,,Website Payment,Completed,USD,9.99,-0.84,9.15,ORD-501176
06/09/2026,13:04:59,GMT,Jamie Ross,ZN33Y0A8GCAW7QGU8,042FHU6KGTXZR503N,Refund,Refunded,USD,-5.00,0.00,-5.00,ORD-500363
06/09/2026,13:13:37,GMT,Casey Nguyen,8FTR3WW7JBSG5Q24X,,Website Payment,Completed,USD,4.99,-0.66,4.33,ORD-500317
06/09/2026,13:14:41,GMT,Morgan Hayes,V1FB92BLV662PFU7X,,Website Payment,Completed,USD,59.99,-2.58,57.41,ORD-501179
06/09/2026,13:32:46,GMT,Taylor Brooks,0Z1BAXVRSBA4FU2XJ,,Website Payment,Completed,USD,24.99,-1.36,23.63,ORD-500072
06/09/2026,13:33:42,GMT,Riley Carter,G78XUT0DM8YLR1T8A,,Website Payment,Completed,USD,24.99,-1.36,23.63,ORD-501007
06/09/2026,13:41:53,GMT,Alex Morgan,NQL4M8JS5GY5BCAQ7,,Website Payment,Completed,USD,9.99,-0.84,9.15,ORD-501599
06/09/2026,13:45:39,GMT,Drew Bennett,QQ7U48KDSK1GBAVCZ,,Website Payment,Completed,USD,9.99,-0.84,9.15,ORD-500287
06/09/2026,14:19:10,GMT,Avery Collins,87ELLRHDC8VMR6RFL,,Website Payment,Completed,USD,9.99,-0.84,9.15,ORD-501521
06/09/2026,14:53:39,GMT,Riley Carter,4PNZMW68XXWE666HV,,Website Payment,Completed,USD,9.99,-0.84,9.15,ORD-500342
06/09/2026,15:00:40,GMT,Alex Morgan,3E6PVXX6SU2QZWWED,,Website Payment,Completed,USD,9.99,-0.84,9.15,ORD-500142
06/09/2026,15:07:38,GMT,Avery Collins,4HPDQWWJQ2QV5CRR9,,Website Payment,Completed,USD,4.99,-0.66,4.33,ORD-501645
06/09/2026,15:20:08,GMT,Jordan Lee,MV8GNYCSH4K2W22KY,,Website Payment,Completed,USD,24.99,-1.36,23.63,ORD-501363
06/09/2026,15:58:23,GMT,Alex Morgan,K2GBY8NGU35R6VMKZ,,Website Payment,Completed,USD,9.99,-0.84,9.15,ORD-501008
06/09/2026,16:03:49,GMT,Avery Collins,TANPCUGDDNZPA0JE7,,Website Payment,Completed,USD,9.99,-0.84,9.15,ORD-500396
06/09/2026,16:23:18,GMT,Taylor Brooks,X4Y5FT0PMKRS6LLPW,,Website Payment,Completed,USD,9.99,-0.84,9.15,ORD-501495
06/09/2026,17:18:31,GMT,Alex Morgan,GZ0YLU46VLMKKCV7M,,Website Payment,Completed,USD,9.99,-0.84,9.15,ORD-500494
06/09/2026,17:23:48,GMT,Riley Carter,76Q5P3YNQ539HFA5B,QZR1ET3QMW6JLLY34,Refund,Refunded,USD,-9.99,0.00,-9.99,ORD-500583
06/09/2026,17:29:02,GMT,Drew Bennett,91QC2BF7Z7KWACHJJ,,Website Payment,Completed,USD,9.99,-0.84,9.15,ORD-501506
06/09/2026,17:40:45,GMT,Taylor Brooks,QVB1PZRY7Z379TMV5,,Website Payment,Completed,USD,9.99,-0.84,9.15,ORD-500909
06/09/2026,17:45:49,GMT,Jordan Lee,TRV8Z2QYARBGRXBEN,,Website Payment,Completed,USD,9.99,-0.84,9.15,ORD-501568
06/09/2026,17:52:02,GMT,Sam Porter,5A59PYA37J2BB4BYS,,Website Payment,Completed,USD,24.99,-1.36,23.63,ORD-500980
06/09/2026,18:05:19,GMT,Avery Collins,CVQUTPGGWLCTXBUZ3,,Website Payment,Denied,USD,9.99,0.00,0.00,ORD-501915
06/09/2026,18:25:32,GMT,Casey Nguyen,HUW1QSWRKJPPA5B3U,,Website Payment,Completed,USD,24.99,-1.36,23.63,ORD-501473
06/09/2026,18:32:14,GMT,Drew Bennett,E5GCK9EPWNAPPVFS1,,Website Payment,Completed,USD,9.99,-0.84,9.15,ORD-500098
06/09/2026,18:37:31,GMT,Morgan Hayes,N3CXFLXUKVN3USYQP,,Website Payment,Completed,USD,9.99,-0.84,9.15,ORD-501860
06/09/2026,18:41:42,GMT,Avery Collins,DGSQDFL5SU6D27B27,,Website Payment,Completed,USD,9.99,-0.84,9.15,ORD-501197
06/09/2026,18:45:02,GMT,Jamie Ross,G1S226CMWQP0XLLRG,,Website Payment,Completed,USD,9.99,-0.84,9.15,ORD-501964
06/09/2026,18:54:48,GMT,Alex Morgan,5LV5U517T0V48TX7M,,Website Payment,Denied,USD,9.99,0.00,0.00,ORD-500007
06/09/2026,18:58:03,GMT,Alex Morgan,FXQTXDNVLF3DKR1NQ,,Website Payment,Completed,USD,4.99,-0.66,4.33,ORD-501198
06/09/2026,19:01:46,GMT,Jamie Ross,ZPX7SYL6Q2TCF3MYN,,Website Payment,Completed,USD,59.99,-2.58,57.41,ORD-500628
06/09/2026,19:13:50,GMT,Casey Nguyen,RKFTN0RMCYXJ6WMSC,,Website Payment,Completed,USD,9.99,-0.84,9.15,ORD-500065
06/09/2026,19:21:08,GMT,Avery Collins,GVK0AVRKU4ZV6GNFN,,Website Payment,Completed,USD,24.99,-1.36,23.63,ORD-501418
06/09/2026,19:22:10,GMT,Taylor Brooks,PG53VZ4F421DD2WQ6,,Website Payment,Completed,USD,9.99,-0.84,9.15,ORD-501741
06/09/2026,19:24:52,GMT,Morgan Hayes,S5EMMN59Q48SMSFEK,,Website Payment,Completed,USD,24.99,-1.36,23.63,ORD-500346
06/09/2026,19:33:55,GMT,Morgan Hayes,GN9632M9MKNKQQ67M,,Website Payment,Completed,USD,9.99,-0.84,9.15,ORD-501587
06/10/2026,07:27:27,GMT,Casey Nguyen,83988N59KSP4GMYFE,,Website Payment,Completed,USD,24.99,-1.36,23.63,ORD-500087
06/10/2026,07:49:29,GMT,Taylor Brooks,3YM0YXA73BA6FFRGN,,Website Payment,Completed,USD,9.99,-0.84,9.15,ORD-500378
06/10/2026,08:39:26,GMT,Morgan Hayes,3306T3Z3EPZWJNC1K,,Website Payment,Completed,USD,9.99,-0.84,9.15,ORD-500211
06/10/2026,08:50:47,GMT,Jordan Lee,BYMSKG55XDEYUL4H4,,Website Payment,Completed,USD,59.99,-2.58,57.41,ORD-501783
06/10/2026,08:57:19,GMT,Riley Carter,6WBXJ0NSZALX9YU3L,,Website Payment,Completed,USD,9.99,-0.84,9.15,ORD-501759
06/10/2026,09:09:46,GMT,Avery Collins,VDP9KTDRU40U4QDY2,,Website Payment,Completed,USD,9.99,-0.84,9.15,ORD-500337
06/10/2026,09:39:07,GMT,Morgan Hayes,PS1VLB2HW39NB0C32,,Website Payment,Completed,USD,24.99,-1.36,23.63,ORD-501648
06/10/2026,09:59:10,GMT,Riley Carter,4LU6CXXKFMNMEJYW2,,Website Payment,Completed,USD,59.99,-2.58,57.41,ORD-501336
06/10/2026,10:05:39,GMT,Alex Morgan,DXYW01T47BZTD92PX,,Website Payment,Completed,USD,24.99,-1.36,23.63,ORD-501516
06/10/2026,10:20:54,GMT,Taylor Brooks,JHSD7REYFL8HV13QS,,Website Payment,Completed,USD,59.99,-2.58,57.41,ORD-500425
06/10/2026,10:34:27,GMT,Sam Porter,6N8SW91BMSCD02K0A,,Website Payment,Completed,USD,9.99,-0.84,9.15,ORD-500116
06/10/2026,10:37:51,GMT,Avery Collins,SMAT64PYA6S9YJDPH,,Website Payment,Completed,USD,9.99,-0.84,9.15,ORD-501490
06/10/2026,10:38:26,GMT,Jamie Ross,VUM3LQ689G6955JT4,,Website Payment,Completed,USD,4.99,-0.66,4.33,ORD-501953
06/10/2026,11:01:44,GMT,Avery Collins,0PHX87W34SM1DBR27,,Website Payment,Completed,USD,24.99,-1.36,23.63,ORD-500484
06/10/2026,11:06:30,GMT,Alex Morgan,U2BR3KKJU48V5U6Z8,,Website Payment,Completed,USD,24.99,-1.36,23.63,ORD-500128
06/10/2026,11:08:34,GMT,Riley Carter,XUF8XGHQRQXQ35USZ,,Website Payment,Completed,USD,4.99,-0.66,4.33,ORD-501126
06/10/2026,11:35:17,GMT,Jordan Lee,LMETWBMRG37LQ3UFE,,Website Payment,Denied,USD,9.99,0.00,0.00,ORD-501583
06/10/2026,11:38:45,GMT,Jamie Ross,J8DTBENJZCWCRWEMD,,Website Payment,Completed,USD,24.99,-1.36,23.63,ORD-500931
06/10/2026,11:39:00,GMT,Morgan Hayes,CY9UGPQGNPSRKCR7J,,Website Payment,Completed,USD,59.99,-2.58,57.41,ORD-500575
06/10/2026,11:39:03,GMT,Riley Carter,JJ2PN1U3ZJ8CE2CP3,,Website Payment,Completed,USD,9.99,-0.84,9.15,ORD-500551
06/10/2026,11:47:28,GMT,Alex Morgan,WQU0C150QVJJE0KLN,,Website Payment,Denied,USD,9.99,0.00,0.00,ORD-500668
06/10/2026,11:48:00,GMT,Riley Carter,XY6E33NLFWUH6EDDN,,Website Payment,Completed,USD,9.99,-0.84,9.15,ORD-500957
06/10/2026,11:53:31,GMT,Avery Collins,GA9Y9NZY6HLY9W2CP,,Website Payment,Completed,USD,9.99,-0.84,9.15,ORD-500586
06/10/2026,11:55:05,GMT,Taylor Brooks,R6R5YTQAXV2GNBYVG,,Website Payment,Completed,USD,9.99,-0.84,9.15,ORD-501947
06/10/2026,11:59:17,GMT,Drew Bennett,19SRF1YW3X8XGXR0Z,,Website Payment,Completed,USD,9.99,-0.84,9.15,ORD-501324
06/10/2026,12:07:04,GMT,Riley Carter,GP7G37C4HWLV1ZEAA,,Website Payment,Completed,USD,24.99,-1.36,23.63,ORD-500246
06/10/2026,12:10:18,GMT,Avery Collins,1076WMFPDFJLMEE0V,,Website Payment,Completed,USD,59.99,-2.58,57.41,ORD-500786
06/10/2026,12:15:28,GMT,Sam Porter,HE5A3LUUCBCAX7UWV,,Website Payment,Completed,USD,9.99,-0.84,9.15,ORD-500127
06/10/2026,12:25:02,GMT,Alex Morgan,MYNR9QVEJPCVCMD37,,Website Payment,Completed,USD,9.99,-0.84,9.15,ORD-501366
06/10/2026,12:37:24,GMT,Alex Morgan,6GH3WY1256N29NZ31,,Website Payment,Completed,USD,4.99,-0.66,4.33,ORD-501307
06/10/2026,12:39:06,GMT,Riley Carter,D0U19NYSD8G276YSP,,Website Payment,Completed,USD,59.99,-2.58,57.41,ORD-500251
06/10/2026,12:44:16,GMT,Jamie Ross,WTGR2RGS9EFQ7589N,,Website Payment,Completed,USD,59.99,-2.58,57.41,ORD-501879
06/10/2026,12:52:51,GMT,Riley Carter,6491BK8KREYQ1EQ8K,,Website Payment,Completed,USD,4.99,-0.66,4.33,ORD-501038
06/10/2026,13:43:49,GMT,Riley Carter,HS01A2TW097PS241P,,Website Payment,Completed,USD,9.99,-0.84,9.15,ORD-500094
06/10/2026,14:20:31,GMT,Morgan Hayes,RW0F7DWAJ2CFJF5TD,,Website Payment,Denied,USD,24.99,0.00,0.00,ORD-500105
06/10/2026,14:21:23,GMT,Sam Porter,SS0U4N91MBZYMWVN7,,Website Payment,Completed,USD,9.99,-0.84,9.15,ORD-500399
06/10/2026,14:24:14,GMT,Casey Nguyen,A0L2ZMXFTFL0C8FE8,E5GCK9EPWNAPPVFS1,Refund,Refunded,USD,-5.00,0.00,-5.00,ORD-500098
06/10/2026,14:43:48,GMT,Alex Morgan,M41QA5C2JSC96GPKZ,,Website Payment,Completed,USD,9.99,-0.84,9.15,ORD-500172
06/10/2026,14:49:11,GMT,Jamie Ross,DQCCLU3XUKAQXUTEK,,Website Payment,Completed,USD,9.99,-0.84,9.15,ORD-500183
06/10/2026,14:51:03,GMT,Morgan Hayes,CPWF3MP34MAKYEZVU,,Website Payment,Completed,USD,9.99,-0.84,9.15,ORD-500146
06/10/2026,15:00:21,GMT,Avery Collins,AURD7ZRD14KX9STRM,,Website Payment,Completed,USD,59.99,-2.58,57.41,ORD-500688
06/10/2026,15:03:46,GMT,Casey Nguyen,WMWDYSRA52AQ6HRUY,,Website Payment,Completed,USD,9.99,-0.84,9.15,ORD-501576
06/10/2026,15:13:55,GMT,Taylor Brooks,E9QTF36G5WB146BD0,,Website Payment,Completed,USD,24.99,-1.36,23.63,ORD-500440
06/10/2026,15:32:27,GMT,Jamie Ross,A5J4E6WMTS69TG87A,,Website Payment,Completed,USD,4.99,-0.66,4.33,ORD-501298
06/10/2026,15:38:10,GMT,Jamie Ross,A5LE7QW3R1B0ZJFSB,,Website Payment,Completed,USD,59.99,-2.58,57.41,ORD-500299
06/10/2026,15:44:34,GMT,Riley Carter,SL5TEXCP9YDVDTB4W,,Website Payment,Denied,USD,4.99,0.00,0.00,ORD-500956
06/10/2026,15:45:10,GMT,Sam Porter,HHUNE50A759BEVJYF,,Website Payment,Completed,USD,9.99,-0.84,9.15,ORD-501025
06/10/2026,15:47:16,GMT,Jamie Ross,0HB6LUVGED2K4VP5U,,Website Payment,Completed,USD,24.99,-1.36,23.63,ORD-500631
06/10/2026,15:49:10,GMT,Sam Porter,G3PGCWYZ65JGLP013,,Website Payment,Completed,USD,9.99,-0.84,9.15,ORD-501716
06/10/2026,16:10:40,GMT,Avery Collins,BML85UQV82ELSH53H,,Website Payment,Completed,USD,9.99,-0.84,9.15,ORD-501992
06/10/2026,16:12:53,GMT,Alex Morgan,Q4D3ATKYRA43FB8UY,,Website Payment,Completed,USD,9.99,-0.84,9.15,ORD-500672
06/10/2026,16:14:17,GMT,Sam Porter,BEAX9RJ4FQ8DW3CYQ,,Website Payment,Completed,USD,59.99,-2.58,57.41,ORD-500589
06/10/2026,16:14:57,GMT,Taylor Brooks,Y1M0SR9RQ7DZHAGMC,,Website Payment,Completed,USD,9.99,-0.84,9.15,ORD-501981
06/10/2026,16:21:58,GMT,Drew Bennett,BW2QFED81HK7FU6U1,,Website Payment,Completed,USD,9.99,-0.84,9.15,ORD-501967
06/10/2026,16:54:21,GMT,Jordan Lee,8FN16UT3CG5H4CTBK,,Website Payment,Completed,USD,9.99,-0.84,9.15,ORD-501935
06/10/2026,16:55:47,GMT,Jamie Ross,T5XBPE9G8QRF0LUYX,,Website Payment,Completed,USD,9.99,-0.84,9.15,ORD-501581
06/10/2026,16:56:28,GMT,Drew Bennett,0AVJN0YHCX5N5FN1F,,Website Payment,Completed,USD,59.99,-2.58,57.41,ORD-500174
06/10/2026,17:02:05,GMT,Morgan Hayes,Q9DA059LP2R61LK4A,,Website Payment,Completed,USD,9.99,-0.84,9.15,ORD-500946
06/10/2026,17:16:03,GMT,Jamie Ross,2ZP2LH01JKDRE9BYY,,Website Payment,Completed,USD,24.99,-1.36,23.63,ORD-501878
06/10/2026,17:21:37,GMT,Jordan Lee,H2C1QW70D65XZB71A,,Website Payment,Completed,USD,24.99,-1.36,23.63,ORD-500546
06/10/2026,17:22:56,GMT,Riley Carter,27MLZ3P9E0EKYQ5J8,,Website Payment,Completed,USD,24.99,-1.36,23.63,ORD-501906
06/10/2026,17:23:51,GMT,Morgan Hayes,8VG14CP26KCDE7R3H,QEDF89XL8SVS5XUGG,Refund,Refunded,USD,-9.99,0.00,-9.99,ORD-500866
06/10/2026,17:26:23,GMT,Sam Porter,BL3NEMXSMJVWDQ0UJ,,Website Payment,Completed,USD,24.99,-1.36,23.63,ORD-500336
06/10/2026,17:33:26,GMT,Avery Collins,WGSPUBCJN9V457PTU,,Website Payment,Completed,USD,59.99,-2.58,57.41,ORD-500765
06/10/2026,17:39:40,GMT,Jordan Lee,93E0YC0H5R30EPQLT,,Website Payment,Completed,USD,9.99,-0.84,9.15,ORD-501401
06/10/2026,18:03:00,GMT,Taylor Brooks,G5MEGH7QX3Y01SE91,,Website Payment,Completed,USD,24.99,-1.36,23.63,ORD-500254
06/10/2026,18:33:57,GMT,Taylor Brooks,SC24U5AHG09WE1XB3,,Website Payment,Completed,USD,9.99,-0.84,9.15,ORD-500636
06/10/2026,18:38:41,GMT,Drew Bennett,NW6YRY4KMQJ13GJG7,,Website Payment,Completed,USD,9.99,-0.84,9.15,ORD-500163
06/10/2026,18:42:27,GMT,Morgan Hayes,GGEHGWDCGEQQY3P07,,Website Payment,Denied,USD,9.99,0.00,0.00,ORD-501571
06/10/2026,18:45:16,GMT,Drew Bennett,TTEES13HZB65M5CN6,,Website Payment,Completed,USD,24.99,-1.36,23.63,ORD-501379
06/10/2026,18:49:29,GMT,Riley Carter,PXU6YZUX9KV9KLNF7,,Website Payment,Completed,USD,4.99,-0.66,4.33,ORD-500676
06/10/2026,18:58:08,GMT,Casey Nguyen,AC72YTK3KWRLZYE8D,,Website Payment,Completed,USD,4.99,-0.66,4.33,ORD-501560
06/10/2026,18:58:39,GMT,Drew Bennett,K8N2Z9D6ABHD5L8KJ,,Website Payment,Completed,USD,9.99,-0.84,9.15,ORD-501135
06/10/2026,19:02:55,GMT,Drew Bennett,T2CZ2KV986S5AJHAP,,Website Payment,Completed,USD,9.99,-0.84,9.15,ORD-501331
06/10/2026,19:08:13,GMT,Avery Collins,13MC5H7Q546A4WG60,,Website Payment,Denied,USD,9.99,0.00,0.00,ORD-500714
06/10/2026,19:09:28,GMT,Jamie Ross,QYPRF9ELKLG1K2177,,Website Payment,Completed,USD,9.99,-0.84,9.15,ORD-500678
06/10/2026,19:20:42,GMT,Alex Morgan,BTFSA2MJEW6NMQZ29,,Website Payment,Completed,USD,24.99,-1.36,23.63,ORD-500658
06/10/2026,19:25:16,GMT,Taylor Brooks,QDLLBR0YAVCCAZH0D,,Website Payment,Completed,USD,24.99,-1.36,23.63,ORD-501426
06/10/2026,19:28:09,GMT,Alex Morgan,VW20PE29U0X8S1VX7,,Website Payment,Completed,USD,59.99,-2.58,57.41,ORD-501053
06/10/2026,19:44:45,GMT,Casey Nguyen,ECC9ZF7NCLZKSPHEE,,Website Payment,Completed,USD,4.99,-0.66,4.33,ORD-500459
06/10/2026,19:50:37,GMT,Avery Collins,XQETCUPDCV642D642,,Website Payment,Completed,USD,24.99,-1.36,23.63,ORD-500699
06/11/2026,07:34:30,GMT,Taylor Brooks,6VFQ79TGLS11U7TRS,,Website Payment,Completed,USD,24.99,-1.36,23.63,ORD-500528
06/11/2026,08:01:32,GMT,Alex Morgan,DGQ4LMYHJMC7061NU,,Website Payment,Completed,USD,9.99,-0.84,9.15,ORD-500671
06/11/2026,08:30:40,GMT,Taylor Brooks,MGQDYASYXAMBM3NG7,,Website Payment,Completed,USD,4.99,-0.66,4.33,ORD-500530
06/11/2026,08:35:21,GMT,Sam Porter,2BB3VYPHD67LL3SHZ,,Website Payment,Completed,USD,9.99,-0.84,9.15,ORD-501543
06/11/2026,08:40:52,GMT,Alex Morgan,ZSK9W73M7ADASKXL3,,Website Payment,Completed,USD,4.99,-0.66,4.33,ORD-500940
06/11/2026,08:43:51,GMT,Riley Carter,0ZXFRK4S1LBGHGKM3,,Website Payment,Completed,USD,9.99,-0.84,9.15,ORD-500679
06/11/2026,08:44:31,GMT,Riley Carter,JYMA6UDANGWT360KY,,Website Payment,Completed,USD,24.99,-1.36,23.63,ORD-501344
06/11/2026,09:33:46,GMT,Morgan Hayes,730PSK94Y81GP2PTE,,Website Payment,Denied,USD,4.99,0.00,0.00,ORD-500107
06/11/2026,10:09:44,GMT,Drew Bennett,ZEWY2TNX994QFXBL0,,Website Payment,Completed,USD,9.99,-0.84,9.15,ORD-501812
06/11/2026,10:11:12,GMT,Sam Porter,URQYQGKGU0FZ8QTPN,,Website Payment,Denied,USD,9.99,0.00,0.00,ORD-501089
06/11/2026,10:11:40,GMT,Jamie Ross,PDVYZD6GBB9VGZ6DP,,Website Payment,Completed,USD,9.99,-0.84,9.15,ORD-501745
06/11/2026,10:33:16,GMT,Jordan Lee,9NRM15SYZ1GZCE8QK,,Website Payment,Completed,USD,9.99,-0.84,9.15,ORD-501438
06/11/2026,10:52:44,GMT,Jordan Lee,T2BPQXD646H0HJBL3,,Website Payment,Completed,USD,9.99,-0.84,9.15,ORD-500611
06/11/2026,11:17:21,GMT,Morgan Hayes,7GMBKCMYVVWXD6PG2,,Website Payment,Completed,USD,9.99,-0.84,9.15,ORD-500303
06/11/2026,11:25:11,GMT,Drew Bennett,AZ6JXJP0B2JUZ56C4,,Website Payment,Completed,USD,24.99,-1.36,23.63,ORD-501757
06/11/2026,11:40:27,GMT,Morgan Hayes,Y9B0EELS7HCNXV4X5,,Website Payment,Completed,USD,59.99,-2.58,57.41,ORD-500296
06/11/2026,11:43:28,GMT,Alex Morgan,K6944BP53H3KVWJPB,,Website Payment,Completed,USD,9.99,-0.84,9.15,ORD-501033
06/11/2026,11:43:29,GMT,Alex Morgan,NYRXFV0C0T8GZLT7C,,Website Payment,Completed,USD,24.99,-1.36,23.63,ORD-501510
06/11/2026,11:43:37,GMT,Riley Carter,MEUCDSM5ST230JYMF,,Website Payment,Completed,USD,9.99,-0.84,9.15,ORD-501866
06/11/2026,11:51:00,GMT,Jamie Ross,DAB2MG8NSYNB3UXDY,,Website Payment,Completed,USD,9.99,-0.84,9.15,ORD-507809
06/11/2026,11:51:00,GMT,Jamie Ross,DAB2MG8NSYNB3UXDY,,Website Payment,Completed,USD,9.99,-0.84,9.15,ORD-507809
06/11/2026,11:54:42,GMT,Jamie Ross,MRAW9PLWVWW2ZKVYD,,Website Payment,Completed,USD,9.99,-0.84,9.15,ORD-500129
06/11/2026,12:12:43,GMT,Riley Carter,B3Z01R80YLW68B0NG,,Website Payment,Completed,USD,9.99,-0.84,9.15,ORD-500175
06/11/2026,12:20:51,GMT,Taylor Brooks,E600GY2UD2EPYNH0T,,Website Payment,Completed,USD,24.99,-1.36,23.63,ORD-500754
06/11/2026,12:27:00,GMT,Riley Carter,N39PPWDH7V78ZA4S8,,Website Payment,Completed,USD,59.99,-2.58,57.41,ORD-500542
06/11/2026,12:29:47,GMT,Casey Nguyen,5EKKUFXKA791988KV,,Website Payment,Completed,USD,9.99,-0.84,9.15,ORD-500327
06/11/2026,12:44:29,GMT,Sam Porter,GLYYS6ELEYC7B7H5V,,Website Payment,Completed,USD,59.99,-2.58,57.41,ORD-501989
06/11/2026,12:56:56,GMT,Drew Bennett,UFGVPMG1LT6UDUGQC,,Website Payment,Completed,USD,9.99,-0.84,9.15,ORD-501683
06/11/2026,12:59:25,GMT,Jordan Lee,VMGQ4FHN2SVZDCYSH,,Website Payment,Completed,USD,59.99,-2.58,57.41,ORD-500473
06/11/2026,13:11:43,GMT,Taylor Brooks,SF71L3KD6MP7K8HMQ,,Website Payment,Completed,USD,9.99,-0.84,9.15,ORD-501172
06/11/2026,13:14:01,GMT,Casey Nguyen,S9K3NLZNFPAGKAZX7,,Website Payment,Completed,USD,9.99,-0.84,9.15,ORD-500567
06/11/2026,13:43:36,GMT,Casey Nguyen,92T4PBYQWP36S3FWP,,Website Payment,Completed,USD,59.99,-2.58,57.41,ORD-501276
06/11/2026,13:47:03,GMT,Sam Porter,L7WWHTFR7X0KAZ9YF,,Website Payment,Completed,USD,4.99,-0.66,4.33,ORD-500370
06/11/2026,13:47:17,GMT,Riley Carter,8NE65VSSB3V6V2LMV,,Website Payment,Completed,USD,9.99,-0.84,9.15,ORD-502033
06/11/2026,13:49:45,GMT,Alex Morgan,7CK3HD27QNVTHE3UC,,Website Payment,Completed,USD,9.99,-0.84,9.15,ORD-501447
06/11/2026,14:04:17,GMT,Taylor Brooks,JFKXQ4NML6EEXS2S1,,Website Payment,Completed,USD,9.99,-0.84,9.15,ORD-500630
06/11/2026,14:15:18,GMT,Taylor Brooks,C0361VYXS79YA1TJ2,,Website Payment,Completed,USD,24.99,-1.36,23.63,ORD-501448
06/11/2026,14:19:01,GMT,Casey Nguyen,1UDQFPBXZ1UXZVZF8,,Website Payment,Completed,USD,24.99,-1.36,23.63,ORD-502045
06/11/2026,14:28:59,GMT,Riley Carter,NAC8WFV74NN089AF4,,Website Payment,Completed,USD,24.99,-1.36,23.63,ORD-500698
06/11/2026,14:42:39,GMT,Taylor Brooks,ZNZC5QXK3607RVMTN,,Website Payment,Completed,USD,59.99,-2.58,57.41,ORD-501100
06/11/2026,14:58:12,GMT,Morgan Hayes,WCUV1UBQY5AVVVV7N,,Website Payment,Completed,USD,9.99,-0.84,9.15,ORD-501284
06/11/2026,15:32:17,GMT,Morgan Hayes,6RN3L122WVR0JVTNT,,Website Payment,Completed,USD,9.99,-0.84,9.15,ORD-501889
06/11/2026,15:50:02,GMT,Morgan Hayes,4UT4FGTJ6XHSANB9D,,Website Payment,Completed,USD,24.99,-1.36,23.63,ORD-501604
06/11/2026,15:52:11,GMT,Casey Nguyen,JZRW7JLMMZQG5Z22N,,Website Payment,Completed,USD,9.99,-0.84,9.15,ORD-500051
06/11/2026,15:57:20,GMT,Jamie Ross,DWR3NKSWTHZ7R3J24,,Website Payment,Completed,USD,9.99,-0.84,9.15,ORD-501444
06/11/2026,15:58:06,GMT,Sam Porter,SA2X0JEQRPEGYWLH6,,Website Payment,Completed,USD,9.99,-0.84,9.15,ORD-501352
06/11/2026,16:02:48,GMT,Casey Nguyen,H25QP4ZRNRZD9Q0SB,,Website Payment,Completed,USD,9.99,-0.84,9.15,ORD-501180
06/11/2026,16:07:53,GMT,Casey Nguyen,3XXCHLGZWLRZ2462M,,Website Payment,Completed,USD,9.99,-0.84,9.15,ORD-500304
06/11/2026,16:09:05,GMT,Jamie Ross,GXAZDLR3UH8CBDDZV,,Website Payment,Completed,USD,9.99,-0.84,9.15,ORD-501771
06/11/2026,16:12:08,GMT,Riley Carter,QDUH8BT9DPRVAWM5L,,Website Payment,Completed,USD,9.99,-0.84,9.15,ORD-501546
06/11/2026,16:14:19,GMT,Jordan Lee,89GBSCG70HLZFXCVB,,Website Payment,Completed,USD,59.99,-2.58,57.41,ORD-500935
06/11/2026,16:25:47,GMT,Casey Nguyen,KPW1Z4T17BD3H5QH4,,Website Payment,Completed,USD,9.99,-0.84,9.15,ORD-500194
06/11/2026,16:39:33,GMT,Taylor Brooks,GTNNTASKSCDMJY8MN,,Website Payment,Completed,USD,4.99,-0.66,4.33,ORD-501117
06/11/2026,17:17:27,GMT,Avery Collins,1TMX4BMZFBD5GHAGN,,Website Payment,Completed,USD,9.99,-0.84,9.15,ORD-500970
06/11/2026,17:23:39,GMT,Jamie Ross,727WBNEU5ZGJM53BT,,Website Payment,Completed,USD,59.99,-2.58,57.41,ORD-501235
06/11/2026,17:35:34,GMT,Avery Collins,SF3BHDESZU337PHZ5,,Website Payment,Completed,USD,24.99,-1.36,23.63,ORD-501042
06/11/2026,17:54:48,GMT,Sam Porter,BSP71KX88DRD23J47,,Website Payment,Completed,USD,59.99,-2.58,57.41,ORD-500536
06/11/2026,17:58:35,GMT,Avery Collins,XZTXXH4DQR50DF7VU,,Website Payment,Completed,USD,24.99,-1.36,23.63,ORD-501351
06/11/2026,18:02:36,GMT,Riley Carter,3MT83C5Q8PDQXAFU3,,Website Payment,Denied,USD,59.99,0.00,0.00,ORD-501014
06/11/2026,18:02:39,GMT,Jordan Lee,PYFV5PH2QVW85R3WF,,Website Payment,Completed,USD,59.99,-2.58,57.41,ORD-500601
06/11/2026,18:12:27,GMT,Avery Collins,Y7X001RACCC80N0JY,,Website Payment,Completed,USD,9.99,-0.84,9.15,ORD-501535
06/11/2026,18:15:14,GMT,Jordan Lee,FD2855RH5DR0Y2M8F,,Website Payment,Completed,USD,24.99,-1.36,23.63,ORD-500526
06/11/2026,18:18:07,GMT,Alex Morgan,RWDG89NJXQN61D06Z,,Website Payment,Completed,USD,9.99,-0.84,9.15,ORD-501876
06/11/2026,18:20:30,GMT,Drew Bennett,SCH3SWS9VR536PMRF,,Website Payment,Completed,USD,59.99,-2.58,57.41,ORD-500003
06/11/2026,18:30:24,GMT,Taylor Brooks,C7C9QVKUVNDEKW43G,,Website Payment,Completed,USD,24.99,-1.36,23.63,ORD-501848
06/11/2026,18:42:02,GMT,Alex Morgan,WV12LURNB07JU0LD8,,Website Payment,Completed,USD,24.99,-1.36,23.63,ORD-501559
06/11/2026,18:46:21,GMT,Taylor Brooks,9JZ3LC0DSUH44ME6B,,Website Payment,Completed,USD,9.99,-0.84,9.15,ORD-500383
06/11/2026,19:09:36,GMT,Taylor Brooks,9EY5FA8UED2884CA5,,Website Payment,Completed,USD,59.99,-2.58,57.41,ORD-501102
06/11/2026,19:21:45,GMT,Alex Morgan,DZU9870XKVF40N2F3,,Website Payment,Denied,USD,4.99,0.00,0.00,ORD-500193
06/11/2026,20:02:18,GMT,Jamie Ross,MRCFCMUEKTRBX29J2,,Website Payment,Completed,USD,9.99,-0.84,9.15,ORD-501704
06/11/2026,20:10:29,GMT,Sam Porter,MGFR0GHQ2UME0N4JZ,,Website Payment,Completed,USD,4.99,-0.66,4.33,ORD-501364
06/11/2026,20:27:16,GMT,Alex Morgan,ENZDDX20V5FXC90BQ,,Website Payment,Completed,USD,24.99,-1.36,23.63,ORD-500448
06/11/2026,20:35:51,GMT,Drew Bennett,5Q04R8MXH6JU39A45,,Website Payment,Completed,USD,9.99,-0.84,9.15,ORD-500312
06/11/2026,20:37:31,GMT,Jamie Ross,SCMBYMGAE54DRH5G5,,Website Payment,Completed,USD,9.99,-0.84,9.15,ORD-501837
06/12/2026,08:01:18,GMT,Jordan Lee,5NSBU7919RSWGS1MJ,,Website Payment,Completed,USD,59.99,-2.58,57.41,ORD-501258
06/12/2026,08:31:51,GMT,Morgan Hayes,KHSVERQZUA04WD2A7,,Website Payment,Completed,USD,9.99,-0.84,9.15,ORD-500674
06/12/2026,08:31:56,GMT,Jamie Ross,7XPBMVNSQBD81SQJC,,Website Payment,Completed,USD,24.99,-1.36,23.63,ORD-500861
06/12/2026,08:55:15,GMT,Drew Bennett,6VX0ZMSY7J7LW861V,,Website Payment,Completed,USD,4.99,-0.66,4.33,ORD-500319
06/12/2026,08:59:58,GMT,Avery Collins,KGF15PTCZYNZKSELS,,Website Payment,Completed,USD,59.99,-2.58,57.41,ORD-501892
06/12/2026,09:02:23,GMT,Casey Nguyen,60HXPPRSCQ30PR0FC,,Website Payment,Completed,USD,4.99,-0.66,4.33,ORD-501508
06/12/2026,09:08:42,GMT,Alex Morgan,YKFHVP10DFY9MC1PS,,Website Payment,Completed,USD,9.99,-0.84,9.15,ORD-501323
06/12/2026,09:09:16,GMT,Casey Nguyen,ENVVHLS9V177LGD43,,Website Payment,Completed,USD,9.99,-0.84,9.15,ORD-501748
06/12/2026,09:34:51,GMT,Alex Morgan,HEJ54Y70V9P63STBE,,Website Payment,Completed,USD,59.99,-2.58,57.41,ORD-501549
06/12/2026,09:39:37,GMT,Morgan Hayes,T96LEY8TN49T9WCDA,,Website Payment,Completed,USD,9.99,-0.84,9.15,ORD-501518
06/12/2026,09:52:54,GMT,Casey Nguyen,4J7YKDTYXK40B3FKF,,Website Payment,Completed,USD,4.99,-0.66,4.33,ORD-501261
06/12/2026,10:27:15,GMT,Jamie Ross,PEC14FYKVJCFQQQXP,,Website Payment,Completed,USD,9.99,-0.84,9.15,ORD-500553
06/12/2026,10:32:42,GMT,Riley Carter,15J0BRMPJCDA2SL8B,,Website Payment,Completed,USD,9.99,-0.84,9.15,ORD-501975
06/12/2026,10:36:39,GMT,Avery Collins,R0GBQ1CHPMSCR7864,,Website Payment,Completed,USD,9.99,-0.84,9.15,ORD-500014
06/12/2026,10:39:58,GMT,Jamie Ross,DBDKSA4DKHZK3W60V,,Website Payment,Completed,USD,24.99,-1.36,23.63,ORD-500597
06/12/2026,10:48:42,GMT,Drew Bennett,K7S4D9JTVNVVVY189,,Website Payment,Completed,USD,9.99,-0.84,9.15,ORD-501666
06/12/2026,10:53:05,GMT,Taylor Brooks,5PK3VYTXMJNU9FMCH,,Website Payment,Completed,USD,59.99,-2.58,57.41,ORD-500240
06/12/2026,11:05:31,GMT,Casey Nguyen,1N30NQCXS8SLDN7PN,,Website Payment,Completed,USD,59.99,-2.58,57.41,ORD-500685
06/12/2026,11:07:35,GMT,Taylor Brooks,SN0QJR793ESDZZWKP,,Website Payment,Completed,USD,9.99,-0.84,9.15,ORD-501959
06/12/2026,11:11:45,GMT,Riley Carter,CXDY88FQ06BJPQB04,,Website Payment,Completed,USD,9.99,-0.84,9.15,ORD-501688
06/12/2026,11:17:04,GMT,Alex Morgan,BD60RXQ0RHMVH7Y8L,,Website Payment,Denied,USD,24.99,0.00,0.00,ORD-500878
06/12/2026,11:21:04,GMT,Avery Collins,03VDQSCAX93B8TXYJ,,Website Payment,Completed,USD,9.99,-0.84,9.15,ORD-501637
06/12/2026,11:28:00,GMT,Taylor Brooks,GQM6QQ87JKVSQ24ZV,,Website Payment,Completed,USD,4.99,-0.66,4.33,ORD-502050
06/12/2026,12:03:28,GMT,Alex Morgan,NCUD13FZSUS8YB7JA,,Website Payment,Completed,USD,9.99,-0.84,9.15,ORD-500870
06/12/2026,12:11:13,GMT,Morgan Hayes,AEAVPV5S0VNMMC49W,,Website Payment,Completed,USD,9.99,-0.84,9.15,ORD-501505
06/12/2026,12:35:55,GMT,Drew Bennett,487QV7B26698DDTKS,,Website Payment,Completed,USD,9.99,-0.84,9.15,ORD-500367
06/12/2026,12:40:00,GMT,Sam Porter,QHHTL0B67LYN3QNDR,,Website Payment,Completed,USD,9.99,-0.84,9.15,ORD-500345
06/12/2026,12:55:29,GMT,Jordan Lee,TS1LPAPPGFDZY88Y0,,Website Payment,Completed,USD,9.99,-0.84,9.15,ORD-501901
06/12/2026,13:10:24,GMT,Drew Bennett,X8X3GEHHH8Y2EABE3,EQJU33YPE1HUVJ79C,Refund,Refunded,USD,-5.00,0.00,-5.00,ORD-500176
06/12/2026,13:13:35,GMT,Taylor Brooks,8SQNS8SGHXQAMHZTF,,Website Payment,Completed,USD,4.99,-0.66,4.33,ORD-501977
06/12/2026,13:27:05,GMT,Drew Bennett,J6RVPP1B9Y1DJW30N,,Website Payment,Completed,USD,9.99,-0.84,9.15,ORD-500295
06/12/2026,13:27:19,GMT,Jamie Ross,TF0CXWXEPWN2JBTHB,,Website Payment,Completed,USD,9.99,-0.84,9.15,ORD-501730
06/12/2026,13:33:04,GMT,Drew Bennett,FERT6E8B54VBMQ3N9,,Website Payment,Completed,USD,24.99,-1.36,23.63,ORD-501035
06/12/2026,13:38:06,GMT,Jordan Lee,3E6Y7MCGK55P85SZV,,Website Payment,Completed,USD,59.99,-2.58,57.41,ORD-500813
06/12/2026,13:45:49,GMT,Sam Porter,6XS6X0E7VW392YXYE,,Website Payment,Completed,USD,9.99,-0.84,9.15,ORD-501502
06/12/2026,13:49:28,GMT,Casey Nguyen,UXFV5DBHZA1KW1JGP,,Website Payment,Completed,USD,9.99,-0.84,9.15,ORD-501786
06/12/2026,13:52:36,GMT,Alex Morgan,MSVXS16KX6LX4UTVE,3JC2LFK5YFKY2Y16C,Refund,Refunded,USD,-24.99,0.00,-24.99,ORD-501020
06/12/2026,13:56:53,GMT,Jordan Lee,1ADD5SEPDKK85HM3S,,Website Payment,Completed,USD,24.99,-1.36,23.63,ORD-502013
06/12/2026,14:09:32,GMT,Alex Morgan,XR42V2UK5ELNHGYSQ,,Website Payment,Completed,USD,4.99,-0.66,4.33,ORD-500389
06/12/2026,14:12:59,GMT,Taylor Brooks,CDT8BX33RSDMHYFFV,,Website Payment,Completed,USD,24.99,-1.36,23.63,ORD-500848
06/12/2026,14:20:07,GMT,Taylor Brooks,RTXTV7UBM8GML1N0P,,Website Payment,Completed,USD,9.99,-0.84,9.15,ORD-500825
06/12/2026,14:25:00,GMT,Jordan Lee,11EZAV8DU80K0J5GN,,Website Payment,Completed,USD,24.99,-1.36,23.63,ORD-507786
06/12/2026,14:34:53,GMT,Avery Collins,1CK9YCV3Y9B3G9XCD,,Website Payment,Completed,USD,9.99,-0.84,9.15,ORD-500109
06/12/2026,14:47:16,GMT,Riley Carter,DHQVTTAAHEWG9MQUM,,Website Payment,Completed,USD,24.99,-1.36,23.63,ORD-501389
06/12/2026,14:53:13,GMT,Jamie Ross,0Y1EB05QGNXB9P9D5,,Website Payment,Completed,USD,9.99,-0.84,9.15,ORD-501106
06/12/2026,14:58:39,GMT,Sam Porter,2DRNPXY79GCDL7MFT,,Website Payment,Completed,USD,24.99,-1.36,23.63,ORD-500454
06/12/2026,15:11:32,GMT,Riley Carter,PP9VPSJXECQJZ7XTE,,Website Payment,Completed,USD,4.99,-0.66,4.33,ORD-500820
06/12/2026,15:11:39,GMT,Jamie Ross,AQPMW5MQ7UL9LBP5P,,Website Payment,Completed,USD,9.99,-0.84,9.15,ORD-500385
06/12/2026,15:21:05,GMT,Riley Carter,HNMZD8DHLAPN3TBGP,,Website Payment,Completed,USD,4.99,-0.66,4.33,ORD-500742
06/12/2026,15:44:39,GMT,Morgan Hayes,63EJABR866CSYXW2W,,Website Payment,Completed,USD,9.99,-0.84,9.15,ORD-501254
06/12/2026,15:45:22,GMT,Alex Morgan,YW5JG9QQE9X551BH8,,Website Payment,Completed,USD,59.99,-2.58,57.41,ORD-500859
06/12/2026,15:46:15,GMT,Jamie Ross,GH72N9X72YJE6ZN14,,Website Payment,Completed,USD,9.99,-0.84,9.15,ORD-501404
06/12/2026,15:52:38,GMT,Sam Porter,XH04J4Z50JNSBZ7LQ,,Website Payment,Completed,USD,9.99,-0.84,9.15,ORD-501605
06/12/2026,15:55:47,GMT,Jamie Ross,VR3C273WVYYFRR5UF,,Website Payment,Completed,USD,9.99,-0.84,9.15,ORD-501765
06/12/2026,16:13:07,GMT,Jamie Ross,S70Q1HU054Y6M9456,,Website Payment,Completed,USD,9.99,-0.84,9.15,ORD-502025
06/12/2026,16:18:20,GMT,Taylor Brooks,HJYGL73X8YGTBVS91,,Website Payment,Completed,USD,24.99,-1.36,23.63,ORD-501791
06/12/2026,16:48:26,GMT,Casey Nguyen,Q49FRPFXT0FBNUAM9,,Website Payment,Completed,USD,9.99,-0.84,9.15,ORD-501040
06/12/2026,16:49:13,GMT,Riley Carter,CGHN89H6A853ZPJKP,,Website Payment,Completed,USD,9.99,-0.84,9.15,ORD-501941
06/12/2026,16:49:14,GMT,Casey Nguyen,XT5FY0XDNLE4BBQ6P,,Website Payment,Completed,USD,59.99,-2.58,57.41,ORD-501097
06/12/2026,16:52:39,GMT,Sam Porter,Z0L9BXTCZFMU55S6S,,Website Payment,Completed,USD,59.99,-2.58,57.41,ORD-500595
06/12/2026,16:55:37,GMT,Casey Nguyen,FA28X7WUME9PHE96C,,Website Payment,Completed,USD,59.99,-2.58,57.41,ORD-500728
06/12/2026,16:56:04,GMT,Taylor Brooks,9LT5BB47U15G3AWVP,,Website Payment,Completed,USD,9.99,-0.84,9.15,ORD-501064
06/12/2026,17:05:40,GMT,Riley Carter,Z1NCUR6G5KUB18UUH,,Website Payment,Completed,USD,9.99,-0.84,9.15,ORD-501987
06/12/2026,17:05:53,GMT,Jordan Lee,W4QTMRZJYS5Q3K41F,,Website Payment,Completed,USD,24.99,-1.36,23.63,ORD-501000
06/12/2026,17:27:43,GMT,Casey Nguyen,DQQ3616UGMBXYXLLK,,Website Payment,Completed,USD,59.99,-2.58,57.41,ORD-501689
06/12/2026,17:54:49,GMT,Sam Porter,P2PAQYSRAAC8ZYSYK,,Website Payment,Completed,USD,9.99,-0.84,9.15,ORD-501343
06/12/2026,18:36:19,GMT,Avery Collins,NQLBE6QV0PC4KD2W4,,Website Payment,Completed,USD,9.99,-0.84,9.15,ORD-500248
06/12/2026,19:02:08,GMT,Taylor Brooks,DQVEQRR3B26A10E3V,,Website Payment,Completed,USD,59.99,-2.58,57.41,ORD-500543
06/12/2026,20:09:08,GMT,Casey Nguyen,D9NM1ZF1XAELKZL6D,,Website Payment,Completed,USD,24.99,-1.36,23.63,ORD-500257
06/13/2026,07:42:50,GMT,Alex Morgan,YNKGXVGK9ESMKHG6M,,Website Payment,Completed,USD,9.99,-0.84,9.15,ORD-501039
06/13/2026,07:44:14,GMT,Jamie Ross,DD7PDCDNXVDB3LKP4,,Website Payment,Denied,USD,24.99,0.00,0.00,ORD-501766
06/13/2026,07:52:12,GMT,Casey Nguyen,TCZQJQAD45PGWU99H,,Website Payment,Completed,USD,24.99,-1.36,23.63,ORD-501713
06/13/2026,07:59:06,GMT,Taylor Brooks,QHGW3WBV6KXP1RU1K,,Website Payment,Completed,USD,9.99,-0.84,9.15,ORD-500217
06/13/2026,08:17:02,GMT,Drew Bennett,SGNFH3F6F28J6YH4E,,Website Payment,Completed,USD,9.99,-0.84,9.15,ORD-501760
06/13/2026,08:18:24,GMT,Morgan Hayes,GHWTJFPP9L7QRT787,,Website Payment,Completed,USD,9.99,-0.84,9.15,ORD-500260
06/13/2026,08:29:13,GMT,Alex Morgan,UYAAP2B1V8CQRSSK7,,Website Payment,Denied,USD,9.99,0.00,0.00,ORD-500275
06/13/2026,08:39:42,GMT,Jordan Lee,5V0DED13JMQ34C7SZ,,Website Payment,Completed,USD,59.99,-2.58,57.41,ORD-500934
06/13/2026,08:44:19,GMT,Sam Porter,KAU6AD4WY5J7GTC0R,,Website Payment,Completed,USD,24.99,-1.36,23.63,ORD-500706
06/13/2026,09:07:18,GMT,Jamie Ross,JTZWHQH4USAJX7XK2,,Website Payment,Completed,USD,9.99,-0.84,9.15,ORD-501491
06/13/2026,09:21:46,GMT,Sam Porter,U4Y1FLT9HCTRAB1E4,,Website Payment,Completed,USD,59.99,-2.58,57.41,ORD-500115
06/13/2026,09:29:44,GMT,Avery Collins,YDSFCH5REFY1DNADA,,Website Payment,Completed,USD,9.99,-0.84,9.15,ORD-500663
06/13/2026,09:30:39,GMT,Riley Carter,5MBWH1N9YWUFDGZGZ,,Website Payment,Completed,USD,59.99,-2.58,57.41,ORD-500458
06/13/2026,09:32:33,GMT,Alex Morgan,8FP8G4MTJHK5WGCDV,55HDTZTUCRYJZHRFV,Refund,Refunded,USD,-5.00,0.00,-5.00,ORD-501346
06/13/2026,09:39:05,GMT,Sam Porter,BREA1DQJ77504DWR2,,Website Payment,Completed,USD,9.99,-0.84,9.15,ORD-501409
06/13/2026,09:40:15,GMT,Riley Carter,UW78C7VN8BZ90A1N8,,Website Payment,Completed,USD,9.99,-0.84,9.15,ORD-500045
06/13/2026,09:42:09,GMT,Drew Bennett,P14JMCLV1LN31GEJX,,Website Payment,Completed,USD,9.99,-0.84,9.15,ORD-500814
06/13/2026,09:44:35,GMT,Jordan Lee,CB4W0DVT9QRAZ7U00,,Website Payment,Completed,USD,24.99,-1.36,23.63,ORD-500213
06/13/2026,09:50:03,GMT,Sam Porter,5MQ17KZ0DC1YDHJ3D,,Website Payment,Completed,USD,59.99,-2.58,57.41,ORD-501982
06/13/2026,10:04:54,GMT,Avery Collins,9H1N4CB40M5W3M3TE,,Website Payment,Denied,USD,24.99,0.00,0.00,ORD-501755
06/13/2026,10:10:04,GMT,Alex Morgan,EA523XUJFRQJ6YCDM,,Website Payment,Denied,USD,59.99,0.00,0.00,ORD-501441
06/13/2026,10:26:35,GMT,Drew Bennett,GGP2VRLTJ9XPHJKPX,,Website Payment,Completed,USD,9.99,-0.84,9.15,ORD-500689
06/13/2026,10:28:29,GMT,Sam Porter,HG33LBKPSS7ML4WGX,,Website Payment,Completed,USD,9.99,-0.84,9.15,ORD-501068
06/13/2026,10:33:14,GMT,Sam Porter,SN63ETXSDBSU6VYKC,,Website Payment,Completed,USD,4.99,-0.66,4.33,ORD-500497
06/13/2026,10:46:31,GMT,Jamie Ross,G92G50YG109T923SV,,Website Payment,Completed,USD,9.99,-0.84,9.15,ORD-501143
06/13/2026,10:54:14,GMT,Casey Nguyen,4AUYFQRC8CD36V0QR,,Website Payment,Completed,USD,9.99,-0.84,9.15,ORD-501625
06/13/2026,10:58:33,GMT,Morgan Hayes,W87X5F1D6SG5H3C29,,Website Payment,Completed,USD,9.99,-0.84,9.15,ORD-500938
06/13/2026,11:07:36,GMT,Avery Collins,E75WDHX04LYY0ZMK4,,Website Payment,Denied,USD,24.99,0.00,0.00,ORD-500335
06/13/2026,11:16:50,GMT,Jamie Ross,YH4RPHZLY1GT6WR9Q,,Website Payment,Completed,USD,24.99,-1.36,23.63,ORD-501177
06/13/2026,11:22:00,GMT,Riley Carter,J9Y7PJF0ALG65WZQX,,Website Payment,Completed,USD,9.99,-0.84,9.15,ORD-500600
06/13/2026,11:26:10,GMT,Morgan Hayes,F5RQL9P7NVFKCM5PN,,Website Payment,Completed,USD,24.99,-1.36,23.63,ORD-500710
06/13/2026,11:39:57,GMT,Riley Carter,D1ZW6K93J05MLZ917,,Website Payment,Completed,USD,4.99,-0.66,4.33,ORD-500390
06/13/2026,11:49:01,GMT,Sam Porter,US2NSUC9APFJPYP7S,,Website Payment,Completed,USD,9.99,-0.84,9.15,ORD-501228
06/13/2026,12:05:18,GMT,Sam Porter,6BDE3Z077WYWD4QBJ,,Website Payment,Completed,USD,9.99,-0.84,9.15,ORD-500267
06/13/2026,12:11:27,GMT,Jamie Ross,7B5XC50HJWNMCWU27,,Website Payment,Completed,USD,9.99,-0.84,9.15,ORD-500921
06/13/2026,12:38:53,GMT,Casey Nguyen,1SYQY2NG1BSE5G37Z,,Website Payment,Completed,USD,24.99,-1.36,23.63,ORD-501764
06/13/2026,13:03:24,GMT,Drew Bennett,2KVVUZSZFYP0T8NP6,,Website Payment,Completed,USD,4.99,-0.66,4.33,ORD-500024
06/13/2026,13:09:28,GMT,Riley Carter,GG8MHZC12EFGE5TYK,,Website Payment,Denied,USD,24.99,0.00,0.00,ORD-501474
06/13/2026,13:16:04,GMT,Alex Morgan,XD9T7CYY3DWXHT5NC,,Website Payment,Completed,USD,9.99,-0.84,9.15,ORD-502010
06/13/2026,13:28:32,GMT,Jordan Lee,MEBCK9DGBYF881WFW,,Website Payment,Completed,USD,9.99,-0.84,9.15,ORD-501139
06/13/2026,13:30:32,GMT,Taylor Brooks,ZDWQ9N42VDZZKX0MY,,Website Payment,Completed,USD,9.99,-0.84,9.15,ORD-501927
06/13/2026,13:36:20,GMT,Sam Porter,03KW43XZPWFR34AS9,,Website Payment,Completed,USD,9.99,-0.84,9.15,ORD-500776
06/13/2026,13:51:24,GMT,Sam Porter,B6R0RL6M3YQNX5F5J,,Website Payment,Completed,USD,9.99,-0.84,9.15,ORD-501609
06/13/2026,14:04:38,GMT,Jamie Ross,MA3Z3F6KF1R7E7RYH,,Website Payment,Completed,USD,9.99,-0.84,9.15,ORD-500996
06/13/2026,15:08:06,GMT,Jordan Lee,36DHUFEG6PU4XFNAJ,VA42E98MMAWKGHKWK,Refund,Refunded,USD,-5.00,0.00,-5.00,ORD-500472
06/13/2026,15:12:44,GMT,Alex Morgan,K5N0AJAM60NMDYEXD,,Website Payment,Completed,USD,24.99,-1.36,23.63,ORD-501861
06/13/2026,15:27:38,GMT,Sam Porter,Z0NU2WEQYY4D6YU42,,Website Payment,Completed,USD,9.99,-0.84,9.15,ORD-501093
06/13/2026,15:30:25,GMT,Morgan Hayes,MR5ULXRVTEH4JSHFN,,Website Payment,Completed,USD,9.99,-0.84,9.15,ORD-500099
06/13/2026,15:39:28,GMT,Morgan Hayes,LNU8E7N1B2Q7UN7Q1,,Website Payment,Completed,USD,24.99,-1.36,23.63,ORD-500869
06/13/2026,15:53:42,GMT,Sam Porter,BT4AXEVZAWZK5D1VS,,Website Payment,Completed,USD,4.99,-0.66,4.33,ORD-502028
06/13/2026,17:06:41,GMT,Drew Bennett,L9B3F5WJQDCFF2CLU,,Website Payment,Completed,USD,9.99,-0.84,9.15,ORD-501365
06/13/2026,17:33:33,GMT,Morgan Hayes,40JNCYXB28KYUPRZ7,,Website Payment,Completed,USD,24.99,-1.36,23.63,ORD-501937
06/13/2026,17:34:31,GMT,Morgan Hayes,SL9GAGGV4AKJJE046,,Website Payment,Completed,USD,24.99,-1.36,23.63,ORD-501146
06/13/2026,17:36:03,GMT,Morgan Hayes,6N5QR88EX3SM5CKEC,,Website Payment,Completed,USD,9.99,-0.84,9.15,ORD-500810
06/13/2026,17:48:35,GMT,Alex Morgan,JTUKVGM8SQY3VXXE9,,Website Payment,Completed,USD,9.99,-0.84,9.15,ORD-500661
06/13/2026,17:52:12,GMT,Sam Porter,XD5Y59LT4THZX120C,,Website Payment,Completed,USD,24.99,-1.36,23.63,ORD-501423
06/13/2026,17:55:33,GMT,Sam Porter,L5MW8YSLBRHEYLHUG,,Website Payment,Denied,USD,9.99,0.00,0.00,ORD-501804
06/13/2026,18:16:40,GMT,Drew Bennett,RTXQ0Y4W5LW6PVAK5,,Website Payment,Completed,USD,4.99,-0.66,4.33,ORD-501827
06/13/2026,18:39:36,GMT,Morgan Hayes,LQESNGKE1AVKEZ8Z9,,Website Payment,Completed,USD,9.99,-0.84,9.15,ORD-500920
06/13/2026,18:43:21,GMT,Jamie Ross,9ADK3B7S0TV34YAY1,,Website Payment,Completed,USD,59.99,-2.58,57.41,ORD-501421
06/13/2026,19:15:36,GMT,Alex Morgan,31TQGUC3CQFK2CJ51,,Website Payment,Completed,USD,9.99,-0.84,9.15,ORD-500650
06/13/2026,19:22:54,GMT,Jordan Lee,1F14MZAYHM7HERXEW,,Website Payment,Completed,USD,9.99,-0.84,9.15,ORD-500139
06/13/2026,19:29:14,GMT,Jamie Ross,362WKPST9UNP85KXC,,Website Payment,Denied,USD,24.99,0.00,0.00,ORD-502047
06/14/2026,07:51:57,GMT,Casey Nguyen,HSKRP22LCZ39J37MV,,Website Payment,Completed,USD,24.99,-1.36,23.63,ORD-500250
06/14/2026,08:08:04,GMT,Jordan Lee,3CWF8NJRSNWVC11ZS,,Website Payment,Completed,USD,59.99,-2.58,57.41,ORD-501627
06/14/2026,08:20:00,GMT,Taylor Brooks,6B5S0W8347E1HGQ1M,,Website Payment,Completed,USD,9.99,-0.84,9.15,ORD-501922
06/14/2026,08:26:22,GMT,Casey Nguyen,6HMJ03J81T0JBLFFA,,Website Payment,Denied,USD,24.99,0.00,0.00,ORD-501553
06/14/2026,08:37:45,GMT,Riley Carter,P5XVY4JJV1BKE3T4T,,Website Payment,Completed,USD,59.99,-2.58,57.41,ORD-500245
06/14/2026,08:43:50,GMT,Morgan Hayes,H9GR1Q3HDWHQ4GPTS,,Website Payment,Completed,USD,24.99,-1.36,23.63,ORD-501214
06/14/2026,08:54:12,GMT,Casey Nguyen,CMANVZX3HQY4A9VLQ,,Website Payment,Completed,USD,9.99,-0.84,9.15,ORD-501856
06/14/2026,09:01:02,GMT,Taylor Brooks,B8HTTHYFW43WY4LLA,,Website Payment,Completed,USD,9.99,-0.84,9.15,ORD-500500
06/14/2026,09:43:41,GMT,Avery Collins,9EUR0NMVKVKYFXNDA,,Website Payment,Completed,USD,4.99,-0.66,4.33,ORD-502044
06/14/2026,09:49:21,GMT,Morgan Hayes,YE80KGMPP5NEC1C5G,,Website Payment,Completed,USD,24.99,-1.36,23.63,ORD-500903
06/14/2026,09:58:53,GMT,Riley Carter,SB9W7U5FE0EMHTUA6,,Website Payment,Completed,USD,24.99,-1.36,23.63,ORD-500840
06/14/2026,10:05:42,GMT,Sam Porter,HER0QQDALNL8GXSJC,,Website Payment,Completed,USD,9.99,-0.84,9.15,ORD-500948
06/14/2026,10:16:53,GMT,Alex Morgan,A1GK9B7F01V0DWY2R,,Website Payment,Completed,USD,24.99,-1.36,23.63,ORD-500138
06/14/2026,10:24:52,GMT,Riley Carter,60BDRFGDQMQ6XRN9C,,Website Payment,Completed,USD,24.99,-1.36,23.63,ORD-500705
06/14/2026,10:28:18,GMT,Avery Collins,VB4RKZQSH1S54K7FR,,Website Payment,Completed,USD,9.99,-0.84,9.15,ORD-501633
06/14/2026,10:36:23,GMT,Casey Nguyen,A6PHRRGAZJFU8V7NL,,Website Payment,Completed,USD,9.99,-0.84,9.15,ORD-500949
06/14/2026,10:46:21,GMT,Morgan Hayes,F4AB6ULVDM7ESDEAP,,Website Payment,Completed,USD,9.99,-0.84,9.15,ORD-501550
06/14/2026,11:13:02,GMT,Jordan Lee,WDSZ0GJ7UPU9LXU42,,Website Payment,Completed,USD,9.99,-0.84,9.15,ORD-501863
06/14/2026,11:30:51,GMT,Jamie Ross,KWQ7A5GYSKWK4GYG4,,Website Payment,Completed,USD,24.99,-1.36,23.63,ORD-501335
06/14/2026,11:34:41,GMT,Morgan Hayes,QY5M70CJ46XHKMQ6C,,Website Payment,Completed,USD,4.99,-0.66,4.33,ORD-500950
06/14/2026,11:46:48,GMT,Riley Carter,H4DTALM8659KLP2PP,,Website Payment,Completed,USD,9.99,-0.84,9.15,ORD-501715
06/14/2026,11:58:58,GMT,Casey Nguyen,94GCLT6LFTGBR23XK,,Website Payment,Completed,USD,24.99,-1.36,23.63,ORD-500982
06/14/2026,12:09:03,GMT,Alex Morgan,FMZENAHTF0VXZLZ08,KJE3QQ5L93Q6FQE4K,Refund,Refunded,USD,-59.99,0.00,-59.99,ORD-501347
06/14/2026,12:11:43,GMT,Morgan Hayes,75KD65TG9ABS6E4AC,,Website Payment,Completed,USD,9.99,-0.84,9.15,ORD-500812
06/14/2026,12:42:59,GMT,Casey Nguyen,UPM3UJFBVVZDNTB19,,Website Payment,Completed,USD,24.99,-1.36,23.63,ORD-501956
06/14/2026,12:45:24,GMT,Avery Collins,PA2NVL8P0PYMUCN92,,Website Payment,Completed,USD,9.99,-0.84,9.15,ORD-500010
06/14/2026,12:58:16,GMT,Alex Morgan,00UJ83WB59DTTLC9P,,Website Payment,Completed,USD,24.99,-1.36,23.63,ORD-500773
06/14/2026,13:02:04,GMT,Drew Bennett,0P22ZR7ZUXFM7DZ3N,,Website Payment,Completed,USD,24.99,-1.36,23.63,ORD-500414
06/14/2026,13:09:45,GMT,Jamie Ross,QJFSWK0W14WSPZ393,,Website Payment,Completed,USD,59.99,-2.58,57.41,ORD-501169
06/14/2026,13:26:45,GMT,Taylor Brooks,EBJALLF6PZE6RTMWV,,Website Payment,Completed,USD,4.99,-0.66,4.33,ORD-501566
06/14/2026,13:29:20,GMT,Taylor Brooks,RPUSAJ1Y2H01EZZ07,,Website Payment,Completed,USD,9.99,-0.84,9.15,ORD-501710
06/14/2026,13:44:15,GMT,Jordan Lee,ER5UL1PJBT3KRXCA0,,Website Payment,Completed,USD,9.99,-0.84,9.15,ORD-500670
06/14/2026,13:46:35,GMT,Jamie Ross,RYHTGZ53VGH1H3Z3V,,Website Payment,Completed,USD,9.99,-0.84,9.15,ORD-500851
06/14/2026,13:57:47,GMT,Avery Collins,X851C3GRKARBFKV4G,,Website Payment,Completed,USD,9.99,-0.84,9.15,ORD-500556
06/14/2026,13:58:09,GMT,Alex Morgan,2UE9P1FE4KNFUX9SJ,,Website Payment,Completed,USD,9.99,-0.84,9.15,ORD-501385
06/14/2026,14:06:23,GMT,Jordan Lee,3YRA7R9RQ68R5BEDU,,Website Payment,Completed,USD,24.99,-1.36,23.63,ORD-501806
06/14/2026,14:26:06,GMT,Casey Nguyen,FJCLK02M5GP5XW8BF,,Website Payment,Completed,USD,9.99,-0.84,9.15,ORD-501895
06/14/2026,14:47:25,GMT,Morgan Hayes,6NNMJG7LMA32K7H5U,,Website Payment,Completed,USD,9.99,-0.84,9.15,ORD-501761
06/14/2026,14:48:09,GMT,Casey Nguyen,X0TVUVD4DKHXKZYWK,,Website Payment,Completed,USD,9.99,-0.84,9.15,ORD-501370
06/14/2026,14:56:17,GMT,Casey Nguyen,GJ72M1WTZPPRM2F1Z,,Website Payment,Completed,USD,24.99,-1.36,23.63,ORD-500274
06/14/2026,15:18:04,GMT,Jordan Lee,HD1X664H308FCX09Z,,Website Payment,Completed,USD,9.99,-0.84,9.15,ORD-500330
06/14/2026,15:36:22,GMT,Casey Nguyen,ECLCGHJAD8UANF2SC,,Website Payment,Completed,USD,59.99,-2.58,57.41,ORD-502048
06/14/2026,15:55:32,GMT,Casey Nguyen,Q4YV7X40J2JMNGVGC,,Website Payment,Completed,USD,24.99,-1.36,23.63,ORD-500975
06/14/2026,16:04:09,GMT,Jordan Lee,LGG6L8SSH58N3E7UE,,Website Payment,Completed,USD,59.99,-2.58,57.41,ORD-500244
06/14/2026,16:11:37,GMT,Jamie Ross,263PWS0BM7VFTPVUF,,Website Payment,Completed,USD,59.99,-2.58,57.41,ORD-500055
06/14/2026,16:19:02,GMT,Jamie Ross,NHVCW0FTQ7LD54KS1,,Website Payment,Completed,USD,59.99,-2.58,57.41,ORD-501388
06/14/2026,16:19:31,GMT,Jordan Lee,XGENX6T8NK2RM0RJA,,Website Payment,Denied,USD,59.99,0.00,0.00,ORD-500086
06/14/2026,16:26:27,GMT,Alex Morgan,U8XDF5M0L8HEUGASX,,Website Payment,Completed,USD,9.99,-0.84,9.15,ORD-501608
06/14/2026,16:41:43,GMT,Morgan Hayes,ELBG1ZZT76U9Z39WC,,Website Payment,Completed,USD,4.99,-0.66,4.33,ORD-500889
06/14/2026,16:42:06,GMT,Riley Carter,WDZWHDV64QE86JSV1,,Website Payment,Completed,USD,9.99,-0.84,9.15,ORD-500004
06/14/2026,17:03:25,GMT,Casey Nguyen,14YZTY4M15M3BQKF0,,Website Payment,Completed,USD,4.99,-0.66,4.33,ORD-501676
06/14/2026,17:17:08,GMT,Sam Porter,WJRKB0NQTF2H0CRQM,,Website Payment,Completed,USD,9.99,-0.84,9.15,ORD-500068
06/14/2026,17:43:33,GMT,Taylor Brooks,0YNTAHVCY80WEYU62,,Website Payment,Completed,USD,9.99,-0.84,9.15,ORD-500847
06/14/2026,17:55:07,GMT,Taylor Brooks,ZJNJD1AQASNX6T6W4,,Website Payment,Completed,USD,59.99,-2.58,57.41,ORD-500624
06/14/2026,18:04:54,GMT,Jordan Lee,C3HNCYPHDKR675L48,,Website Payment,Completed,USD,9.99,-0.84,9.15,ORD-501523
06/14/2026,18:13:57,GMT,Alex Morgan,J3WFNUTYZ0ZKFF9KU,,Website Payment,Completed,USD,9.99,-0.84,9.15,ORD-500937
06/14/2026,18:25:48,GMT,Casey Nguyen,9W5YYC1GNGJAXKPRD,,Website Payment,Completed,USD,59.99,-2.58,57.41,ORD-500888
06/14/2026,18:27:30,GMT,Jamie Ross,63A7210528ZH6DCNR,,Website Payment,Completed,USD,9.99,-0.84,9.15,ORD-501795
06/14/2026,18:52:41,GMT,Sam Porter,3T1CT2BE5L5R7U6GN,,Website Payment,Completed,USD,9.99,-0.84,9.15,ORD-500703
06/14/2026,19:02:06,GMT,Drew Bennett,SPT4AC50V5ERW5S7G,,Website Payment,Completed,USD,9.99,-0.84,9.15,ORD-501302
06/14/2026,19:05:06,GMT,Morgan Hayes,XBTW0T7M1THLEF2V7,,Website Payment,Completed,USD,9.99,-0.84,9.15,ORD-501109
06/14/2026,19:11:10,GMT,Avery Collins,LC67XMU1L120VFVR9,,Website Payment,Completed,USD,24.99,-1.36,23.63,ORD-501980
06/14/2026,19:13:31,GMT,Alex Morgan,EDN730S2NCMFQSE6B,,Website Payment,Completed,USD,59.99,-2.58,57.41,ORD-500598
06/14/2026,19:15:44,GMT,Sam Porter,3QX4HMKXTLNP2VBCN,,Website Payment,Completed,USD,4.99,-0.66,4.33,ORD-501774
06/14/2026,19:36:55,GMT,Jamie Ross,SUGLZ686GA85DED2Y,,Website Payment,Completed,USD,59.99,-2.58,57.41,ORD-500173
06/14/2026,20:20:25,GMT,Taylor Brooks,Q97U79KB1F933E023,,Website Payment,Completed,USD,9.99,-0.84,9.15,ORD-500230
06/15/2026,08:14:57,GMT,Casey Nguyen,V6RAM8WCMXJDE3U2F,,Website Payment,Completed,USD,24.99,-1.36,23.63,ORD-500282
06/15/2026,09:07:26,GMT,Riley Carter,F1VR7JXSPY6TUU0H3,,Website Payment,Completed,USD,9.99,-0.84,9.15,ORD-501854
06/15/2026,09:16:42,GMT,Riley Carter,UR6RNGEPT304TTSTF,,Website Payment,Completed,USD,24.99,-1.36,23.63,ORD-501315
06/15/2026,09:18:25,GMT,Morgan Hayes,VRLH17RBDNQJ2UEL0,,Website Payment,Completed,USD,9.99,-0.84,9.15,ORD-500424
06/15/2026,09:23:11,GMT,Casey Nguyen,4TVHBCK02U8VREFJQ,JZRW7JLMMZQG5Z22N,Refund,Refunded,USD,-9.99,0.00,-9.99,ORD-500051
06/15/2026,09:25:28,GMT,Morgan Hayes,4C6VVW0B56KW6NNDY,,Website Payment,Completed,USD,9.99,-0.84,9.15,ORD-500913
06/15/2026,09:41:41,GMT,Drew Bennett,B2UZGV0RKRKQFHMZX,,Website Payment,Completed,USD,9.99,-0.84,9.15,ORD-500062
06/15/2026,10:06:36,GMT,Avery Collins,YCZ7HVCLCTVXHY4CA,,Website Payment,Completed,USD,24.99,-1.36,23.63,ORD-500817
06/15/2026,10:09:47,GMT,Riley Carter,15LSW2DYVGBF2JU8G,,Website Payment,Completed,USD,9.99,-0.84,9.15,ORD-501902
06/15/2026,10:31:15,GMT,Sam Porter,1VG0SSKL40EBQPSJJ,,Website Payment,Completed,USD,59.99,-2.58,57.41,ORD-501950
06/15/2026,10:46:13,GMT,Taylor Brooks,ZRBYFBXZ1TVX1EKR1,,Website Payment,Completed,USD,59.99,-2.58,57.41,ORD-500502
06/15/2026,10:52:35,GMT,Taylor Brooks,BDJD0SF3XHNUP2UHE,,Website Payment,Completed,USD,9.99,-0.84,9.15,ORD-501899
06/15/2026,10:57:52,GMT,Jordan Lee,VW839UVX72C1YXTQ0,,Website Payment,Completed,USD,24.99,-1.36,23.63,ORD-501610
06/15/2026,11:27:24,GMT,Avery Collins,3XDSV5W8SM72UREJP,,Website Payment,Completed,USD,9.99,-0.84,9.15,ORD-500216
06/15/2026,11:31:18,GMT,Jamie Ross,9HCPV0WK1CH7FAYXN,R8MCV0AKWR78X6HJN,Refund,Refunded,USD,-9.99,0.00,-9.99,ORD-500704
06/15/2026,11:39:21,GMT,Taylor Brooks,FH41MZMAM4Y1YJU3J,,Website Payment,Completed,USD,24.99,-1.36,23.63,ORD-501430
06/15/2026,12:02:45,GMT,Taylor Brooks,QJLU1JQ1PCY90471M,,Website Payment,Completed,USD,9.99,-0.84,9.15,ORD-500686
06/15/2026,12:07:20,GMT,Riley Carter,L4ZAEQG6GQGN98PM3,,Website Payment,Completed,USD,9.99,-0.84,9.15,ORD-500103
06/15/2026,12:26:13,GMT,Riley Carter,BS0HZSK58SD44U0PT,,Website Payment,Completed,USD,24.99,-1.36,23.63,ORD-501412
06/15/2026,12:43:28,GMT,Drew Bennett,KCTR18HAN4A5WKGGF,,Website Payment,Completed,USD,9.99,-0.84,9.15,ORD-500171
06/15/2026,12:44:01,GMT,Jordan Lee,G5VD759G8VYV4RSQP,,Website Payment,Completed,USD,9.99,-0.84,9.15,ORD-500334
06/15/2026,12:46:11,GMT,Sam Porter,86YLA21AT9Z9Y0JQB,,Website Payment,Completed,USD,4.99,-0.66,4.33,ORD-501207
06/15/2026,13:19:27,GMT,Avery Collins,G4A99CNRE5AMT7UHU,,Website Payment,Completed,USD,9.99,-0.84,9.15,ORD-500991
06/15/2026,13:26:12,GMT,Avery Collins,KKHQ2SGQ61USCRZ7B,,Website Payment,Completed,USD,9.99,-0.84,9.15,ORD-500075
06/15/2026,13:46:19,GMT,Jamie Ross,0QR49Z48QCFDXJ0RF,,Website Payment,Completed,USD,24.99,-1.36,23.63,ORD-501875
06/15/2026,14:03:12,GMT,Taylor Brooks,WSPDVUZG0N5XTD3V2,,Website Payment,Completed,USD,4.99,-0.66,4.33,ORD-501420
06/15/2026,14:20:14,GMT,Morgan Hayes,JC3XR16XEJ6MVV08T,,Website Payment,Completed,USD,9.99,-0.84,9.15,ORD-500420
06/15/2026,14:39:27,GMT,Sam Porter,65C7HL70JQVP4WCH3,,Website Payment,Completed,USD,9.99,-0.84,9.15,ORD-500307
06/15/2026,14:43:11,GMT,Avery Collins,Y1LBQLCMW3K6DLAYG,,Website Payment,Completed,USD,9.99,-0.84,9.15,ORD-501971
06/15/2026,14:43:20,GMT,Alex Morgan,3ECDPHCU2MW2PRY94,,Website Payment,Completed,USD,24.99,-1.36,23.63,ORD-500089
06/15/2026,14:46:47,GMT,Jordan Lee,LG0ZFNXHAY801MEF2,,Website Payment,Completed,USD,59.99,-2.58,57.41,ORD-500968
06/15/2026,14:49:45,GMT,Sam Porter,45CZ2BXZR1ZNBLL9A,,Website Payment,Completed,USD,9.99,-0.84,9.15,ORD-501621
06/15/2026,14:50:58,GMT,Jamie Ross,ERGBJ824DK4TNRVG6,,Website Payment,Completed,USD,9.99,-0.84,9.15,ORD-501428
06/15/2026,14:59:18,GMT,Alex Morgan,69MPX7Z27JB4TWK4Y,,Website Payment,Completed,USD,9.99,-0.84,9.15,ORD-502029
06/15/2026,15:01:22,GMT,Avery Collins,PTYUEWHAKF19CDW8H,,Website Payment,Completed,USD,9.99,-0.84,9.15,ORD-501530
06/15/2026,15:23:34,GMT,Taylor Brooks,6L9TR41K3V1JNM4J0,,Website Payment,Denied,USD,9.99,0.00,0.00,ORD-500857
06/15/2026,15:49:01,GMT,Riley Carter,N04G8BZ4M9BGDYGJH,,Website Payment,Completed,USD,4.99,-0.66,4.33,ORD-500258
06/15/2026,15:51:40,GMT,Drew Bennett,PHA8X3SS7RE96PSBJ,,Website Payment,Completed,USD,9.99,-0.84,9.15,ORD-500483
06/15/2026,15:52:21,GMT,Jordan Lee,UAKJ0WXNZ77V8AESP,,Website Payment,Completed,USD,4.99,-0.66,4.33,ORD-500133
06/15/2026,16:09:29,GMT,Sam Porter,9RZ616044TJLV5THP,,Website Payment,Completed,USD,24.99,-1.36,23.63,ORD-501613
06/15/2026,16:10:35,GMT,Drew Bennett,5Q8F0DZ88F9EUCY8G,,Website Payment,Completed,USD,9.99,-0.84,9.15,ORD-500966
06/15/2026,16:26:08,GMT,Jordan Lee,K6UXNW1VKB4P3JPXN,,Website Payment,Completed,USD,24.99,-1.36,23.63,ORD-502036
06/15/2026,16:28:18,GMT,Sam Porter,75JGWB49VWHXNFHH4,,Website Payment,Completed,USD,9.99,-0.84,9.15,ORD-501348
06/15/2026,16:29:32,GMT,Riley Carter,13GCNYR7TFDPKZPD4,,Website Payment,Completed,USD,9.99,-0.84,9.15,ORD-500442
06/15/2026,16:44:25,GMT,Sam Porter,1F9UKWBC252K1W6GS,,Website Payment,Completed,USD,4.99,-0.66,4.33,ORD-501998
06/15/2026,16:45:34,GMT,Sam Porter,5DSKQXAQBJ4CX4HV8,,Website Payment,Completed,USD,4.99,-0.66,4.33,ORD-501157
06/15/2026,16:54:07,GMT,Alex Morgan,QD1NK943MGB1Y4NSU,,Website Payment,Completed,USD,9.99,-0.84,9.15,ORD-500391
06/15/2026,17:04:47,GMT,Drew Bennett,NCVW4MSNN03TJ44WE,,Website Payment,Completed,USD,4.99,-0.66,4.33,ORD-501617
06/15/2026,17:19:18,GMT,Sam Porter,9XPZFD1JJE1J27SJT,,Website Payment,Completed,USD,9.99,-0.84,9.15,ORD-501792
06/15/2026,17:45:18,GMT,Morgan Hayes,7NYC16852MALCDZ15,,Website Payment,Completed,USD,9.99,-0.84,9.15,ORD-500986
06/15/2026,17:52:08,GMT,Taylor Brooks,GHBM1HWA8AHTVA61X,,Website Payment,Completed,USD,24.99,-1.36,23.63,ORD-501864
06/15/2026,17:54:50,GMT,Jamie Ross,4SWSSCX272X47TH86,,Website Payment,Completed,USD,4.99,-0.66,4.33,ORD-501280
06/15/2026,18:04:57,GMT,Taylor Brooks,1NXE65EL6HBTVE0KR,,Website Payment,Completed,USD,9.99,-0.84,9.15,ORD-500828
06/15/2026,18:41:35,GMT,Alex Morgan,UQJCW27P2MD3XNCGQ,,Website Payment,Completed,USD,59.99,-2.58,57.41,ORD-501512
06/15/2026,18:48:31,GMT,Sam Porter,BVLYE3FPRSNTXZV8N,,Website Payment,Completed,USD,9.99,-0.84,9.15,ORD-501673
06/15/2026,18:53:12,GMT,Drew Bennett,0CWV1YBTAVLUL4Q2Q,,Website Payment,Completed,USD,24.99,-1.36,23.63,ORD-500412
06/15/2026,18:57:34,GMT,Morgan Hayes,TQ3M90N9GF9YZFZPL,,Website Payment,Completed,USD,9.99,-0.84,9.15,ORD-501853
06/15/2026,19:22:15,GMT,Morgan Hayes,VEPPSEJ671AW50ASG,,Website Payment,Completed,USD,9.99,-0.84,9.15,ORD-500896
06/15/2026,19:43:04,GMT,Alex Morgan,YRKC2CQTUHZJMV8RN,,Website Payment,Completed,USD,9.99,-0.84,9.15,ORD-501063
06/15/2026,19:45:46,GMT,Alex Morgan,RXNSVC5934PESWSLD,,Website Payment,Completed,USD,59.99,-2.58,57.41,ORD-501996
06/15/2026,20:12:08,GMT,Riley Carter,U3XNF06E5UVH0U9EJ,,Website Payment,Completed,USD,9.99,-0.84,9.15,ORD-500749
06/16/2026,07:37:43,GMT,Alex Morgan,18TAW1EGMJGN1Y1MX,,Website Payment,Completed,USD,9.99,-0.84,9.15,ORD-500914
06/16/2026,08:02:04,GMT,Sam Porter,VUE47XLF8YJEFMTUN,,Website Payment,Completed,USD,59.99,-2.58,57.41,ORD-500942
06/16/2026,08:09:56,GMT,Avery Collins,01AN8FGK1VXQQH9MM,,Website Payment,Completed,USD,9.99,-0.84,9.15,ORD-501593
06/16/2026,08:11:02,GMT,Morgan Hayes,YLYZ7HSHVNDJTY920,,Website Payment,Completed,USD,59.99,-2.58,57.41,ORD-500219
06/16/2026,08:38:59,GMT,Riley Carter,DDU92YKD4LUP39E1L,,Website Payment,Completed,USD,59.99,-2.58,57.41,ORD-501377
06/16/2026,08:39:14,GMT,Riley Carter,VBN2BVG0BU2HQ2LEH,,Website Payment,Completed,USD,9.99,-0.84,9.15,ORD-501308
06/16/2026,08:43:26,GMT,Alex Morgan,UDWM4HNQH73WF9MHP,,Website Payment,Denied,USD,9.99,0.00,0.00,ORD-501911
06/16/2026,08:51:06,GMT,Riley Carter,VDL9AH4J6TNXYN229,,Website Payment,Completed,USD,9.99,-0.84,9.15,ORD-500140
06/16/2026,09:00:39,GMT,Riley Carter,SXNZQCGAS4P3M05KL,,Website Payment,Completed,USD,4.99,-0.66,4.33,ORD-500617
06/16/2026,09:01:07,GMT,Casey Nguyen,MDCK8GP1835FAJP1Z,,Website Payment,Completed,USD,9.99,-0.84,9.15,ORD-500579
06/16/2026,09:09:27,GMT,Jordan Lee,PDLZP4PGKVE2AUY5C,,Website Payment,Completed,USD,9.99,-0.84,9.15,ORD-502017
06/16/2026,09:14:15,GMT,Casey Nguyen,WA4LJEE84M9UT3W5J,,Website Payment,Completed,USD,24.99,-1.36,23.63,ORD-500932
06/16/2026,09:25:54,GMT,Morgan Hayes,TL1HV1JSB9GS0MBNF,,Website Payment,Completed,USD,4.99,-0.66,4.33,ORD-501145
06/16/2026,09:26:04,GMT,Taylor Brooks,1S3QN4FDWMC846FUY,,Website Payment,Completed,USD,9.99,-0.84,9.15,ORD-501318
06/16/2026,09:42:21,GMT,Sam Porter,8N9Y6G8HQS2NL3MUR,,Website Payment,Denied,USD,24.99,0.00,0.00,ORD-501209
06/16/2026,09:48:35,GMT,Casey Nguyen,GQ7HGWRVEDAFTUTVE,,Website Payment,Completed,USD,9.99,-0.84,9.15,ORD-501985
06/16/2026,09:57:14,GMT,Alex Morgan,MVC89XUX2N4VJKNEP,,Website Payment,Completed,USD,9.99,-0.84,9.15,ORD-500911
06/16/2026,10:00:59,GMT,Avery Collins,3BQ2CVJZ0U48VNCQT,,Website Payment,Completed,USD,59.99,-2.58,57.41,ORD-500587
06/16/2026,10:18:19,GMT,Sam Porter,K5BK7RG7UWF0X72MU,,Website Payment,Completed,USD,24.99,-1.36,23.63,ORD-500341
06/16/2026,10:33:52,GMT,Riley Carter,DUPJ3CTUDV2TYJASF,,Website Payment,Completed,USD,9.99,-0.84,9.15,ORD-501219
06/16/2026,10:56:11,GMT,Sam Porter,HZ35GXFDFH9Y4ZB75,,Website Payment,Completed,USD,59.99,-2.58,57.41,ORD-501799
06/16/2026,10:57:31,GMT,Alex Morgan,J7T2UU6BVZLZ61VWX,,Website Payment,Completed,USD,9.99,-0.84,9.15,ORD-501871
06/16/2026,10:59:32,GMT,Riley Carter,XHKMLS5GJWZ6GCC0Z,,Website Payment,Completed,USD,9.99,-0.84,9.15,ORD-500700
06/16/2026,11:06:02,GMT,Sam Porter,KKU7BWY9PECV800T2,,Website Payment,Completed,USD,24.99,-1.36,23.63,ORD-502049
06/16/2026,11:10:01,GMT,Avery Collins,HUR8MEQ02YHXWH9YJ,,Website Payment,Completed,USD,24.99,-1.36,23.63,ORD-501368
06/16/2026,11:14:26,GMT,Riley Carter,Y6WGRJX7UN60VZ3SP,,Website Payment,Completed,USD,4.99,-0.66,4.33,ORD-501111
06/16/2026,11:41:31,GMT,Casey Nguyen,1KM8E52NYHSTCQ1SE,,Website Payment,Completed,USD,24.99,-1.36,23.63,ORD-501870
06/16/2026,11:44:19,GMT,Casey Nguyen,SETQP4LX6AX9VNCCC,0QR49Z48QCFDXJ0RF,Refund,Refunded,USD,-24.99,0.00,-24.99,ORD-501875
06/16/2026,11:54:03,GMT,Taylor Brooks,CWQJBK1U8MDXP6TYP,,Website Payment,Completed,USD,9.99,-0.84,9.15,ORD-501691
06/16/2026,11:59:56,GMT,Sam Porter,V2B61TPD4SFA3LBJG,,Website Payment,Denied,USD,24.99,0.00,0.00,ORD-501452
06/16/2026,12:26:04,GMT,Sam Porter,GENVVFF4SA7ZZY9TB,,Website Payment,Completed,USD,9.99,-0.84,9.15,ORD-501814
06/16/2026,12:46:18,GMT,Avery Collins,GBDP3S389FXW61TSJ,,Website Payment,Completed,USD,9.99,-0.84,9.15,ORD-501707
06/16/2026,12:48:20,GMT,Sam Porter,2Z46DS8CBGB3U4A8W,,Website Payment,Denied,USD,4.99,0.00,0.00,ORD-501735
06/16/2026,12:59:34,GMT,Morgan Hayes,Y3JAEPP85NM0BDHWQ,,Website Payment,Completed,USD,9.99,-0.84,9.15,ORD-501005
06/16/2026,13:04:25,GMT,Alex Morgan,M74DG88T13B5L7J87,,Website Payment,Completed,USD,9.99,-0.84,9.15,ORD-501275
06/16/2026,13:26:09,GMT,Drew Bennett,BU6ABZGZUA92PLLU5,,Website Payment,Completed,USD,9.99,-0.84,9.15,ORD-500165
06/16/2026,13:29:55,GMT,Morgan Hayes,MLSKGKM5TLDEBQFDX,,Website Payment,Completed,USD,59.99,-2.58,57.41,ORD-501641
06/16/2026,13:37:40,GMT,Jamie Ross,7BX9NG2EB4VCNQZW1,,Website Payment,Completed,USD,9.99,-0.84,9.15,ORD-500465
06/16/2026,13:38:17,GMT,Morgan Hayes,11FUJJJTSJZ1G6N2F,,Website Payment,Completed,USD,9.99,-0.84,9.15,ORD-501862
06/16/2026,13:41:55,GMT,Drew Bennett,6G0FMZGHVV38XPD47,,Website Payment,Completed,USD,9.99,-0.84,9.15,ORD-500581
06/16/2026,13:46:26,GMT,Taylor Brooks,BBNWTYL7EDY1VP3J7,,Website Payment,Completed,USD,24.99,-1.36,23.63,ORD-500028
06/16/2026,13:47:37,GMT,Taylor Brooks,THSFTM6ZVWJNDWXVZ,,Website Payment,Completed,USD,9.99,-0.84,9.15,ORD-501602
06/16/2026,13:47:46,GMT,Jamie Ross,DPL58KBE8U3SUKCDC,,Website Payment,Completed,USD,24.99,-1.36,23.63,ORD-501949
06/16/2026,13:54:34,GMT,Morgan Hayes,Q9DNNTYHV9GT4LE44,,Website Payment,Completed,USD,24.99,-1.36,23.63,ORD-500610
06/16/2026,14:34:20,GMT,Sam Porter,UV0GEVYDK18W6DKCF,,Website Payment,Completed,USD,24.99,-1.36,23.63,ORD-501951
06/16/2026,14:41:43,GMT,Casey Nguyen,MXL36Z09W6EZKNWFT,,Website Payment,Denied,USD,24.99,0.00,0.00,ORD-501719
06/16/2026,15:26:19,GMT,Alex Morgan,9L4DV2FS5D5PL6S6M,,Website Payment,Completed,USD,9.99,-0.84,9.15,ORD-501227
06/16/2026,15:31:52,GMT,Taylor Brooks,CJ44C6BA3M13ZUMUU,,Website Payment,Completed,USD,24.99,-1.36,23.63,ORD-501451
06/16/2026,15:40:32,GMT,Drew Bennett,NMNLWGM6TGKBMPCN4,,Website Payment,Completed,USD,59.99,-2.58,57.41,ORD-500229
06/16/2026,15:50:15,GMT,Sam Porter,3QF6V9FJYX5YCSVTZ,,Website Payment,Completed,USD,9.99,-0.84,9.15,ORD-501855
06/16/2026,15:52:20,GMT,Alex Morgan,9R1R6HDF49QZ2SWV0,,Website Payment,Completed,USD,9.99,-0.84,9.15,ORD-500461
06/16/2026,15:58:52,GMT,Morgan Hayes,R24GBRDZERMNEFEN3,,Website Payment,Denied,USD,24.99,0.00,0.00,ORD-501674
06/16/2026,16:00:48,GMT,Alex Morgan,UCTP97VM9R5YD5RN0,,Website Payment,Completed,USD,24.99,-1.36,23.63,ORD-501909
06/16/2026,16:01:54,GMT,Casey Nguyen,X3MAQN97F8SXYLVJJ,,Website Payment,Completed,USD,9.99,-0.84,9.15,ORD-500104
06/16/2026,16:16:26,GMT,Avery Collins,7DJVDXHA8S4ZW57PD,,Website Payment,Completed,USD,24.99,-1.36,23.63,ORD-500566
06/16/2026,16:21:13,GMT,Alex Morgan,ETBDP1KBWWL7Q09AP,,Website Payment,Completed,USD,9.99,-0.84,9.15,ORD-501328
06/16/2026,16:45:01,GMT,Taylor Brooks,79T9NQ8XWXR5NBSZ4,,Website Payment,Completed,USD,9.99,-0.84,9.15,ORD-501128
06/16/2026,16:55:46,GMT,Sam Porter,HGN6P5R4NMQFCM7G0,,Website Payment,Completed,USD,9.99,-0.84,9.15,ORD-500095
06/16/2026,17:04:43,GMT,Riley Carter,SZ0BCDN8BHF5R2C4A,,Website Payment,Completed,USD,9.99,-0.84,9.15,ORD-501756
06/16/2026,17:09:02,GMT,Riley Carter,7DB1W7PSUBYPUJS8A,,Website Payment,Completed,USD,4.99,-0.66,4.33,ORD-500783
06/16/2026,17:09:16,GMT,Avery Collins,GK0TH38M8WFRC34A3,,Website Payment,Completed,USD,9.99,-0.84,9.15,ORD-501925
06/16/2026,17:27:24,GMT,Taylor Brooks,AKM01HHQFKWDBYKPH,,Website Payment,Denied,USD,9.99,0.00,0.00,ORD-501467
06/16/2026,17:31:23,GMT,Avery Collins,XW127WUX9XANBLYNJ,,Website Payment,Completed,USD,24.99,-1.36,23.63,ORD-501843
06/16/2026,17:33:24,GMT,Avery Collins,6BT59B7RKSKL9F1VR,,Website Payment,Completed,USD,4.99,-0.66,4.33,ORD-500357
06/16/2026,17:39:53,GMT,Taylor Brooks,PEXQDQSY0NE9N15BB,,Website Payment,Completed,USD,9.99,-0.84,9.15,ORD-501623
06/16/2026,17:42:07,GMT,Jamie Ross,EU5S79J4FUD8FZPK5,,Website Payment,Completed,USD,59.99,-2.58,57.41,ORD-500615
06/16/2026,17:49:01,GMT,Jamie Ross,46ZEVCZ37MQHJFX33,,Website Payment,Completed,USD,4.99,-0.66,4.33,ORD-501413
06/16/2026,17:49:46,GMT,Taylor Brooks,Z5N6XJR4LCDYCV1EC,,Website Payment,Completed,USD,24.99,-1.36,23.63,ORD-501131
06/16/2026,17:58:38,GMT,Sam Porter,FVZ7LDYFWNXKF3YT6,,Website Payment,Completed,USD,9.99,-0.84,9.15,ORD-500763
06/16/2026,18:01:32,GMT,Drew Bennett,YCTRV7FX22QGFPWA8,,Website Payment,Completed,USD,9.99,-0.84,9.15,ORD-500850
06/16/2026,18:31:11,GMT,Avery Collins,VBGX6DEMV6NARRBWC,,Website Payment,Completed,USD,24.99,-1.36,23.63,ORD-501043
06/16/2026,18:46:52,GMT,Avery Collins,DFGUSPKFSHW7KF8W9,,Website Payment,Completed,USD,4.99,-0.66,4.33,ORD-500349
06/16/2026,18:49:29,GMT,Drew Bennett,SVYVK6F1005XPN2ET,,Website Payment,Denied,USD,24.99,0.00,0.00,ORD-501319
06/16/2026,18:53:19,GMT,Avery Collins,NQ32MDJL1R95H89T6,,Website Payment,Completed,USD,24.99,-1.36,23.63,ORD-501052
06/16/2026,19:16:31,GMT,Alex Morgan,J62HSET1U2D961UA1,,Website Payment,Completed,USD,4.99,-0.66,4.33,ORD-501763
06/16/2026,19:54:45,GMT,Morgan Hayes,C582R4JG7XDKD3ZFD,,Website Payment,Completed,USD,9.99,-0.84,9.15,ORD-501410
06/16/2026,20:29:28,GMT,Alex Morgan,C2JAU9CPG24JWV2F9,,Website Payment,Completed,USD,4.99,-0.66,4.33,ORD-500501
06/17/2026,07:39:36,GMT,Riley Carter,3CPF2NS4ST0S553DK,,Website Payment,Completed,USD,9.99,-0.84,9.15,ORD-501375
06/17/2026,07:52:36,GMT,Alex Morgan,R4CJCVKRQQWDUBAXH,,Website Payment,Completed,USD,4.99,-0.66,4.33,ORD-501993
06/17/2026,08:21:42,GMT,Jordan Lee,7LY4X0S6B2T5D65LA,,Website Payment,Completed,USD,9.99,-0.84,9.15,ORD-500186
06/17/2026,08:28:10,GMT,Alex Morgan,EMH7UA93Z8AGX4QBZ,,Website Payment,Completed,USD,9.99,-0.84,9.15,ORD-501155
06/17/2026,08:45:34,GMT,Riley Carter,613SSFA1G8Z3V1H14,,Website Payment,Completed,USD,4.99,-0.66,4.33,ORD-500872
06/17/2026,08:56:55,GMT,Jamie Ross,S08G45MNSP27C45NA,,Website Payment,Completed,USD,24.99,-1.36,23.63,ORD-500269
06/17/2026,09:00:38,GMT,Jamie Ross,PKRDLGDG047KBCZQC,,Website Payment,Completed,USD,59.99,-2.58,57.41,ORD-501257
06/17/2026,09:12:46,GMT,Avery Collins,PDLHKLQCCY74NNF0D,,Website Payment,Denied,USD,59.99,0.00,0.00,ORD-500493
06/17/2026,09:17:13,GMT,Alex Morgan,0NC2WUNNNZKZRLJZF,,Website Payment,Completed,USD,59.99,-2.58,57.41,ORD-501400
06/17/2026,09:22:41,GMT,Riley Carter,PZFJMVC6ZLJV1ELD7,,Website Payment,Completed,USD,9.99,-0.84,9.15,ORD-501434
06/17/2026,09:55:59,GMT,Riley Carter,8V9MDPQJ2SF50EUG5,,Website Payment,Completed,USD,9.99,-0.84,9.15,ORD-500356
06/17/2026,09:59:49,GMT,Riley Carter,1Q0D1SUW84LS5138L,,Website Payment,Completed,USD,9.99,-0.84,9.15,ORD-500297
06/17/2026,10:14:58,GMT,Jordan Lee,RC2ZTTUK1PB4E6JYF,,Website Payment,Denied,USD,24.99,0.00,0.00,ORD-500690
06/17/2026,10:21:14,GMT,Sam Porter,F20B0HN5Y8N13AK0Y,,Website Payment,Completed,USD,9.99,-0.84,9.15,ORD-500256
06/17/2026,10:23:44,GMT,Jamie Ross,B5F3GVGLVTYZUYVN0,,Website Payment,Completed,USD,9.99,-0.84,9.15,ORD-501461
06/17/2026,10:36:07,GMT,Jordan Lee,FVHT8W58RNHTECA91,,Website Payment,Completed,USD,4.99,-0.66,4.33,ORD-500070
06/17/2026,10:37:39,GMT,Jamie Ross,Q68FBBWBV0SZ86LQ5,,Website Payment,Completed,USD,9.99,-0.84,9.15,ORD-500106
06/17/2026,10:50:20,GMT,Casey Nguyen,1Y6YTZMVSY3J5MA6F,HJYGL73X8YGTBVS91,Refund,Refunded,USD,-24.99,0.00,-24.99,ORD-501791
06/17/2026,10:54:44,GMT,Jamie Ross,7FNC0C3UJQ176AZPC,,Website Payment,Completed,USD,9.99,-0.84,9.15,ORD-501384
06/17/2026,11:04:33,GMT,Drew Bennett,U20M9S06EVFNBZAG6,,Website Payment,Completed,USD,24.99,-1.36,23.63,ORD-500770
06/17/2026,11:17:51,GMT,Drew Bennett,W3YYJAJABTMYA8WVL,,Website Payment,Completed,USD,24.99,-1.36,23.63,ORD-501173
06/17/2026,11:20:29,GMT,Sam Porter,QUK26DZPKN98C01ZE,,Website Payment,Denied,USD,9.99,0.00,0.00,ORD-501880
06/17/2026,11:25:11,GMT,Sam Porter,VMDUM7EUQ08Y1HP55,,Website Payment,Completed,USD,9.99,-0.84,9.15,ORD-502022
06/17/2026,11:56:15,GMT,Jordan Lee,M74M586QU8CWCA09G,,Website Payment,Completed,USD,59.99,-2.58,57.41,ORD-501742
06/17/2026,12:24:30,GMT,Drew Bennett,BZ4VN8SPD61NHLB9T,,Website Payment,Completed,USD,24.99,-1.36,23.63,ORD-500331
06/17/2026,12:26:25,GMT,Drew Bennett,2XZR24VJY24WX5N4B,,Website Payment,Completed,USD,4.99,-0.66,4.33,ORD-500475
06/17/2026,12:50:16,GMT,Avery Collins,FV350HL85KDEZVW5E,,Website Payment,Completed,USD,24.99,-1.36,23.63,ORD-500816
06/17/2026,13:11:04,GMT,Sam Porter,VS9W55L2HFSE2Y362,,Website Payment,Completed,USD,9.99,-0.84,9.15,ORD-500978
06/17/2026,13:34:14,GMT,Morgan Hayes,B66RQU7YH1W7Q7KB9,,Website Payment,Completed,USD,9.99,-0.84,9.15,ORD-500064
06/17/2026,14:01:31,GMT,Sam Porter,4ULGA6RDSYAKYGQUX,,Website Payment,Completed,USD,24.99,-1.36,23.63,ORD-500939
06/17/2026,14:17:00,GMT,Taylor Brooks,GYU2HF56VRX2BMUXA,,Website Payment,Completed,USD,4.99,-0.66,4.33,ORD-501278
06/17/2026,14:36:17,GMT,Avery Collins,NCQGYWTPNC1RDRGR9,,Website Payment,Completed,USD,9.99,-0.84,9.15,ORD-501541
06/17/2026,14:38:33,GMT,Riley Carter,9T2T3AFKX6N17A002,,Website Payment,Completed,USD,9.99,-0.84,9.15,ORD-500609
06/17/2026,14:49:40,GMT,Morgan Hayes,YK2UFRTWG4PWG98QL,,Website Payment,Completed,USD,9.99,-0.84,9.15,ORD-500271
06/17/2026,15:12:29,GMT,Jamie Ross,6LH732K29WZVHZA37,,Website Payment,Completed,USD,9.99,-0.84,9.15,ORD-502002
06/17/2026,15:28:30,GMT,Drew Bennett,4V5XAQ75VBJ4U8G73,,Website Payment,Completed,USD,59.99,-2.58,57.41,ORD-502035
06/17/2026,15:35:32,GMT,Avery Collins,01G1668BWF0R8NJTM,,Website Payment,Completed,USD,4.99,-0.66,4.33,ORD-500516
06/17/2026,15:42:51,GMT,Morgan Hayes,EUMGDEE5DBYRSE0TB,,Website Payment,Completed,USD,59.99,-2.58,57.41,ORD-500147
06/17/2026,15:52:28,GMT,Sam Porter,U3WF911QN3Q0DL8CM,,Website Payment,Completed,USD,9.99,-0.84,9.15,ORD-500627
06/17/2026,15:56:53,GMT,Drew Bennett,BMVXMABYPAM8A1Y7D,,Website Payment,Completed,USD,9.99,-0.84,9.15,ORD-501596
06/17/2026,16:14:33,GMT,Drew Bennett,TGH5AC5JPE366755X,,Website Payment,Completed,USD,9.99,-0.84,9.15,ORD-500011
06/17/2026,16:19:53,GMT,Avery Collins,VMAHM52KHTMFVZ2JB,,Website Payment,Completed,USD,9.99,-0.84,9.15,ORD-501731
06/17/2026,16:28:53,GMT,Jamie Ross,909URE7JB5FC5YX7S,,Website Payment,Denied,USD,9.99,0.00,0.00,ORD-501932
06/17/2026,16:35:41,GMT,Taylor Brooks,7ZXDQLMCC36H7UREQ,,Website Payment,Completed,USD,9.99,-0.84,9.15,ORD-500393
06/17/2026,16:51:46,GMT,Casey Nguyen,LRWKUA6P9E1QE0VMG,,Website Payment,Completed,USD,4.99,-0.66,4.33,ORD-500214
06/17/2026,16:52:36,GMT,Riley Carter,39LFU6EPAKBM3J6TY,,Website Payment,Completed,USD,9.99,-0.84,9.15,ORD-501141
06/17/2026,16:52:50,GMT,Drew Bennett,1UYESTCX94RTW789Q,,Website Payment,Completed,USD,4.99,-0.66,4.33,ORD-500835
06/17/2026,16:53:00,GMT,Drew Bennett,8J1C686UYXNSDWQNU,,Website Payment,Completed,USD,59.99,-2.58,57.41,ORD-501202
06/17/2026,17:02:33,GMT,Drew Bennett,51CVFFYEMH2ATJ3Y2,,Website Payment,Denied,USD,24.99,0.00,0.00,ORD-500545
06/17/2026,17:06:19,GMT,Taylor Brooks,46GYUVM45V2GT5C21,,Website Payment,Completed,USD,9.99,-0.84,9.15,ORD-500373
06/17/2026,17:14:54,GMT,Jamie Ross,NJ3844NL39H9UST3A,,Website Payment,Completed,USD,59.99,-2.58,57.41,ORD-501150
06/17/2026,17:19:54,GMT,Alex Morgan,MB5EZ1BNTCX8JTJ05,,Website Payment,Denied,USD,9.99,0.00,0.00,ORD-501514
06/17/2026,17:22:16,GMT,Alex Morgan,V7SGXW7KNX4PVR4LX,,Website Payment,Completed,USD,9.99,-0.84,9.15,ORD-501252
06/17/2026,17:29:30,GMT,Jamie Ross,71YGJUMJX9J4SDS6L,,Website Payment,Completed,USD,24.99,-1.36,23.63,ORD-500532
06/17/2026,17:42:39,GMT,Morgan Hayes,1A9CKMDZWB2PT41CQ,,Website Payment,Completed,USD,9.99,-0.84,9.15,ORD-501362
06/17/2026,17:52:39,GMT,Avery Collins,U75HUGYDDZWYR6NAV,,Website Payment,Denied,USD,24.99,0.00,0.00,ORD-501345
06/17/2026,18:01:48,GMT,Jamie Ross,3MZRYE654R5S6YL6S,,Website Payment,Completed,USD,4.99,-0.66,4.33,ORD-500471
06/17/2026,18:10:56,GMT,Jordan Lee,MDL2XRFXJ944ZFC08,,Website Payment,Completed,USD,9.99,-0.84,9.15,ORD-501392
06/17/2026,18:11:28,GMT,Jamie Ross,RGGR6FYN9T6FU2S83,,Website Payment,Completed,USD,24.99,-1.36,23.63,ORD-501900
06/17/2026,18:20:59,GMT,Drew Bennett,N8ZU6VVC2RGFF3XJD,,Website Payment,Completed,USD,9.99,-0.84,9.15,ORD-501075
06/17/2026,18:31:53,GMT,Taylor Brooks,NDZ675AXA732Z2PFV,,Website Payment,Completed,USD,24.99,-1.36,23.63,ORD-500027
06/17/2026,18:53:33,GMT,Casey Nguyen,EYSQMCLNECDUXVT75,,Website Payment,Completed,USD,24.99,-1.36,23.63,ORD-500606
06/17/2026,19:43:47,GMT,Sam Porter,03L714BZTPG71W8CE,,Website Payment,Completed,USD,24.99,-1.36,23.63,ORD-500771
06/17/2026,19:51:35,GMT,Riley Carter,QBNGV5LBMPL4D8VX1,,Website Payment,Completed,USD,24.99,-1.36,23.63,ORD-500162
06/17/2026,20:13:43,GMT,Casey Nguyen,HCUQ5UJ6UXPPQCE9C,,Website Payment,Completed,USD,9.99,-0.84,9.15,ORD-501171
06/18/2026,08:05:26,GMT,Alex Morgan,UAAWT08RHBP5BV7MK,,Website Payment,Completed,USD,9.99,-0.84,9.15,ORD-500187
06/18/2026,08:10:43,GMT,Alex Morgan,JRMAZLUJDU9XWFCU4,,Website Payment,Denied,USD,9.99,0.00,0.00,ORD-500253
06/18/2026,08:30:44,GMT,Riley Carter,Q269P4YZ4AUE5H83C,,Website Payment,Completed,USD,9.99,-0.84,9.15,ORD-500036
06/18/2026,08:31:00,GMT,Taylor Brooks,C9A0K8EW2BZVYCWM2,,Website Payment,Denied,USD,59.99,0.00,0.00,ORD-500953
06/18/2026,08:44:03,GMT,Alex Morgan,UY6HAR1T8EVB1NYBM,,Website Payment,Completed,USD,9.99,-0.84,9.15,ORD-500288
06/18/2026,09:28:02,GMT,Jamie Ross,H60D6REPAKARAM2RS,,Website Payment,Completed,USD,24.99,-1.36,23.63,ORD-500200
06/18/2026,09:35:25,GMT,Jamie Ross,MXRHKEFN78RN6M8C7,,Website Payment,Completed,USD,9.99,-0.84,9.15,ORD-500621
06/18/2026,09:47:26,GMT,Riley Carter,KWR2MXKFQ7AZ0V7ZP,,Website Payment,Completed,USD,9.99,-0.84,9.15,ORD-500804
06/18/2026,10:04:11,GMT,Morgan Hayes,XG4Q2DUQXLWMLPYTC,,Website Payment,Completed,USD,59.99,-2.58,57.41,ORD-500923
06/18/2026,10:16:22,GMT,Avery Collins,LYC8BV6T7AVTPYHRH,,Website Payment,Completed,USD,4.99,-0.66,4.33,ORD-500800
06/18/2026,10:24:30,GMT,Avery Collins,M88L92YRF171CXET0,,Website Payment,Completed,USD,24.99,-1.36,23.63,ORD-501851
06/18/2026,10:32:21,GMT,Sam Porter,0JF5YM5PREKS44DC7,,Website Payment,Completed,USD,9.99,-0.84,9.15,ORD-500059
06/18/2026,10:35:43,GMT,Drew Bennett,81F66788AK0M3WLYF,ELBG1ZZT76U9Z39WC,Refund,Refunded,USD,-4.99,0.00,-4.99,ORD-500889
06/18/2026,10:38:44,GMT,Jordan Lee,V9YTJ5DQ23FSC0CH1,,Website Payment,Completed,USD,4.99,-0.66,4.33,ORD-500242
06/18/2026,10:41:46,GMT,Jamie Ross,LFP5WDHYZEQSWR544,WMWDYSRA52AQ6HRUY,Refund,Refunded,USD,-5.00,0.00,-5.00,ORD-501576
06/18/2026,10:54:02,GMT,Casey Nguyen,SAAPDBLNST0US9MJH,,Website Payment,Completed,USD,9.99,-0.84,9.15,ORD-500410
06/18/2026,10:55:10,GMT,Avery Collins,370VZY8A0Y2RV7UV9,,Website Payment,Completed,USD,24.99,-1.36,23.63,ORD-501395
06/18/2026,11:03:41,GMT,Drew Bennett,EJU2B5Y3MYD70RC97,,Website Payment,Completed,USD,9.99,-0.84,9.15,ORD-501372
06/18/2026,11:20:55,GMT,Morgan Hayes,6HV7SSHHLZXWR528U,,Website Payment,Completed,USD,9.99,-0.84,9.15,ORD-500880
06/18/2026,11:27:32,GMT,Drew Bennett,AXHTX8N5LKX3M50EN,,Website Payment,Completed,USD,9.99,-0.84,9.15,ORD-501520
06/18/2026,11:27:38,GMT,Drew Bennett,N9EC11G802Z7YXXR3,,Website Payment,Completed,USD,9.99,-0.84,9.15,ORD-500057
06/18/2026,11:41:23,GMT,Morgan Hayes,LBQY2PUF2UP2AK9L5,,Website Payment,Completed,USD,9.99,-0.84,9.15,ORD-501561
06/18/2026,12:08:46,GMT,Drew Bennett,LK86LMY0AK3GWEEPC,,Website Payment,Completed,USD,9.99,-0.84,9.15,ORD-501239
06/18/2026,12:18:22,GMT,Avery Collins,L9FCE060HDXGWBBN3,,Website Payment,Completed,USD,24.99,-1.36,23.63,ORD-500525
06/18/2026,12:29:13,GMT,Alex Morgan,SZ5JJJDV76180F1SL,,Website Payment,Completed,USD,9.99,-0.84,9.15,ORD-500653
06/18/2026,12:43:45,GMT,Casey Nguyen,YJV5MWZ5EN6XZP282,,Website Payment,Completed,USD,9.99,-0.84,9.15,ORD-500539
06/18/2026,12:56:38,GMT,Jamie Ross,8MWKAEEEQ54P94JTE,,Website Payment,Completed,USD,9.99,-0.84,9.15,ORD-500215
06/18/2026,13:10:42,GMT,Jamie Ross,1R75YAHY66VE7K3KS,,Website Payment,Denied,USD,4.99,0.00,0.00,ORD-500588
06/18/2026,13:17:17,GMT,Casey Nguyen,JUKKB1JT31YKYGXLR,,Website Payment,Completed,USD,9.99,-0.84,9.15,ORD-500408
06/18/2026,13:27:21,GMT,Avery Collins,YMKRVHVWWTZ5ELBLP,,Website Payment,Completed,USD,4.99,-0.66,4.33,ORD-501819
06/18/2026,13:28:46,GMT,Alex Morgan,UCHR3XC1A80HD75GQ,,Website Payment,Completed,USD,9.99,-0.84,9.15,ORD-501247
06/18/2026,13:29:05,GMT,Taylor Brooks,0J0EN3N8PCMCK6KHR,,Website Payment,Completed,USD,9.99,-0.84,9.15,ORD-500538
06/18/2026,13:40:07,GMT,Casey Nguyen,A96DZGZ0Q3S6EGKXM,,Website Payment,Completed,USD,9.99,-0.84,9.15,ORD-500460
06/18/2026,13:42:35,GMT,Taylor Brooks,G7YKJ7DBC7ZYS6DJ5,,Website Payment,Completed,USD,24.99,-1.36,23.63,ORD-500112
06/18/2026,13:59:53,GMT,Alex Morgan,M01EAG73WVV7ASDXV,,Website Payment,Completed,USD,24.99,-1.36,23.63,ORD-501435
06/18/2026,14:00:07,GMT,Drew Bennett,G24KWY51VWNXJEX35,,Website Payment,Completed,USD,9.99,-0.84,9.15,ORD-502039
06/18/2026,14:26:32,GMT,Jamie Ross,U9SA3YAAKXZA75NV4,,Website Payment,Completed,USD,9.99,-0.84,9.15,ORD-501654
06/18/2026,14:49:14,GMT,Avery Collins,XAJGYDDJHCR9PGLBA,,Website Payment,Completed,USD,59.99,-2.58,57.41,ORD-501285
06/18/2026,14:56:33,GMT,Taylor Brooks,55G53EZ203LFVY5JJ,,Website Payment,Completed,USD,59.99,-2.58,57.41,ORD-500405
06/18/2026,14:58:31,GMT,Drew Bennett,H56WPYSF471QB0LQP,,Website Payment,Completed,USD,9.99,-0.84,9.15,ORD-501526
06/18/2026,15:21:56,GMT,Drew Bennett,Z67V4HA5297DBS92M,,Website Payment,Completed,USD,9.99,-0.84,9.15,ORD-501332
06/18/2026,15:30:08,GMT,Morgan Hayes,H5ZV9YUQ3J587SQDE,,Website Payment,Completed,USD,9.99,-0.84,9.15,ORD-500432
06/18/2026,15:41:17,GMT,Drew Bennett,QDS5QTS0Y3SG2FVN5,,Website Payment,Denied,USD,9.99,0.00,0.00,ORD-500871
06/18/2026,15:57:06,GMT,Morgan Hayes,X0J16EBNH4LKNDYB5,,Website Payment,Completed,USD,9.99,-0.84,9.15,ORD-500456
06/18/2026,16:02:55,GMT,Taylor Brooks,35CVN0RA9SN72CYA0,,Website Payment,Denied,USD,24.99,0.00,0.00,ORD-501425
06/18/2026,16:21:53,GMT,Jamie Ross,L8QCFCZJ43X38CVDQ,,Website Payment,Completed,USD,9.99,-0.84,9.15,ORD-500082
06/18/2026,16:26:47,GMT,Jordan Lee,HYXBQQYGL3Y1XGLGX,,Website Payment,Completed,USD,9.99,-0.84,9.15,ORD-501297
06/18/2026,16:35:09,GMT,Taylor Brooks,DF7KX851ZA70CEFT8,,Website Payment,Denied,USD,9.99,0.00,0.00,ORD-500042
06/18/2026,16:43:35,GMT,Avery Collins,VS1CAM7Z1Y92LJ88L,,Website Payment,Completed,USD,4.99,-0.66,4.33,ORD-500797
06/18/2026,16:50:07,GMT,Morgan Hayes,2KPBHKJKRVGS6QH52,,Website Payment,Completed,USD,4.99,-0.66,4.33,ORD-500518
06/18/2026,17:30:20,GMT,Jordan Lee,BM72BQH0HB6FLGJFF,,Website Payment,Completed,USD,4.99,-0.66,4.33,ORD-500886
06/18/2026,17:32:54,GMT,Avery Collins,EPEKXWW1ZW8QE347V,,Website Payment,Completed,USD,9.99,-0.84,9.15,ORD-501065
06/18/2026,17:35:59,GMT,Drew Bennett,FCU6WENNHYM7LTRQ0,,Website Payment,Completed,USD,9.99,-0.84,9.15,ORD-501393
06/18/2026,17:40:35,GMT,Casey Nguyen,0YB1SFDL42FRWBAK3,,Website Payment,Completed,USD,24.99,-1.36,23.63,ORD-501727
06/18/2026,17:44:18,GMT,Taylor Brooks,2NSU3NTMYGTW8C0GH,,Website Payment,Completed,USD,4.99,-0.66,4.33,ORD-500563
06/18/2026,17:51:39,GMT,Riley Carter,KEPFFF60HKFYXM2KQ,,Website Payment,Completed,USD,24.99,-1.36,23.63,ORD-500520
06/18/2026,17:51:49,GMT,Alex Morgan,R4A4KU79WUR4L4XBF,,Website Payment,Completed,USD,24.99,-1.36,23.63,ORD-500723
06/18/2026,18:03:50,GMT,Taylor Brooks,SPWUBTCLBRPYYEKEE,,Website Payment,Completed,USD,9.99,-0.84,9.15,ORD-501436
06/18/2026,18:04:51,GMT,Sam Porter,X3TK2XPVATAGDNLVQ,,Website Payment,Completed,USD,9.99,-0.84,9.15,ORD-500043
06/18/2026,18:07:15,GMT,Drew Bennett,KPWQUTTSJUKXCBLHV,,Website Payment,Completed,USD,59.99,-2.58,57.41,ORD-502007
06/18/2026,18:15:17,GMT,Drew Bennett,QWGG3853EJGGR734V,,Website Payment,Completed,USD,9.99,-0.84,9.15,ORD-500156
06/18/2026,18:26:43,GMT,Morgan Hayes,8UBJ5JA0MBTZWGFKA,,Website Payment,Denied,USD,9.99,0.00,0.00,ORD-501424
06/18/2026,18:37:13,GMT,Jamie Ross,KTBFLWHZ77LT8WNJZ,,Website Payment,Completed,USD,4.99,-0.66,4.33,ORD-500515
06/18/2026,19:06:33,GMT,Sam Porter,G3NPGUS2C5F6P2XB4,,Website Payment,Completed,USD,59.99,-2.58,57.41,ORD-501712
06/18/2026,19:08:41,GMT,Riley Carter,DUAEE8T971SP0S2NN,,Website Payment,Completed,USD,9.99,-0.84,9.15,ORD-500049
06/18/2026,19:12:58,GMT,Drew Bennett,3SPSLYG68593W4SYE,,Website Payment,Denied,USD,9.99,0.00,0.00,ORD-500669
06/18/2026,19:18:36,GMT,Jamie Ross,NY6ZSZ75YS5LSYN5R,,Website Payment,Completed,USD,24.99,-1.36,23.63,ORD-501948
06/18/2026,19:47:32,GMT,Drew Bennett,6QNCR82LG5W8PBBKL,,Website Payment,Completed,USD,9.99,-0.84,9.15,ORD-501044
06/18/2026,20:22:04,GMT,Jordan Lee,CDENDAWVJJH2G2V8Q,,Website Payment,Completed,USD,9.99,-0.84,9.15,ORD-500121
06/18/2026,20:46:59,GMT,Morgan Hayes,CPUW58R549XPFSQCG,,Website Payment,Completed,USD,4.99,-0.66,4.33,ORD-501537
06/19/2026,07:31:28,GMT,Alex Morgan,CXE03BFYQJXER3F2J,,Website Payment,Completed,USD,9.99,-0.84,9.15,ORD-500639
06/19/2026,07:48:08,GMT,Alex Morgan,RTCK0ECBF1HDTC5GH,,Website Payment,Denied,USD,9.99,0.00,0.00,ORD-500209
06/19/2026,07:51:08,GMT,Avery Collins,5GQ3P3WU0J8VEG6R3,,Website Payment,Completed,USD,59.99,-2.58,57.41,ORD-501245
06/19/2026,07:54:06,GMT,Drew Bennett,JUCC142U9M9XASWSS,,Website Payment,Denied,USD,9.99,0.00,0.00,ORD-501272
06/19/2026,08:31:02,GMT,Casey Nguyen,CE79JXDX3EKRK5GHB,,Website Payment,Completed,USD,59.99,-2.58,57.41,ORD-501019
06/19/2026,08:34:36,GMT,Morgan Hayes,WFDPS94MK1E1272LJ,,Website Payment,Completed,USD,9.99,-0.84,9.15,ORD-500403
06/19/2026,08:37:12,GMT,Drew Bennett,XBM25M8RMPZ5DFHQK,,Website Payment,Completed,USD,4.99,-0.66,4.33,ORD-500380
06/19/2026,09:02:02,GMT,Morgan Hayes,XA5RDYU61G2490R59,91QC2BF7Z7KWACHJJ,Refund,Refunded,USD,-9.99,0.00,-9.99,ORD-501506
06/19/2026,09:13:29,GMT,Jamie Ross,MB080HCRULLKBYE15,,Website Payment,Completed,USD,9.99,-0.84,9.15,ORD-501283
06/19/2026,09:14:32,GMT,Sam Porter,0AJA8BYPBNSDE9CZF,,Website Payment,Completed,USD,59.99,-2.58,57.41,ORD-501961
06/19/2026,09:22:50,GMT,Taylor Brooks,M8SUUC92SYEHWH5R8,,Website Payment,Completed,USD,9.99,-0.84,9.15,ORD-500917
06/19/2026,10:19:40,GMT,Alex Morgan,M3Y81JLBNCH3Q9Z61,,Website Payment,Completed,USD,9.99,-0.84,9.15,ORD-501665
06/19/2026,10:40:18,GMT,Alex Morgan,RBPGWEAHN92J2LCEB,,Website Payment,Completed,USD,9.99,-0.84,9.15,ORD-500929
06/19/2026,10:44:10,GMT,Taylor Brooks,V7DJ44GZUZD8D2JSF,,Website Payment,Completed,USD,9.99,-0.84,9.15,ORD-501612
06/19/2026,11:08:28,GMT,Riley Carter,F9NEQ21J3C2958N8P,,Website Payment,Completed,USD,9.99,-0.84,9.15,ORD-500794
06/19/2026,11:16:18,GMT,Casey Nguyen,TBU2A5RW2XUM9FL82,,Website Payment,Completed,USD,9.99,-0.84,9.15,ORD-502020
06/19/2026,11:17:20,GMT,Morgan Hayes,ZKUABZYX1LJFF36VN,,Website Payment,Completed,USD,24.99,-1.36,23.63,ORD-500320
06/19/2026,11:25:17,GMT,Casey Nguyen,R97ASKSET14KUXV9F,,Website Payment,Completed,USD,9.99,-0.84,9.15,ORD-500220
06/19/2026,11:25:59,GMT,Jordan Lee,DYU6JHU0XMAX6RBVW,,Website Payment,Completed,USD,9.99,-0.84,9.15,ORD-500053
06/19/2026,11:43:06,GMT,Avery Collins,0WSVY5D9BU6H7HE2X,,Website Payment,Completed,USD,9.99,-0.84,9.15,ORD-500354
06/19/2026,11:46:44,GMT,Taylor Brooks,7P9QK1WYVX8N5N4NA,,Website Payment,Completed,USD,9.99,-0.84,9.15,ORD-500910
06/19/2026,11:48:50,GMT,Alex Morgan,3YJDKXH1347J9Z6CL,,Website Payment,Completed,USD,4.99,-0.66,4.33,ORD-500278
06/19/2026,12:14:16,GMT,Drew Bennett,6SUBY1SLZ5YZDHZJ6,,Website Payment,Completed,USD,59.99,-2.58,57.41,ORD-501309
06/19/2026,12:16:00,GMT,Avery Collins,ENMSKHT20JXUU91AE,,Website Payment,Completed,USD,24.99,-1.36,23.63,ORD-500247
06/19/2026,12:38:30,GMT,Sam Porter,X34VQ0JLZGQSVBLWT,,Website Payment,Completed,USD,9.99,-0.84,9.15,ORD-501750
06/19/2026,12:45:49,GMT,Jamie Ross,8B8N97TR7SF61A8M7,,Website Payment,Completed,USD,4.99,-0.66,4.33,ORD-500023
06/19/2026,12:47:28,GMT,Avery Collins,3KHTSUTYHLUVDPRVU,,Website Payment,Completed,USD,9.99,-0.84,9.15,ORD-500974
06/19/2026,12:47:52,GMT,Taylor Brooks,GTFJWU2PAZR2930P3,,Website Payment,Completed,USD,59.99,-2.58,57.41,ORD-500673
06/19/2026,12:55:12,GMT,Drew Bennett,M1U0RX6ED3F4ULZ3F,,Website Payment,Completed,USD,9.99,-0.84,9.15,ORD-500919
06/19/2026,12:57:25,GMT,Jordan Lee,QFFPD670WRMXAFTJ0,,Website Payment,Completed,USD,9.99,-0.84,9.15,ORD-500404
06/19/2026,13:08:23,GMT,Riley Carter,BT6GA3H00P5YURMVZ,,Website Payment,Completed,USD,59.99,-2.58,57.41,ORD-500608
06/19/2026,13:11:21,GMT,Sam Porter,P4M3PCWQRN9XJ93SC,,Website Payment,Completed,USD,9.99,-0.84,9.15,ORD-501695
06/19/2026,13:17:02,GMT,Taylor Brooks,WM77ZCEY77EAHMVDY,,Website Payment,Denied,USD,4.99,0.00,0.00,ORD-501485
06/19/2026,13:26:42,GMT,Riley Carter,FJQCGUKA4M22DN087,,Website Payment,Completed,USD,9.99,-0.84,9.15,ORD-502006
06/19/2026,13:27:25,GMT,Jamie Ross,S21ASJR9ZAZZ7FQZH,,Website Payment,Completed,USD,24.99,-1.36,23.63,ORD-500119
06/19/2026,13:30:38,GMT,Riley Carter,Q1KDFB6BHV0QQFSZ1,,Website Payment,Completed,USD,59.99,-2.58,57.41,ORD-500329
06/19/2026,13:31:06,GMT,Sam Porter,XC53BGNJ1Y02H3FXT,,Website Payment,Completed,USD,24.99,-1.36,23.63,ORD-500208
06/19/2026,13:32:24,GMT,Drew Bennett,69FJ1B2STRWPVWFTD,,Website Payment,Completed,USD,24.99,-1.36,23.63,ORD-501450
06/19/2026,13:37:10,GMT,Riley Carter,GP544890YRQR55G4T,,Website Payment,Completed,USD,9.99,-0.84,9.15,ORD-501300
06/19/2026,13:50:09,GMT,Sam Porter,F27MEECBQ683D60WW,,Website Payment,Completed,USD,9.99,-0.84,9.15,ORD-500056
06/19/2026,14:01:39,GMT,Drew Bennett,4H4947CL0GSJMMZX0,,Website Payment,Completed,USD,24.99,-1.36,23.63,ORD-500235
06/19/2026,14:02:50,GMT,Sam Porter,9HKLKMA4UT0QJEB52,,Website Payment,Denied,USD,9.99,0.00,0.00,ORD-500933
06/19/2026,14:03:12,GMT,Taylor Brooks,Q0MKRPBF1YSJBHE5L,,Website Payment,Completed,USD,9.99,-0.84,9.15,ORD-501824
06/19/2026,14:26:41,GMT,Sam Porter,S6CULYZRF2KX9L6G9,,Website Payment,Completed,USD,59.99,-2.58,57.41,ORD-501531
06/19/2026,14:30:39,GMT,Alex Morgan,AJCVG2RKWSKVATNGN,,Website Payment,Completed,USD,9.99,-0.84,9.15,ORD-501618
06/19/2026,14:34:14,GMT,Avery Collins,JJ6DVZDAD5H5SZMP7,,Website Payment,Completed,USD,4.99,-0.66,4.33,ORD-500928
06/19/2026,14:38:06,GMT,Drew Bennett,K01K94FVNK82GT8G4,,Website Payment,Completed,USD,24.99,-1.36,23.63,ORD-501933
06/19/2026,15:05:18,GMT,Riley Carter,F5XD9ZP4R3U182EVF,,Website Payment,Completed,USD,59.99,-2.58,57.41,ORD-500696
06/19/2026,15:12:54,GMT,Sam Porter,ZCP5UPCC0WNGL97FJ,,Website Payment,Denied,USD,59.99,0.00,0.00,ORD-500721
06/19/2026,15:22:12,GMT,Riley Carter,DXBSNMBHAEY3HC57G,,Website Payment,Completed,USD,9.99,-0.84,9.15,ORD-500708
06/19/2026,15:27:32,GMT,Taylor Brooks,BGAZYQXZ0MQXHA88S,,Website Payment,Completed,USD,9.99,-0.84,9.15,ORD-500144
06/19/2026,15:27:46,GMT,Jamie Ross,8WU4GX84T5CTE2J5Q,,Website Payment,Completed,USD,9.99,-0.84,9.15,ORD-500455
06/19/2026,15:29:13,GMT,Casey Nguyen,6K93K852J209PJ61G,,Website Payment,Completed,USD,9.99,-0.84,9.15,ORD-501125
06/19/2026,15:45:59,GMT,Sam Porter,YEA0BKYSRL07Q9VM6,,Website Payment,Completed,USD,59.99,-2.58,57.41,ORD-500726
06/19/2026,15:52:46,GMT,Drew Bennett,T8X5A7H04PY6UDX83,,Website Payment,Completed,USD,24.99,-1.36,23.63,ORD-501167
06/19/2026,15:52:51,GMT,Sam Porter,MH5Q08A21BZSHNNXM,X3TK2XPVATAGDNLVQ,Refund,Refunded,USD,-9.99,0.00,-9.99,ORD-500043
06/19/2026,15:55:11,GMT,Jordan Lee,UBWCL8HSY7S3M2PGD,,Website Payment,Completed,USD,9.99,-0.84,9.15,ORD-501294
06/19/2026,15:56:32,GMT,Riley Carter,RPJHWUCELCEXNDV1R,,Website Payment,Completed,USD,9.99,-0.84,9.15,ORD-501273
06/19/2026,15:59:54,GMT,Jordan Lee,QTW3ZG65YL7VMTZPW,,Website Payment,Completed,USD,4.99,-0.66,4.33,ORD-501501
06/19/2026,16:07:44,GMT,Casey Nguyen,D02T47UVH640VWBFY,,Website Payment,Completed,USD,9.99,-0.84,9.15,ORD-501584
06/19/2026,16:07:57,GMT,Jordan Lee,VP39KBH3UQV12DC94,,Website Payment,Completed,USD,9.99,-0.84,9.15,ORD-501894
06/19/2026,16:16:56,GMT,Alex Morgan,QRCMLNCTCV708DG5M,,Website Payment,Completed,USD,4.99,-0.66,4.33,ORD-501408
06/19/2026,16:19:36,GMT,Avery Collins,RBK4BKD8Q7TDVEPT8,,Website Payment,Completed,USD,59.99,-2.58,57.41,ORD-501832
06/19/2026,16:20:59,GMT,Avery Collins,HHPAG260A0BZPKPES,,Website Payment,Completed,USD,4.99,-0.66,4.33,ORD-501718
06/19/2026,16:31:20,GMT,Riley Carter,ARJZPV3GFSZPEZ0LX,,Website Payment,Completed,USD,9.99,-0.84,9.15,ORD-501429
06/19/2026,16:31:28,GMT,Jamie Ross,7BJYC7JGQ6XUABAEF,,Website Payment,Completed,USD,9.99,-0.84,9.15,ORD-501187
06/19/2026,16:37:18,GMT,Sam Porter,9KFH76ZUUE3F6G349,,Website Payment,Completed,USD,9.99,-0.84,9.15,ORD-500313
06/19/2026,16:48:20,GMT,Casey Nguyen,BZBTHD3QDMUD1T9YR,,Website Payment,Completed,USD,24.99,-1.36,23.63,ORD-500839
06/19/2026,16:48:46,GMT,Avery Collins,WPNTWJSWHD87S894F,Z5N6XJR4LCDYCV1EC,Refund,Refunded,USD,-24.99,0.00,-24.99,ORD-501131
06/19/2026,16:55:30,GMT,Riley Carter,5166XUXDZEK22MDGG,,Website Payment,Completed,USD,9.99,-0.84,9.15,ORD-500160
06/19/2026,17:04:46,GMT,Alex Morgan,KJVZL1ZUZG9YC0W8S,,Website Payment,Completed,USD,24.99,-1.36,23.63,ORD-500025
06/19/2026,17:07:37,GMT,Taylor Brooks,M9CBPHNSGWQPGZQ3Y,,Website Payment,Completed,USD,9.99,-0.84,9.15,ORD-501773
06/19/2026,17:09:03,GMT,Sam Porter,GNAKFBN8RTAA69WFS,,Website Payment,Completed,USD,9.99,-0.84,9.15,ORD-501639
06/19/2026,17:12:58,GMT,Casey Nguyen,U064VSPMCSR5DT8MA,,Website Payment,Completed,USD,4.99,-0.66,4.33,ORD-501396
06/19/2026,17:59:42,GMT,Jordan Lee,SSXY9HLTLMVMJUX5F,,Website Payment,Denied,USD,24.99,0.00,0.00,ORD-501548
06/19/2026,18:13:09,GMT,Riley Carter,M634DS5W68EBD8P7Q,,Website Payment,Completed,USD,9.99,-0.84,9.15,ORD-501191
06/19/2026,18:32:42,GMT,Sam Porter,T4B6MP9XCDBNVVR1U,,Website Payment,Completed,USD,4.99,-0.66,4.33,ORD-501823
06/19/2026,18:45:39,GMT,Avery Collins,REMZYJASDCXLABAM2,,Website Payment,Completed,USD,9.99,-0.84,9.15,ORD-501203
06/19/2026,19:08:46,GMT,Sam Porter,GS120VCNZUZJDEW1H,,Website Payment,Completed,USD,9.99,-0.84,9.15,ORD-500114
06/19/2026,19:09:02,GMT,Avery Collins,M4PVG7VU2XDSMNKF4,,Website Payment,Completed,USD,59.99,-2.58,57.41,ORD-501606
06/19/2026,19:13:36,GMT,Morgan Hayes,RXLAH6JPC6EB9ARWD,,Website Payment,Completed,USD,9.99,-0.84,9.15,ORD-500821
06/19/2026,19:18:14,GMT,Drew Bennett,4Q13X7C4KVV3BL82J,,Website Payment,Completed,USD,24.99,-1.36,23.63,ORD-501668
06/19/2026,19:27:14,GMT,Casey Nguyen,Y9P23D2Z8LVEY1HTW,,Website Payment,Completed,USD,9.99,-0.84,9.15,ORD-502030
06/19/2026,19:28:34,GMT,Jamie Ross,0R9CQE0WXGXYJBTPE,,Website Payment,Completed,USD,9.99,-0.84,9.15,ORD-501090
06/19/2026,19:59:33,GMT,Taylor Brooks,2JPMMVK03S7D5ZDVQ,,Website Payment,Completed,USD,9.99,-0.84,9.15,ORD-500580
06/19/2026,20:09:40,GMT,Avery Collins,G86T428GSH70JBNTH,,Website Payment,Completed,USD,9.99,-0.84,9.15,ORD-501888
06/20/2026,08:33:52,GMT,Sam Porter,C6D5V3L7HNZD9TXLP,,Website Payment,Denied,USD,9.99,0.00,0.00,ORD-500898
06/20/2026,08:34:02,GMT,Jamie Ross,LY2G4KPXQDSHXZS5L,,Website Payment,Completed,USD,9.99,-0.84,9.15,ORD-500125
06/20/2026,08:36:52,GMT,Sam Porter,HA3CW3M01WZQ82Q6E,,Website Payment,Completed,USD,9.99,-0.84,9.15,ORD-500340
06/20/2026,08:51:24,GMT,Jordan Lee,W1JSM48MV8RJ2M6BU,,Website Payment,Denied,USD,4.99,0.00,0.00,ORD-500496
06/20/2026,09:18:12,GMT,Riley Carter,026JRB5GW7T65X3CF,,Website Payment,Completed,USD,9.99,-0.84,9.15,ORD-501714
06/20/2026,09:48:27,GMT,Riley Carter,9GZZK77DJW3CBG7T5,,Website Payment,Completed,USD,24.99,-1.36,23.63,ORD-501564
06/20/2026,09:59:24,GMT,Jamie Ross,HMMLM281M0J1XZL17,,Website Payment,Completed,USD,9.99,-0.84,9.15,ORD-501270
06/20/2026,10:13:07,GMT,Jordan Lee,ZF78HCR55RX6R5YCB,,Website Payment,Completed,USD,24.99,-1.36,23.63,ORD-501497
06/20/2026,10:13:32,GMT,Drew Bennett,8HX664V93ZZSX6YN8,,Website Payment,Completed,USD,4.99,-0.66,4.33,ORD-500643
06/20/2026,10:31:38,GMT,Avery Collins,VRPLFNUJRLW2WZ36L,,Website Payment,Completed,USD,9.99,-0.84,9.15,ORD-500952
06/20/2026,10:49:47,GMT,Jamie Ross,RHUE6VS08QV58ULWZ,,Website Payment,Completed,USD,59.99,-2.58,57.41,ORD-500443
06/20/2026,10:50:34,GMT,Morgan Hayes,7TAWNZPC5FWZLVFJQ,,Website Payment,Completed,USD,9.99,-0.84,9.15,ORD-500845
06/20/2026,10:57:40,GMT,Morgan Hayes,P5759DTKL1AX46S1T,,Website Payment,Completed,USD,9.99,-0.84,9.15,ORD-501916
06/20/2026,10:59:19,GMT,Drew Bennett,MC34CL911GTWTFCFZ,,Website Payment,Completed,USD,24.99,-1.36,23.63,ORD-501919
06/20/2026,11:19:36,GMT,Sam Porter,UGLWB80ULVHYNDDK6,,Website Payment,Completed,USD,24.99,-1.36,23.63,ORD-501500
06/20/2026,11:19:56,GMT,Alex Morgan,PYNHW7XQM9BV3MWYU,,Website Payment,Completed,USD,59.99,-2.58,57.41,ORD-500796
06/20/2026,11:24:27,GMT,Jordan Lee,BV8RP4GZCQSQLJQ5S,,Website Payment,Denied,USD,9.99,0.00,0.00,ORD-500503
06/20/2026,11:38:05,GMT,Avery Collins,T3KE9H212K4UHVA5Z,,Website Payment,Completed,USD,9.99,-0.84,9.15,ORD-500751
06/20/2026,11:43:41,GMT,Morgan Hayes,5E5WACP275MTGE61Y,,Website Payment,Denied,USD,9.99,0.00,0.00,ORD-501794
06/20/2026,11:51:47,GMT,Morgan Hayes,5BEDH0KWBH8FYYJ0U,,Website Payment,Completed,USD,9.99,-0.84,9.15,ORD-501591
06/20/2026,11:55:24,GMT,Alex Morgan,CSWPH56W5AU94DFMN,,Website Payment,Completed,USD,9.99,-0.84,9.15,ORD-501482
06/20/2026,11:59:22,GMT,Drew Bennett,M6SQGNDCRFFXCUDDK,,Website Payment,Completed,USD,4.99,-0.66,4.33,ORD-500221
06/20/2026,12:01:37,GMT,Taylor Brooks,LNR5RUZDW70J8Y3D7,,Website Payment,Completed,USD,9.99,-0.84,9.15,ORD-501260
06/20/2026,12:05:27,GMT,Alex Morgan,C6XWEMYN2V4XHSJWR,,Website Payment,Completed,USD,9.99,-0.84,9.15,ORD-501153
06/20/2026,12:18:36,GMT,Casey Nguyen,6MJJYX3ANTSBGHG25,,Website Payment,Completed,USD,4.99,-0.66,4.33,ORD-500652
06/20/2026,12:42:46,GMT,Drew Bennett,74WL2JBUPX7K52AN6,,Website Payment,Denied,USD,9.99,0.00,0.00,ORD-500906
06/20/2026,12:59:11,GMT,Jamie Ross,UYNZ0ZJER8YHW3JSH,,Website Payment,Completed,USD,4.99,-0.66,4.33,ORD-501078
06/20/2026,13:02:03,GMT,Jamie Ross,LE6UKPC6QWM1YES2N,,Website Payment,Completed,USD,59.99,-2.58,57.41,ORD-501834
06/20/2026,13:04:23,GMT,Jamie Ross,6LBYQ32N31JEN6UNQ,,Website Payment,Completed,USD,9.99,-0.84,9.15,ORD-501250
06/20/2026,13:17:12,GMT,Jamie Ross,8BWKNW96WR4YYSKQF,,Website Payment,Completed,USD,9.99,-0.84,9.15,ORD-501815
06/20/2026,14:05:35,GMT,Morgan Hayes,LABEM6FQ445U3N6QV,,Website Payment,Completed,USD,9.99,-0.84,9.15,ORD-501380
06/20/2026,14:20:35,GMT,Sam Porter,CGAHFJVS8SPJQ9N4J,,Website Payment,Completed,USD,9.99,-0.84,9.15,ORD-500394
06/20/2026,14:53:08,GMT,Taylor Brooks,Q0HBETNHU0B2PLAS8,,Website Payment,Completed,USD,4.99,-0.66,4.33,ORD-501291
06/20/2026,14:53:27,GMT,Sam Porter,182QVUV6BTA436CNW,,Website Payment,Completed,USD,24.99,-1.36,23.63,ORD-501705
06/20/2026,14:54:07,GMT,Sam Porter,TB39Y3GE7F8ST8U2X,,Website Payment,Completed,USD,59.99,-2.58,57.41,ORD-501929
06/20/2026,14:55:38,GMT,Avery Collins,21VU8HX2YWVP4TT4J,,Website Payment,Completed,USD,9.99,-0.84,9.15,ORD-501979
06/20/2026,14:57:13,GMT,Casey Nguyen,G6HR5J2VHKPDHQPT8,,Website Payment,Completed,USD,24.99,-1.36,23.63,ORD-500286
06/20/2026,15:00:33,GMT,Casey Nguyen,QNW24LQA71W1U77UN,,Website Payment,Completed,USD,9.99,-0.84,9.15,ORD-501229
06/20/2026,15:34:03,GMT,Sam Porter,9Y0SE0DRXMDGW84C8,,Website Payment,Completed,USD,9.99,-0.84,9.15,ORD-501662
06/20/2026,15:45:36,GMT,Sam Porter,0RW6E54CRK84PU5WE,,Website Payment,Completed,USD,9.99,-0.84,9.15,ORD-500179
06/20/2026,15:52:47,GMT,Riley Carter,8H3ZMK72QUYCHA2RG,,Website Payment,Denied,USD,24.99,0.00,0.00,ORD-500801
06/20/2026,16:07:58,GMT,Jordan Lee,KJSQUPHC91N9TQV8J,,Website Payment,Completed,USD,9.99,-0.84,9.15,ORD-500492
06/20/2026,16:34:40,GMT,Jamie Ross,E05WZRA8DSR70RUTS,,Website Payment,Completed,USD,59.99,-2.58,57.41,ORD-501371
06/20/2026,16:42:36,GMT,Drew Bennett,76REXHK2UU1UMUJH2,,Website Payment,Denied,USD,9.99,0.00,0.00,ORD-500308
06/20/2026,17:10:13,GMT,Jamie Ross,21PZHCQBDU6F5YD2X,,Website Payment,Completed,USD,24.99,-1.36,23.63,ORD-500853
06/20/2026,17:15:28,GMT,Drew Bennett,MAFFZLP0R8A94XVBH,,Website Payment,Completed,USD,9.99,-0.84,9.15,ORD-501700
06/20/2026,17:37:39,GMT,Avery Collins,HFZR6CLJ5218T17F2,,Website Payment,Denied,USD,9.99,0.00,0.00,ORD-500904
06/20/2026,17:48:48,GMT,Casey Nguyen,S6T4CN4UQ1LH1XQX0,,Website Payment,Completed,USD,59.99,-2.58,57.41,ORD-501353
06/20/2026,17:58:58,GMT,Avery Collins,HYC2E1740T7D6XPY7,,Website Payment,Completed,USD,9.99,-0.84,9.15,ORD-500582
06/20/2026,18:00:06,GMT,Morgan Hayes,919B6ZX2KJGZVFSLL,,Website Payment,Completed,USD,9.99,-0.84,9.15,ORD-501642
06/20/2026,18:12:19,GMT,Casey Nguyen,WU1GL4R12FJXFVVAR,,Website Payment,Completed,USD,9.99,-0.84,9.15,ORD-501088
06/20/2026,18:44:08,GMT,Drew Bennett,Q3X2PV2Y5YV4Z1VLR,,Website Payment,Completed,USD,9.99,-0.84,9.15,ORD-500298
06/20/2026,18:56:46,GMT,Sam Porter,2CUNWY4K7VSKP22VZ,,Website Payment,Completed,USD,9.99,-0.84,9.15,ORD-501003
06/20/2026,19:02:26,GMT,Taylor Brooks,X01QB7CX5BN0BPN8P,,Website Payment,Completed,USD,9.99,-0.84,9.15,ORD-501017
06/20/2026,19:10:02,GMT,Riley Carter,F0KQ9PY28WGK1RJ4U,,Website Payment,Completed,USD,4.99,-0.66,4.33,ORD-502038
06/20/2026,19:23:27,GMT,Drew Bennett,ALSXCQ7ML0JQC2D0N,,Website Payment,Completed,USD,9.99,-0.84,9.15,ORD-500184
06/20/2026,19:24:22,GMT,Taylor Brooks,LLVSUVP92M13JB5WB,,Website Payment,Completed,USD,9.99,-0.84,9.15,ORD-502037
06/20/2026,19:45:05,GMT,Jamie Ross,J7M60WVQVVJ92DNDY,,Website Payment,Completed,USD,9.99,-0.84,9.15,ORD-500225
06/20/2026,20:03:23,GMT,Alex Morgan,1Y93MLFUEJENQCEXR,,Website Payment,Completed,USD,9.99,-0.84,9.15,ORD-500524
06/20/2026,20:13:10,GMT,Jamie Ross,4DT20GXJ8PJWW59JW,,Website Payment,Completed,USD,9.99,-0.84,9.15,ORD-501706
06/20/2026,20:13:35,GMT,Jamie Ross,YZST35NWWZEPL1PZA,,Website Payment,Completed,USD,9.99,-0.84,9.15,ORD-501628
06/21/2026,07:53:18,GMT,Sam Porter,LQT8EMHXKAKF2QZKJ,,Website Payment,Completed,USD,24.99,-1.36,23.63,ORD-500196
06/21/2026,08:04:12,GMT,Jamie Ross,MN3J4DBSRB798DMRL,,Website Payment,Completed,USD,4.99,-0.66,4.33,ORD-501721
06/21/2026,08:07:00,GMT,Riley Carter,GXUR11Y636XAQ8UUA,,Website Payment,Completed,USD,9.99,-0.84,9.15,ORD-500466
06/21/2026,08:19:39,GMT,Taylor Brooks,AG5UEHNFZ5ELBB6AP,,Website Payment,Completed,USD,9.99,-0.84,9.15,ORD-501029
06/21/2026,08:20:11,GMT,Taylor Brooks,Z5869J6B8VQGK8EMF,,Website Payment,Completed,USD,9.99,-0.84,9.15,ORD-501356
06/21/2026,08:31:24,GMT,Sam Porter,1P4G4YE4TF3BXTNW8,,Website Payment,Completed,USD,9.99,-0.84,9.15,ORD-500577
06/21/2026,08:47:46,GMT,Drew Bennett,W12FAHPAYPB9SWNLT,,Website Payment,Completed,USD,59.99,-2.58,57.41,ORD-501136
06/21/2026,08:59:15,GMT,Alex Morgan,EQLRDG3VXHUHVM1Z0,,Website Payment,Completed,USD,24.99,-1.36,23.63,ORD-501066
06/21/2026,09:10:03,GMT,Casey Nguyen,PG4EDYZ32L5TNN46F,,Website Payment,Denied,USD,59.99,0.00,0.00,ORD-501151
06/21/2026,09:18:19,GMT,Casey Nguyen,8JU7LYRE1CUQVF03L,,Website Payment,Completed,USD,9.99,-0.84,9.15,ORD-501703
06/21/2026,09:19:19,GMT,Sam Porter,LEY4ZVGQCSUN84SCZ,,Website Payment,Completed,USD,9.99,-0.84,9.15,ORD-500651
06/21/2026,09:23:50,GMT,Jordan Lee,MJFPJBM0VUYYW67R4,,Website Payment,Completed,USD,9.99,-0.84,9.15,ORD-501349
06/21/2026,09:30:15,GMT,Jordan Lee,QWA4E2K7ZMVP3RHX5,,Website Payment,Completed,USD,24.99,-1.36,23.63,ORD-501991
06/21/2026,09:49:36,GMT,Jordan Lee,QKEK6SZ7HSN55LEXY,,Website Payment,Completed,USD,9.99,-0.84,9.15,ORD-501821
06/21/2026,09:56:47,GMT,Avery Collins,K1ZTVWKMQJKMLYGRU,,Website Payment,Completed,USD,59.99,-2.58,57.41,ORD-501216
06/21/2026,10:12:42,GMT,Jordan Lee,3WC39PDBD1RKVH1YJ,,Website Payment,Completed,USD,59.99,-2.58,57.41,ORD-501110
06/21/2026,10:17:43,GMT,Sam Porter,J892MSKHS97NV6DDK,,Website Payment,Completed,USD,4.99,-0.66,4.33,ORD-500078
06/21/2026,10:18:22,GMT,Drew Bennett,VVGCDCBDQTS161HU2,,Website Payment,Denied,USD,59.99,0.00,0.00,ORD-500785
06/21/2026,10:28:45,GMT,Avery Collins,4YPWTD0NC1648YTNJ,,Website Payment,Completed,USD,9.99,-0.84,9.15,ORD-501696
06/21/2026,10:39:12,GMT,Riley Carter,3D67PGJ40F3XJF8DL,,Website Payment,Completed,USD,9.99,-0.84,9.15,ORD-501636
06/21/2026,10:47:25,GMT,Morgan Hayes,39EZHAJC2ZAXGRRJQ,,Website Payment,Completed,USD,24.99,-1.36,23.63,ORD-500596
06/21/2026,10:51:53,GMT,Alex Morgan,Q6ZR4R88D9GRC4EFC,,Website Payment,Completed,USD,59.99,-2.58,57.41,ORD-501037
06/21/2026,10:55:26,GMT,Alex Morgan,0SMYKMZ92R8TF24J2,,Website Payment,Completed,USD,9.99,-0.84,9.15,ORD-501910
06/21/2026,11:11:14,GMT,Morgan Hayes,UVXX3G1BHXPJEVU25,,Website Payment,Completed,USD,4.99,-0.66,4.33,ORD-501656
06/21/2026,11:28:18,GMT,Jordan Lee,CC0690Z5JMP9MH58E,,Website Payment,Completed,USD,9.99,-0.84,9.15,ORD-502040
06/21/2026,11:57:17,GMT,Jordan Lee,DWXGZYN35DS2X67YL,,Website Payment,Denied,USD,24.99,0.00,0.00,ORD-500693
06/21/2026,12:35:41,GMT,Jamie Ross,UM6B59PR06K1FTAKW,,Website Payment,Completed,USD,9.99,-0.84,9.15,ORD-500185
06/21/2026,12:40:54,GMT,Jordan Lee,6F6A8BBWFLY8UQ7BL,,Website Payment,Completed,USD,24.99,-1.36,23.63,ORD-500833
06/21/2026,12:56:24,GMT,Drew Bennett,P0P0RB4U3QAT1T1GN,,Website Payment,Completed,USD,4.99,-0.66,4.33,ORD-500149
06/21/2026,12:59:22,GMT,Avery Collins,PMUKHMD67M20PBJ69,,Website Payment,Completed,USD,9.99,-0.84,9.15,ORD-501242
06/21/2026,13:03:34,GMT,Jordan Lee,BFVYKJH7NS48B0KVY,,Website Payment,Completed,USD,9.99,-0.84,9.15,ORD-501476
06/21/2026,13:15:02,GMT,Taylor Brooks,LG76Y016X6AWDX38X,,Website Payment,Completed,USD,9.99,-0.84,9.15,ORD-500343
06/21/2026,13:16:13,GMT,Jamie Ross,52E16L39MJHZHST1F,,Website Payment,Completed,USD,9.99,-0.84,9.15,ORD-500527
06/21/2026,13:16:20,GMT,Morgan Hayes,C66CU8NLBC73RDVEP,,Website Payment,Completed,USD,9.99,-0.84,9.15,ORD-500569
06/21/2026,13:21:13,GMT,Casey Nguyen,C3NV97WJ0SHS3K3QB,,Website Payment,Completed,USD,9.99,-0.84,9.15,ORD-500645
06/21/2026,13:26:54,GMT,Sam Porter,668ZVA5Q1SC5X0BH7,,Website Payment,Completed,USD,4.99,-0.66,4.33,ORD-501488
06/21/2026,13:32:17,GMT,Alex Morgan,HSBNPMA8GAENPWG3F,,Website Payment,Completed,USD,9.99,-0.84,9.15,ORD-500924
06/21/2026,13:51:58,GMT,Alex Morgan,TL71EC5HS4GM5ZU7K,,Website Payment,Completed,USD,9.99,-0.84,9.15,ORD-500199
06/21/2026,13:53:14,GMT,Jordan Lee,N1XE0S6G2CQ3DMSNK,,Website Payment,Completed,USD,9.99,-0.84,9.15,ORD-500083
06/21/2026,13:57:14,GMT,Jordan Lee,8W32J41F0WXVPBXAN,,Website Payment,Completed,USD,9.99,-0.84,9.15,ORD-500680
06/21/2026,14:08:41,GMT,Jamie Ross,BZ7V4LT5NAX5RQ7JJ,,Website Payment,Completed,USD,9.99,-0.84,9.15,ORD-500960
06/21/2026,14:12:57,GMT,Riley Carter,ANSA6ALDVKGLAUH7A,,Website Payment,Completed,USD,4.99,-0.66,4.33,ORD-500323
06/21/2026,14:18:15,GMT,Avery Collins,K34G30T9596TKJUAC,,Website Payment,Completed,USD,9.99,-0.84,9.15,ORD-500272
06/21/2026,14:26:59,GMT,Morgan Hayes,CKPR2PP7P4Y8GRNBT,,Website Payment,Completed,USD,9.99,-0.84,9.15,ORD-500860
06/21/2026,14:59:40,GMT,Casey Nguyen,JEJQ6TXRCLA1EHW77,,Website Payment,Completed,USD,4.99,-0.66,4.33,ORD-500178
06/21/2026,15:13:55,GMT,Sam Porter,G0MM3BAR48A3TCMU7,,Website Payment,Completed,USD,59.99,-2.58,57.41,ORD-501544
06/21/2026,15:25:42,GMT,Drew Bennett,TKRT6E6R1BGCVBZAB,,Website Payment,Completed,USD,9.99,-0.84,9.15,ORD-500413
06/21/2026,15:26:32,GMT,Alex Morgan,T9JZQ4UF5G13KVMHR,,Website Payment,Completed,USD,4.99,-0.66,4.33,ORD-500722
06/21/2026,15:30:08,GMT,Alex Morgan,DQLCRR8WX98VHDMBH,,Website Payment,Completed,USD,9.99,-0.84,9.15,ORD-501777
06/21/2026,15:30:54,GMT,Jamie Ross,0JNK6F2LN7TNR76ZN,,Website Payment,Completed,USD,24.99,-1.36,23.63,ORD-501200
06/21/2026,16:11:52,GMT,Taylor Brooks,0SBS6ZEK1SD2HF5CE,,Website Payment,Completed,USD,24.99,-1.36,23.63,ORD-500831
06/21/2026,16:16:16,GMT,Sam Porter,49YLP0ZWXFNR4R2CQ,,Website Payment,Completed,USD,9.99,-0.84,9.15,ORD-501972
06/21/2026,16:29:44,GMT,Alex Morgan,7T0M5UV0RU822Z7N0,,Website Payment,Completed,USD,9.99,-0.84,9.15,ORD-500681
06/21/2026,16:36:20,GMT,Drew Bennett,ML9PMYFMD3JS7742K,,Website Payment,Completed,USD,9.99,-0.84,9.15,ORD-500756
06/21/2026,16:38:26,GMT,Sam Porter,9LKXUAACPJVS4A2X2,,Website Payment,Denied,USD,9.99,0.00,0.00,ORD-501439
06/21/2026,16:45:05,GMT,Jamie Ross,C74UQYSGEMQ0R5BH1,,Website Payment,Completed,USD,9.99,-0.84,9.15,ORD-501458
06/21/2026,17:00:22,GMT,Jamie Ross,SE833NG9WLV0Y9315,,Website Payment,Completed,USD,9.99,-0.84,9.15,ORD-500080
06/21/2026,17:01:04,GMT,Sam Porter,64JD099S7A4WTJP2G,,Website Payment,Completed,USD,24.99,-1.36,23.63,ORD-500339
06/21/2026,17:07:28,GMT,Morgan Hayes,4D0GQ44SJ8RG6UDA2,,Website Payment,Completed,USD,9.99,-0.84,9.15,ORD-501116
06/21/2026,17:12:16,GMT,Jordan Lee,TCSTNPB82DM6DG5KD,,Website Payment,Completed,USD,9.99,-0.84,9.15,ORD-501781
06/21/2026,17:14:52,GMT,Jordan Lee,2X9V17C0CEES9ZB8C,,Website Payment,Completed,USD,59.99,-2.58,57.41,ORD-501511
06/21/2026,17:29:55,GMT,Avery Collins,C1XZ0V275KMKWMBXU,,Website Payment,Completed,USD,4.99,-0.66,4.33,ORD-501509
06/21/2026,17:30:03,GMT,Drew Bennett,B2FV709M9PDACWJ5M,,Website Payment,Completed,USD,4.99,-0.66,4.33,ORD-500355
06/21/2026,17:30:07,GMT,Alex Morgan,QKAKZF9F8RU3C6ZM6,,Website Payment,Completed,USD,4.99,-0.66,4.33,ORD-500792
06/21/2026,17:31:12,GMT,Jordan Lee,EZF18RLF3U2N0CG1F,,Website Payment,Completed,USD,9.99,-0.84,9.15,ORD-500255
06/21/2026,17:36:43,GMT,Drew Bennett,BMAH7WYP2BK8VKLWQ,,Website Payment,Completed,USD,59.99,-2.58,57.41,ORD-501655
06/21/2026,17:40:13,GMT,Jamie Ross,2YSJ9XWYUMU62Z3QJ,,Website Payment,Completed,USD,9.99,-0.84,9.15,ORD-500031
06/21/2026,17:42:34,GMT,Morgan Hayes,CPPXWXMHDD02Q65QN,,Website Payment,Completed,USD,59.99,-2.58,57.41,ORD-501635
06/21/2026,17:49:59,GMT,Riley Carter,3CX400DLY1SNGV8VK,,Website Payment,Completed,USD,24.99,-1.36,23.63,ORD-500752
06/21/2026,17:58:02,GMT,Taylor Brooks,T8JCHPTV443ZLPSBH,,Website Payment,Completed,USD,9.99,-0.84,9.15,ORD-500604
06/21/2026,18:04:13,GMT,Avery Collins,8J26NVWA5403H0KVM,,Website Payment,Completed,USD,24.99,-1.36,23.63,ORD-501663
06/21/2026,18:09:19,GMT,Avery Collins,A48W0K46W0PT9P52R,,Website Payment,Completed,USD,4.99,-0.66,4.33,ORD-501453
06/21/2026,18:10:48,GMT,Riley Carter,RRXXZ19YX05KRBK7G,,Website Payment,Completed,USD,9.99,-0.84,9.15,ORD-500793
06/21/2026,18:20:28,GMT,Alex Morgan,4Z2PDASMD5RGPVF05,,Website Payment,Completed,USD,9.99,-0.84,9.15,ORD-500715
06/21/2026,18:22:36,GMT,Avery Collins,1C98913G59AUYNXS8,,Website Payment,Completed,USD,9.99,-0.84,9.15,ORD-500306
06/21/2026,18:24:22,GMT,Morgan Hayes,9J0Q15DPE51TB3LMZ,,Website Payment,Completed,USD,24.99,-1.36,23.63,ORD-500782
06/21/2026,18:36:41,GMT,Avery Collins,HEKRRTUKPMFJS12A1,,Website Payment,Completed,USD,9.99,-0.84,9.15,ORD-501811
06/21/2026,18:55:30,GMT,Sam Porter,VPLWK529ZAXM3CYD3,,Website Payment,Completed,USD,4.99,-0.66,4.33,ORD-500498
06/21/2026,18:58:39,GMT,Riley Carter,K8B81L6NC0LJPT59L,,Website Payment,Completed,USD,9.99,-0.84,9.15,ORD-500570
06/21/2026,19:02:20,GMT,Jamie Ross,HAM4VDRRY2BAEMWVL,,Website Payment,Completed,USD,9.99,-0.84,9.15,ORD-500044
06/21/2026,19:41:09,GMT,Jamie Ross,2A4L40JZ5KVVKPBQ9,,Website Payment,Completed,USD,9.99,-0.84,9.15,ORD-501554
06/21/2026,19:53:28,GMT,Taylor Brooks,6834RULV7DLHF4P93,,Website Payment,Completed,USD,4.99,-0.66,4.33,ORD-500359
06/21/2026,20:10:31,GMT,Morgan Hayes,2Z8XJQSA8VZPK9MP0,,Website Payment,Completed,USD,59.99,-2.58,57.41,ORD-501045
06/21/2026,20:21:20,GMT,Casey Nguyen,XSNJAYTDRRKU60L3L,,Website Payment,Completed,USD,24.99,-1.36,23.63,ORD-500243
06/22/2026,07:26:36,GMT,Taylor Brooks,AU6W5PATWWQFNM428,,Website Payment,Completed,USD,59.99,-2.58,57.41,ORD-501873
06/22/2026,08:52:14,GMT,Drew Bennett,7CPWW55ZN01CXS5DE,,Website Payment,Denied,USD,9.99,0.00,0.00,ORD-500599
06/22/2026,08:58:56,GMT,Sam Porter,P9RKJVRRV9JW0A3PS,,Website Payment,Completed,USD,9.99,-0.84,9.15,ORD-501984
06/22/2026,09:18:51,GMT,Sam Porter,PX2H3WU5LPK4RXEG7,,Website Payment,Completed,USD,9.99,-0.84,9.15,ORD-501886
06/22/2026,09:22:45,GMT,Taylor Brooks,L21NXY65S5UE4JUCH,,Website Payment,Completed,USD,9.99,-0.84,9.15,ORD-501579
06/22/2026,09:29:01,GMT,Casey Nguyen,7KT0312DYACUP7NA9,,Website Payment,Completed,USD,24.99,-1.36,23.63,ORD-501734
06/22/2026,09:56:46,GMT,Sam Porter,D3LWXM2CF6UA2UH0D,,Website Payment,Completed,USD,9.99,-0.84,9.15,ORD-501361
06/22/2026,10:20:09,GMT,Drew Bennett,XVKE92L24BKHARQ91,,Website Payment,Completed,USD,9.99,-0.84,9.15,ORD-501123
06/22/2026,10:20:29,GMT,Avery Collins,XAXAUS6UN9K4VP0JB,,Website Payment,Completed,USD,59.99,-2.58,57.41,ORD-500772
06/22/2026,10:25:48,GMT,Morgan Hayes,R8AACCYBMES376Y2N,,Website Payment,Completed,USD,9.99,-0.84,9.15,ORD-500927
06/22/2026,10:56:45,GMT,Morgan Hayes,R8ZBSVVM5Y90JN48M,,Website Payment,Completed,USD,9.99,-0.84,9.15,ORD-500201
06/22/2026,10:57:46,GMT,Taylor Brooks,9EHCWRZX8G22Z2577,,Website Payment,Completed,USD,9.99,-0.84,9.15,ORD-501682
06/22/2026,11:16:56,GMT,Morgan Hayes,ZURCVPSK745NNZXL5,,Website Payment,Completed,USD,9.99,-0.84,9.15,ORD-500091
06/22/2026,11:24:48,GMT,Riley Carter,FLY9W98S0GCSV98X7,,Website Payment,Completed,USD,9.99,-0.84,9.15,ORD-500858
06/22/2026,11:43:37,GMT,Jamie Ross,UXRGYNYT94BRXPJJY,,Website Payment,Completed,USD,59.99,-2.58,57.41,ORD-501391
06/22/2026,11:58:42,GMT,Taylor Brooks,6NMH3NHU3MDSCJ28C,,Website Payment,Completed,USD,9.99,-0.84,9.15,ORD-500918
06/22/2026,11:58:49,GMT,Taylor Brooks,ZS7CJ66QGXA0GRFM4,,Website Payment,Completed,USD,9.99,-0.84,9.15,ORD-500632
06/22/2026,13:00:59,GMT,Drew Bennett,U81RRM11431P67193,,Website Payment,Completed,USD,9.99,-0.84,9.15,ORD-501938
06/22/2026,13:07:50,GMT,Alex Morgan,C4QNK7WTNK78P8WQ3,,Website Payment,Completed,USD,9.99,-0.84,9.15,ORD-500558
06/22/2026,13:09:41,GMT,Alex Morgan,S9A4CHZ4RZKSCLRZ4,,Website Payment,Completed,USD,9.99,-0.84,9.15,ORD-501464
06/22/2026,13:48:55,GMT,Alex Morgan,Q68E2L50JKBK20PYP,,Website Payment,Completed,USD,9.99,-0.84,9.15,ORD-500819
06/22/2026,13:59:32,GMT,Sam Porter,0R544TRJ0Z6ZGQX8C,,Website Payment,Completed,USD,9.99,-0.84,9.15,ORD-500239
06/22/2026,14:13:00,GMT,Avery Collins,YB403EYR7PRELQZGX,,Website Payment,Completed,USD,24.99,-1.36,23.63,ORD-500101
06/22/2026,14:15:09,GMT,Drew Bennett,K349VCZ0ZSCC1LV33,,Website Payment,Completed,USD,9.99,-0.84,9.15,ORD-501178
06/22/2026,14:21:03,GMT,Jamie Ross,0F2EW0F44KS9C2ZGR,,Website Payment,Completed,USD,59.99,-2.58,57.41,ORD-500499
06/22/2026,14:33:59,GMT,Avery Collins,LJ28QV8QW4Z1EPWQ5,,Website Payment,Completed,USD,4.99,-0.66,4.33,ORD-500565
06/22/2026,14:44:02,GMT,Avery Collins,E58NDTRZ3UJPLD8WX,,Website Payment,Completed,USD,9.99,-0.84,9.15,ORD-501282
06/22/2026,15:31:40,GMT,Alex Morgan,BTQZ6V7SXXKE2Q4JW,,Website Payment,Denied,USD,9.99,0.00,0.00,ORD-501225
06/22/2026,15:32:14,GMT,Casey Nguyen,HZ1EAE9TKFJQZ0RC9,JC3XR16XEJ6MVV08T,Refund,Refunded,USD,-9.99,0.00,-9.99,ORD-500420
06/22/2026,15:38:48,GMT,Avery Collins,HYGP0GC5BQ5TZ0PMH,,Website Payment,Completed,USD,59.99,-2.58,57.41,ORD-501575
06/22/2026,15:39:52,GMT,Drew Bennett,RJJAGDQ4XZBV6XPZQ,,Website Payment,Denied,USD,9.99,0.00,0.00,ORD-501006
06/22/2026,15:45:45,GMT,Jordan Lee,5QTN49RTJU3C883JA,,Website Payment,Completed,USD,4.99,-0.66,4.33,ORD-500058
06/22/2026,15:50:29,GMT,Morgan Hayes,JVNNU3NBAVUNTQCJX,,Website Payment,Completed,USD,9.99,-0.84,9.15,ORD-500152
06/22/2026,15:51:15,GMT,Taylor Brooks,D8U12ST2EWCCTS8LW,,Website Payment,Completed,USD,9.99,-0.84,9.15,ORD-500212
06/22/2026,16:00:42,GMT,Alex Morgan,EYYTUAGBLZAA14JBH,,Website Payment,Completed,USD,9.99,-0.84,9.15,ORD-501182
06/22/2026,16:14:54,GMT,Avery Collins,BJEP6MMJKV7V7NLGB,,Website Payment,Completed,USD,9.99,-0.84,9.15,ORD-500293
06/22/2026,16:27:49,GMT,Taylor Brooks,Y7DJ9DTV5970ZZAAP,,Website Payment,Denied,USD,59.99,0.00,0.00,ORD-500026
06/22/2026,16:30:02,GMT,Riley Carter,H1L0QQ9ZBFHWN8YEV,,Website Payment,Completed,USD,9.99,-0.84,9.15,ORD-501193
06/22/2026,16:36:22,GMT,Riley Carter,1YQNW4GMV23W8C5WW,,Website Payment,Completed,USD,9.99,-0.84,9.15,ORD-501883
06/22/2026,16:41:54,GMT,Sam Porter,N1QVNGDWPF6JN4UT3,,Website Payment,Completed,USD,9.99,-0.84,9.15,ORD-500203
06/22/2026,16:56:03,GMT,Drew Bennett,Y8WX1C6CDVX386W5F,,Website Payment,Completed,USD,9.99,-0.84,9.15,ORD-501800
06/22/2026,16:57:21,GMT,Jamie Ross,CZBQU75T7B8E2TW66,,Website Payment,Completed,USD,9.99,-0.84,9.15,ORD-500279
06/22/2026,17:12:03,GMT,Riley Carter,8R62GZ1CDXMZ27UNH,,Website Payment,Completed,USD,9.99,-0.84,9.15,ORD-501831
06/22/2026,17:35:18,GMT,Sam Porter,HPNUJ9KHGTME4E3NK,,Website Payment,Completed,USD,24.99,-1.36,23.63,ORD-501507
06/22/2026,18:30:00,GMT,Sam Porter,81W8ABCQ5SV125FQ4,,Website Payment,Completed,USD,9.99,-0.84,9.15,ORD-500463
06/22/2026,18:44:01,GMT,Avery Collins,USVZBYK18AE5FWNFJ,,Website Payment,Completed,USD,9.99,-0.84,9.15,ORD-500779
06/22/2026,18:45:13,GMT,Jordan Lee,HW3YL0CAW1TT13YE6,,Website Payment,Completed,USD,24.99,-1.36,23.63,ORD-500210
06/22/2026,19:01:51,GMT,Drew Bennett,FSTQXJ03R3N57YC1M,,Website Payment,Completed,USD,24.99,-1.36,23.63,ORD-501775
06/22/2026,19:13:45,GMT,Riley Carter,VNMMF48V1DVJ74V57,,Website Payment,Completed,USD,9.99,-0.84,9.15,ORD-500470
06/22/2026,19:36:59,GMT,Alex Morgan,8TSLAUUMA0QH7S74H,,Website Payment,Completed,USD,4.99,-0.66,4.33,ORD-500959
06/22/2026,19:49:32,GMT,Jordan Lee,R4BBN69JWER3UBJJ0,,Website Payment,Completed,USD,59.99,-2.58,57.41,ORD-500834
06/22/2026,19:55:01,GMT,Sam Porter,J37K6V4EZZKGQ91B8,,Website Payment,Completed,USD,4.99,-0.66,4.33,ORD-501115
06/22/2026,20:14:51,GMT,Jordan Lee,3FKB6EQU3D931Q00K,,Website Payment,Completed,USD,9.99,-0.84,9.15,ORD-501649
06/23/2026,07:30:44,GMT,Casey Nguyen,W8R9TF6UJNEEF4RAU,,Website Payment,Completed,USD,9.99,-0.84,9.15,ORD-500805
06/23/2026,07:51:06,GMT,Alex Morgan,A8MPX8EDDLLRDV4U1,,Website Payment,Completed,USD,9.99,-0.84,9.15,ORD-500022
06/23/2026,07:58:34,GMT,Sam Porter,K38F1V9PHFV2UV3QM,,Website Payment,Completed,USD,9.99,-0.84,9.15,ORD-500189
06/23/2026,08:01:34,GMT,Jordan Lee,K1W8LELH8YGA2C4EK,,Website Payment,Completed,USD,59.99,-2.58,57.41,ORD-501383
06/23/2026,08:11:41,GMT,Riley Carter,6SLKZTNWGMJZ9ZAKE,,Website Payment,Completed,USD,59.99,-2.58,57.41,ORD-501326
06/23/2026,08:23:06,GMT,Morgan Hayes,3APVGNYDE5RPBRMMC,,Website Payment,Completed,USD,9.99,-0.84,9.15,ORD-501809
06/23/2026,08:23:53,GMT,Sam Porter,01MC39EN6663DH9E4,,Website Payment,Completed,USD,9.99,-0.84,9.15,ORD-500120
06/23/2026,09:03:44,GMT,Sam Porter,T88Q51EQVAMJ7NDND,,Website Payment,Completed,USD,24.99,-1.36,23.63,ORD-501382
06/23/2026,09:16:33,GMT,Riley Carter,HQEPEFZA4M6GCHVLE,,Website Payment,Completed,USD,9.99,-0.84,9.15,ORD-501558
06/23/2026,09:18:42,GMT,Riley Carter,YHZV5NJKY45JWKSHP,BT4AXEVZAWZK5D1VS,Refund,Refunded,USD,-4.99,0.00,-4.99,ORD-502028
06/23/2026,09:21:39,GMT,Jordan Lee,4UUZQWGAQ30U1FSXH,,Website Payment,Completed,USD,9.99,-0.84,9.15,ORD-501829
06/23/2026,09:38:25,GMT,Sam Porter,56K572J501FMRRR27,,Website Payment,Denied,USD,9.99,0.00,0.00,ORD-500665
06/23/2026,09:41:23,GMT,Riley Carter,KS348YYUSF2LCLGUZ,,Website Payment,Completed,USD,59.99,-2.58,57.41,ORD-500675
06/23/2026,10:12:48,GMT,Avery Collins,7CEUQ4XLLX9FRN88W,,Website Payment,Completed,USD,4.99,-0.66,4.33,ORD-501619
06/23/2026,10:13:38,GMT,Drew Bennett,YCW2HFG6VX0DTW1B7,,Website Payment,Completed,USD,4.99,-0.66,4.33,ORD-500153
06/23/2026,10:16:37,GMT,Casey Nguyen,DVS53KPWXS1PZ18W7,,Website Payment,Completed,USD,9.99,-0.84,9.15,ORD-501190
06/23/2026,10:25:46,GMT,Drew Bennett,RMV5LD3ZXUPJC6FXS,,Website Payment,Completed,USD,24.99,-1.36,23.63,ORD-500660
06/23/2026,11:11:48,GMT,Sam Porter,W71K0FGTLQE438NWM,,Website Payment,Completed,USD,4.99,-0.66,4.33,ORD-501643
06/23/2026,11:22:01,GMT,Sam Porter,QUWTW9W4Z7WGU5KH9,,Website Payment,Completed,USD,24.99,-1.36,23.63,ORD-500261
06/23/2026,11:27:30,GMT,Taylor Brooks,YN33A1E7NFQ3TUWQ1,,Website Payment,Completed,USD,9.99,-0.84,9.15,ORD-500647
06/23/2026,11:30:32,GMT,Avery Collins,6CTQE27NTBMZ2UBNQ,,Website Payment,Completed,USD,9.99,-0.84,9.15,ORD-501051
06/23/2026,11:32:29,GMT,Drew Bennett,4SK8F4V78E2ML627N,,Website Payment,Completed,USD,24.99,-1.36,23.63,ORD-500481
06/23/2026,11:34:46,GMT,Alex Morgan,ZNW09FPPSSLWZ13BE,,Website Payment,Completed,USD,9.99,-0.84,9.15,ORD-500873
06/23/2026,11:54:26,GMT,Alex Morgan,6G33PYWKGQGLEEQDX,,Website Payment,Completed,USD,24.99,-1.36,23.63,ORD-500111
06/23/2026,11:59:57,GMT,Alex Morgan,AA7GSXKZLZXF4PC4H,,Website Payment,Denied,USD,59.99,0.00,0.00,ORD-500505
06/23/2026,12:02:38,GMT,Drew Bennett,8LZ8BQAGFCJM0YX53,,Website Payment,Completed,USD,4.99,-0.66,4.33,ORD-500687
06/23/2026,12:06:35,GMT,Riley Carter,9VEX5KHVK9ZHWFE2W,,Website Payment,Completed,USD,59.99,-2.58,57.41,ORD-500063
06/23/2026,12:17:50,GMT,Jamie Ross,VD4X9XKXJ97QA39TT,,Website Payment,Completed,USD,24.99,-1.36,23.63,ORD-501891
06/23/2026,12:25:11,GMT,Alex Morgan,MLWVMHZJJBX3P07WM,,Website Payment,Completed,USD,9.99,-0.84,9.15,ORD-500842
06/23/2026,12:28:56,GMT,Avery Collins,UQ72BYYR6T6UCPF2H,,Website Payment,Completed,USD,9.99,-0.84,9.15,ORD-500571
06/23/2026,12:43:24,GMT,Drew Bennett,FQDSY6BVGCMA7ZVQX,GHWTJFPP9L7QRT787,Refund,Refunded,USD,-9.99,0.00,-9.99,ORD-500260
06/23/2026,12:53:44,GMT,Morgan Hayes,4ABEPKZ9TN54HWTPM,,Website Payment,Completed,USD,59.99,-2.58,57.41,ORD-500447
06/23/2026,13:00:16,GMT,Avery Collins,XRT7N80LBK27VQCK2,,Website Payment,Denied,USD,9.99,0.00,0.00,ORD-501443
06/23/2026,13:07:03,GMT,Jordan Lee,G630AC8375S2GDSWP,,Website Payment,Completed,USD,4.99,-0.66,4.33,ORD-501313
06/23/2026,13:08:36,GMT,Sam Porter,DH3GM4MXYBA5WH4FU,,Website Payment,Completed,USD,9.99,-0.84,9.15,ORD-500836
06/23/2026,13:14:08,GMT,Jordan Lee,TV7USC6Y9AJLK2E4P,,Website Payment,Completed,USD,9.99,-0.84,9.15,ORD-500468
06/23/2026,13:34:04,GMT,Jamie Ross,T8AFQ67GXTHU9GP10,,Website Payment,Completed,USD,9.99,-0.84,9.15,ORD-501679
06/23/2026,13:48:39,GMT,Morgan Hayes,14UWYMWJX0BSZ9QV8,,Website Payment,Completed,USD,9.99,-0.84,9.15,ORD-501776
06/23/2026,13:59:39,GMT,Taylor Brooks,SR4LLEVCZ1GTSP9FA,,Website Payment,Completed,USD,4.99,-0.66,4.33,ORD-501592
06/23/2026,14:05:05,GMT,Morgan Hayes,7S4S9SC2BTW0KL56C,,Website Payment,Completed,USD,9.99,-0.84,9.15,ORD-500453
06/23/2026,14:07:19,GMT,Jordan Lee,KFZDNW6NJG3CZ3D8R,,Website Payment,Completed,USD,59.99,-2.58,57.41,ORD-501440
06/23/2026,14:08:39,GMT,Riley Carter,QV4HXGYT0S3MAYPWB,,Website Payment,Completed,USD,9.99,-0.84,9.15,ORD-501970
06/23/2026,14:10:02,GMT,Morgan Hayes,X2S4P9W17FL4TQTT9,,Website Payment,Completed,USD,9.99,-0.84,9.15,ORD-501305
06/23/2026,14:24:07,GMT,Morgan Hayes,1EU9KYNTXLX65J1RQ,,Website Payment,Completed,USD,9.99,-0.84,9.15,ORD-500124
06/23/2026,14:30:06,GMT,Alex Morgan,S2D2FF7MMMFDD9GHL,,Website Payment,Completed,USD,9.99,-0.84,9.15,ORD-500352
06/23/2026,14:38:43,GMT,Casey Nguyen,4AYC0XX4ZEEL83HZS,,Website Payment,Completed,USD,9.99,-0.84,9.15,ORD-501166
06/23/2026,14:39:56,GMT,Jordan Lee,4HB1FT51DQ00GEXR0,,Website Payment,Completed,USD,9.99,-0.84,9.15,ORD-500993
06/23/2026,15:06:01,GMT,Drew Bennett,X74WFSE00MBUGW1SZ,,Website Payment,Completed,USD,59.99,-2.58,57.41,ORD-501369
06/23/2026,15:14:42,GMT,Casey Nguyen,9BL4E4EYWYSK0YQF6,,Website Payment,Completed,USD,9.99,-0.84,9.15,ORD-501917
06/23/2026,15:24:33,GMT,Jamie Ross,XX3HT3WKEZ76UBP9V,,Website Payment,Denied,USD,9.99,0.00,0.00,ORD-500013
06/23/2026,15:42:22,GMT,Riley Carter,1RNCDETR4Y5AFSRQ1,,Website Payment,Completed,USD,24.99,-1.36,23.63,ORD-500206
06/23/2026,15:57:39,GMT,Casey Nguyen,6P3FET9FGZUB4LQK3,,Website Payment,Completed,USD,9.99,-0.84,9.15,ORD-500584
06/23/2026,16:02:50,GMT,Avery Collins,G47U89LR4JNUMFN0G,,Website Payment,Denied,USD,4.99,0.00,0.00,ORD-501504
06/23/2026,16:15:16,GMT,Jordan Lee,QQP6F5JVQWWRK9LD5,,Website Payment,Completed,USD,9.99,-0.84,9.15,ORD-500964
06/23/2026,16:24:45,GMT,Riley Carter,FL3S9M4QZA4YVJUGX,,Website Payment,Completed,USD,24.99,-1.36,23.63,ORD-501620
06/23/2026,16:27:12,GMT,Riley Carter,DELWZPT0ENG4PKWP4,Q0MKRPBF1YSJBHE5L,Refund,Refunded,USD,-5.00,0.00,-5.00,ORD-501824
06/23/2026,16:29:48,GMT,Jordan Lee,CGJ7502ZKG3B35EZ2,,Website Payment,Completed,USD,59.99,-2.58,57.41,ORD-500899
06/23/2026,16:32:49,GMT,Alex Morgan,GBP3VXZ5B5N747FSQ,,Website Payment,Completed,USD,59.99,-2.58,57.41,ORD-500893
06/23/2026,16:41:27,GMT,Alex Morgan,UHNQS6FD5K9KEJL7N,,Website Payment,Completed,USD,4.99,-0.66,4.33,ORD-500029
06/23/2026,16:56:35,GMT,Casey Nguyen,XGYWZ22RXVJF8DZ5S,,Website Payment,Completed,USD,9.99,-0.84,9.15,ORD-501698
06/23/2026,17:02:30,GMT,Riley Carter,Q9NZM4AY9ERVNZ6AB,,Website Payment,Completed,USD,9.99,-0.84,9.15,ORD-500074
06/23/2026,17:07:54,GMT,Jordan Lee,65X4UZMQ271QQPBVS,,Website Payment,Denied,USD,24.99,0.00,0.00,ORD-501999
06/23/2026,17:13:04,GMT,Morgan Hayes,7X1JMAWNY7ABXMFXA,,Website Payment,Completed,USD,9.99,-0.84,9.15,ORD-500843
06/23/2026,17:38:48,GMT,Taylor Brooks,8MHYJ8UWCXN1JC2P4,,Website Payment,Completed,USD,9.99,-0.84,9.15,ORD-500263
06/23/2026,17:41:16,GMT,Riley Carter,NG7Z8PT8E6JU8N8L6,,Website Payment,Completed,USD,59.99,-2.58,57.41,ORD-501890
06/23/2026,17:49:56,GMT,Riley Carter,S356B5P08M2MHJPK2,,Website Payment,Completed,USD,4.99,-0.66,4.33,ORD-500692
06/23/2026,18:06:22,GMT,Jordan Lee,LTGACUGK77ZM6KUCU,,Website Payment,Completed,USD,9.99,-0.84,9.15,ORD-501312
06/23/2026,18:07:26,GMT,Drew Bennett,KY1X122L79Q4AV354,,Website Payment,Completed,USD,4.99,-0.66,4.33,ORD-500076
06/23/2026,18:13:56,GMT,Morgan Hayes,3EFSBPQ35HJC7TXFU,,Website Payment,Completed,USD,59.99,-2.58,57.41,ORD-500406
06/23/2026,18:22:43,GMT,Riley Carter,EX7AZ058D9L9U9KNS,,Website Payment,Completed,USD,24.99,-1.36,23.63,ORD-500944
06/23/2026,18:28:49,GMT,Alex Morgan,31W8J6A2T64GVWGZT,,Website Payment,Completed,USD,9.99,-0.84,9.15,ORD-500161
06/23/2026,18:39:30,GMT,Avery Collins,37XNP245W4HHJJFP1,,Website Payment,Completed,USD,9.99,-0.84,9.15,ORD-501303
06/23/2026,18:48:28,GMT,Taylor Brooks,GZGNS3M7E7BRZQLBQ,,Website Payment,Completed,USD,9.99,-0.84,9.15,ORD-501614
06/23/2026,18:51:35,GMT,Sam Porter,4PKS001HP3UJ36B2B,,Website Payment,Completed,USD,9.99,-0.84,9.15,ORD-500852
06/23/2026,18:54:59,GMT,Jamie Ross,PX0DZTHNPB9188T4B,,Website Payment,Completed,USD,24.99,-1.36,23.63,ORD-500969
06/23/2026,19:04:58,GMT,Taylor Brooks,VD0SJEE0EWULEWNQK,,Website Payment,Completed,USD,9.99,-0.84,9.15,ORD-501905
06/23/2026,19:11:04,GMT,Alex Morgan,ZRQGNUMVMNNAGR9VG,,Website Payment,Completed,USD,24.99,-1.36,23.63,ORD-501820
06/23/2026,19:13:27,GMT,Avery Collins,WXVG52PU9PC6QW72X,,Website Payment,Denied,USD,24.99,0.00,0.00,ORD-501681
06/23/2026,19:39:00,GMT,Jamie Ross,MHLKBSE860SY7DU54,,Website Payment,Completed,USD,9.99,-0.84,9.15,ORD-500366
06/23/2026,20:08:32,GMT,Avery Collins,1SCH5VDKXJ1AUWLK4,,Website Payment,Completed,USD,9.99,-0.84,9.15,ORD-501148
06/24/2026,08:26:31,GMT,Alex Morgan,RZP7YQPTRK38DFK4Q,,Website Payment,Denied,USD,9.99,0.00,0.00,ORD-501367
06/24/2026,08:29:13,GMT,Morgan Hayes,DMKU67CF76VHTBZJT,,Website Payment,Completed,USD,59.99,-2.58,57.41,ORD-501616
06/24/2026,08:35:28,GMT,Jamie Ross,KXJXZ68WMK5FLREFH,,Website Payment,Completed,USD,9.99,-0.84,9.15,ORD-501582
06/24/2026,08:53:03,GMT,Jamie Ross,E3DJUAT933U503B0E,,Website Payment,Completed,USD,9.99,-0.84,9.15,ORD-500511
06/24/2026,09:14:06,GMT,Casey Nguyen,YPFTYYK526C1RFK49,,Website Payment,Completed,USD,9.99,-0.84,9.15,ORD-500523
06/24/2026,09:26:51,GMT,Jamie Ross,9VJZ1FF0LAKMMHP5W,,Website Payment,Completed,USD,59.99,-2.58,57.41,ORD-500108
06/24/2026,09:38:48,GMT,Avery Collins,MWQ52D5TYZ3CC04WV,,Website Payment,Denied,USD,9.99,0.00,0.00,ORD-501624
06/24/2026,09:54:24,GMT,Drew Bennett,HUEG1QNJE5E3FAVB7,,Website Payment,Completed,USD,9.99,-0.84,9.15,ORD-502004
06/24/2026,10:00:05,GMT,Riley Carter,ZSZEXF15FU361ARP5,,Website Payment,Completed,USD,9.99,-0.84,9.15,ORD-500881
06/24/2026,10:04:01,GMT,Jamie Ross,3Y2V7K0DZ6KGHV6Y8,,Website Payment,Completed,USD,9.99,-0.84,9.15,ORD-500362
06/24/2026,10:15:42,GMT,Drew Bennett,HLL03PBQW213LLRBR,,Website Payment,Denied,USD,9.99,0.00,0.00,ORD-500377
06/24/2026,10:26:21,GMT,Alex Morgan,76EBX3X4UDVYPRN46,,Website Payment,Completed,USD,24.99,-1.36,23.63,ORD-500415
06/24/2026,10:59:29,GMT,Jordan Lee,VEZY41QWV5FNY5KDD,,Website Payment,Completed,USD,9.99,-0.84,9.15,ORD-500508
06/24/2026,11:00:59,GMT,Jamie Ross,G3LAJHEZUV9LZXB2Y,,Website Payment,Completed,USD,59.99,-2.58,57.41,ORD-500041
06/24/2026,11:07:34,GMT,Sam Porter,4VJWZNH8J3TGC2AQS,,Website Payment,Completed,USD,9.99,-0.84,9.15,ORD-501920
06/24/2026,11:08:25,GMT,Alex Morgan,AVSRRCN6JVXXTU67P,,Website Payment,Completed,USD,24.99,-1.36,23.63,ORD-500130
06/24/2026,11:23:57,GMT,Drew Bennett,HB2XB4GWNEC0J27GK,,Website Payment,Completed,USD,4.99,-0.66,4.33,ORD-501098
06/24/2026,11:27:25,GMT,Alex Morgan,TF7JEG9V4689WC1KW,,Website Payment,Completed,USD,24.99,-1.36,23.63,ORD-501664
06/24/2026,11:30:18,GMT,Casey Nguyen,P3H9AHKPHQRK8J3MF,,Website Payment,Completed,USD,9.99,-0.84,9.15,ORD-501578
06/24/2026,11:33:48,GMT,Avery Collins,6SVE04WPQ5TGC4JM4,,Website Payment,Denied,USD,9.99,0.00,0.00,ORD-500292
06/24/2026,11:39:00,GMT,Sam Porter,A8V7910BHTX0NRWK4,,Website Payment,Completed,USD,9.99,-0.84,9.15,ORD-500192
06/24/2026,11:48:04,GMT,Jordan Lee,N2N306JHA83FUAC5S,,Website Payment,Completed,USD,59.99,-2.58,57.41,ORD-501433
06/24/2026,11:49:44,GMT,Sam Porter,K0EYAC4RL6NRV5VFN,,Website Payment,Completed,USD,9.99,-0.84,9.15,ORD-500197
06/24/2026,12:07:14,GMT,Avery Collins,7GSU37F2LWE2LD15U,,Website Payment,Completed,USD,9.99,-0.84,9.15,ORD-501160
06/24/2026,12:13:07,GMT,Jordan Lee,YTRX9KR4Y0A4MJQA2,,Website Payment,Completed,USD,9.99,-0.84,9.15,ORD-500159
06/24/2026,12:19:33,GMT,Casey Nguyen,G1PFQY0Y9GRFET77X,,Website Payment,Completed,USD,9.99,-0.84,9.15,ORD-501588
06/24/2026,12:30:47,GMT,Morgan Hayes,GYJKNWJ60YKF0AEKE,,Website Payment,Completed,USD,24.99,-1.36,23.63,ORD-500018
06/24/2026,12:42:51,GMT,Sam Porter,8Q1GFJNKWSN028X84,,Website Payment,Completed,USD,9.99,-0.84,9.15,ORD-500739
06/24/2026,12:53:17,GMT,Casey Nguyen,UTPPJKQL4AP6M58ZG,,Website Payment,Completed,USD,9.99,-0.84,9.15,ORD-501779
06/24/2026,12:55:09,GMT,Morgan Hayes,1GJKVPK707VA2EEC5,,Website Payment,Completed,USD,9.99,-0.84,9.15,ORD-501208
06/24/2026,13:09:27,GMT,Avery Collins,R6HEPN6DQH1HGHXY8,,Website Payment,Completed,USD,9.99,-0.84,9.15,ORD-500077
06/24/2026,13:09:55,GMT,Jamie Ross,SYQYVGGXAJSQ39MYR,,Website Payment,Completed,USD,9.99,-0.84,9.15,ORD-501140
06/24/2026,13:11:20,GMT,Alex Morgan,KPAHE91TX53EX7NBW,,Website Payment,Completed,USD,9.99,-0.84,9.15,ORD-501787
06/24/2026,13:21:47,GMT,Casey Nguyen,HE6YQV6SFLKF75KY7,,Website Payment,Completed,USD,9.99,-0.84,9.15,ORD-501562
06/24/2026,13:33:48,GMT,Drew Bennett,8UCKLRW064VRXK6CP,,Website Payment,Completed,USD,24.99,-1.36,23.63,ORD-500534
06/24/2026,13:56:24,GMT,Casey Nguyen,FGNVWRRWRJQE13Y98,,Website Payment,Completed,USD,9.99,-0.84,9.15,ORD-500145
06/24/2026,14:12:15,GMT,Riley Carter,FRPWLJULJUM9RJ1A0,,Website Payment,Completed,USD,4.99,-0.66,4.33,ORD-502026
06/24/2026,14:14:26,GMT,Avery Collins,VYTDZY97XX0Y4WQWK,,Website Payment,Completed,USD,24.99,-1.36,23.63,ORD-501024
06/24/2026,14:15:01,GMT,Casey Nguyen,20X89RHQRLZNTK4G6,X74WFSE00MBUGW1SZ,Refund,Refunded,USD,-30.00,0.00,-30.00,ORD-501369
06/24/2026,14:33:10,GMT,Riley Carter,SSMN7U4Y73FHMCWVX,,Website Payment,Completed,USD,4.99,-0.66,4.33,ORD-501205
06/24/2026,14:37:20,GMT,Jordan Lee,RQWLGE9V77RQ0872V,,Website Payment,Completed,USD,59.99,-2.58,57.41,ORD-501338
06/24/2026,14:42:37,GMT,Morgan Hayes,Y5LD34JU90KMWU34P,,Website Payment,Completed,USD,9.99,-0.84,9.15,ORD-500958
06/24/2026,15:03:11,GMT,Jamie Ross,HNYZ6NLVGVADMEBV6,,Website Payment,Completed,USD,24.99,-1.36,23.63,ORD-501333
06/24/2026,15:18:31,GMT,Casey Nguyen,E2MGH2KE0QZRNXGVZ,,Website Payment,Completed,USD,9.99,-0.84,9.15,ORD-501942
06/24/2026,15:21:52,GMT,Jamie Ross,UF0MZHPM07ZALFZU4,,Website Payment,Completed,USD,9.99,-0.84,9.15,ORD-500284
06/24/2026,15:26:17,GMT,Casey Nguyen,4ZX82TMFUB16Y62QJ,,Website Payment,Completed,USD,4.99,-0.66,4.33,ORD-501132
06/24/2026,15:28:09,GMT,Morgan Hayes,T1Y6DTJ8J6925J4P5,,Website Payment,Completed,USD,9.99,-0.84,9.15,ORD-501080
06/24/2026,15:28:31,GMT,Jamie Ross,9NHY44RKMRSMT55W9,,Website Payment,Completed,USD,9.99,-0.84,9.15,ORD-500002
06/24/2026,15:53:43,GMT,Alex Morgan,8VNVWMSH0LJDFKQXH,,Website Payment,Completed,USD,9.99,-0.84,9.15,ORD-500989
06/24/2026,15:57:17,GMT,Sam Porter,NS3LE4BE51QXRR1EN,,Website Payment,Completed,USD,4.99,-0.66,4.33,ORD-501833
06/24/2026,15:57:43,GMT,Casey Nguyen,G9W3D41N24VD5JV59,,Website Payment,Completed,USD,24.99,-1.36,23.63,ORD-501813
06/24/2026,16:07:46,GMT,Jordan Lee,X2KM0KRR4KWKR92MT,,Website Payment,Completed,USD,9.99,-0.84,9.15,ORD-500990
06/24/2026,16:22:12,GMT,Morgan Hayes,3GEU2Q41MMARH1P71,,Website Payment,Completed,USD,24.99,-1.36,23.63,ORD-502016
06/24/2026,16:27:02,GMT,Drew Bennett,FWCRXLLY9QF3N54GF,,Website Payment,Completed,USD,59.99,-2.58,57.41,ORD-500093
06/24/2026,16:40:29,GMT,Taylor Brooks,DKVAV99XJFK79XPE8,,Website Payment,Completed,USD,9.99,-0.84,9.15,ORD-500361
06/24/2026,16:42:00,GMT,Taylor Brooks,QX7LVTJ6J6GWG5JVK,,Website Payment,Completed,USD,24.99,-1.36,23.63,ORD-500987
06/24/2026,17:10:44,GMT,Riley Carter,KX3TPCKLFXKAATLWN,,Website Payment,Completed,USD,9.99,-0.84,9.15,ORD-500863
06/24/2026,17:23:35,GMT,Taylor Brooks,76JGV77L8DWRJHGRE,,Website Payment,Completed,USD,9.99,-0.84,9.15,ORD-500540
06/24/2026,17:25:55,GMT,Drew Bennett,8K7K73QMN598246TC,,Website Payment,Completed,USD,24.99,-1.36,23.63,ORD-500761
06/24/2026,17:43:10,GMT,Riley Carter,ZL9N5Q1CDTQP8VBKB,,Website Payment,Completed,USD,9.99,-0.84,9.15,ORD-500868
06/24/2026,17:55:16,GMT,Morgan Hayes,WTEVQY81TYK5DQX80,,Website Payment,Completed,USD,9.99,-0.84,9.15,ORD-500521
06/24/2026,18:08:22,GMT,Sam Porter,B60R74S4KJCD2BVHE,,Website Payment,Completed,USD,9.99,-0.84,9.15,ORD-500916
06/24/2026,18:32:44,GMT,Drew Bennett,RLJVUCUA68U92SDQB,,Website Payment,Completed,USD,59.99,-2.58,57.41,ORD-500769
06/24/2026,18:56:00,GMT,Taylor Brooks,LWFQNTHALN3NZHM1T,,Website Payment,Completed,USD,9.99,-0.84,9.15,ORD-500901
06/24/2026,19:02:16,GMT,Riley Carter,SNJUAGTBCL14DWUK5,,Website Payment,Denied,USD,24.99,0.00,0.00,ORD-501897
06/24/2026,19:02:35,GMT,Sam Porter,VLH85B64K4B8T8HG1,,Website Payment,Denied,USD,9.99,0.00,0.00,ORD-501822
06/24/2026,19:10:18,GMT,Morgan Hayes,N5S0BCKHQ115CNC2C,,Website Payment,Completed,USD,24.99,-1.36,23.63,ORD-501525
06/24/2026,19:20:34,GMT,Sam Porter,YK0XAPNGCF2ACG3QC,,Website Payment,Completed,USD,59.99,-2.58,57.41,ORD-500270
06/24/2026,20:04:18,GMT,Taylor Brooks,GHVHF8SQMXL83Q3V2,,Website Payment,Completed,USD,9.99,-0.84,9.15,ORD-500241
06/24/2026,20:12:40,GMT,Morgan Hayes,P09LLJZM55E4DKGHM,,Website Payment,Completed,USD,24.99,-1.36,23.63,ORD-500338
06/25/2026,08:07:00,GMT,Riley Carter,RL7U1B69CGSTYA9HT,,Website Payment,Completed,USD,24.99,-1.36,23.63,ORD-500427
06/25/2026,08:16:59,GMT,Jordan Lee,K0BS46PXFNCBSQXAZ,CPUW58R549XPFSQCG,Refund,Refunded,USD,-4.99,0.00,-4.99,ORD-501537
06/25/2026,08:24:41,GMT,Riley Carter,P0U2GEA63H78PCUKV,,Website Payment,Completed,USD,4.99,-0.66,4.33,ORD-500048
06/25/2026,08:38:34,GMT,Taylor Brooks,0NQQQKSLURT8L1EZ6,,Website Payment,Completed,USD,59.99,-2.58,57.41,ORD-502019
06/25/2026,08:40:13,GMT,Sam Porter,ZHPX188P1RBFREHMR,,Website Payment,Completed,USD,9.99,-0.84,9.15,ORD-500732
06/25/2026,08:53:53,GMT,Sam Porter,RKCMP8N2Q8EJDYFSZ,,Website Payment,Completed,USD,4.99,-0.66,4.33,ORD-501376
06/25/2026,09:08:05,GMT,Taylor Brooks,J5PNJ4BUCL9LD0C3K,,Website Payment,Completed,USD,9.99,-0.84,9.15,ORD-502023
06/25/2026,09:21:50,GMT,Jordan Lee,YFBD7Y1HG2NY06TE4,,Website Payment,Completed,USD,9.99,-0.84,9.15,ORD-500233
06/25/2026,09:51:20,GMT,Drew Bennett,DDG2KTDS9YEZVXQEX,,Website Payment,Completed,USD,9.99,-0.84,9.15,ORD-500392
06/25/2026,09:56:15,GMT,Casey Nguyen,TTYT48KMANUM7LG1X,,Website Payment,Completed,USD,9.99,-0.84,9.15,ORD-500720
06/25/2026,10:07:29,GMT,Casey Nguyen,DQ3ZU93S7MRCF6S1R,,Website Payment,Completed,USD,9.99,-0.84,9.15,ORD-500264
06/25/2026,10:58:09,GMT,Avery Collins,5UB06G6ARMZ6UFUGE,,Website Payment,Completed,USD,9.99,-0.84,9.15,ORD-501936
06/25/2026,10:59:34,GMT,Jamie Ross,VS7JMZJVFR4JVGBKV,,Website Payment,Completed,USD,9.99,-0.84,9.15,ORD-500727
06/25/2026,11:05:27,GMT,Jamie Ross,5P1NFVBBG1VBN3GJJ,,Website Payment,Completed,USD,9.99,-0.84,9.15,ORD-501709
06/25/2026,11:08:29,GMT,Jordan Lee,1MY2QM5PS935UKCT6,,Website Payment,Completed,USD,9.99,-0.84,9.15,ORD-501036
06/25/2026,11:20:19,GMT,Alex Morgan,72CYX20GBZU4B2PM2,,Website Payment,Completed,USD,9.99,-0.84,9.15,ORD-501976
06/25/2026,11:38:39,GMT,Alex Morgan,BLPVTZ765Z337BSCA,,Website Payment,Completed,USD,9.99,-0.84,9.15,ORD-500407
06/25/2026,11:50:59,GMT,Riley Carter,95MDFJV5UUYHMU04T,,Website Payment,Completed,USD,59.99,-2.58,57.41,ORD-500514
06/25/2026,11:57:11,GMT,Alex Morgan,HZU1LYS4SNG53UX3S,,Website Payment,Completed,USD,9.99,-0.84,9.15,ORD-500016
06/25/2026,12:15:53,GMT,Taylor Brooks,BNZH5NLMJWR4MBZC3,,Website Payment,Completed,USD,9.99,-0.84,9.15,ORD-500066
06/25/2026,12:16:10,GMT,Morgan Hayes,J5K61N8QXSWLT4H79,,Website Payment,Completed,USD,4.99,-0.66,4.33,ORD-502043
06/25/2026,12:27:10,GMT,Riley Carter,16C9EJB915FLE4MYS,,Website Payment,Completed,USD,9.99,-0.84,9.15,ORD-501908
06/25/2026,12:39:08,GMT,Riley Carter,H8PAFRQQ7ZES3FQQW,,Website Payment,Completed,USD,59.99,-2.58,57.41,ORD-500640
06/25/2026,12:39:47,GMT,Casey Nguyen,S2XTNT6P4L24BVKXL,,Website Payment,Completed,USD,24.99,-1.36,23.63,ORD-500890
06/25/2026,12:40:15,GMT,Drew Bennett,C974TGSD2SWRC8ZT5,,Website Payment,Completed,USD,9.99,-0.84,9.15,ORD-501702
06/25/2026,12:56:04,GMT,Morgan Hayes,7NF5YYHSJ5G8Y1HKH,,Website Payment,Completed,USD,24.99,-1.36,23.63,ORD-500719
06/25/2026,13:07:24,GMT,Jordan Lee,68RYCUUUDDZSWYEJG,,Website Payment,Completed,USD,4.99,-0.66,4.33,ORD-501589
06/25/2026,13:08:54,GMT,Avery Collins,ZR6Z3Y4JV9PUQMDWK,,Website Payment,Completed,USD,9.99,-0.84,9.15,ORD-500435
06/25/2026,13:12:29,GMT,Riley Carter,7ZGWCR7LFC2S07WCJ,,Website Payment,Completed,USD,24.99,-1.36,23.63,ORD-500006
06/25/2026,13:22:48,GMT,Riley Carter,LK8947A67YBF2G2XT,,Website Payment,Completed,USD,24.99,-1.36,23.63,ORD-500474
06/25/2026,14:02:48,GMT,Casey Nguyen,K49BKVTGD7EYBE010,,Website Payment,Completed,USD,4.99,-0.66,4.33,ORD-501740
06/25/2026,14:19:24,GMT,Jamie Ross,YWE0TAWGPP7HD3YVP,,Website Payment,Completed,USD,59.99,-2.58,57.41,ORD-500318
06/25/2026,14:51:29,GMT,Jamie Ross,N66JUYQK15AAV3VRB,,Website Payment,Completed,USD,9.99,-0.84,9.15,ORD-501026
06/25/2026,14:53:46,GMT,Avery Collins,NF8AQVZRNYDKYEZNR,,Website Payment,Completed,USD,24.99,-1.36,23.63,ORD-501059
06/25/2026,14:59:59,GMT,Jordan Lee,W9TU4W2EXTR7MGR4A,,Website Payment,Completed,USD,9.99,-0.84,9.15,ORD-500316
06/25/2026,15:20:22,GMT,Alex Morgan,4KRFAXCZRFCGUTDBR,,Website Payment,Completed,USD,24.99,-1.36,23.63,ORD-501124
06/25/2026,15:33:00,GMT,Riley Carter,7G1C77WYERWNTTAZD,,Website Payment,Completed,USD,9.99,-0.84,9.15,ORD-501185
06/25/2026,15:52:05,GMT,Jordan Lee,24Q2PYNDE2P56KHU0,,Website Payment,Completed,USD,9.99,-0.84,9.15,ORD-501796
06/25/2026,16:02:00,GMT,Taylor Brooks,TXCH3Z223A4F52NZY,,Website Payment,Completed,USD,24.99,-1.36,23.63,ORD-500464
06/25/2026,16:21:58,GMT,Sam Porter,K91AUJV0VND49HCYM,,Website Payment,Completed,USD,4.99,-0.66,4.33,ORD-501070
06/25/2026,16:27:50,GMT,Jordan Lee,6QQLWR7D2VFS84XST,,Website Payment,Completed,USD,24.99,-1.36,23.63,ORD-502034
06/25/2026,16:33:31,GMT,Drew Bennett,SDC0X6BDARVT17XAT,,Website Payment,Completed,USD,9.99,-0.84,9.15,ORD-502031
06/25/2026,16:34:47,GMT,Riley Carter,7KXDJ4TCHANJKQBW0,,Website Payment,Completed,USD,24.99,-1.36,23.63,ORD-500824
06/25/2026,16:37:56,GMT,Sam Porter,W000X1YYPS63DVL1E,,Website Payment,Completed,USD,9.99,-0.84,9.15,ORD-500664
06/25/2026,16:55:23,GMT,Morgan Hayes,1MVMWD4N0ZWWGCJF9,,Website Payment,Completed,USD,9.99,-0.84,9.15,ORD-500777
06/25/2026,16:59:24,GMT,Avery Collins,YJUFGSHNRN4M3LR5L,,Website Payment,Completed,USD,9.99,-0.84,9.15,ORD-501422
06/25/2026,16:59:52,GMT,Jamie Ross,T282MZ27CGSFRRN57,,Website Payment,Completed,USD,9.99,-0.84,9.15,ORD-500612
06/25/2026,17:01:02,GMT,Casey Nguyen,LYUVJQYDV4RHBQPGH,,Website Payment,Completed,USD,9.99,-0.84,9.15,ORD-501163
06/25/2026,17:01:21,GMT,Drew Bennett,56QYYNQW6H7WA2FGP,,Website Payment,Completed,USD,59.99,-2.58,57.41,ORD-501754
06/25/2026,17:05:47,GMT,Jamie Ross,VD91M3MF3DUU4EL76,,Website Payment,Completed,USD,9.99,-0.84,9.15,ORD-500757
06/25/2026,17:16:40,GMT,Morgan Hayes,U2ZR0E8PH7A50FDSR,,Website Payment,Completed,USD,24.99,-1.36,23.63,ORD-500830
06/25/2026,17:19:40,GMT,Jamie Ross,R79VDVMDP7454P70Z,,Website Payment,Completed,USD,9.99,-0.84,9.15,ORD-501963
06/25/2026,17:36:12,GMT,Taylor Brooks,U6RTH1ZQ4BNAG310M,,Website Payment,Completed,USD,9.99,-0.84,9.15,ORD-501793
06/25/2026,17:53:45,GMT,Riley Carter,05DMBC1ZW01Q1NRNR,,Website Payment,Completed,USD,9.99,-0.84,9.15,ORD-501122
06/25/2026,17:59:09,GMT,Taylor Brooks,F94EDFDXMTY5NG0DQ,,Website Payment,Completed,USD,9.99,-0.84,9.15,ORD-501062
06/25/2026,18:00:30,GMT,Jamie Ross,6CS14Y728436T325X,,Website Payment,Completed,USD,9.99,-0.84,9.15,ORD-500069
06/25/2026,18:21:25,GMT,Drew Bennett,QSR79NC66DZKTQTJE,,Website Payment,Completed,USD,59.99,-2.58,57.41,ORD-501069
06/25/2026,18:21:32,GMT,Jordan Lee,KM2WRBUY3BDJ4EYQA,,Website Payment,Completed,USD,24.99,-1.36,23.63,ORD-501797
06/25/2026,18:33:33,GMT,Riley Carter,6LS12HB2KGQCMA0HS,,Website Payment,Completed,USD,24.99,-1.36,23.63,ORD-500634
06/25/2026,18:40:38,GMT,Morgan Hayes,AEE0VRC6RA1HBXMVV,,Website Payment,Completed,USD,9.99,-0.84,9.15,ORD-501692
06/25/2026,18:41:49,GMT,Taylor Brooks,FJEDV77KPLG9V8LG7,,Website Payment,Completed,USD,24.99,-1.36,23.63,ORD-501912
06/25/2026,18:43:07,GMT,Taylor Brooks,11PQYNRHK706AQZ36,,Website Payment,Completed,USD,9.99,-0.84,9.15,ORD-501946
06/25/2026,18:47:30,GMT,Jamie Ross,3AQHSQJH4NK4TYA8P,,Website Payment,Completed,USD,24.99,-1.36,23.63,ORD-501600
06/25/2026,18:49:35,GMT,Avery Collins,354WWG7W30L2UR4RM,,Website Payment,Completed,USD,9.99,-0.84,9.15,ORD-500759
06/25/2026,18:49:35,GMT,Casey Nguyen,24W6JZMZTDTYCRLTP,,Website Payment,Completed,USD,24.99,-1.36,23.63,ORD-501580
06/25/2026,18:53:24,GMT,Riley Carter,CC62J429DMBG1DV1S,,Website Payment,Completed,USD,9.99,-0.84,9.15,ORD-501904
06/25/2026,19:00:26,GMT,Alex Morgan,WQYNDYHKSKCHLNG0D,,Website Payment,Completed,USD,4.99,-0.66,4.33,ORD-501147
06/25/2026,19:27:08,GMT,Alex Morgan,BF2RB6PWAG8GP492C,,Website Payment,Denied,USD,9.99,0.00,0.00,ORD-501503
06/25/2026,19:39:09,GMT,Casey Nguyen,BT23DXAH8P36BA0LP,,Website Payment,Completed,USD,24.99,-1.36,23.63,ORD-500977
06/25/2026,19:43:56,GMT,Taylor Brooks,90AFEEXLU543DXBKR,,Website Payment,Completed,USD,59.99,-2.58,57.41,ORD-501835
06/25/2026,20:04:32,GMT,Morgan Hayes,AR6F3M87Y5U93ML3F,,Website Payment,Completed,USD,24.99,-1.36,23.63,ORD-501466
06/25/2026,20:37:43,GMT,Jordan Lee,URQRYQXFN66EM333R,,Website Payment,Completed,USD,24.99,-1.36,23.63,ORD-501358
06/26/2026,07:37:58,GMT,Jamie Ross,4MQM5CQZFJ8HV49AU,,Website Payment,Completed,USD,9.99,-0.84,9.15,ORD-501442
06/26/2026,07:54:27,GMT,Sam Porter,JZJ36ZRMZ7LXGVJXG,,Website Payment,Completed,USD,4.99,-0.66,4.33,ORD-500682
06/26/2026,08:05:23,GMT,Alex Morgan,JAX928CZDM97T01TQ,,Website Payment,Completed,USD,9.99,-0.84,9.15,ORD-500618
06/26/2026,08:16:47,GMT,Sam Porter,GS8NWUZKKQW0DRCB2,,Website Payment,Completed,USD,9.99,-0.84,9.15,ORD-500416
06/26/2026,08:26:58,GMT,Alex Morgan,JAKKHKCWZYDL1RKC8,,Website Payment,Completed,USD,24.99,-1.36,23.63,ORD-501463
06/26/2026,08:38:56,GMT,Morgan Hayes,RXEXY5KZKVYA620L7,,Website Payment,Completed,USD,9.99,-0.84,9.15,ORD-500384
06/26/2026,08:40:55,GMT,Alex Morgan,25A1KLPQ9SAGC9B4S,,Website Payment,Completed,USD,24.99,-1.36,23.63,ORD-500707
06/26/2026,08:54:32,GMT,Jordan Lee,242LXXLE46SFR42PZ,,Website Payment,Completed,USD,59.99,-2.58,57.41,ORD-501096
06/26/2026,08:58:21,GMT,Jordan Lee,QASXVAJMAMBVWXB1J,,Website Payment,Completed,USD,9.99,-0.84,9.15,ORD-501046
06/26/2026,09:29:56,GMT,Jamie Ross,0USR6253S4KS60WKY,,Website Payment,Completed,USD,24.99,-1.36,23.63,ORD-501152
06/26/2026,09:30:42,GMT,Riley Carter,5U34B7JM7RDRCELFT,,Website Payment,Completed,USD,59.99,-2.58,57.41,ORD-500426
06/26/2026,09:48:18,GMT,Casey Nguyen,EJH5T9DDMAWYMC97H,,Website Payment,Completed,USD,9.99,-0.84,9.15,ORD-501658
06/26/2026,09:54:58,GMT,Morgan Hayes,EU1SLTNBNXYTRACB6,,Website Payment,Completed,USD,9.99,-0.84,9.15,ORD-500925
06/26/2026,09:56:08,GMT,Avery Collins,D3K2FZA764Z96VBS9,,Website Payment,Completed,USD,24.99,-1.36,23.63,ORD-501629
06/26/2026,10:09:38,GMT,Riley Carter,QV8QFG3KRTD7BSAR3,,Website Payment,Completed,USD,59.99,-2.58,57.41,ORD-501677
06/26/2026,10:15:31,GMT,Morgan Hayes,3KD6TY85XGNWF0RFG,,Website Payment,Completed,USD,24.99,-1.36,23.63,ORD-500333
06/26/2026,10:29:55,GMT,Jamie Ross,9127KWXRV538YY2WJ,,Website Payment,Completed,USD,24.99,-1.36,23.63,ORD-500151
06/26/2026,11:13:25,GMT,Alex Morgan,N4EZLL4X6C6AZZ25E,,Website Payment,Completed,USD,59.99,-2.58,57.41,ORD-502000
06/26/2026,11:21:09,GMT,Morgan Hayes,ZSNNYFZSURLRE7A6K,,Website Payment,Completed,USD,59.99,-2.58,57.41,ORD-501872
06/26/2026,11:35:10,GMT,Taylor Brooks,M45Q2Q4H5J547PKRH,,Website Payment,Completed,USD,9.99,-0.84,9.15,ORD-500019
06/26/2026,11:50:59,GMT,Riley Carter,SB8Q6WZE6U49ZD264,,Website Payment,Completed,USD,9.99,-0.84,9.15,ORD-500188
06/26/2026,11:51:29,GMT,Avery Collins,1GDRUXX4NQ7GNU5MH,,Website Payment,Denied,USD,9.99,0.00,0.00,ORD-501240
06/26/2026,11:54:05,GMT,Drew Bennett,A287YHQ2K6W4JWYAX,,Website Payment,Completed,USD,24.99,-1.36,23.63,ORD-501607
06/26/2026,12:03:11,GMT,Morgan Hayes,X88KT96CJ2WB6XPME,,Website Payment,Denied,USD,9.99,0.00,0.00,ORD-501686
06/26/2026,12:08:51,GMT,Sam Porter,0S9W1EEM7G0UWH62M,,Website Payment,Completed,USD,24.99,-1.36,23.63,ORD-500009
06/26/2026,12:11:41,GMT,Drew Bennett,G0WREMS124WEN02EK,,Website Payment,Completed,USD,9.99,-0.84,9.15,ORD-501243
06/26/2026,12:14:58,GMT,Jordan Lee,X2EAHNFNWPX5J7CE2,,Website Payment,Completed,USD,24.99,-1.36,23.63,ORD-501149
06/26/2026,12:25:36,GMT,Taylor Brooks,XM69SYBJHR8YLXLZS,,Website Payment,Completed,USD,24.99,-1.36,23.63,ORD-500864
06/26/2026,12:36:12,GMT,Jamie Ross,GQPYG7NX15A35TXYJ,,Website Payment,Completed,USD,24.99,-1.36,23.63,ORD-501724
06/26/2026,12:54:36,GMT,Sam Porter,3N79Q4H668LR4LK41,,Website Payment,Completed,USD,9.99,-0.84,9.15,ORD-502024
06/26/2026,12:56:27,GMT,Jordan Lee,GQ4C3RCPAVQSCZQS4,,Website Payment,Completed,USD,24.99,-1.36,23.63,ORD-501107
06/26/2026,13:29:37,GMT,Drew Bennett,AG0GERHMQSS0P81VD,,Website Payment,Completed,USD,4.99,-0.66,4.33,ORD-501154
06/26/2026,13:32:52,GMT,Casey Nguyen,U8B9978P8HYN5X5F0,,Website Payment,Completed,USD,59.99,-2.58,57.41,ORD-501218
06/26/2026,13:33:20,GMT,Jordan Lee,FWS6SSN71MG3KVPP2,,Website Payment,Completed,USD,4.99,-0.66,4.33,ORD-501672
06/26/2026,13:37:45,GMT,Jamie Ross,0KCZW7WBPG8ZHWRRU,,Website Payment,Denied,USD,59.99,0.00,0.00,ORD-500102
06/26/2026,13:39:27,GMT,Taylor Brooks,H800X5WWFUWGNK7B4,,Website Payment,Completed,USD,9.99,-0.84,9.15,ORD-501255
06/26/2026,13:47:40,GMT,Avery Collins,J0ZYA4351WG0GQ5S7,,Website Payment,Completed,USD,9.99,-0.84,9.15,ORD-500788
06/26/2026,14:24:07,GMT,Jordan Lee,BV9JLQRBTGA36D5MR,,Website Payment,Completed,USD,24.99,-1.36,23.63,ORD-501622
06/26/2026,14:24:26,GMT,Jamie Ross,AWFNDNS259H3WQS4R,,Website Payment,Denied,USD,24.99,0.00,0.00,ORD-501803
06/26/2026,14:28:33,GMT,Jordan Lee,W6AKDJF5GX48HH4Q7,,Website Payment,Completed,USD,9.99,-0.84,9.15,ORD-500238
06/26/2026,14:56:26,GMT,Drew Bennett,FG3QXRZPVR243TW4L,,Website Payment,Completed,USD,4.99,-0.66,4.33,ORD-500738
06/26/2026,14:57:34,GMT,Casey Nguyen,UVJAUPANLA9F2FQF4,,Website Payment,Completed,USD,9.99,-0.84,9.15,ORD-501354
06/26/2026,15:06:31,GMT,Drew Bennett,J6FMXCS5LWQWJTDG0,,Website Payment,Completed,USD,9.99,-0.84,9.15,ORD-500549
06/26/2026,15:10:14,GMT,Casey Nguyen,08CL2KP6QT2N15E84,,Website Payment,Completed,USD,9.99,-0.84,9.15,ORD-501782
06/26/2026,15:11:42,GMT,Morgan Hayes,UAU795FJCAF6TDU64,,Website Payment,Denied,USD,59.99,0.00,0.00,ORD-501749
06/26/2026,15:12:39,GMT,Drew Bennett,M075CBWQQVT4D5JBC,,Website Payment,Completed,USD,9.99,-0.84,9.15,ORD-501487
06/26/2026,15:24:29,GMT,Casey Nguyen,UYLXYKQ66UNUB3E2Y,,Website Payment,Completed,USD,9.99,-0.84,9.15,ORD-502005
06/26/2026,15:40:37,GMT,Avery Collins,C6AW1VKRXP301CTJN,,Website Payment,Completed,USD,24.99,-1.36,23.63,ORD-500803
06/26/2026,15:41:09,GMT,Alex Morgan,E9N63DTNSL1N6EHUK,,Website Payment,Completed,USD,9.99,-0.84,9.15,ORD-500368
06/26/2026,15:42:35,GMT,Avery Collins,X5GLS72UBHTD6MTCU,,Website Payment,Completed,USD,59.99,-2.58,57.41,ORD-501084
06/26/2026,15:43:37,GMT,Morgan Hayes,BNS3BJJS3LPQTT694,,Website Payment,Completed,USD,59.99,-2.58,57.41,ORD-500504
06/26/2026,15:44:05,GMT,Morgan Hayes,M9VV9L8SRSLS8CFND,,Website Payment,Completed,USD,9.99,-0.84,9.15,ORD-501224
06/26/2026,15:49:23,GMT,Morgan Hayes,4CEH96J95B503UFUJ,,Website Payment,Completed,USD,24.99,-1.36,23.63,ORD-500808
06/26/2026,15:52:56,GMT,Jordan Lee,LQQFMDFPG15E263GC,,Website Payment,Completed,USD,9.99,-0.84,9.15,ORD-500619
06/26/2026,16:22:56,GMT,Riley Carter,PVLCWLKWFP2A576N5,,Website Payment,Completed,USD,9.99,-0.84,9.15,ORD-501049
06/26/2026,16:28:14,GMT,Riley Carter,YWG6UELR4RKL418ME,,Website Payment,Completed,USD,9.99,-0.84,9.15,ORD-500694
06/26/2026,16:34:57,GMT,Casey Nguyen,P58D0ZNV422ZZ84BN,,Website Payment,Completed,USD,9.99,-0.84,9.15,ORD-500204
06/26/2026,16:41:19,GMT,Drew Bennett,A8AGJFDGFTSJ7CPMS,,Website Payment,Completed,USD,9.99,-0.84,9.15,ORD-500809
06/26/2026,16:42:50,GMT,Sam Porter,7RKC9P8JHP8KHUV1Q,,Website Payment,Completed,USD,9.99,-0.84,9.15,ORD-500885
06/26/2026,16:47:58,GMT,Sam Porter,K10QUAUSJ21CWK2AM,,Website Payment,Completed,USD,9.99,-0.84,9.15,ORD-500032
06/26/2026,16:50:54,GMT,Drew Bennett,67R1B5WUPAZP1TK9U,,Website Payment,Completed,USD,24.99,-1.36,23.63,ORD-500684
06/26/2026,17:03:20,GMT,Avery Collins,6T0G2P5LJZTFB88MK,,Website Payment,Completed,USD,4.99,-0.66,4.33,ORD-500854
06/26/2026,17:06:18,GMT,Jordan Lee,X5D1LDF0LX11G42G3,,Website Payment,Completed,USD,59.99,-2.58,57.41,ORD-501021
06/26/2026,17:12:10,GMT,Jamie Ross,4S574H1HN79AAK3BD,,Website Payment,Completed,USD,9.99,-0.84,9.15,ORD-501241
06/26/2026,17:15:35,GMT,Jamie Ross,J5HA2V8L1ZDFRRL6P,,Website Payment,Completed,USD,9.99,-0.84,9.15,ORD-501327
06/26/2026,17:34:46,GMT,Casey Nguyen,HXDGKNLXJYS6N05PW,,Website Payment,Completed,USD,9.99,-0.84,9.15,ORD-500110
06/26/2026,17:50:07,GMT,Drew Bennett,VC5WJVHNX1JRAMMD0,,Website Payment,Completed,USD,9.99,-0.84,9.15,ORD-500477
06/26/2026,17:55:46,GMT,Avery Collins,L7G1HM8CW6JYJ9TEL,,Website Payment,Completed,USD,9.99,-0.84,9.15,ORD-501320
06/26/2026,18:01:19,GMT,Sam Porter,TRYYHR0E3AF45KQX7,,Website Payment,Completed,USD,9.99,-0.84,9.15,ORD-501555
06/26/2026,18:09:54,GMT,Jordan Lee,ZYW85J6ESG74TBNXJ,,Website Payment,Completed,USD,9.99,-0.84,9.15,ORD-500548
06/26/2026,18:12:21,GMT,Casey Nguyen,NQUUYJGJ94ZKU13P7,,Website Payment,Completed,USD,9.99,-0.84,9.15,ORD-501067
06/26/2026,18:23:09,GMT,Avery Collins,56E4WBTHNK97BWMU9,,Website Payment,Completed,USD,59.99,-2.58,57.41,ORD-500897
06/26/2026,18:23:55,GMT,Riley Carter,BFR2GY0U2ERWA1U3Q,,Website Payment,Completed,USD,9.99,-0.84,9.15,ORD-501296
06/26/2026,18:31:44,GMT,Riley Carter,9HRELYL44WJ816HP1,,Website Payment,Completed,USD,9.99,-0.84,9.15,ORD-501192
06/26/2026,18:42:41,GMT,Jamie Ross,VTLJWJNZVAR5J2XMC,,Website Payment,Completed,USD,9.99,-0.84,9.15,ORD-501268
06/26/2026,18:44:54,GMT,Drew Bennett,MDQ0Y4C0Y1JBWWGHD,,Website Payment,Completed,USD,9.99,-0.84,9.15,ORD-500892
06/26/2026,18:56:04,GMT,Taylor Brooks,EP6QGJX1X7BCX09L8,,Website Payment,Completed,USD,9.99,-0.84,9.15,ORD-501263
06/26/2026,18:57:09,GMT,Riley Carter,DRFTF322RVSWR2UHS,,Website Payment,Completed,USD,59.99,-2.58,57.41,ORD-500249
06/26/2026,18:59:26,GMT,Avery Collins,WSU6KG0KEKALBKTJB,,Website Payment,Completed,USD,59.99,-2.58,57.41,ORD-501274
06/26/2026,19:04:24,GMT,Alex Morgan,RJW9PHWHAEXZT5833,,Website Payment,Completed,USD,9.99,-0.84,9.15,ORD-500745
06/26/2026,19:29:30,GMT,Morgan Hayes,YS63DC5P493J8GBGD,,Website Payment,Completed,USD,24.99,-1.36,23.63,ORD-500999
06/26/2026,19:36:10,GMT,Sam Porter,UFM9FTHR7HRM6KRE7,,Website Payment,Completed,USD,59.99,-2.58,57.41,ORD-501469
06/27/2026,08:01:45,GMT,Casey Nguyen,XDZMZFYNL8Q6Q8G3H,FL3S9M4QZA4YVJUGX,Refund,Refunded,USD,-12.50,0.00,-12.50,ORD-501620
06/27/2026,08:07:13,GMT,Riley Carter,ED1UXQ7LS3AGHG8XW,,Website Payment,Completed,USD,9.99,-0.84,9.15,ORD-501015
06/27/2026,08:22:52,GMT,Jamie Ross,5L61KF7WXPB1ELRZT,,Website Payment,Completed,USD,24.99,-1.36,23.63,ORD-501903
06/27/2026,08:26:56,GMT,Alex Morgan,45KF89QW7TMRPC5NM,,Website Payment,Completed,USD,9.99,-0.84,9.15,ORD-500941
06/27/2026,08:48:50,GMT,Sam Porter,R1QD3A3QD5ER9FDXS,,Website Payment,Completed,USD,24.99,-1.36,23.63,ORD-501653
06/27/2026,08:49:19,GMT,Alex Morgan,AGQUSKSQ2GHR9BBNP,,Website Payment,Completed,USD,9.99,-0.84,9.15,ORD-500387
06/27/2026,09:09:34,GMT,Taylor Brooks,GDKFM2PF2RSGA3UNE,,Website Payment,Completed,USD,24.99,-1.36,23.63,ORD-501094
06/27/2026,09:10:56,GMT,Drew Bennett,1KWPYW887G1TJEZ9M,,Website Payment,Completed,USD,4.99,-0.66,4.33,ORD-500656
06/27/2026,09:16:37,GMT,Jamie Ross,36A092M9PF0J21MLH,,Website Payment,Denied,USD,24.99,0.00,0.00,ORD-500421
06/27/2026,09:22:31,GMT,Sam Porter,F017LBVN5MQ91SYGW,,Website Payment,Completed,USD,59.99,-2.58,57.41,ORD-501807
06/27/2026,09:22:42,GMT,Alex Morgan,B7CJLMQJM3MPYWQSV,,Website Payment,Completed,USD,24.99,-1.36,23.63,ORD-501317
06/27/2026,09:32:14,GMT,Alex Morgan,47EHM4UCA52H9PRC3,,Website Payment,Completed,USD,24.99,-1.36,23.63,ORD-501826
06/27/2026,09:34:51,GMT,Alex Morgan,RES3NG32H9H6ABSDG,,Website Payment,Completed,USD,9.99,-0.84,9.15,ORD-500358
06/27/2026,09:40:53,GMT,Taylor Brooks,73VYNSX5KR9WBFHZM,,Website Payment,Completed,USD,24.99,-1.36,23.63,ORD-500984
06/27/2026,10:30:20,GMT,Riley Carter,2CQGUN2CMLCKZCPTN,,Website Payment,Completed,USD,9.99,-0.84,9.15,ORD-501271
06/27/2026,10:35:33,GMT,Alex Morgan,LE0HHPG5VD2Q0UDT3,,Website Payment,Completed,USD,4.99,-0.66,4.33,ORD-501183
06/27/2026,10:39:06,GMT,Jamie Ross,Y87A0K8UQ2092CAEZ,,Website Payment,Completed,USD,59.99,-2.58,57.41,ORD-500762
06/27/2026,10:50:41,GMT,Avery Collins,0788KWGCQDCPPVECM,,Website Payment,Completed,USD,9.99,-0.84,9.15,ORD-501810
06/27/2026,11:10:26,GMT,Jordan Lee,WTRX2CN38VXQX1ZG8,,Website Payment,Completed,USD,9.99,-0.84,9.15,ORD-501788
06/27/2026,11:14:33,GMT,Sam Porter,HK4KN3HNKZV2BAGJB,,Website Payment,Completed,USD,9.99,-0.84,9.15,ORD-501684
06/27/2026,11:51:05,GMT,Morgan Hayes,NC4CJCLCPUHEZ7S7Z,,Website Payment,Completed,USD,4.99,-0.66,4.33,ORD-501236
06/27/2026,11:52:07,GMT,Morgan Hayes,NJ67TCKRGF6SQ32CT,,Website Payment,Completed,USD,59.99,-2.58,57.41,ORD-501237
06/27/2026,12:09:29,GMT,Sam Porter,YMDA66A825GEU1XAM,,Website Payment,Completed,USD,9.99,-0.84,9.15,ORD-501290
06/27/2026,12:22:27,GMT,Avery Collins,LK05HETFPQXLR391G,,Website Payment,Completed,USD,9.99,-0.84,9.15,ORD-501928
06/27/2026,12:35:50,GMT,Morgan Hayes,L5Q8UMWYG9WUU5S23,,Website Payment,Completed,USD,59.99,-2.58,57.41,ORD-501002
06/27/2026,12:42:04,GMT,Taylor Brooks,2FNLXFCS3KYM8C3WD,,Website Payment,Completed,USD,59.99,-2.58,57.41,ORD-501995
06/27/2026,13:02:14,GMT,Drew Bennett,6HN4MZFMSFSY1WYKW,,Website Payment,Completed,USD,9.99,-0.84,9.15,ORD-500877
06/27/2026,13:05:45,GMT,Morgan Hayes,QMQYQ4RVWRPSKLD6J,,Website Payment,Completed,USD,9.99,-0.84,9.15,ORD-501611
06/27/2026,13:22:24,GMT,Alex Morgan,P0TEFX9NABFV6GK9K,,Website Payment,Completed,USD,9.99,-0.84,9.15,ORD-500876
06/27/2026,13:29:34,GMT,Casey Nguyen,7YWDEWX9MUA5WVMQ4,,Website Payment,Completed,USD,9.99,-0.84,9.15,ORD-501907
06/27/2026,13:39:01,GMT,Riley Carter,CH9HCRJU6FFJU1YXM,,Website Payment,Denied,USD,9.99,0.00,0.00,ORD-501161
06/27/2026,13:40:36,GMT,Casey Nguyen,636GYQ4JBECEY8GUP,,Website Payment,Completed,USD,4.99,-0.66,4.33,ORD-500613
06/27/2026,13:43:00,GMT,Drew Bennett,DMWMDMN8QYVVLA61K,,Website Payment,Completed,USD,9.99,-0.84,9.15,ORD-500875
06/27/2026,13:49:54,GMT,Riley Carter,9LZEMATZY1GBV26VK,,Website Payment,Completed,USD,9.99,-0.84,9.15,ORD-501758
06/27/2026,14:02:52,GMT,Avery Collins,RJ02GVYBC732N06LC,,Website Payment,Completed,USD,4.99,-0.66,4.33,ORD-500841
06/27/2026,14:16:20,GMT,Drew Bennett,NA5HRH55QBNDX37WV,,Website Payment,Completed,USD,4.99,-0.66,4.33,ORD-501859
06/27/2026,14:28:05,GMT,Casey Nguyen,9E7X5M3X2CWUN9RFV,,Website Payment,Denied,USD,9.99,0.00,0.00,ORD-500594
06/27/2026,14:33:35,GMT,Jordan Lee,KM76JD3GUB6LM8DDQ,,Website Payment,Completed,USD,4.99,-0.66,4.33,ORD-501405
06/27/2026,14:57:32,GMT,Avery Collins,2S6Q2S9PVNMNKHMPZ,,Website Payment,Completed,USD,4.99,-0.66,4.33,ORD-500167
06/27/2026,15:00:51,GMT,Drew Bennett,6MXHPYQAV56ALQFGE,,Website Payment,Completed,USD,59.99,-2.58,57.41,ORD-501415
06/27/2026,15:43:56,GMT,Riley Carter,P1QYJ6GV2AP70185H,,Website Payment,Completed,USD,9.99,-0.84,9.15,ORD-501119
06/27/2026,15:48:20,GMT,Morgan Hayes,8JH6LFDHP135WW9ZB,,Website Payment,Denied,USD,9.99,0.00,0.00,ORD-500529
06/27/2026,15:55:41,GMT,Jamie Ross,MMHZF2F2LCBTBPFZP,,Website Payment,Completed,USD,59.99,-2.58,57.41,ORD-501762
06/27/2026,16:12:55,GMT,Sam Porter,AQXB3SLT2BBAX499V,,Website Payment,Completed,USD,59.99,-2.58,57.41,ORD-500170
06/27/2026,16:16:27,GMT,Drew Bennett,S5MWLHMN7LEWQQBUJ,,Website Payment,Completed,USD,9.99,-0.84,9.15,ORD-500314
06/27/2026,16:19:57,GMT,Taylor Brooks,DXC99A8KZWJUBG17H,,Website Payment,Completed,USD,9.99,-0.84,9.15,ORD-501050
06/27/2026,16:58:00,GMT,Morgan Hayes,8K2L4C4B58EXZ4VM4,,Website Payment,Completed,USD,24.99,-1.36,23.63,ORD-500994
06/27/2026,17:03:32,GMT,Drew Bennett,S8RF817F6MG1KMLLF,,Website Payment,Completed,USD,24.99,-1.36,23.63,ORD-500061
06/27/2026,17:05:18,GMT,Avery Collins,SNE40XBLCWVBGW6HU,,Website Payment,Completed,USD,59.99,-2.58,57.41,ORD-500485
06/27/2026,17:17:50,GMT,Riley Carter,N46VZEWSQRDLGZ7TR,,Website Payment,Completed,USD,9.99,-0.84,9.15,ORD-500067
06/27/2026,17:40:02,GMT,Morgan Hayes,FV69EWNVGWG5E88NE,,Website Payment,Completed,USD,9.99,-0.84,9.15,ORD-500143
06/27/2026,18:13:23,GMT,Drew Bennett,TWKHXNZRGKVJ16MXW,,Website Payment,Completed,USD,59.99,-2.58,57.41,ORD-501885
06/27/2026,18:31:10,GMT,Sam Porter,0MX28WVDSMCX0SW3B,,Website Payment,Completed,USD,24.99,-1.36,23.63,ORD-501081
06/27/2026,18:55:50,GMT,Avery Collins,92FUAWXMK873MET1V,,Website Payment,Completed,USD,9.99,-0.84,9.15,ORD-501373
06/27/2026,19:12:58,GMT,Jamie Ross,48UHALNN326E59CTR,,Website Payment,Completed,USD,9.99,-0.84,9.15,ORD-501306
06/27/2026,19:25:42,GMT,Jamie Ross,GSWG4J6DJC6AH616D,,Website Payment,Completed,USD,59.99,-2.58,57.41,ORD-501238
06/27/2026,20:12:50,GMT,Sam Porter,SZ9HMCEXSSRPEBMA6,,Website Payment,Completed,USD,59.99,-2.58,57.41,ORD-501330
06/27/2026,20:30:29,GMT,Taylor Brooks,6ZYKFJZAQHS43YFW2,,Website Payment,Completed,USD,9.99,-0.84,9.15,ORD-500729
06/27/2026,20:42:30,GMT,Morgan Hayes,1EX9RPEAPUT70RHJV,,Website Payment,Completed,USD,24.99,-1.36,23.63,ORD-501838
06/28/2026,07:27:42,GMT,Taylor Brooks,RSS0ZVMLXX2UAGLFU,,Website Payment,Completed,USD,24.99,-1.36,23.63,ORD-501022
06/28/2026,07:27:56,GMT,Taylor Brooks,ZW9XKU6P0PZD7MYCM,,Website Payment,Completed,USD,9.99,-0.84,9.15,ORD-500519
06/28/2026,07:53:59,GMT,Avery Collins,FKV5JPKZPCHZ4NMCP,,Website Payment,Completed,USD,24.99,-1.36,23.63,ORD-501840
06/28/2026,07:56:17,GMT,Morgan Hayes,0SM4GRY74771GXPKY,,Website Payment,Completed,USD,24.99,-1.36,23.63,ORD-500381
06/28/2026,08:29:49,GMT,Jamie Ross,L6J04P3BQ3JAWHURF,,Website Payment,Completed,USD,59.99,-2.58,57.41,ORD-501687
06/28/2026,08:40:07,GMT,Riley Carter,HQUCQNX0UTRUWD9Z0,,Website Payment,Completed,USD,59.99,-2.58,57.41,ORD-500780
06/28/2026,08:40:48,GMT,Sam Porter,PR7JF4XCFU94LCKZJ,,Website Payment,Completed,USD,24.99,-1.36,23.63,ORD-500826
06/28/2026,08:48:34,GMT,Riley Carter,EEDTP34ER3MKX0GFV,,Website Payment,Completed,USD,9.99,-0.84,9.15,ORD-500554
06/28/2026,09:00:14,GMT,Casey Nguyen,P8D0MUUD8MAZNU3NE,,Website Payment,Completed,USD,9.99,-0.84,9.15,ORD-500181
06/28/2026,09:14:31,GMT,Jamie Ross,52KV5G8FRRK2FH4AD,,Website Payment,Completed,USD,59.99,-2.58,57.41,ORD-501517
06/28/2026,09:27:45,GMT,Drew Bennett,RLTS8ETSP0CG9S6XP,,Website Payment,Completed,USD,9.99,-0.84,9.15,ORD-501818
06/28/2026,09:34:11,GMT,Morgan Hayes,86SZ0Q7Z6Q2XFGQ4A,,Website Payment,Completed,USD,24.99,-1.36,23.63,ORD-501162
06/28/2026,09:40:59,GMT,Casey Nguyen,E2063GFN17GCUV3G4,,Website Payment,Completed,USD,24.99,-1.36,23.63,ORD-500791
06/28/2026,10:04:16,GMT,Morgan Hayes,BQ6GU7XTNWWU5A75W,,Website Payment,Completed,USD,59.99,-2.58,57.41,ORD-501969
06/28/2026,10:12:00,GMT,Morgan Hayes,4EZ7V0NUQZF45CXPJ,,Website Payment,Completed,USD,59.99,-2.58,57.41,ORD-500126
06/28/2026,10:18:29,GMT,Taylor Brooks,7BGMVMJ5CMPYF7UPB,,Website Payment,Completed,USD,9.99,-0.84,9.15,ORD-500020
06/28/2026,10:22:34,GMT,Jordan Lee,UX8MBJBRXB0N1KLC4,,Website Payment,Completed,USD,9.99,-0.84,9.15,ORD-500236
06/28/2026,10:28:41,GMT,Drew Bennett,QCP1485L4G1WHAM39,,Website Payment,Completed,USD,9.99,-0.84,9.15,ORD-501445
06/28/2026,10:32:51,GMT,Jordan Lee,E4QJ6ZRDK24GU6G5G,,Website Payment,Completed,USD,9.99,-0.84,9.15,ORD-501478
06/28/2026,10:42:49,GMT,Alex Morgan,F530GH5Q2EJ4YAZFC,,Website Payment,Completed,USD,9.99,-0.84,9.15,ORD-501402
06/28/2026,10:45:21,GMT,Jamie Ross,JUXZH8N4VZS1QUSUB,,Website Payment,Completed,USD,9.99,-0.84,9.15,ORD-501101
06/28/2026,10:59:18,GMT,Drew Bennett,B8MGFEX2LVF0Z2VF8,,Website Payment,Completed,USD,9.99,-0.84,9.15,ORD-500450
06/28/2026,11:12:38,GMT,Casey Nguyen,MBHC76W4BNFMBWMY9,,Website Payment,Completed,USD,59.99,-2.58,57.41,ORD-500951
06/28/2026,11:16:13,GMT,Alex Morgan,5MHR8D7H56NEP5AB0,,Website Payment,Completed,USD,9.99,-0.84,9.15,ORD-500382
06/28/2026,11:19:12,GMT,Avery Collins,WD28VSFU1SGUPBVN7,,Website Payment,Completed,USD,24.99,-1.36,23.63,ORD-500625
06/28/2026,11:34:05,GMT,Casey Nguyen,YSJ6PQDVEH5Q1ZJHL,,Website Payment,Completed,USD,24.99,-1.36,23.63,ORD-501486
06/28/2026,11:48:32,GMT,Sam Porter,4LVYXH7MPBYPP0UNW,,Website Payment,Completed,USD,9.99,-0.84,9.15,ORD-501785
06/28/2026,11:51:56,GMT,Sam Porter,CGSRPDCET82JMH1G7,,Website Payment,Completed,USD,59.99,-2.58,57.41,ORD-501565
06/28/2026,11:55:20,GMT,Jordan Lee,Q7M651J18U5RKSM04,,Website Payment,Completed,USD,9.99,-0.84,9.15,ORD-501164
06/28/2026,11:57:09,GMT,Riley Carter,M72SKBSRSZUXRJ6GZ,,Website Payment,Denied,USD,59.99,0.00,0.00,ORD-501427
06/28/2026,12:01:35,GMT,Taylor Brooks,2CEG6AURCAPSM0HS7,,Website Payment,Completed,USD,59.99,-2.58,57.41,ORD-500226
06/28/2026,12:04:22,GMT,Avery Collins,87T935TEWZ609F8TB,,Website Payment,Completed,USD,9.99,-0.84,9.15,ORD-500578
06/28/2026,12:10:18,GMT,Drew Bennett,E9H406T4XUVR5SA6C,F5XD9ZP4R3U182EVF,Refund,Refunded,USD,-59.99,0.00,-59.99,ORD-500696
06/28/2026,12:13:12,GMT,Jamie Ross,WGMVV5HYC8EVMFS4Y,,Website Payment,Completed,USD,4.99,-0.66,4.33,ORD-501016
06/28/2026,12:20:33,GMT,Jordan Lee,NWZK0DQ2JA0HLAQF4,,Website Payment,Completed,USD,59.99,-2.58,57.41,ORD-500039
06/28/2026,12:25:42,GMT,Riley Carter,A9BYQVQXFQ1VCV55E,,Website Payment,Completed,USD,9.99,-0.84,9.15,ORD-500386
06/28/2026,12:33:20,GMT,Riley Carter,ULFBX16J98RXZV2B6,,Website Payment,Completed,USD,9.99,-0.84,9.15,ORD-500467
06/28/2026,12:34:37,GMT,Sam Porter,4UBV082SWNQGKGAEM,,Website Payment,Denied,USD,4.99,0.00,0.00,ORD-501221
06/28/2026,12:51:49,GMT,Drew Bennett,Q1Z3K2NHWHZ68K1YE,,Website Payment,Completed,USD,9.99,-0.84,9.15,ORD-501018
06/28/2026,13:06:45,GMT,Casey Nguyen,R65F1FZMDJGC94EBC,,Website Payment,Denied,USD,59.99,0.00,0.00,ORD-501484
06/28/2026,13:19:12,GMT,Alex Morgan,VW0S7DB3KBST7HHTJ,,Website Payment,Completed,USD,24.99,-1.36,23.63,ORD-500623
06/28/2026,13:49:03,GMT,Casey Nguyen,FZ825K8M91656KXC8,,Website Payment,Denied,USD,59.99,0.00,0.00,ORD-501204
06/28/2026,13:54:21,GMT,Drew Bennett,ZV6M7AJ2MU1N4VQED,,Website Payment,Completed,USD,9.99,-0.84,9.15,ORD-501186
06/28/2026,14:07:31,GMT,Morgan Hayes,MVU6UEE7UR630VGYG,,Website Payment,Completed,USD,9.99,-0.84,9.15,ORD-500353
06/28/2026,14:12:47,GMT,Jamie Ross,JSRBF7TCUUN5QBQX3,5BEDH0KWBH8FYYJ0U,Refund,Refunded,USD,-5.00,0.00,-5.00,ORD-501591
06/28/2026,14:13:26,GMT,Jordan Lee,6VA8SS4UX0LP1CBGN,,Website Payment,Completed,USD,9.99,-0.84,9.15,ORD-501091
06/28/2026,14:16:52,GMT,Jamie Ross,5GK374VH1979437KU,,Website Payment,Denied,USD,9.99,0.00,0.00,ORD-500326
06/28/2026,14:21:53,GMT,Drew Bennett,G2K8AWLWAFR7VK97L,,Website Payment,Completed,USD,9.99,-0.84,9.15,ORD-501650
06/28/2026,14:36:09,GMT,Alex Morgan,ZREXZFGD8M04C6L8J,,Website Payment,Completed,USD,9.99,-0.84,9.15,ORD-500154
06/28/2026,14:39:02,GMT,Morgan Hayes,00JKAQ7XXEY8F502D,,Website Payment,Completed,USD,9.99,-0.84,9.15,ORD-501669
06/28/2026,14:39:39,GMT,Avery Collins,L70QPMEG7MCN8316Y,,Website Payment,Completed,USD,9.99,-0.84,9.15,ORD-500434
06/28/2026,14:50:23,GMT,Casey Nguyen,50DGEN5QRXJ5CYC5C,,Website Payment,Completed,USD,9.99,-0.84,9.15,ORD-500351
06/28/2026,15:19:55,GMT,Alex Morgan,53616WHGQRLZ9C6Q6,,Website Payment,Completed,USD,9.99,-0.84,9.15,ORD-501359
06/28/2026,15:25:48,GMT,Taylor Brooks,0Y24YPZG3BSZQ0RK2,,Website Payment,Completed,USD,9.99,-0.84,9.15,ORD-501321
06/28/2026,15:42:29,GMT,Jamie Ross,KJA098F04PNHAP6E9,,Website Payment,Completed,USD,59.99,-2.58,57.41,ORD-501914
06/28/2026,15:45:50,GMT,Morgan Hayes,AB8LHTR0AHEHT3DXD,,Website Payment,Completed,USD,9.99,-0.84,9.15,ORD-500418
06/28/2026,15:50:20,GMT,Avery Collins,176LR0SBND7GYM5UA,,Website Payment,Completed,USD,9.99,-0.84,9.15,ORD-500365
06/28/2026,15:56:52,GMT,Sam Porter,4L5KE2M3M8KBMQVG3,,Website Payment,Completed,USD,9.99,-0.84,9.15,ORD-501557
06/28/2026,16:08:35,GMT,Jordan Lee,S68TE2QBXELSCF5H9,,Website Payment,Completed,USD,9.99,-0.84,9.15,ORD-501034
06/28/2026,16:34:07,GMT,Casey Nguyen,RH5H7UNJ0DHDJ8X0R,,Website Payment,Completed,USD,59.99,-2.58,57.41,ORD-500755
06/28/2026,16:35:32,GMT,Sam Porter,7BQ0VE8KLMUEYFJ9H,,Website Payment,Completed,USD,4.99,-0.66,4.33,ORD-500811
06/28/2026,17:08:47,GMT,Avery Collins,16GFP0WG7P970J2TW,,Website Payment,Completed,USD,9.99,-0.84,9.15,ORD-501269
06/28/2026,17:17:54,GMT,Drew Bennett,ZN19FTA30NVGSHBSF,,Website Payment,Completed,USD,9.99,-0.84,9.15,ORD-501244
06/28/2026,17:20:33,GMT,Jordan Lee,5SGP8QJKGG6SQZBLD,,Website Payment,Completed,USD,9.99,-0.84,9.15,ORD-501552
06/28/2026,17:23:49,GMT,Avery Collins,7Z0X39KE2EWF189ZW,,Website Payment,Completed,USD,9.99,-0.84,9.15,ORD-500592
06/28/2026,17:25:09,GMT,Riley Carter,SNWDYV71WFA6NW7VL,,Website Payment,Completed,USD,24.99,-1.36,23.63,ORD-500572
06/28/2026,17:25:30,GMT,Sam Porter,DCSTA6B7WBLKV76UL,,Website Payment,Completed,USD,9.99,-0.84,9.15,ORD-500768
06/28/2026,17:30:56,GMT,Morgan Hayes,DL83RUXRRV2TL6GTZ,,Website Payment,Completed,USD,4.99,-0.66,4.33,ORD-500544
06/28/2026,17:37:44,GMT,Alex Morgan,569ECS0ZPGD0G1MZD,,Website Payment,Completed,USD,9.99,-0.84,9.15,ORD-500400
06/28/2026,18:15:09,GMT,Riley Carter,D03FV31FFRDXZRN70,,Website Payment,Completed,USD,24.99,-1.36,23.63,ORD-500350
06/28/2026,18:40:07,GMT,Sam Porter,YC2H45VSTG94G24HQ,,Website Payment,Completed,USD,24.99,-1.36,23.63,ORD-501184
06/28/2026,18:42:49,GMT,Drew Bennett,A0ATZP5NRW4D37S4Y,,Website Payment,Completed,USD,59.99,-2.58,57.41,ORD-501536
06/28/2026,18:57:37,GMT,Sam Porter,D543E4U2Y0P3VQHP0,,Website Payment,Completed,USD,59.99,-2.58,57.41,ORD-500531
06/28/2026,19:00:56,GMT,Riley Carter,5KCYVS6QA9FKJSYT4,,Website Payment,Completed,USD,59.99,-2.58,57.41,ORD-500428
06/28/2026,19:07:29,GMT,Taylor Brooks,CZCUSGTF4YM689D79,,Website Payment,Completed,USD,9.99,-0.84,9.15,ORD-501652
06/28/2026,19:26:05,GMT,Avery Collins,ULDQRB7809TCMRW56,,Website Payment,Completed,USD,4.99,-0.66,4.33,ORD-500963
06/28/2026,19:36:38,GMT,Drew Bennett,0ATEQWER082LFG7CR,,Website Payment,Completed,USD,9.99,-0.84,9.15,ORD-501206
06/28/2026,19:52:42,GMT,Alex Morgan,28JGEF9JQT4A88Q8A,,Website Payment,Completed,USD,59.99,-2.58,57.41,ORD-500887
06/28/2026,20:21:21,GMT,Riley Carter,KYVGAE96ZC8V664JL,,Website Payment,Completed,USD,9.99,-0.84,9.15,ORD-500423
06/29/2026,07:48:32,GMT,Taylor Brooks,VFQ37972Y3XEXUDR0,,Website Payment,Completed,USD,4.99,-0.66,4.33,ORD-502014
06/29/2026,08:09:19,GMT,Morgan Hayes,3T4ZZ06H6LNMKEU63,,Website Payment,Completed,USD,9.99,-0.84,9.15,ORD-500905
06/29/2026,08:14:34,GMT,Morgan Hayes,MDEXAPQECEBR3KVD6,,Website Payment,Completed,USD,9.99,-0.84,9.15,ORD-501061
06/29/2026,08:18:06,GMT,Jordan Lee,JJEMR83AKMFS4Y0LE,,Website Payment,Completed,USD,9.99,-0.84,9.15,ORD-500491
06/29/2026,08:50:01,GMT,Taylor Brooks,HTVK8QU22EV0CHZMY,,Website Payment,Completed,USD,24.99,-1.36,23.63,ORD-500638
06/29/2026,09:15:17,GMT,Casey Nguyen,ZA3C5YTLGWJF21RLU,,Website Payment,Completed,USD,9.99,-0.84,9.15,ORD-501129
06/29/2026,09:30:34,GMT,Taylor Brooks,9V3KS9VPT1K7NYGXT,,Website Payment,Completed,USD,9.99,-0.84,9.15,ORD-500469
06/29/2026,09:38:10,GMT,Taylor Brooks,Y58M16671EK8E82NL,ZL9N5Q1CDTQP8VBKB,Refund,Refunded,USD,-9.99,0.00,-9.99,ORD-500868
06/29/2026,09:38:42,GMT,Riley Carter,AZ1UZGCR98NWEMJ83,,Website Payment,Completed,USD,4.99,-0.66,4.33,ORD-500683
06/29/2026,10:00:18,GMT,Drew Bennett,G040D6KKVNCJR2LNF,,Website Payment,Denied,USD,9.99,0.00,0.00,ORD-500691
06/29/2026,10:06:52,GMT,Casey Nguyen,TF3489AGWFAPAMAYP,,Website Payment,Completed,USD,59.99,-2.58,57.41,ORD-501913
06/29/2026,10:09:41,GMT,Drew Bennett,MPBXG05Q3GZ0G72EL,,Website Payment,Completed,USD,4.99,-0.66,4.33,ORD-500747
06/29/2026,10:09:54,GMT,Morgan Hayes,2G6D5JUKCV9S6GRXX,,Website Payment,Denied,USD,9.99,0.00,0.00,ORD-501378
06/29/2026,10:12:06,GMT,Sam Porter,NWCUWNB63MXBJXKEW,,Website Payment,Completed,USD,9.99,-0.84,9.15,ORD-500488
06/29/2026,10:13:37,GMT,Drew Bennett,KC1D15407Z49EG14M,,Website Payment,Completed,USD,24.99,-1.36,23.63,ORD-501118
06/29/2026,10:15:17,GMT,Riley Carter,U6B985B485BQDQQVG,,Website Payment,Completed,USD,24.99,-1.36,23.63,ORD-500637
06/29/2026,10:16:11,GMT,Riley Carter,FPKP1R8QMN4T4N5FA,,Website Payment,Denied,USD,9.99,0.00,0.00,ORD-501342
06/29/2026,10:18:04,GMT,Jamie Ross,3WR0TMC2XX05A1SHG,,Website Payment,Completed,USD,4.99,-0.66,4.33,ORD-501113
06/29/2026,10:25:35,GMT,Taylor Brooks,HWGS30RTHKURFJT5V,,Website Payment,Completed,USD,9.99,-0.84,9.15,ORD-501419
06/29/2026,10:36:49,GMT,Jordan Lee,A9N8EAB2LR3S70DYY,,Website Payment,Completed,USD,9.99,-0.84,9.15,ORD-501728
06/29/2026,11:00:32,GMT,Avery Collins,5EXDRTYCV3EBS9QCR,,Website Payment,Completed,USD,9.99,-0.84,9.15,ORD-501931
06/29/2026,11:03:55,GMT,Jamie Ross,T0TN41N39JN6LLY1J,,Website Payment,Completed,USD,9.99,-0.84,9.15,ORD-500550
06/29/2026,11:05:01,GMT,Jamie Ross,6G1JFTYUB85SBJZTN,,Website Payment,Completed,USD,59.99,-2.58,57.41,ORD-501114
06/29/2026,11:17:00,GMT,Riley Carter,K2CXJDP2FGV6LJE10,,Website Payment,Completed,USD,24.99,-1.36,23.63,ORD-500827
06/29/2026,11:29:29,GMT,Taylor Brooks,1PJTPHTXN9KE294SZ,,Website Payment,Completed,USD,59.99,-2.58,57.41,ORD-501028
06/29/2026,11:36:26,GMT,Alex Morgan,5KC58LDVWBHRFZHL4,WTRX2CN38VXQX1ZG8,Refund,Refunded,USD,-9.99,0.00,-9.99,ORD-501788
06/29/2026,11:39:15,GMT,Casey Nguyen,0JHY5NPCY6GWQH5DN,,Website Payment,Completed,USD,9.99,-0.84,9.15,ORD-500795
06/29/2026,11:47:41,GMT,Taylor Brooks,T5P7HAX655MW5HR17,,Website Payment,Completed,USD,9.99,-0.84,9.15,ORD-500855
06/29/2026,11:57:27,GMT,Alex Morgan,G1U6NB2H8JD639C22,,Website Payment,Completed,USD,9.99,-0.84,9.15,ORD-501577
06/29/2026,11:57:58,GMT,Sam Porter,DKNWUEYW9WUPFHM2R,,Website Payment,Completed,USD,59.99,-2.58,57.41,ORD-501960
06/29/2026,12:02:35,GMT,Sam Porter,MCLXLRR3QB36X1Y1D,,Website Payment,Denied,USD,9.99,0.00,0.00,ORD-500123
06/29/2026,12:32:49,GMT,Jamie Ross,RP4NFU5QMDCLVEMQH,,Website Payment,Completed,USD,9.99,-0.84,9.15,ORD-501805
06/29/2026,12:34:32,GMT,Taylor Brooks,P9ZBD3PCHTW0XBJTU,,Website Payment,Completed,USD,9.99,-0.84,9.15,ORD-500017
06/29/2026,12:39:20,GMT,Morgan Hayes,HVCEJFB9WEPV8FH5Y,,Website Payment,Completed,USD,9.99,-0.84,9.15,ORD-500302
06/29/2026,12:41:32,GMT,Drew Bennett,GJ1R6QGT63D6D76X9,,Website Payment,Completed,USD,4.99,-0.66,4.33,ORD-501489
06/29/2026,12:41:59,GMT,Jamie Ross,LS8PLPPFDGJ2K3H8K,,Website Payment,Completed,USD,59.99,-2.58,57.41,ORD-501170
06/29/2026,12:45:53,GMT,Avery Collins,HWFJVQ72HNHN3UXJE,,Website Payment,Completed,USD,9.99,-0.84,9.15,ORD-500574
06/29/2026,13:09:25,GMT,Jamie Ross,KEY1A1SARVY984V2G,,Website Payment,Completed,USD,4.99,-0.66,4.33,ORD-501417
06/29/2026,13:25:39,GMT,Taylor Brooks,4PCY7VAE44G213NC5,,Website Payment,Completed,USD,9.99,-0.84,9.15,ORD-501601
06/29/2026,13:58:31,GMT,Riley Carter,PVDYRSCPD924T8YKC,,Website Payment,Completed,USD,59.99,-2.58,57.41,ORD-501329
06/29/2026,14:28:51,GMT,Alex Morgan,XEW95BGX0NTYRDVTZ,,Website Payment,Completed,USD,9.99,-0.84,9.15,ORD-500218
06/29/2026,14:33:52,GMT,Avery Collins,D7ZMQ4RHYLFZV2625,,Website Payment,Completed,USD,9.99,-0.84,9.15,ORD-501594
06/29/2026,14:37:29,GMT,Morgan Hayes,KJ30564SGYK12EWXU,,Website Payment,Completed,USD,9.99,-0.84,9.15,ORD-501479
06/29/2026,14:44:53,GMT,Drew Bennett,YQBYKRC5R8VJTNPVQ,,Website Payment,Completed,USD,9.99,-0.84,9.15,ORD-501470
06/29/2026,14:59:47,GMT,Jamie Ross,QXJ2Z4F2KNENDFAEQ,,Website Payment,Completed,USD,9.99,-0.84,9.15,ORD-501287
06/29/2026,15:00:17,GMT,Jamie Ross,S2GJS4JLAAFX4HCM9,,Website Payment,Completed,USD,59.99,-2.58,57.41,ORD-501156
06/29/2026,15:24:31,GMT,Drew Bennett,VPH3KUNGPVE7783EZ,,Website Payment,Completed,USD,9.99,-0.84,9.15,ORD-501222
06/29/2026,15:25:02,GMT,Taylor Brooks,LK3V4B3BEQBT23T56,,Website Payment,Denied,USD,9.99,0.00,0.00,ORD-501631
06/29/2026,15:28:22,GMT,Morgan Hayes,HXAYPPJTLQC7Y7R17,,Website Payment,Completed,USD,24.99,-1.36,23.63,ORD-500222
06/29/2026,15:32:05,GMT,Jamie Ross,N56WCCQZX84E7Y9HB,,Website Payment,Denied,USD,9.99,0.00,0.00,ORD-501733
06/29/2026,15:32:29,GMT,Avery Collins,KY7G5YWLUGYXKLWAK,,Website Payment,Completed,USD,9.99,-0.84,9.15,ORD-501475
06/29/2026,15:32:35,GMT,Jamie Ross,HC4ZXN7YSAVTQ2276,,Website Payment,Completed,USD,4.99,-0.66,4.33,ORD-500034
06/29/2026,15:50:37,GMT,Jamie Ross,B122H6HA2CW4VRSWA,,Website Payment,Completed,USD,9.99,-0.84,9.15,ORD-500273
06/29/2026,16:01:51,GMT,Morgan Hayes,XUFXXS2P41FWZD8G3,,Website Payment,Completed,USD,9.99,-0.84,9.15,ORD-500922
06/29/2026,16:07:05,GMT,Casey Nguyen,LNPR3H4HHQX4HAAEQ,,Website Payment,Completed,USD,4.99,-0.66,4.33,ORD-501010
06/29/2026,16:08:00,GMT,Riley Carter,5H240SZHN68YBE7DD,,Website Payment,Completed,USD,59.99,-2.58,57.41,ORD-500879
06/29/2026,16:15:12,GMT,Alex Morgan,K9NGCLZ9DZ89Q1DTM,,Website Payment,Completed,USD,4.99,-0.66,4.33,ORD-501374
06/29/2026,16:26:12,GMT,Taylor Brooks,Y6KXXV6VENR6X1M3U,,Website Payment,Completed,USD,9.99,-0.84,9.15,ORD-501790
06/29/2026,16:28:21,GMT,Drew Bennett,HA5A0G65FS552T16F,,Website Payment,Completed,USD,9.99,-0.84,9.15,ORD-501958
06/29/2026,16:30:21,GMT,Morgan Hayes,ASHK28Y37DG7HN5GQ,,Website Payment,Denied,USD,9.99,0.00,0.00,ORD-500040
06/29/2026,16:43:31,GMT,Morgan Hayes,2UQKZJRYB9PLQPRNP,,Website Payment,Completed,USD,9.99,-0.84,9.15,ORD-500285
06/29/2026,16:52:56,GMT,Taylor Brooks,C4GPUNU41J0578EVY,P1QYJ6GV2AP70185H,Refund,Refunded,USD,-9.99,0.00,-9.99,ORD-501119
06/29/2026,16:54:11,GMT,Morgan Hayes,MNGM2FVLRPSH6NR3Z,,Website Payment,Completed,USD,59.99,-2.58,57.41,ORD-501751
06/29/2026,16:54:51,GMT,Casey Nguyen,AMB7F1Q4T703F7YTX,,Website Payment,Completed,USD,9.99,-0.84,9.15,ORD-500371
06/29/2026,17:12:06,GMT,Drew Bennett,9LHAEB0KBL04DKT7J,,Website Payment,Denied,USD,9.99,0.00,0.00,ORD-501513
06/29/2026,17:15:58,GMT,Riley Carter,D5DAPEWJB7XS2YQND,,Website Payment,Completed,USD,59.99,-2.58,57.41,ORD-500849
06/29/2026,17:28:10,GMT,Jamie Ross,1D905EPNDQDYLDE02,,Website Payment,Completed,USD,9.99,-0.84,9.15,ORD-500419
06/29/2026,17:31:04,GMT,Morgan Hayes,0W248QKL355RM5G7J,,Website Payment,Denied,USD,24.99,0.00,0.00,ORD-501130
06/29/2026,17:34:49,GMT,Jordan Lee,1XG3NXWAJ527KNZ6B,,Website Payment,Completed,USD,9.99,-0.84,9.15,ORD-501569
06/29/2026,17:38:32,GMT,Avery Collins,VEQVZ3ZTXJA1XTT14,,Website Payment,Completed,USD,4.99,-0.66,4.33,ORD-501456
06/29/2026,17:43:49,GMT,Taylor Brooks,PNBGUCR7AQ39DZSLS,,Website Payment,Completed,USD,24.99,-1.36,23.63,ORD-501168
06/29/2026,17:56:28,GMT,Alex Morgan,0A9T814KP7W2M9ZZ7,,Website Payment,Completed,USD,24.99,-1.36,23.63,ORD-500716
06/29/2026,18:03:22,GMT,Morgan Hayes,D95BH8LXY65YXQV17,,Website Payment,Completed,USD,9.99,-0.84,9.15,ORD-500559
06/29/2026,18:19:39,GMT,Jordan Lee,0QUS08D6XYDYXAFH2,,Website Payment,Completed,USD,9.99,-0.84,9.15,ORD-500047
06/29/2026,18:24:09,GMT,Riley Carter,HKZAM5CE8FHCTTQWG,,Website Payment,Completed,USD,9.99,-0.84,9.15,ORD-501930
06/29/2026,18:35:32,GMT,Drew Bennett,3XGSYGDZPHE9005LA,,Website Payment,Completed,USD,9.99,-0.84,9.15,ORD-500259
06/29/2026,18:59:22,GMT,Alex Morgan,MNXRNYSXF7SQ79LEJ,,Website Payment,Completed,USD,24.99,-1.36,23.63,ORD-500300
06/29/2026,19:04:35,GMT,Jordan Lee,9A7L4L51RYPU0E05W,,Website Payment,Denied,USD,9.99,0.00,0.00,ORD-501868
06/29/2026,19:07:38,GMT,Morgan Hayes,4WAQZLMB6GPFLY2WW,,Website Payment,Completed,USD,9.99,-0.84,9.15,ORD-500324
06/29/2026,19:08:13,GMT,Drew Bennett,B4C55WSVWWEJCT1JS,,Website Payment,Completed,USD,9.99,-0.84,9.15,ORD-500557
06/29/2026,19:34:01,GMT,Avery Collins,960LVPYWPMEG7XLP9,,Website Payment,Completed,USD,9.99,-0.84,9.15,ORD-500730
06/29/2026,19:37:00,GMT,Riley Carter,0EETXP8PVR8FRS0LW,,Website Payment,Completed,USD,9.99,-0.84,9.15,ORD-500084
06/29/2026,19:48:39,GMT,Alex Morgan,MFBY6RPE2EKXZ0VPV,,Website Payment,Completed,USD,59.99,-2.58,57.41,ORD-501598
06/30/2026,08:09:45,GMT,Jordan Lee,LH81X43EXW85WGTXZ,,Website Payment,Denied,USD,9.99,0.00,0.00,ORD-501874
06/30/2026,08:31:44,GMT,Taylor Brooks,CXALXDJPTMQU2XZ0H,,Website Payment,Completed,USD,24.99,-1.36,23.63,ORD-501943
06/30/2026,08:42:09,GMT,Morgan Hayes,HJCD0KUCFZE4Y7U90,ZSNNYFZSURLRE7A6K,Refund,Refunded,USD,-30.00,0.00,-30.00,ORD-501872
06/30/2026,09:00:16,GMT,Casey Nguyen,EAB6K3PACLDXFP21D,,Website Payment,Completed,USD,9.99,-0.84,9.15,ORD-500085
06/30/2026,09:33:12,GMT,Sam Porter,NHLGCJ17BKHPNG04G,,Website Payment,Completed,USD,4.99,-0.66,4.33,ORD-500736
06/30/2026,09:35:39,GMT,Jordan Lee,SNGBL0K5USJG7QRE9,,Website Payment,Completed,USD,9.99,-0.84,9.15,ORD-501940
06/30/2026,09:56:20,GMT,Jamie Ross,YYR0L5SPVV5HWXR9C,,Website Payment,Completed,USD,9.99,-0.84,9.15,ORD-501522
06/30/2026,10:01:33,GMT,Drew Bennett,W11V1YUEQ08FGEU5J,,Website Payment,Completed,USD,9.99,-0.84,9.15,ORD-501978
06/30/2026,10:06:00,GMT,Casey Nguyen,8YGR1UNHPVRF7MK4X,,Website Payment,Completed,USD,9.99,-0.84,9.15,ORD-501304
06/30/2026,10:06:39,GMT,Drew Bennett,R90UMSRJ6TXV7NPK5,,Website Payment,Completed,USD,9.99,-0.84,9.15,ORD-500522
06/30/2026,10:09:21,GMT,Riley Carter,Y8TH9K90871L3Q7JB,,Website Payment,Completed,USD,59.99,-2.58,57.41,ORD-500590
06/30/2026,10:09:40,GMT,Taylor Brooks,AHL1MH1U07BKVQ3RQ,,Website Payment,Denied,USD,4.99,0.00,0.00,ORD-500486
06/30/2026,10:35:50,GMT,Taylor Brooks,YTHGYQM8GA4VBQB5P,,Website Payment,Completed,USD,9.99,-0.84,9.15,ORD-501882
06/30/2026,10:48:30,GMT,Jordan Lee,2EUDBRAEP71ZH2U09,,Website Payment,Denied,USD,9.99,0.00,0.00,ORD-501074
06/30/2026,11:21:06,GMT,Morgan Hayes,64YX5UCF5FJ4NXT28,,Website Payment,Completed,USD,9.99,-0.84,9.15,ORD-500309
06/30/2026,11:23:07,GMT,Morgan Hayes,4UVZ6BMZGTJ543PY5,,Website Payment,Completed,USD,9.99,-0.84,9.15,ORD-502021
06/30/2026,11:31:07,GMT,Taylor Brooks,GBC7C9MD2CN5C9QTV,,Website Payment,Completed,USD,9.99,-0.84,9.15,ORD-501646
06/30/2026,11:32:41,GMT,Morgan Hayes,LUU170774WJGSJGB1,,Website Payment,Completed,USD,9.99,-0.84,9.15,ORD-501083
06/30/2026,11:41:11,GMT,Alex Morgan,Q8XTL99GS7W2BRDK6,,Website Payment,Completed,USD,24.99,-1.36,23.63,ORD-500585
06/30/2026,11:47:22,GMT,Morgan Hayes,4N0VDN17G0FD3NESK,,Website Payment,Completed,USD,24.99,-1.36,23.63,ORD-501844
06/30/2026,11:52:18,GMT,Drew Bennett,45FQV4NEZ6XVQR1N5,,Website Payment,Completed,USD,9.99,-0.84,9.15,ORD-501542
06/30/2026,12:05:05,GMT,Jamie Ross,BLKNXT0WQ69THAGA5,,Website Payment,Completed,USD,4.99,-0.66,4.33,ORD-500038
06/30/2026,12:43:43,GMT,Morgan Hayes,LUS2RA9EPWB6YHXFU,,Website Payment,Denied,USD,9.99,0.00,0.00,ORD-500158
06/30/2026,12:43:57,GMT,Riley Carter,NF1T7B3KM4QXR5B5Z,,Website Payment,Completed,USD,9.99,-0.84,9.15,ORD-501839
06/30/2026,12:44:17,GMT,Alex Morgan,2SG4K0C3YHH3XSQMK,,Website Payment,Denied,USD,9.99,0.00,0.00,ORD-500983
06/30/2026,13:17:19,GMT,Jordan Lee,L1MWGHVATCC9FDTMS,WU1GL4R12FJXFVVAR,Refund,Refunded,USD,-9.99,0.00,-9.99,ORD-501088
06/30/2026,13:18:24,GMT,Riley Carter,6Q1TZLC4ZGGS3MGQ8,,Website Payment,Completed,USD,9.99,-0.84,9.15,ORD-501230
06/30/2026,13:30:30,GMT,Taylor Brooks,E7LLPHEUU5RS3DK9C,,Website Payment,Completed,USD,24.99,-1.36,23.63,ORD-500787
06/30/2026,13:31:37,GMT,Riley Carter,AJWV450EW35T5YULB,,Website Payment,Completed,USD,9.99,-0.84,9.15,ORD-501001
06/30/2026,13:43:51,GMT,Drew Bennett,8FP42BX82SNZ599X4,,Website Payment,Completed,USD,9.99,-0.84,9.15,ORD-500446
06/30/2026,13:49:06,GMT,Riley Carter,11V9CF68WYMRJCG94,,Website Payment,Completed,USD,9.99,-0.84,9.15,ORD-501573
06/30/2026,13:54:46,GMT,Jamie Ross,CFNURCBDXS5XYQEMM,,Website Payment,Completed,USD,24.99,-1.36,23.63,ORD-501680
06/30/2026,13:58:12,GMT,Riley Carter,S3Y41LWDD4CJ7FNEG,,Website Payment,Denied,USD,24.99,0.00,0.00,ORD-501858
06/30/2026,14:21:11,GMT,Drew Bennett,XW39RXB1VXDE8T9G0,,Website Payment,Completed,USD,59.99,-2.58,57.41,ORD-501004
06/30/2026,14:38:35,GMT,Jordan Lee,BWP976UV5N7KSPYUB,,Website Payment,Completed,USD,9.99,-0.84,9.15,ORD-500568
06/30/2026,15:19:02,GMT,Morgan Hayes,GYVU9ML8LYQT6RU3W,,Website Payment,Completed,USD,9.99,-0.84,9.15,ORD-501739
06/30/2026,15:44:53,GMT,Taylor Brooks,LWNN7W5LSEH1GZAVV,,Website Payment,Completed,USD,24.99,-1.36,23.63,ORD-501194
06/30/2026,15:58:57,GMT,Avery Collins,K7KH2DBVK3M2ELPVH,,Website Payment,Completed,USD,59.99,-2.58,57.41,ORD-501159
06/30/2026,16:08:59,GMT,Jamie Ross,KKVMVMYX26YUZ95NS,,Website Payment,Completed,USD,9.99,-0.84,9.15,ORD-501293
06/30/2026,16:27:25,GMT,Sam Porter,FJF5W6BGTCM40RZYJ,,Website Payment,Completed,USD,9.99,-0.84,9.15,ORD-500035
06/30/2026,16:36:36,GMT,Morgan Hayes,8H572997D656ETT8A,,Website Payment,Denied,USD,9.99,0.00,0.00,ORD-501481
06/30/2026,16:47:12,GMT,Avery Collins,1F9MB7Z2Z3FT9HC9X,,Website Payment,Completed,USD,9.99,-0.84,9.15,ORD-501547
06/30/2026,16:50:50,GMT,Morgan Hayes,CLEYLRWATLNXCYM6E,,Website Payment,Completed,USD,4.99,-0.66,4.33,ORD-500376
06/30/2026,16:59:42,GMT,Avery Collins,ZLQG15TUYSC3PRRGM,,Website Payment,Completed,USD,59.99,-2.58,57.41,ORD-501651
06/30/2026,17:03:54,GMT,Morgan Hayes,512JC970F6CCAJKA7,,Website Payment,Completed,USD,9.99,-0.84,9.15,ORD-501846
06/30/2026,17:38:57,GMT,Casey Nguyen,46AE3906LWUH9HPT6,,Website Payment,Completed,USD,4.99,-0.66,4.33,ORD-500823
06/30/2026,17:59:11,GMT,Avery Collins,ND5R96TVYMDA40L2P,,Website Payment,Completed,USD,24.99,-1.36,23.63,ORD-500266
06/30/2026,18:20:04,GMT,Alex Morgan,L5CSXUT7E14DXDTG3,,Website Payment,Completed,USD,4.99,-0.66,4.33,ORD-500422
06/30/2026,18:51:20,GMT,Drew Bennett,BKTPCBQZXMC7XVQFM,,Website Payment,Completed,USD,9.99,-0.84,9.15,ORD-500166
06/30/2026,18:52:52,GMT,Taylor Brooks,FPFDL9G0BY5V8RE9F,,Website Payment,Completed,USD,9.99,-0.84,9.15,ORD-500131
06/30/2026,19:12:35,GMT,Drew Bennett,JMHLNJM8NN94VAZAW,,Website Payment,Completed,USD,9.99,-0.84,9.15,ORD-500838
06/30/2026,19:24:32,GMT,Jamie Ross,YV4MV4ESUWXLVP685,,Website Payment,Completed,USD,24.99,-1.36,23.63,ORD-501737
06/30/2026,19:29:49,GMT,Jamie Ross,J9C1QQ1ZC7ZGW46Z3,,Website Payment,Completed,USD,59.99,-2.58,57.41,ORD-500054
06/30/2026,19:38:26,GMT,Jamie Ross,XWEE1NGELPS8YEVLN,,Website Payment,Completed,USD,9.99,-0.84,9.15,ORD-501697
06/30/2026,19:43:19,GMT,Avery Collins,0S0GYFLRTEPJ483C7,,Website Payment,Completed,USD,9.99,-0.84,9.15,ORD-501857
06/30/2026,20:07:51,GMT,Taylor Brooks,N6D027GT537KDUBRD,,Website Payment,Completed,USD,9.99,-0.84,9.15,ORD-501659
07/01/2026,00:04:10,GMT,Avery Collins,LTUUWD3MW1R1X2KLT,,Website Payment,Completed,USD,9.99,-0.84,9.15,ORD-507780
07/01/2026,00:05:10,GMT,Riley Carter,GWSP0RPV10PGNPXA1,,Website Payment,Completed,USD,9.99,-0.84,9.15,ORD-507779
07/01/2026,09:06:06,GMT,Drew Bennett,7CPJMXC4CPXYSQM73,,Website Payment,Completed,USD,24.99,-1.36,23.63,ORD-502085
07/01/2026,09:45:01,GMT,Jamie Ross,3Y5JBYQ1UYG8XMUC0,,Website Payment,Completed,USD,9.99,-0.84,9.15,ORD-502095
07/01/2026,10:03:35,GMT,Sam Porter,VJE637NFFJQAFX1KY,,Website Payment,Completed,USD,24.99,-1.36,23.63,ORD-502073
07/01/2026,10:34:15,GMT,Sam Porter,BXVBWPTS92BL0L2XP,,Website Payment,Completed,USD,9.99,-0.84,9.15,ORD-502077
07/01/2026,11:14:12,GMT,Sam Porter,DZ9MLAM542YQPLXGW,,Website Payment,Completed,USD,4.99,-0.66,4.33,ORD-502080
07/01/2026,11:57:44,GMT,Jordan Lee,SPM9PZ0N8XEXGRTTS,,Website Payment,Denied,USD,9.99,0.00,0.00,ORD-502058
07/01/2026,11:58:21,GMT,Taylor Brooks,PXGD4GLDT1RX8QPRP,,Website Payment,Completed,USD,24.99,-1.36,23.63,ORD-502105
07/01/2026,12:14:31,GMT,Avery Collins,YYR7CPXR39ELE4ZMA,,Website Payment,Denied,USD,59.99,0.00,0.00,ORD-502097
07/01/2026,12:16:15,GMT,Jordan Lee,A3KSK9X4FKWK5Y7D5,,Website Payment,Denied,USD,9.99,0.00,0.00,ORD-502067
07/01/2026,13:25:33,GMT,Avery Collins,MEBE642JRLLX4R8YR,,Website Payment,Completed,USD,24.99,-1.36,23.63,ORD-502053
07/01/2026,13:38:54,GMT,Jordan Lee,NZGHBRXKL0G28WLGP,,Website Payment,Completed,USD,9.99,-0.84,9.15,ORD-502051
07/01/2026,13:51:43,GMT,Alex Morgan,UDL9BYM43QHPZ7Z7S,,Website Payment,Completed,USD,9.99,-0.84,9.15,ORD-502088
07/01/2026,14:58:07,GMT,Taylor Brooks,8ZXYKNZE2N0FC3SZY,,Website Payment,Denied,USD,59.99,0.00,0.00,ORD-502101
07/01/2026,15:24:46,GMT,Morgan Hayes,KHQB8HU4G83FE4E2B,,Website Payment,Completed,USD,9.99,-0.84,9.15,ORD-502069
07/01/2026,15:58:10,GMT,Jordan Lee,8F3WQX6A0LKXM5435,,Website Payment,Completed,USD,24.99,-1.36,23.63,ORD-502084
07/01/2026,16:02:53,GMT,Casey Nguyen,DF6T8P0P0P1ZSME9P,,Website Payment,Completed,USD,59.99,-2.58,57.41,ORD-502076
07/01/2026,17:03:33,GMT,Jordan Lee,1Z3NTHTLJPC3UDME1,QNW24LQA71W1U77UN,Refund,Refunded,USD,-5.00,0.00,-5.00,ORD-501229
07/01/2026,17:53:39,GMT,Avery Collins,7ART2HPKMU65HWUKX,,Website Payment,Completed,USD,9.99,-0.84,9.15,ORD-502089
07/01/2026,18:27:00,GMT,Jordan Lee,G4GWQPYMWN38F3E3B,,Website Payment,Completed,USD,4.99,-0.66,4.33,ORD-502104
07/01/2026,18:28:44,GMT,Morgan Hayes,N2WKACCTNLUU6KUK4,,Website Payment,Completed,USD,24.99,-1.36,23.63,ORD-502061
07/01/2026,19:02:06,GMT,Avery Collins,7PMV7WWWPYJFE2NDU,,Website Payment,Completed,USD,24.99,-1.36,23.63,ORD-502054
07/02/2026,09:07:06,GMT,Casey Nguyen,24VC9CW74V9BQ3ZYC,,Website Payment,Completed,USD,24.99,-1.36,23.63,ORD-502087
07/02/2026,10:04:51,GMT,Jordan Lee,YSR3AFZP7F1QH8Y4X,,Website Payment,Completed,USD,9.99,-0.84,9.15,ORD-502100
07/02/2026,10:25:41,GMT,Riley Carter,JLT01BAKZLQ0RMVLX,,Website Payment,Denied,USD,9.99,0.00,0.00,ORD-502055
07/02/2026,10:41:15,GMT,Avery Collins,13H64L8EJ4XZ0VAXW,,Website Payment,Completed,USD,4.99,-0.66,4.33,ORD-502070
07/02/2026,10:52:30,GMT,Morgan Hayes,5L14Z0TFZHGSRWY54,DCSTA6B7WBLKV76UL,Refund,Refunded,USD,-9.99,0.00,-9.99,ORD-500768
07/02/2026,11:18:02,GMT,Drew Bennett,FMNDXTXXXVU740WUD,,Website Payment,Completed,USD,9.99,-0.84,9.15,ORD-502096
07/02/2026,11:19:55,GMT,Casey Nguyen,GM7LU07XQKYAUX9XJ,,Website Payment,Denied,USD,9.99,0.00,0.00,ORD-502056
07/02/2026,11:42:48,GMT,Avery Collins,NMR1F6AXRC9CA5ZAK,,Website Payment,Completed,USD,4.99,-0.66,4.33,ORD-502064
07/02/2026,12:10:47,GMT,Sam Porter,W99GV0L6QH8XD1690,,Website Payment,Completed,USD,9.99,-0.84,9.15,ORD-502068
07/02/2026,12:59:28,GMT,Alex Morgan,QCKMF0407Q2UZ2JJU,,Website Payment,Completed,USD,4.99,-0.66,4.33,ORD-502063
07/02/2026,13:34:44,GMT,Casey Nguyen,AN4D6B930PFBUXK2A,,Website Payment,Completed,USD,9.99,-0.84,9.15,ORD-502094
07/02/2026,13:59:13,GMT,Taylor Brooks,G0W6LLJ6AFEXLPWPV,,Website Payment,Completed,USD,24.99,-1.36,23.63,ORD-502090
07/02/2026,14:29:32,GMT,Alex Morgan,N0CJRPECF9ZY820QV,,Website Payment,Completed,USD,9.99,-0.84,9.15,ORD-502098
07/02/2026,15:20:58,GMT,Riley Carter,CJZLK9LCLGSD0X19J,KJSQUPHC91N9TQV8J,Refund,Refunded,USD,-5.00,0.00,-5.00,ORD-500492
07/02/2026,16:30:07,GMT,Taylor Brooks,7VF15AUCY3SN3TCUS,,Website Payment,Denied,USD,59.99,0.00,0.00,ORD-502086
07/02/2026,16:32:44,GMT,Casey Nguyen,AHZ3GXV6519K0V59R,,Website Payment,Completed,USD,59.99,-2.58,57.41,ORD-502075
07/02/2026,17:18:20,GMT,Alex Morgan,KBR3TPEAH84QMDCSW,HVCEJFB9WEPV8FH5Y,Refund,Refunded,USD,-9.99,0.00,-9.99,ORD-500302
07/02/2026,17:31:22,GMT,Casey Nguyen,G1EK1A8KQMK9LB8DD,,Website Payment,Completed,USD,9.99,-0.84,9.15,ORD-502065
07/02/2026,17:53:20,GMT,Alex Morgan,3704DKL09T2BSG34H,,Website Payment,Completed,USD,9.99,-0.84,9.15,ORD-502102
07/03/2026,08:15:00,GMT,Sam Porter,4UBMZU6XWGL8MC0GF,NZGHBRXKL0G28WLGP,Refund,Refunded,USD,-5.00,0.00,-5.00,ORD-502051
07/03/2026,09:11:00,GMT,Sam Porter,59QXJQX928NM9FAYF,DKNWUEYW9WUPFHM2R,Refund,Refunded,USD,-59.99,0.00,-59.99,ORD-501960
07/03/2026,10:01:47,GMT,Jamie Ross,935QTS209WV0WLW7U,,Website Payment,Denied,USD,59.99,0.00,0.00,ORD-502062
07/03/2026,10:19:08,GMT,Avery Collins,HMA22NVB0AVSX5Y4Z,,Website Payment,Completed,USD,59.99,-2.58,57.41,ORD-502079
07/03/2026,10:52:00,GMT,Sam Porter,5TDVVJKD2AYBJMQNV,AHZ3GXV6519K0V59R,Refund,Refunded,USD,-30.00,0.00,-30.00,ORD-502075
07/03/2026,10:57:00,GMT,Avery Collins,7VN92YTJ09M8P2193,CC62J429DMBG1DV1S,Refund,Refunded,USD,-9.99,0.00,-9.99,ORD-501904
07/03/2026,11:09:31,GMT,Jamie Ross,6T5G6VHA8M9MM6SEG,,Website Payment,Completed,USD,24.99,-1.36,23.63,ORD-502083
07/03/2026,11:18:49,GMT,Casey Nguyen,M0Y58JC7N8RL4R19F,,Website Payment,Denied,USD,9.99,0.00,0.00,ORD-502092
07/03/2026,11:31:08,GMT,Avery Collins,UUUZ2A5U7T6BBXFKJ,,Website Payment,Completed,USD,9.99,-0.84,9.15,ORD-502099
07/03/2026,11:42:29,GMT,Alex Morgan,9UB8M5DXTHNAHQMNA,,Website Payment,Completed,USD,9.99,-0.84,9.15,ORD-502074
07/03/2026,11:46:40,GMT,Drew Bennett,YCBBNARADZQ0WJNSC,,Website Payment,Completed,USD,9.99,-0.84,9.15,ORD-502081
07/03/2026,12:17:54,GMT,Morgan Hayes,L7NZM5R0X3LA3CH34,,Website Payment,Completed,USD,9.99,-0.84,9.15,ORD-502057
07/03/2026,12:26:58,GMT,Taylor Brooks,1BA7909GGUXLQYHDR,,Website Payment,Completed,USD,9.99,-0.84,9.15,ORD-502103
07/03/2026,12:27:00,GMT,Alex Morgan,ZYYEBV0NCKFUW3XX6,14UWYMWJX0BSZ9QV8,Refund,Refunded,USD,-9.99,0.00,-9.99,ORD-501776
07/03/2026,12:48:00,GMT,Taylor Brooks,0P2VPDDG1P7HNV1T3,68RYCUUUDDZSWYEJG,Refund,Refunded,USD,-4.99,0.00,-4.99,ORD-501589
07/03/2026,13:04:07,GMT,Alex Morgan,5QL3BMKT4C4ZKGU78,,Website Payment,Denied,USD,59.99,0.00,0.00,ORD-502072
07/03/2026,13:38:00,GMT,Casey Nguyen,HZV49L4YJHV0JBVDA,6SLKZTNWGMJZ9ZAKE,Refund,Refunded,USD,-59.99,0.00,-59.99,ORD-501326
07/03/2026,14:12:50,GMT,Jamie Ross,TYV8F97ZAW1P3FMKN,,Website Payment,Completed,USD,59.99,-2.58,57.41,ORD-502078
07/03/2026,14:14:19,GMT,Taylor Brooks,LE6D41PNUPD2FTYGT,,Website Payment,Completed,USD,24.99,-1.36,23.63,ORD-502093
07/03/2026,14:51:00,GMT,Jamie Ross,NRMCHWAN5YPD0M7C5,VD91M3MF3DUU4EL76,Refund,Refunded,USD,-5.00,0.00,-5.00,ORD-500757
07/03/2026,15:09:00,GMT,Riley Carter,Q2TMQ15FG2VUABTU1,4PCY7VAE44G213NC5,Refund,Refunded,USD,-5.00,0.00,-5.00,ORD-501601
07/03/2026,15:41:00,GMT,Alex Morgan,DXA8NQWDF5XUFB6NB,BLKNXT0WQ69THAGA5,Refund,Refunded,USD,-4.99,0.00,-4.99,ORD-500038
07/03/2026,15:42:07,GMT,Jamie Ross,U5JN0XJYLES8T16PQ,,Website Payment,Completed,USD,9.99,-0.84,9.15,ORD-502066
07/03/2026,16:08:06,GMT,Sam Porter,BLHMENSH8HVBSC43R,,Website Payment,Completed,USD,4.99,-0.66,4.33,ORD-502059
07/03/2026,16:17:18,GMT,Drew Bennett,P2M0H68ZBGXZPJHD6,,Website Payment,Completed,USD,9.99,-0.84,9.15,ORD-502082
07/03/2026,16:36:00,GMT,Morgan Hayes,BVXEQPRAK2JKKNQ51,RES3NG32H9H6ABSDG,Refund,Refunded,USD,-9.99,0.00,-9.99,ORD-500358
07/03/2026,16:43:26,GMT,Riley Carter,WASWADSSQJ0MRXQEH,,Website Payment,Completed,USD,59.99,-2.58,57.41,ORD-502060
07/03/2026,16:50:43,GMT,Taylor Brooks,4YY2AAUFVGK7N4A2J,,Website Payment,Completed,USD,24.99,-1.36,23.63,ORD-502091
07/03/2026,17:06:00,GMT,Casey Nguyen,5WUUVEW142V6MTU6W,7S4S9SC2BTW0KL56C,Refund,Refunded,USD,-5.00,0.00,-5.00,ORD-500453
07/03/2026,17:06:00,GMT,Taylor Brooks,FL8NKG5BQ3NT3BYVU,UVJAUPANLA9F2FQF4,Refund,Refunded,USD,-9.99,0.00,-9.99,ORD-501354
07/03/2026,17:41:01,GMT,Avery Collins,EE0CMHPHPT418SFSH,3Y2V7K0DZ6KGHV6Y8,Refund,Refunded,USD,-9.99,0.00,-9.99,ORD-500362
07/03/2026,18:45:39,GMT,Morgan Hayes,VXZ7TYVQK8YQGL7UE,,Website Payment,Completed,USD,9.99,-0.84,9.15,ORD-502052
07/03/2026,19:17:33,GMT,Morgan Hayes,D9C5R84PG7N8QWFL3,,Website Payment,Completed,USD,24.99,-1.36,23.63,ORD-502071
