Date;Time;Time Zone;Name;Transaction ID;Reference Txn ID;Type;Status;Currency;Gross;Fee;Net;Invoice ID
06/03/2026;12:20:00;GMT;Jürgen Müller;N2D9QMQNH8VUEES5X;;Website Payment;Completed;EUR;9,99;-0,64;9,35;ORD-507782
01/06/2026;08:17:07;GMT;Céline Marchand;ZEW9RTFHKTBFQT5E3;;Website Payment;Completed;GBP;8,99;-0,56;8,43;ORD-502669
01/06/2026;08:35:02;GMT;José García;0DRQ0928NVSA52MA3;;Website Payment;Denied;GBP;4,49;0,00;0,00;ORD-503463
01/06/2026;08:48:13;GMT;Nuño Ibáñez;P54742W2ULA8YDR0L;;Website Payment;Completed;EUR;4,99;-0,49;4,50;ORD-502556
01/06/2026;09:07:25;GMT;Søren Kjær;JR1SUR8G07W17ZPNR;;Website Payment;Completed;EUR;4,99;-0,49;4,50;ORD-502537
01/06/2026;09:12:57;GMT;José García;E71NXM1AA4MGE7K4K;;Website Payment;Denied;EUR;9,99;0,00;0,00;ORD-503683
01/06/2026;09:13:57;GMT;Renée Böhm;9RVGEYXGRR00GPNBJ;;Website Payment;Completed;EUR;9,99;-0,64;9,35;ORD-502932
01/06/2026;09:41:25;GMT;Agnès Rousseau;YCC3CE7G9UMRNBSRP;;Website Payment;Completed;EUR;9,99;-0,64;9,35;ORD-503843
01/06/2026;09:46:25;GMT;Søren Kjær;SSJ17CPS8897RF1KV;;Website Payment;Completed;EUR;9,99;-0,64;9,35;ORD-503528
01/06/2026;10:03:50;GMT;María Álvarez;SPJZ5SBZH0NJF6D7M;;Website Payment;Completed;EUR;59,99;-2,09;57,90;ORD-503665
01/06/2026;10:30:48;GMT;François Dubois;5L09Y5MKL1M88783A;;Website Payment;Completed;EUR;9,99;-0,64;9,35;ORD-503515
01/06/2026;10:33:17;GMT;François Dubois;PVCD5SRKD40K95HAD;;Website Payment;Completed;EUR;9,99;-0,64;9,35;ORD-503541
01/06/2026;10:44:07;GMT;Søren Kjær;EN34VSM9HH6HRUCWA;;Website Payment;Completed;EUR;9,99;-0,64;9,35;ORD-503118
01/06/2026;10:52:17;GMT;Jürgen Müller;29AGL7T6K6YHAYJ62;;Website Payment;Denied;EUR;24,99;0,00;0,00;ORD-503378
01/06/2026;11:23:29;GMT;Émilie Laurent;EFMGKG8577VULML2K;;Website Payment;Completed;EUR;9,99;-0,64;9,35;ORD-503730
01/06/2026;11:41:15;GMT;Nuño Ibáñez;X23MHD3RCRRXRRLQL;;Website Payment;Completed;GBP;54,99;-1,89;53,10;ORD-503370
01/06/2026;11:45:00;GMT;José García;7XZLD2R2RCF0KHPC8;;Website Payment;Denied;EUR;4,99;0,00;0,00;ORD-502807
01/06/2026;11:46:12;GMT;María Álvarez;1TSCPA24ZS50MZL42;;Website Payment;Completed;EUR;24,99;-1,07;23,92;ORD-502805
01/06/2026;11:48:24;GMT;Émilie Laurent;P7VW2GWA4RRXML46Z;;Website Payment;Completed;EUR;4,99;-0,49;4,50;ORD-502540
01/06/2026;11:50:26;GMT;Nuño Ibáñez;AVD2YUTYBPT1TE596;;Website Payment;Completed;GBP;21,99;-0,94;21,05;ORD-503841
01/06/2026;12:06:04;GMT;Céline Marchand;TJGVWKEA0VBREL6MT;;Website Payment;Completed;EUR;9,99;-0,64;9,35;ORD-502775
01/06/2026;12:07:19;GMT;Émilie Laurent;C57GE0L2GFRQWD3CE;;Website Payment;Completed;EUR;24,99;-1,07;23,92;ORD-503622
01/06/2026;12:24:36;GMT;María Álvarez;GP2CG3SFY31J0AMU4;;Website Payment;Completed;EUR;9,99;-0,64;9,35;ORD-502976
01/06/2026;12:26:14;GMT;Søren Kjær;CD9681UCLEPTM98ZE;;Website Payment;Completed;EUR;9,99;-0,64;9,35;ORD-502916
01/06/2026;12:26:48;GMT;Renée Böhm;D4THLFSFGXA038T97;;Website Payment;Completed;EUR;59,99;-2,09;57,90;ORD-502477
01/06/2026;12:42:38;GMT;Jürgen Müller;HX2PWPX5UVJTAGVC3;;Website Payment;Completed;EUR;9,99;-0,64;9,35;ORD-503355
01/06/2026;12:46:56;GMT;Renée Böhm;LHV6U2FAGUQF9VL5W;;Website Payment;Completed;EUR;24,99;-1,07;23,92;ORD-503713
01/06/2026;13:11:21;GMT;François Dubois;J6MDLX827SF8D6WR2;;Website Payment;Completed;EUR;9,99;-0,64;9,35;ORD-502940
01/06/2026;13:15:22;GMT;François Dubois;291D0033BRD52DQ9G;;Website Payment;Completed;EUR;9,99;-0,64;9,35;ORD-503785
01/06/2026;13:22:48;GMT;José García;TTCS5T5A2VCJHPK1K;;Website Payment;Completed;EUR;9,99;-0,64;9,35;ORD-502782
01/06/2026;13:46:11;GMT;Søren Kjær;STTGY72LV4YHCDF1C;;Website Payment;Completed;GBP;21,99;-0,94;21,05;ORD-502244
01/06/2026;13:46:55;GMT;Renée Böhm;YYPAT7FULDP4Z8VDV;;Website Payment;Denied;EUR;9,99;0,00;0,00;ORD-502716
01/06/2026;14:01:27;GMT;Jürgen Müller;Q6VK3GY4R4UQNQR42;;Website Payment;Completed;EUR;9,99;-0,64;9,35;ORD-502912
01/06/2026;14:32:41;GMT;Nuño Ibáñez;LWT2NBN63213AZ91G;;Website Payment;Completed;EUR;59,99;-2,09;57,90;ORD-502663
01/06/2026;14:50:14;GMT;Agnès Rousseau;8N8BAERCJBQ6G5T1U;;Website Payment;Completed;EUR;9,99;-0,64;9,35;ORD-503525
01/06/2026;14:51:13;GMT;Nuño Ibáñez;Z09WTET1B8RFXNJUM;;Website Payment;Completed;EUR;9,99;-0,64;9,35;ORD-502720
01/06/2026;15:02:19;GMT;Jürgen Müller;RDZWC95E30PJP1GFV;;Website Payment;Completed;EUR;59,99;-2,09;57,90;ORD-503268
01/06/2026;15:27:45;GMT;Nuño Ibáñez;JEK2DPPJSCKX8K5R1;;Website Payment;Completed;EUR;9,99;-0,64;9,35;ORD-503470
01/06/2026;15:28:13;GMT;Agnès Rousseau;ZB4KZ4AQ7WHKB2SFF;;Website Payment;Completed;EUR;9,99;-0,64;9,35;ORD-502816
01/06/2026;15:36:57;GMT;Agnès Rousseau;M3KLFTG8GDRKY9N3M;;Website Payment;Completed;EUR;4,99;-0,49;4,50;ORD-503050
01/06/2026;15:55:46;GMT;François Dubois;37SEAHGVWVHGP586S;;Website Payment;Completed;EUR;59,99;-2,09;57,90;ORD-503309
01/06/2026;16:03:48;GMT;Søren Kjær;9MRDHX4BZJJVKWC3A;;Website Payment;Completed;GBP;8,99;-0,56;8,43;ORD-502403
01/06/2026;16:09:48;GMT;Renée Böhm;T2E9Y8VD4FS6FSVYN;;Website Payment;Completed;GBP;4,49;-0,43;4,06;ORD-503741
01/06/2026;16:19:04;GMT;Søren Kjær;6B575P0RQ850WECXG;;Website Payment;Completed;EUR;9,99;-0,64;9,35;ORD-502887
01/06/2026;16:35:48;GMT;François Dubois;YB8MUD777Z8D29B5E;;Website Payment;Completed;EUR;9,99;-0,64;9,35;ORD-503558
01/06/2026;16:56:34;GMT;Søren Kjær;SFPU1QBF8VEFZ83SP;;Website Payment;Completed;GBP;8,99;-0,56;8,43;ORD-503871
01/06/2026;17:04:36;GMT;José García;28WM9D5UK10LEDKYL;;Website Payment;Completed;EUR;24,99;-1,07;23,92;ORD-503249
01/06/2026;17:15:36;GMT;Agnès Rousseau;MMQM7RGSLFHH5ZAPM;;Website Payment;Completed;EUR;9,99;-0,64;9,35;ORD-502927
01/06/2026;17:23:10;GMT;José García;8SJKRZQY8E8K2HBYK;;Website Payment;Completed;EUR;9,99;-0,64;9,35;ORD-502624
01/06/2026;17:47:19;GMT;Céline Marchand;E3GMX1Y8VD3E3HX1X;;Website Payment;Completed;EUR;9,99;-0,64;9,35;ORD-502904
01/06/2026;17:48:18;GMT;José García;5G067Q6S11PPCL3LN;;Website Payment;Completed;EUR;59,99;-2,09;57,90;ORD-502967
01/06/2026;17:58:22;GMT;Céline Marchand;DZZK9JL1Z22P0MNQM;;Website Payment;Completed;EUR;59,99;-2,09;57,90;ORD-502563
01/06/2026;18:17:17;GMT;María Álvarez;FDTADMN05F0VQKQZE;;Website Payment;Completed;EUR;9,99;-0,64;9,35;ORD-502145
01/06/2026;18:22:51;GMT;Søren Kjær;SQSAC0DNKQ12J19P0;;Website Payment;Completed;EUR;9,99;-0,64;9,35;ORD-502961
01/06/2026;18:35:54;GMT;François Dubois;EQELJXT6NAVLLSPER;;Website Payment;Completed;EUR;9,99;-0,64;9,35;ORD-503580
01/06/2026;18:44:50;GMT;Jürgen Müller;Q1K1SB05FJFAT5SNJ;;Website Payment;Completed;GBP;8,99;-0,56;8,43;ORD-503133
01/06/2026;18:48:04;GMT;Søren Kjær;96M6724UYNN5ZED4C;;Website Payment;Completed;EUR;9,99;-0,64;9,35;ORD-503728
01/06/2026;19:09:26;GMT;Émilie Laurent;SV7F4K2C0CYMYZ7WB;;Website Payment;Completed;EUR;24,99;-1,07;23,92;ORD-503013
01/06/2026;20:13:33;GMT;Renée Böhm;X58WV0WGD7RTUMDFG;;Website Payment;Completed;EUR;4,99;-0,49;4,50;ORD-502391
02/06/2026;07:25:56;GMT;Jürgen Müller;H7EGW22DKY27MZM2V;;Website Payment;Completed;EUR;24,99;-1,07;23,92;ORD-503467
02/06/2026;08:01:50;GMT;Renée Böhm;Q169B8U2ETDU2913D;;Website Payment;Completed;EUR;9,99;-0,64;9,35;ORD-503323
02/06/2026;08:47:29;GMT;Søren Kjær;CKB4LFZ5T1ALXZ1CS;;Website Payment;Completed;EUR;9,99;-0,64;9,35;ORD-503039
02/06/2026;08:50:23;GMT;Nuño Ibáñez;F41TWFSBXXWBY3BAB;;Website Payment;Completed;EUR;9,99;-0,64;9,35;ORD-503488
02/06/2026;08:50:47;GMT;María Álvarez;2Q2WVP4RK403QPTA9;;Website Payment;Completed;EUR;9,99;-0,64;9,35;ORD-502629
02/06/2026;08:55:07;GMT;Nuño Ibáñez;A15FKW56ZTKQNXWPS;;Website Payment;Completed;EUR;24,99;-1,07;23,92;ORD-503038
02/06/2026;08:56:22;GMT;María Álvarez;2LVZR36VQV2FJJ1KR;;Website Payment;Completed;EUR;24,99;-1,07;23,92;ORD-503901
02/06/2026;08:59:36;GMT;José García;9QDH64N3230FJ5UJJ;;Website Payment;Completed;EUR;59,99;-2,09;57,90;ORD-503625
02/06/2026;09:38:11;GMT;Agnès Rousseau;HBRX04CGE0HA22C62;;Website Payment;Completed;GBP;8,99;-0,56;8,43;ORD-503079
02/06/2026;09:56:59;GMT;Agnès Rousseau;QLC2ZB6QCC6QSRCGR;;Website Payment;Completed;EUR;59,99;-2,09;57,90;ORD-502649
02/06/2026;09:59:56;GMT;Jürgen Müller;XQTMXSUYS3DMLWV2K;;Website Payment;Completed;EUR;9,99;-0,64;9,35;ORD-503338
02/06/2026;10:28:24;GMT;María Álvarez;FA9RLVFJ89U2CH5WB;;Website Payment;Completed;EUR;9,99;-0,64;9,35;ORD-503293
02/06/2026;10:34:02;GMT;Søren Kjær;NAYNZ6U16XQ0N5EL5;;Website Payment;Completed;EUR;59,99;-2,09;57,90;ORD-503150
02/06/2026;10:42:23;GMT;Søren Kjær;EAYSL7USYJBDXTMDW;;Website Payment;Completed;EUR;9,99;-0,64;9,35;ORD-502372
02/06/2026;10:49:19;GMT;María Álvarez;BF60WVTNV10DDB2Q5;;Website Payment;Completed;EUR;59,99;-2,09;57,90;ORD-502137
02/06/2026;10:56:03;GMT;Søren Kjær;WHUBZF9Q9J6Q58MCG;;Website Payment;Completed;EUR;9,99;-0,64;9,35;ORD-503394
02/06/2026;11:11:21;GMT;Émilie Laurent;HDDLAJ34E2CPQMZSQ;;Website Payment;Completed;EUR;9,99;-0,64;9,35;ORD-503319
02/06/2026;11:24:04;GMT;María Álvarez;1VWNKJJ054C3NEPSX;;Website Payment;Denied;GBP;21,99;0,00;0,00;ORD-502959
02/06/2026;11:31:20;GMT;Renée Böhm;C8E7EWQAERDP4X9TL;;Website Payment;Completed;EUR;9,99;-0,64;9,35;ORD-503236
02/06/2026;11:42:18;GMT;Nuño Ibáñez;1JEKC1Y4G73FDQ4EE;;Website Payment;Completed;EUR;4,99;-0,49;4,50;ORD-503132
02/06/2026;11:47:18;GMT;Émilie Laurent;W4XZEXTJE5J4NCN6F;;Website Payment;Completed;EUR;9,99;-0,64;9,35;ORD-503594
02/06/2026;12:22:58;GMT;Céline Marchand;3DKYQ7Q0K3SS99CJZ;;Website Payment;Completed;EUR;9,99;-0,64;9,35;ORD-502362
02/06/2026;12:25:34;GMT;Agnès Rousseau;A5UK0FET0G1YK532Z;;Website Payment;Denied;EUR;24,99;0,00;0,00;ORD-502705
02/06/2026;12:35:12;GMT;Agnès Rousseau;WEMP088Y0X6R3HBHQ;;Website Payment;Denied;EUR;9,99;0,00;0,00;ORD-503456
02/06/2026;12:39:55;GMT;Céline Marchand;R2WWPV6PWH6TA1ZLP;;Website Payment;Completed;EUR;59,99;-2,09;57,90;ORD-502733
02/06/2026;12:40:39;GMT;José García;857UT34E5YCCHTP4N;;Website Payment;Completed;EUR;9,99;-0,64;9,35;ORD-503101
02/06/2026;12:41:50;GMT;Agnès Rousseau;41TMJ2VY4GWJGP4UJ;;Website Payment;Completed;EUR;9,99;-0,64;9,35;ORD-502463
02/06/2026;12:54:40;GMT;Céline Marchand;5USG46X1WWB3TM5LZ;;Website Payment;Completed;EUR;59,99;-2,09;57,90;ORD-503798
02/06/2026;13:01:00;GMT;Émilie Laurent;JMRSLYEQH4NFFSU5Z;;Website Payment;Completed;GBP;21,99;-0,94;21,05;ORD-503693
02/06/2026;13:03:49;GMT;José García;VV08XBBTAUBESJ05U;;Website Payment;Completed;GBP;54,99;-1,89;53,10;ORD-502503
02/06/2026;13:15:09;GMT;Agnès Rousseau;8D0Z2588E4LD5PGSM;;Website Payment;Completed;EUR;9,99;-0,64;9,35;ORD-502595
02/06/2026;13:49:30;GMT;Nuño Ibáñez;LHVNT739GZ07V1W28;;Website Payment;Completed;EUR;24,99;-1,07;23,92;ORD-502208
02/06/2026;14:05:36;GMT;Émilie Laurent;LJDGGHY4CWJM0MCPA;;Website Payment;Completed;EUR;24,99;-1,07;23,92;ORD-503604
02/06/2026;14:05:55;GMT;Agnès Rousseau;DGS8G1Y2L6Y2Y6P3G;;Website Payment;Completed;EUR;24,99;-1,07;23,92;ORD-502616
02/06/2026;14:23:50;GMT;Nuño Ibáñez;YMZYJERQ9UNAF5XT4;;Website Payment;Completed;GBP;8,99;-0,56;8,43;ORD-502168
02/06/2026;14:24:17;GMT;Céline Marchand;LSE8HAD6K5A58TQ9B;;Website Payment;Completed;GBP;8,99;-0,56;8,43;ORD-502279
02/06/2026;14:27:17;GMT;Jürgen Müller;EDHGRGASCPCHVXLQR;;Website Payment;Completed;EUR;24,99;-1,07;23,92;ORD-503793
02/06/2026;14:41:26;GMT;Søren Kjær;9GVTQRQYCFSTH31UU;AVD2YUTYBPT1TE596;Refund;Refunded;GBP;-21,99;0,00;-21,99;ORD-503841
02/06/2026;14:58:14;GMT;Renée Böhm;NLHULZ4WRUXTYHHQB;;Website Payment;Completed;EUR;9,99;-0,64;9,35;ORD-503053
02/06/2026;15:22:53;GMT;Renée Böhm;CWXZR301RAU26NCYV;;Website Payment;Completed;EUR;9,99;-0,64;9,35;ORD-502708
02/06/2026;15:41:08;GMT;María Álvarez;8J7EY5HES4LDR625F;;Website Payment;Completed;GBP;21,99;-0,94;21,05;ORD-502815
02/06/2026;15:56:50;GMT;Agnès Rousseau;SDY07NRS1W1Z90BDT;;Website Payment;Completed;EUR;9,99;-0,64;9,35;ORD-502452
02/06/2026;16:04:24;GMT;François Dubois;4XK2JXEDX9QGTQG7R;;Website Payment;Completed;GBP;21,99;-0,94;21,05;ORD-503786
02/06/2026;16:21:07;GMT;François Dubois;8TAJ4K58813ZJPNF7;;Website Payment;Completed;EUR;4,99;-0,49;4,50;ORD-502756
02/06/2026;16:24:57;GMT;José García;KWH9687SXE9ZTU0M0;;Website Payment;Completed;EUR;4,99;-0,49;4,50;ORD-502541
02/06/2026;16:35:31;GMT;François Dubois;XSWWN8PP2NEGFX5MC;;Website Payment;Completed;EUR;9,99;-0,64;9,35;ORD-502320
02/06/2026;16:37:56;GMT;María Álvarez;35VB44TPX3P7YYTCG;;Website Payment;Completed;EUR;59,99;-2,09;57,90;ORD-502786
02/06/2026;16:45:19;GMT;Jürgen Müller;PVZP6YGHPUJF4WJ0F;;Website Payment;Completed;EUR;9,99;-0,64;9,35;ORD-502894
02/06/2026;16:59:31;GMT;Agnès Rousseau;8DCP70E15V8DU89VC;;Website Payment;Completed;GBP;21,99;-0,94;21,05;ORD-502303
02/06/2026;17:00:56;GMT;Jürgen Müller;6CBCJ98FK1VGFARCK;;Website Payment;Completed;EUR;9,99;-0,64;9,35;ORD-502591
02/06/2026;17:13:26;GMT;Søren Kjær;9LHE2WNTHHTH21JLW;;Website Payment;Completed;EUR;9,99;-0,64;9,35;ORD-503805
02/06/2026;17:36:06;GMT;Renée Böhm;E7VLVYPC3G66U4Q3P;;Website Payment;Denied;EUR;4,99;0,00;0,00;ORD-502648
02/06/2026;17:42:45;GMT;María Álvarez;6Y0NP3312B05VAZTQ;;Website Payment;Completed;EUR;59,99;-2,09;57,90;ORD-503903
02/06/2026;18:15:10;GMT;María Álvarez;WTJ08EXDM4Y323SRY;;Website Payment;Completed;EUR;59,99;-2,09;57,90;ORD-502108
02/06/2026;18:17:39;GMT;Émilie Laurent;B0D5GLJ8MZ8C2D0NQ;;Website Payment;Completed;EUR;9,99;-0,64;9,35;ORD-503307
02/06/2026;18:27:35;GMT;Agnès Rousseau;H2GLQUK0UZU3SBTE8;;Website Payment;Completed;EUR;24,99;-1,07;23,92;ORD-503870
02/06/2026;18:29:47;GMT;Céline Marchand;Q1F3FUW7P7PN58PSH;;Website Payment;Completed;EUR;9,99;-0,64;9,35;ORD-503884
02/06/2026;18:31:09;GMT;José García;K4CM7D2FXNRS3FFBQ;;Website Payment;Completed;EUR;9,99;-0,64;9,35;ORD-502810
02/06/2026;18:45:28;GMT;Jürgen Müller;501TYL3LTQV0YN30U;;Website Payment;Completed;GBP;21,99;-0,94;21,05;ORD-502881
02/06/2026;18:54:40;GMT;Jürgen Müller;GAK4QXRQALYYQ5UDS;;Website Payment;Completed;EUR;9,99;-0,64;9,35;ORD-503767
02/06/2026;19:02:52;GMT;François Dubois;YB35QXS4U6458ZAEW;;Website Payment;Completed;GBP;8,99;-0,56;8,43;ORD-502833
02/06/2026;19:06:42;GMT;Søren Kjær;6B3G2QXGU7NYAFTEZ;;Website Payment;Completed;EUR;24,99;-1,07;23,92;ORD-503712
02/06/2026;19:08:50;GMT;Nuño Ibáñez;6P752VK4L2559AM56;;Website Payment;Completed;EUR;9,99;-0,64;9,35;ORD-503292
02/06/2026;19:14:33;GMT;María Álvarez;KNZKNPCR023W9GHSN;;Website Payment;Completed;EUR;9,99;-0,64;9,35;ORD-503423
02/06/2026;19:22:25;GMT;Søren Kjær;HPSEU860VAPZNXQFA;;Website Payment;Completed;EUR;59,99;-2,09;57,90;ORD-502277
02/06/2026;19:57:07;GMT;José García;YE6QMKZALQ4AS2QTM;;Website Payment;Completed;EUR;9,99;-0,64;9,35;ORD-502835
03/06/2026;07:19:12;GMT;Agnès Rousseau;PE1BN3YR9SHAN28G0;;Website Payment;Completed;EUR;24,99;-1,07;23,92;ORD-503701
03/06/2026;07:46:02;GMT;Renée Böhm;HKY1UVNRSBSHP6M6H;;Website Payment;Completed;EUR;9,99;-0,64;9,35;ORD-502504
03/06/2026;08:05:08;GMT;Nuño Ibáñez;CHW2FY3Y3RPU9HRAY;;Website Payment;Completed;EUR;59,99;-2,09;57,90;ORD-502995
03/06/2026;08:52:30;GMT;Jürgen Müller;VYGHJ803Z9WMNWG5S;;Website Payment;Completed;EUR;9,99;-0,64;9,35;ORD-502444
03/06/2026;08:53:20;GMT;Søren Kjær;VF36UWP0RU4WEZW64;;Website Payment;Completed;EUR;4,99;-0,49;4,50;ORD-503513
03/06/2026;09:19:22;GMT;François Dubois;V97XNDGM23BR1VYBQ;;Website Payment;Completed;EUR;59,99;-2,09;57,90;ORD-502409
03/06/2026;09:26:56;GMT;José García;LUP2DHVXVH3CGGHG9;;Website Payment;Completed;EUR;4,99;-0,49;4,50;ORD-503888
03/06/2026;09:39:44;GMT;Émilie Laurent;89T3WBBBMSGKPTMNK;;Website Payment;Completed;EUR;24,99;-1,07;23,92;ORD-502397
03/06/2026;09:43:21;GMT;Agnès Rousseau;FASXSA0HW05FHF0AW;;Website Payment;Completed;EUR;59,99;-2,09;57,90;ORD-503126
03/06/2026;09:46:20;GMT;José García;S28HTDAJNF4H8BYQF;;Website Payment;Completed;EUR;9,99;-0,64;9,35;ORD-502371
03/06/2026;09:50:37;GMT;Céline Marchand;BGWJM0QHSK3KVYQEP;;Website Payment;Completed;EUR;9,99;-0,64;9,35;ORD-503567
03/06/2026;09:56:36;GMT;François Dubois;V1W9V9SA636HGAQB2;;Website Payment;Completed;EUR;9,99;-0,64;9,35;ORD-502242
03/06/2026;10:04:05;GMT;Jürgen Müller;6LMMUYQLQ5Z5FZNYJ;;Website Payment;Completed;GBP;54,99;-1,89;53,10;ORD-503576
03/06/2026;10:16:18;GMT;Émilie Laurent;ANE3AXGYWUWWFA90P;;Website Payment;Denied;EUR;24,99;0,00;0,00;ORD-503492
03/06/2026;10:19:14;GMT;María Álvarez;QYD73PSVUZ9HGTHCL;;Website Payment;Denied;EUR;24,99;0,00;0,00;ORD-502454
03/06/2026;10:33:50;GMT;Émilie Laurent;YF99PKA82FN32TRYR;;Website Payment;Completed;EUR;9,99;-0,64;9,35;ORD-502994
03/06/2026;10:46:41;GMT;Nuño Ibáñez;X84VNP9R0KSAKDB5P;;Website Payment;Completed;GBP;8,99;-0,56;8,43;ORD-502487
03/06/2026;10:47:16;GMT;Nuño Ibáñez;3ZRLEDW25A9TX0CEG;;Website Payment;Completed;EUR;9,99;-0,64;9,35;ORD-502394
03/06/2026;10:59:49;GMT;José García;KYJ1WCLTKJZA2CM8B;;Website Payment;Completed;EUR;59,99;-2,09;57,90;ORD-503273
03/06/2026;11:12:28;GMT;José García;Q9HW59J9EM42YNDD3;;Website Payment;Completed;EUR;9,99;-0,64;9,35;ORD-502590
03/06/2026;11:30:39;GMT;Nuño Ibáñez;R3N3M7NJJ1Y5DJQEN;;Website Payment;Completed;GBP;8,99;-0,56;8,43;ORD-502153
03/06/2026;11:37:27;GMT;Nuño Ibáñez;NVAZ5B7JQ2YYVSRWQ;;Website Payment;Completed;EUR;9,99;-0,64;9,35;ORD-503224
03/06/2026;11:43:20;GMT;Émilie Laurent;MF7G0T1VW3RGAD9RT;;Website Payment;Completed;GBP;8,99;-0,56;8,43;ORD-503418
03/06/2026;11:49:51;GMT;Nuño Ibáñez;WLU4PG1LJS3G38DXJ;;Website Payment;Completed;EUR;9,99;-0,64;9,35;ORD-503709
03/06/2026;11:52:06;GMT;Nuño Ibáñez;EZL6UFYZ477SF3LVJ;;Website Payment;Completed;EUR;9,99;-0,64;9,35;ORD-502448
03/06/2026;11:53:30;GMT;Céline Marchand;RUT9H1ZBKCQWJAHG3;;Website Payment;Completed;EUR;24,99;-1,07;23,92;ORD-503595
03/06/2026;11:57:01;GMT;Céline Marchand;6DXRG6GTPKWFHPDEN;;Website Payment;Completed;EUR;9,99;-0,64;9,35;ORD-503816
03/06/2026;11:58:30;GMT;Émilie Laurent;6TVM9RY11PAJPQDG3;;Website Payment;Completed;EUR;24,99;-1,07;23,92;ORD-503321
03/06/2026;12:03:56;GMT;Nuño Ibáñez;PME1G8PHTM6YZTBJA;;Website Payment;Completed;EUR;59,99;-2,09;57,90;ORD-502865
03/06/2026;12:06:00;GMT;Jürgen Müller;KEQ6XZRPC6ZUN920F;;Website Payment;Denied;EUR;59,99;0,00;0,00;ORD-502703
03/06/2026;13:05:06;GMT;Søren Kjær;WRLB32LUTQ8XXREQL;;Website Payment;Completed;GBP;54,99;-1,89;53,10;ORD-503088
03/06/2026;13:24:44;GMT;Émilie Laurent;ZXSXA3LEQRAMU7FU5;;Website Payment;Completed;EUR;9,99;-0,64;9,35;ORD-503397
03/06/2026;13:54:06;GMT;Émilie Laurent;ULV5QGY6YK9HS0PN4;;Website Payment;Completed;EUR;9,99;-0,64;9,35;ORD-503263
03/06/2026;14:00:40;GMT;Agnès Rousseau;09RKHUVE46NWP02SZ;;Website Payment;Completed;GBP;8,99;-0,56;8,43;ORD-502732
03/06/2026;14:26:22;GMT;François Dubois;NKQ4473AKYKNCC47F;;Website Payment;Completed;EUR;59,99;-2,09;57,90;ORD-503419
03/06/2026;14:32:36;GMT;Agnès Rousseau;H87GCEXYTV6W5YWZX;;Website Payment;Completed;EUR;4,99;-0,49;4,50;ORD-502925
03/06/2026;14:37:25;GMT;Søren Kjær;5Z5TTQBV8H68MTVL2;;Website Payment;Completed;EUR;59,99;-2,09;57,90;ORD-502764
03/06/2026;14:44:47;GMT;Renée Böhm;KGMTA1AAM09AS8R59;;Website Payment;Completed;EUR;9,99;-0,64;9,35;ORD-502866
03/06/2026;15:10:28;GMT;Nuño Ibáñez;Y7WGYQUMMNGDVT1ME;;Website Payment;Denied;EUR;24,99;0,00;0,00;ORD-503544
03/06/2026;15:11:02;GMT;Nuño Ibáñez;L7X32UFE4TEDURA5H;;Website Payment;Completed;EUR;9,99;-0,64;9,35;ORD-502862
03/06/2026;15:27:08;GMT;Nuño Ibáñez;Y1MQ92W7AW2D0WSTE;;Website Payment;Completed;EUR;9,99;-0,64;9,35;ORD-503092
03/06/2026;15:30:53;GMT;Céline Marchand;HAA7LL04PKFMS17XP;;Website Payment;Denied;EUR;59,99;0,00;0,00;ORD-503281
03/06/2026;15:41:32;GMT;François Dubois;21A8CD6GC8RDFY0CA;;Website Payment;Completed;EUR;9,99;-0,64;9,35;ORD-502914
03/06/2026;15:55:18;GMT;François Dubois;Q204Y8J2ULH49DT33;;Website Payment;Denied;EUR;9,99;0,00;0,00;ORD-502496
03/06/2026;16:00:38;GMT;María Álvarez;0WRWHP7CS06RRK5SE;;Website Payment;Completed;GBP;8,99;-0,56;8,43;ORD-502134
03/06/2026;16:45:33;GMT;Renée Böhm;449F4J8R52GN785NN;;Website Payment;Completed;EUR;9,99;-0,64;9,35;ORD-502188
03/06/2026;17:30:30;GMT;Søren Kjær;RJVQ0E5S2QD4QS9R8;;Website Payment;Completed;EUR;24,99;-1,07;23,92;ORD-502547
03/06/2026;17:51:01;GMT;José García;YUGMCY338XHKMD0H2;;Website Payment;Completed;EUR;59,99;-2,09;57,90;ORD-503108
03/06/2026;18:04:33;GMT;Nuño Ibáñez;SLYZ3V7TW3YCEE5KQ;;Website Payment;Completed;EUR;9,99;-0,64;9,35;ORD-502427
03/06/2026;18:08:23;GMT;Søren Kjær;GFR2T4TU6706TPGY5;;Website Payment;Completed;EUR;4,99;-0,49;4,50;ORD-502634
03/06/2026;18:27:17;GMT;François Dubois;T04GXYNWK052J06VV;;Website Payment;Completed;EUR;4,99;-0,49;4,50;ORD-503233
03/06/2026;18:37:02;GMT;Nuño Ibáñez;2JWBEVVYV6YGZKY8U;;Website Payment;Completed;EUR;24,99;-1,07;23,92;ORD-502366
03/06/2026;18:37:15;GMT;Agnès Rousseau;YX0B37GEEPB9CWD3B;;Website Payment;Denied;GBP;4,49;0,00;0,00;ORD-502256
03/06/2026;19:04:35;GMT;Renée Böhm;NK7EEFQ86LAMMX76A;;Website Payment;Completed;EUR;59,99;-2,09;57,90;ORD-503772
03/06/2026;19:29:46;GMT;Nuño Ibáñez;3VCMQN6ZH43Z7XXMY;;Website Payment;Completed;EUR;9,99;-0,64;9,35;ORD-502637
04/06/2026;07:21:39;GMT;Nuño Ibáñez;21PPZPGBA8VJWM0LV;;Website Payment;Completed;EUR;4,99;-0,49;4,50;ORD-502817
04/06/2026;07:33:20;GMT;Renée Böhm;1Q45Q6A3QX5DPZ5Z4;;Website Payment;Denied;EUR;9,99;0,00;0,00;ORD-502399
04/06/2026;08:14:21;GMT;José García;P4VQ0ZH1RLQ2MF0LW;;Website Payment;Completed;EUR;4,99;-0,49;4,50;ORD-502601
04/06/2026;08:31:18;GMT;Søren Kjær;YTWP0Y2MXZAG2Z3B7;;Website Payment;Completed;EUR;9,99;-0,64;9,35;ORD-502223
04/06/2026;08:41:40;GMT;François Dubois;VXQ8TDXNL4H62GD5J;;Website Payment;Completed;EUR;9,99;-0,64;9,35;ORD-502919
04/06/2026;08:42:40;GMT;Jürgen Müller;DNBSF43N2J30G57F3;;Website Payment;Completed;EUR;24,99;-1,07;23,92;ORD-503501
04/06/2026;09:39:00;GMT;Renée Böhm;4WSPYV79PTQNN5P9U;;Website Payment;Denied;EUR;9,99;0,00;0,00;ORD-503477
04/06/2026;09:49:19;GMT;María Álvarez;RT7YSJT3PB72SD3CS;;Website Payment;Denied;EUR;9,99;0,00;0,00;ORD-503143
04/06/2026;09:57:14;GMT;Nuño Ibáñez;2VRBPLAC5JHZVAFDK;;Website Payment;Denied;EUR;9,99;0,00;0,00;ORD-503074
04/06/2026;10:09:22;GMT;Jürgen Müller;CGDM6FNGY04MEN4MC;;Website Payment;Completed;GBP;54,99;-1,89;53,10;ORD-503719
04/06/2026;10:27:30;GMT;José García;PAWGHL833L2QP9NMF;;Website Payment;Completed;EUR;9,99;-0,64;9,35;ORD-503033
04/06/2026;10:31:47;GMT;Émilie Laurent;TFMXGDNHYHQCLRZN4;;Website Payment;Completed;EUR;24,99;-1,07;23,92;ORD-502416
04/06/2026;10:39:57;GMT;José García;945XUV6SVRCSPBFQ9;;Website Payment;Completed;EUR;4,99;-0,49;4,50;ORD-502560
04/06/2026;10:40:22;GMT;María Álvarez;WVQ71JTCX67F1X67F;;Website Payment;Denied;EUR;9,99;0,00;0,00;ORD-503169
04/06/2026;11:01:14;GMT;Søren Kjær;9XUUMNT8FLZL3D891;;Website Payment;Completed;EUR;24,99;-1,07;23,92;ORD-502853
04/06/2026;11:06:16;GMT;Søren Kjær;J0FCCA2PKSH3GXHVE;;Website Payment;Completed;EUR;9,99;-0,64;9,35;ORD-503840
04/06/2026;11:32:39;GMT;Renée Böhm;QUW2VBC61GRJLWT4F;;Website Payment;Completed;EUR;9,99;-0,64;9,35;ORD-502139
04/06/2026;11:48:52;GMT;Nuño Ibáñez;UR1N6VPHAXQPRJN5K;;Website Payment;Completed;EUR;4,99;-0,49;4,50;ORD-502750
04/06/2026;11:53:57;GMT;Jürgen Müller;9B1DUGKKNP37EC0AB;;Website Payment;Completed;GBP;8,99;-0,56;8,43;ORD-503166
04/06/2026;11:57:31;GMT;Renée Böhm;07HGLKJMLBMBRW7M5;;Website Payment;Completed;EUR;59,99;-2,09;57,90;ORD-503649
04/06/2026;12:03:48;GMT;María Álvarez;EZWMWLGUFSCQS1FBB;;Website Payment;Completed;EUR;59,99;-2,09;57,90;ORD-503776
04/06/2026;12:16:00;GMT;Renée Böhm;K86RZSQ46G17S8M71;;Website Payment;Completed;EUR;9,99;-0,64;9,35;ORD-503611
04/06/2026;12:28:50;GMT;Agnès Rousseau;VWKARW8HQ2A8S2WJB;;Website Payment;Completed;EUR;9,99;-0,64;9,35;ORD-503600
04/06/2026;12:31:02;GMT;François Dubois;WMF34K6WDQGX2G63K;;Website Payment;Denied;EUR;9,99;0,00;0,00;ORD-502784
04/06/2026;12:33:32;GMT;Émilie Laurent;NZVE91HYWDK860P5A;;Website Payment;Completed;GBP;54,99;-1,89;53,10;ORD-502620
04/06/2026;12:41:13;GMT;María Álvarez;UERKLVJQ9RMLWBZJW;;Website Payment;Completed;GBP;8,99;-0,56;8,43;ORD-503312
04/06/2026;12:54:49;GMT;Jürgen Müller;KLW8YVR139A719H38;;Website Payment;Completed;GBP;8,99;-0,56;8,43;ORD-503660
04/06/2026;12:57:56;GMT;Søren Kjær;22UYE88XTRCEXZCFM;;Website Payment;Completed;EUR;24,99;-1,07;23,92;ORD-502485
04/06/2026;13:07:48;GMT;Jürgen Müller;CL5W70LWUZ04JY504;;Website Payment;Completed;EUR;9,99;-0,64;9,35;ORD-503725
04/06/2026;13:07:53;GMT;Céline Marchand;7VB57XUR8CX98SPMD;;Website Payment;Denied;EUR;9,99;0,00;0,00;ORD-502679
04/06/2026;13:44:48;GMT;Céline Marchand;0M8VNN9037VG82Q06;;Website Payment;Completed;EUR;24,99;-1,07;23,92;ORD-502900
04/06/2026;13:46:33;GMT;Nuño Ibáñez;UGVCLZMCQC2GAAQXP;;Website Payment;Completed;EUR;9,99;-0,64;9,35;ORD-502323
04/06/2026;14:01:33;GMT;Jürgen Müller;N1JJYKS00JMJ7JQ89;;Website Payment;Completed;EUR;59,99;-2,09;57,90;ORD-503398
04/06/2026;14:07:23;GMT;María Álvarez;KEY2RF09FVDD33G3X;;Website Payment;Completed;EUR;9,99;-0,64;9,35;ORD-503246
04/06/2026;14:11:01;GMT;Søren Kjær;PZXQ71SZXK3G7U6J3;;Website Payment;Completed;EUR;24,99;-1,07;23,92;ORD-503124
04/06/2026;14:20:34;GMT;José García;X9G7G5WP8UUWFNBHE;;Website Payment;Completed;EUR;9,99;-0,64;9,35;ORD-503557
04/06/2026;15:05:54;GMT;Jürgen Müller;AJJ1TWF88WT6W74TS;;Website Payment;Completed;EUR;9,99;-0,64;9,35;ORD-503332
04/06/2026;15:06:01;GMT;François Dubois;KSYU4A62JGFAPFL31;;Website Payment;Completed;EUR;24,99;-1,07;23,92;ORD-503416
04/06/2026;15:08:25;GMT;José García;UMPY0CFZMPG76Q1SC;;Website Payment;Completed;EUR;4,99;-0,49;4,50;ORD-503853
04/06/2026;15:09:58;GMT;Agnès Rousseau;G4CDYC081T7N61HZ4;;Website Payment;Completed;GBP;8,99;-0,56;8,43;ORD-502977
04/06/2026;15:11:07;GMT;François Dubois;VLHH3SHS7J1C6Y8B7;;Website Payment;Completed;EUR;9,99;-0,64;9,35;ORD-502511
04/06/2026;15:12:52;GMT;Agnès Rousseau;1J0Y8VR8Y4FMHE5Q0;;Website Payment;Completed;EUR;9,99;-0,64;9,35;ORD-503744
04/06/2026;15:44:04;GMT;Søren Kjær;W5TAYAM47M5JWVKZX;;Website Payment;Completed;EUR;59,99;-2,09;57,90;ORD-502506
04/06/2026;15:50:49;GMT;Renée Böhm;EV0CMRKLHY2Z9F3WY;;Website Payment;Completed;EUR;9,99;-0,64;9,35;ORD-503715
04/06/2026;16:06:43;GMT;Agnès Rousseau;5KDPPZ4HCYLDVKK36;;Website Payment;Completed;EUR;9,99;-0,64;9,35;ORD-503158
04/06/2026;16:07:29;GMT;Agnès Rousseau;7H4NUUJ0VNXLN6J7U;;Website Payment;Completed;EUR;9,99;-0,64;9,35;ORD-503454
04/06/2026;17:00:50;GMT;Céline Marchand;8F8WBD8KJTSEDT456;;Website Payment;Completed;EUR;24,99;-1,07;23,92;ORD-503496
04/06/2026;17:01:32;GMT;Renée Böhm;MGRAEKQTRV6282S9G;;Website Payment;Denied;GBP;8,99;0,00;0,00;ORD-502829
04/06/2026;17:02:58;GMT;Søren Kjær;KRLBLTKP7MZ5UHZD1;;Website Payment;Denied;EUR;59,99;0,00;0,00;ORD-502822
04/06/2026;17:11:31;GMT;Jürgen Müller;HZ0VN2TVBTW5C52SZ;;Website Payment;Completed;EUR;59,99;-2,09;57,90;ORD-503643
04/06/2026;17:34:50;GMT;Céline Marchand;D7KJ9E5YVQD16HJEL;;Website Payment;Completed;EUR;9,99;-0,64;9,35;ORD-502426
04/06/2026;17:37:19;GMT;Søren Kjær;0VBD884MXW0LK5CM6;;Website Payment;Completed;EUR;24,99;-1,07;23,92;ORD-503779
04/06/2026;17:44:56;GMT;José García;V3V836Z6AA4UM62Q6;;Website Payment;Completed;EUR;24,99;-1,07;23,92;ORD-502592
04/06/2026;17:45:56;GMT;María Álvarez;MH7R1BJAFJS98JNES;;Website Payment;Completed;EUR;9,99;-0,64;9,35;ORD-502245
04/06/2026;17:58:22;GMT;José García;JXV9Y3AXQVZBHJ0X1;;Website Payment;Completed;GBP;4,49;-0,43;4,06;ORD-502497
04/06/2026;17:58:30;GMT;José García;XSTBYK41NRMTJ1T22;;Website Payment;Completed;EUR;59,99;-2,09;57,90;ORD-502333
04/06/2026;18:26:50;GMT;Søren Kjær;BGFUTNSF9RSX7AP8N;;Website Payment;Completed;EUR;24,99;-1,07;23,92;ORD-503057
04/06/2026;18:43:18;GMT;José García;BXGG4BBYQJKVGAC5B;;Website Payment;Completed;EUR;24,99;-1,07;23,92;ORD-503189
04/06/2026;18:50:01;GMT;Søren Kjær;M0R5FZ1EAZ2XTNUE8;;Website Payment;Completed;EUR;59,99;-2,09;57,90;ORD-502529
04/06/2026;19:22:58;GMT;Agnès Rousseau;56D2VAM4XTR0FFJHN;;Website Payment;Completed;EUR;4,99;-0,49;4,50;ORD-502121
04/06/2026;19:29:15;GMT;Agnès Rousseau;6JB809SGPT4EN2RPD;;Website Payment;Denied;EUR;59,99;0,00;0,00;ORD-502386
05/06/2026;08:16:01;GMT;José García;0AYLLMR5ZWVRU841Q;;Website Payment;Completed;EUR;9,99;-0,64;9,35;ORD-502826
05/06/2026;08:39:00;GMT;José García;22LA1JHF7VCWV3MT6;;Website Payment;Denied;GBP;8,99;0,00;0,00;ORD-503774
05/06/2026;08:49:24;GMT;Søren Kjær;2QPSTJ94FDRSME38Y;;Website Payment;Completed;EUR;9,99;-0,64;9,35;ORD-502696
05/06/2026;08:52:32;GMT;José García;MA9Y3XZ3X2TDBJJF1;;Website Payment;Completed;EUR;9,99;-0,64;9,35;ORD-503077
05/06/2026;09:01:27;GMT;Céline Marchand;T4M9Y8GGYEAT9EG0Q;;Website Payment;Completed;EUR;59,99;-2,09;57,90;ORD-503146
05/06/2026;09:08:34;GMT;Agnès Rousseau;7VH8YFM649UH1HE41;;Website Payment;Completed;EUR;9,99;-0,64;9,35;ORD-502267
05/06/2026;09:20:48;GMT;Émilie Laurent;YAA9VYM4U5MMVQQKF;;Website Payment;Completed;EUR;24,99;-1,07;23,92;ORD-503655
05/06/2026;09:24:05;GMT;José García;5M7U8MT3YYVVY4B0R;;Website Payment;Completed;EUR;9,99;-0,64;9,35;ORD-502858
05/06/2026;10:11:00;GMT;Jürgen Müller;2TX9WVVR84DRLAVDU;;Website Payment;Completed;GBP;8,99;-0,56;8,43;ORD-502407
05/06/2026;10:17:46;GMT;Søren Kjær;QP06F8DM8FY6UPT4L;;Website Payment;Completed;EUR;24,99;-1,07;23,92;ORD-503766
05/06/2026;10:21:14;GMT;José García;WBJQRYGX8KFE46T18;;Website Payment;Completed;EUR;24,99;-1,07;23,92;ORD-503093
05/06/2026;10:41:26;GMT;María Álvarez;XMPQDD4YGZJXT2XH6;;Website Payment;Completed;EUR;9,99;-0,64;9,35;ORD-503265
05/06/2026;11:02:15;GMT;Renée Böhm;YU5AJAKNAKLP3RRSH;;Website Payment;Denied;EUR;9,99;0,00;0,00;ORD-502204
05/06/2026;11:03:00;GMT;José García;YHBCXCT8C0K378SHL;;Website Payment;Completed;EUR;59,99;-2,09;57,90;ORD-507788
05/06/2026;11:25:34;GMT;Céline Marchand;ZN0S162V93PTUB4V8;;Website Payment;Completed;GBP;21,99;-0,94;21,05;ORD-503756
05/06/2026;11:32:12;GMT;José García;PAZCEP6RSZALZBV63;;Website Payment;Completed;EUR;9,99;-0,64;9,35;ORD-502482
05/06/2026;11:41:50;GMT;Renée Böhm;TSQ8H9K8HLPMDU0ZR;;Website Payment;Completed;GBP;21,99;-0,94;21,05;ORD-502924
05/06/2026;12:30:47;GMT;María Álvarez;VF2GKQP0JDE082VRN;;Website Payment;Denied;EUR;9,99;0,00;0,00;ORD-502840
05/06/2026;12:39:18;GMT;François Dubois;MZ6HQ4XDV71G91NT7;;Website Payment;Completed;EUR;9,99;-0,64;9,35;ORD-503243
05/06/2026;13:02:32;GMT;Agnès Rousseau;ATDE12KR29VVSEA8E;;Website Payment;Completed;EUR;24,99;-1,07;23,92;ORD-502979
05/06/2026;13:03:11;GMT;Émilie Laurent;7JCN1XRUZLMPAVJ0J;;Website Payment;Completed;EUR;9,99;-0,64;9,35;ORD-502882
05/06/2026;13:42:38;GMT;Émilie Laurent;HTEQHRNKM1WKX2WF3;;Website Payment;Completed;EUR;9,99;-0,64;9,35;ORD-502384
05/06/2026;14:11:05;GMT;Émilie Laurent;WV9K00B0DR6FB5SYC;;Website Payment;Completed;EUR;59,99;-2,09;57,90;ORD-502972
05/06/2026;14:11:42;GMT;Nuño Ibáñez;0GA33Q07BU8WWRA4B;;Website Payment;Completed;EUR;24,99;-1,07;23,92;ORD-503552
05/06/2026;14:20:39;GMT;María Álvarez;EB6DN62TYKZMBD6TG;;Website Payment;Completed;GBP;8,99;-0,56;8,43;ORD-502180
05/06/2026;14:32:58;GMT;Søren Kjær;7KU8JYK45MS585SJM;;Website Payment;Completed;GBP;21,99;-0,94;21,05;ORD-503308
05/06/2026;14:35:08;GMT;Søren Kjær;7DYNRKAHR6LGQ0ZZW;;Website Payment;Completed;EUR;59,99;-2,09;57,90;ORD-503678
05/06/2026;14:35:14;GMT;Renée Böhm;KHXKLW91DAFPDPL1J;;Website Payment;Completed;EUR;24,99;-1,07;23,92;ORD-503476
05/06/2026;15:37:59;GMT;José García;BFFTVBNS748395LEM;;Website Payment;Completed;GBP;21,99;-0,94;21,05;ORD-502633
05/06/2026;15:38:46;GMT;Søren Kjær;K57BW30LJR9VC0N6P;;Website Payment;Completed;EUR;4,99;-0,49;4,50;ORD-503596
05/06/2026;15:41:15;GMT;Nuño Ibáñez;23Y6XU7JN6NRNQXDU;;Website Payment;Completed;EUR;9,99;-0,64;9,35;ORD-502126
05/06/2026;16:07:54;GMT;José García;SKK2QY8SCXN6XJ3JU;;Website Payment;Completed;EUR;9,99;-0,64;9,35;ORD-502884
05/06/2026;16:18:17;GMT;María Álvarez;1VSR67YQG4AR14GET;;Website Payment;Completed;EUR;9,99;-0,64;9,35;ORD-503499
05/06/2026;16:36:14;GMT;Agnès Rousseau;FFDR7LBMZ8ANB1FK6;;Website Payment;Completed;EUR;4,99;-0,49;4,50;ORD-502429
05/06/2026;17:00:00;GMT;Søren Kjær;P2E6BHMQ08CKJDQC0;;Website Payment;Completed;GBP;8,99;-0,56;8,43;ORD-502410
05/06/2026;17:05:04;GMT;Agnès Rousseau;A580Y6DXHHM2BV3MQ;;Website Payment;Completed;GBP;8,99;-0,56;8,43;ORD-503731
05/06/2026;17:25:50;GMT;María Álvarez;FATEP4416PTR1BLRQ;;Website Payment;Completed;EUR;24,99;-1,07;23,92;ORD-503637
05/06/2026;17:25:59;GMT;Émilie Laurent;37J0LATYTKW1AQMRS;;Website Payment;Completed;EUR;9,99;-0,64;9,35;ORD-503220
05/06/2026;17:34:43;GMT;José García;220KCJRREY9CTX03W;;Website Payment;Completed;GBP;21,99;-0,94;21,05;ORD-503339
05/06/2026;17:52:21;GMT;Nuño Ibáñez;7MCN9QTJLETXJVSUM;;Website Payment;Completed;EUR;24,99;-1,07;23,92;ORD-503508
05/06/2026;18:05:26;GMT;Céline Marchand;7NZMHX8ERF0A7CEL8;;Website Payment;Completed;EUR;59,99;-2,09;57,90;ORD-502893
05/06/2026;18:10:23;GMT;Céline Marchand;Y83KSWDXF6VYYR8R8;;Website Payment;Completed;EUR;59,99;-2,09;57,90;ORD-502142
05/06/2026;18:33:18;GMT;Céline Marchand;B3FY0PT8TFSUEU773;;Website Payment;Completed;EUR;9,99;-0,64;9,35;ORD-503455
05/06/2026;18:35:48;GMT;François Dubois;4Y06SGX287YYWN3DY;;Website Payment;Completed;EUR;4,99;-0,49;4,50;ORD-502724
05/06/2026;18:36:49;GMT;Søren Kjær;BHM5GG61643ZHW9G1;;Website Payment;Completed;EUR;9,99;-0,64;9,35;ORD-502801
05/06/2026;18:44:54;GMT;José García;57UUXK2XJMNPKJWDV;;Website Payment;Completed;EUR;24,99;-1,07;23,92;ORD-503453
05/06/2026;18:48:03;GMT;François Dubois;T3SLLZK3V5CSZLG6K;;Website Payment;Completed;EUR;9,99;-0,64;9,35;ORD-503068
05/06/2026;18:52:10;GMT;José García;Y84AD6BLUB4KHQGHX;;Website Payment;Completed;EUR;24,99;-1,07;23,92;ORD-502868
05/06/2026;19:29:42;GMT;María Álvarez;QJ9WKWP14SGXSN1RS;;Website Payment;Completed;EUR;9,99;-0,64;9,35;ORD-503351
05/06/2026;19:50:02;GMT;Émilie Laurent;PK0NA789PSJDF9BDR;;Website Payment;Completed;EUR;9,99;-0,64;9,35;ORD-502918
06/06/2026;07:45:11;GMT;Agnès Rousseau;TB3NL12L3FYBWB4WG;;Website Payment;Completed;GBP;8,99;-0,56;8,43;ORD-502152
06/06/2026;08:00:04;GMT;Nuño Ibáñez;57ZYNCTA7J2MWMY2F;;Website Payment;Completed;EUR;24,99;-1,07;23,92;ORD-502435
06/06/2026;08:20:01;GMT;Søren Kjær;JB85PH7EBFJLS046V;;Website Payment;Completed;EUR;4,99;-0,49;4,50;ORD-502465
06/06/2026;08:21:30;GMT;Agnès Rousseau;6G9AD0X229C2GZUFL;;Website Payment;Completed;EUR;59,99;-2,09;57,90;ORD-502700
06/06/2026;08:51:20;GMT;François Dubois;WDUUMT8CRF3JPU0VJ;;Website Payment;Completed;EUR;9,99;-0,64;9,35;ORD-503526
06/06/2026;09:00:29;GMT;Émilie Laurent;BSFYA723M1QV5UAK3;;Website Payment;Completed;GBP;21,99;-0,94;21,05;ORD-502584
06/06/2026;09:23:03;GMT;José García;PMJ6XMB3YU4B3VAEQ;;Website Payment;Completed;EUR;9,99;-0,64;9,35;ORD-503764
06/06/2026;09:28:39;GMT;Céline Marchand;9QYPZ70PEXJ80J10U;;Website Payment;Completed;EUR;9,99;-0,64;9,35;ORD-503723
06/06/2026;09:31:26;GMT;María Álvarez;SEE8UHU1Y0A8EV0XH;;Website Payment;Completed;EUR;9,99;-0,64;9,35;ORD-503788
06/06/2026;09:36:11;GMT;Renée Böhm;FY7UQGPXJLNQU50KP;;Website Payment;Completed;EUR;24,99;-1,07;23,92;ORD-502559
06/06/2026;09:50:40;GMT;François Dubois;Q9703Q2F3WUQ459S4;;Website Payment;Completed;EUR;9,99;-0,64;9,35;ORD-503003
06/06/2026;09:53:56;GMT;François Dubois;NUGWFWUZQS3XC93TE;;Website Payment;Completed;EUR;9,99;-0,64;9,35;ORD-503043
06/06/2026;09:55:54;GMT;Émilie Laurent;U5FUZYUUE8GMNP0DQ;;Website Payment;Completed;EUR;59,99;-2,09;57,90;ORD-503229
06/06/2026;09:57:28;GMT;Søren Kjær;LJLKBH6ZAEDLX6EHA;;Website Payment;Completed;EUR;9,99;-0,64;9,35;ORD-502194
06/06/2026;09:58:48;GMT;Nuño Ibáñez;UZT9N5DC7YQJEP385;;Website Payment;Completed;EUR;59,99;-2,09;57,90;ORD-503806
06/06/2026;10:18:13;GMT;Søren Kjær;CREE8PD7K0EC8BDZ4;;Website Payment;Denied;EUR;59,99;0,00;0,00;ORD-502867
06/06/2026;10:44:20;GMT;Nuño Ibáñez;VW9G72BFY9P94QBU1;;Website Payment;Denied;EUR;4,99;0,00;0,00;ORD-502364
06/06/2026;10:49:30;GMT;François Dubois;W6DYNTGSD7ZGA98K6;;Website Payment;Completed;EUR;9,99;-0,64;9,35;ORD-503849
06/06/2026;10:51:54;GMT;Céline Marchand;6WJNP2KPX3ZHP4ENC;;Website Payment;Completed;EUR;9,99;-0,64;9,35;ORD-503597
06/06/2026;10:53:44;GMT;Céline Marchand;9E7U5LXTV074ENK6N;;Website Payment;Completed;EUR;9,99;-0,64;9,35;ORD-503821
06/06/2026;10:55:36;GMT;Émilie Laurent;TKGUGZM8FMMTD6UX0;;Website Payment;Completed;EUR;4,99;-0,49;4,50;ORD-502626
06/06/2026;11:13:57;GMT;Jürgen Müller;NEFEYVZKWQQAKX2YA;;Website Payment;Completed;EUR;24,99;-1,07;23,92;ORD-503633
06/06/2026;11:45:20;GMT;Nuño Ibáñez;RQHDMJHRMW8JN4CA9;;Website Payment;Completed;GBP;8,99;-0,56;8,43;ORD-503071
06/06/2026;11:59:25;GMT;José García;MQJK8QPE23B3WN50B;;Website Payment;Completed;EUR;24,99;-1,07;23,92;ORD-502903
06/06/2026;12:05:45;GMT;Émilie Laurent;E2QVMM5YEBEMMPX6U;;Website Payment;Completed;GBP;21,99;-0,94;21,05;ORD-503080
06/06/2026;12:16:55;GMT;Nuño Ibáñez;8E902NCUUCU66U95C;;Website Payment;Completed;EUR;9,99;-0,64;9,35;ORD-502605
06/06/2026;12:24:16;GMT;Jürgen Müller;TMURG7ZVPX30FKEZ8;;Website Payment;Completed;EUR;9,99;-0,64;9,35;ORD-503014
06/06/2026;12:32:11;GMT;Agnès Rousseau;3NTWBZ0R9JFSLX0JP;;Website Payment;Completed;EUR;24,99;-1,07;23,92;ORD-503777
06/06/2026;13:02:03;GMT;Renée Böhm;6PSHWBRQUJ2T6LE3X;;Website Payment;Completed;EUR;4,99;-0,49;4,50;ORD-503563
06/06/2026;13:17:34;GMT;François Dubois;TSNTC0QZ0KT1XA62T;;Website Payment;Completed;GBP;8,99;-0,56;8,43;ORD-502500
06/06/2026;13:47:17;GMT;Agnès Rousseau;L4T3DF8YW9PYR30DK;;Website Payment;Completed;EUR;9,99;-0,64;9,35;ORD-502652
06/06/2026;14:41:06;GMT;Jürgen Müller;1PU6B1K8E7XTY7CRW;;Website Payment;Completed;EUR;9,99;-0,64;9,35;ORD-503800
06/06/2026;14:42:04;GMT;Søren Kjær;PH0X0JYCS4CR91U0T;;Website Payment;Completed;EUR;24,99;-1,07;23,92;ORD-502857
06/06/2026;14:54:49;GMT;María Álvarez;BDC0H0NW5EKWZSVNP;;Website Payment;Completed;EUR;4,99;-0,49;4,50;ORD-502710
06/06/2026;14:57:40;GMT;Nuño Ibáñez;9S3Z4C6TUM6AT1GRP;;Website Payment;Completed;EUR;24,99;-1,07;23,92;ORD-502790
06/06/2026;15:20:56;GMT;Jürgen Müller;Z3YU3AQHP6E2LG6AF;;Website Payment;Completed;EUR;9,99;-0,64;9,35;ORD-503285
06/06/2026;15:33:58;GMT;Jürgen Müller;52BQK69E7VASWJNLF;;Website Payment;Completed;GBP;54,99;-1,89;53,10;ORD-502476
06/06/2026;15:50:50;GMT;Nuño Ibáñez;6D31SH16U8GJFRJ7M;;Website Payment;Completed;EUR;9,99;-0,64;9,35;ORD-503170
06/06/2026;16:00:58;GMT;François Dubois;6NTACWTTFBE4HCNL7;;Website Payment;Completed;EUR;9,99;-0,64;9,35;ORD-502788
06/06/2026;16:14:40;GMT;Jürgen Müller;WN0X7UMF9ERQC3UQ9;;Website Payment;Completed;EUR;9,99;-0,64;9,35;ORD-503682
06/06/2026;16:20:36;GMT;Jürgen Müller;4S985462A5QWCXTCS;;Website Payment;Completed;EUR;9,99;-0,64;9,35;ORD-503237
06/06/2026;16:38:40;GMT;François Dubois;GCEYHRQ89D10KT78L;;Website Payment;Completed;EUR;24,99;-1,07;23,92;ORD-503737
06/06/2026;17:12:01;GMT;Émilie Laurent;K6X6C8C3BJ3YA72KT;;Website Payment;Completed;EUR;9,99;-0,64;9,35;ORD-503311
06/06/2026;17:28:17;GMT;Agnès Rousseau;ZJ1DF1HK9U3M3U42G;;Website Payment;Completed;EUR;9,99;-0,64;9,35;ORD-503139
06/06/2026;17:36:17;GMT;François Dubois;0C6MB9THP656NCU5J;;Website Payment;Completed;EUR;4,99;-0,49;4,50;ORD-503110
06/06/2026;17:42:23;GMT;Renée Böhm;YE9E6KC33P5CE76HL;;Website Payment;Completed;GBP;8,99;-0,56;8,43;ORD-502272
06/06/2026;18:53:54;GMT;Émilie Laurent;UU10JMZJ0YXGAPCHX;;Website Payment;Completed;GBP;8,99;-0,56;8,43;ORD-503036
06/06/2026;19:06:28;GMT;María Álvarez;8PKWL6HNK2A05LRNB;;Website Payment;Completed;EUR;9,99;-0,64;9,35;ORD-502952
06/06/2026;19:13:14;GMT;Renée Böhm;8CNPAZ3PGFD0ZVH9W;;Website Payment;Completed;EUR;9,99;-0,64;9,35;ORD-503427
06/06/2026;19:18:34;GMT;Céline Marchand;YVQRQ0Q7A93VYPVVR;;Website Payment;Completed;GBP;54,99;-1,89;53,10;ORD-502573
06/06/2026;19:24:05;GMT;Renée Böhm;QM292NZV3N956LU9Y;;Website Payment;Completed;EUR;9,99;-0,64;9,35;ORD-502766
06/06/2026;19:27:20;GMT;François Dubois;BC82N8XQWCVCWH3V9;;Website Payment;Denied;EUR;24,99;0,00;0,00;ORD-503391
06/06/2026;19:35:15;GMT;Céline Marchand;D1CL3TU9GXANLXUTH;;Website Payment;Completed;EUR;24,99;-1,07;23,92;ORD-502562
07/06/2026;07:27:29;GMT;Céline Marchand;NGC97TE9J1JWDV17E;;Website Payment;Completed;EUR;9,99;-0,64;9,35;ORD-502313
07/06/2026;08:19:18;GMT;Céline Marchand;306LXRSDGF5YC7BAN;;Website Payment;Completed;GBP;8,99;-0,56;8,43;ORD-502473
07/06/2026;08:37:40;GMT;Nuño Ibáñez;F8DT0YDYTYRQTB6C3;;Website Payment;Denied;EUR;24,99;0,00;0,00;ORD-503063
07/06/2026;08:51:30;GMT;José García;FFAQG9FWJULEVZW1B;;Website Payment;Denied;EUR;9,99;0,00;0,00;ORD-503673
07/06/2026;08:56:20;GMT;María Álvarez;DAHSXZGKHGD4B388Q;;Website Payment;Completed;EUR;59,99;-2,09;57,90;ORD-502191
07/06/2026;09:19:39;GMT;Céline Marchand;N2TBCDPUV91NFYLJA;;Website Payment;Completed;EUR;59,99;-2,09;57,90;ORD-502628
07/06/2026;09:50:31;GMT;Renée Böhm;9B63KF9C7EMRGW2XM;;Website Payment;Completed;EUR;9,99;-0,64;9,35;ORD-502980
07/06/2026;09:53:28;GMT;Céline Marchand;W2GUPN4ZDYWSDHL6V;;Website Payment;Completed;EUR;9,99;-0,64;9,35;ORD-502275
07/06/2026;10:07:02;GMT;Céline Marchand;C9M891M7M5BKHUCMR;;Website Payment;Completed;EUR;59,99;-2,09;57,90;ORD-502963
07/06/2026;10:08:15;GMT;José García;P6XMKAYVJA734P6RM;;Website Payment;Completed;EUR;9,99;-0,64;9,35;ORD-503607
07/06/2026;10:17:50;GMT;María Álvarez;FZH53L5UH5W2ACPYH;;Website Payment;Completed;EUR;9,99;-0,64;9,35;ORD-503253
07/06/2026;10:56:18;GMT;Céline Marchand;NKT82FMY1WF25AWDQ;;Website Payment;Completed;GBP;21,99;-0,94;21,05;ORD-503703
07/06/2026;11:07:22;GMT;Søren Kjær;TH40HUTU3SKZR9R32;;Website Payment;Completed;EUR;24,99;-1,07;23,92;ORD-503392
07/06/2026;11:43:35;GMT;Céline Marchand;Z6EERR7W2ADZJYQJC;;Website Payment;Completed;EUR;9,99;-0,64;9,35;ORD-502201
07/06/2026;12:04:36;GMT;Agnès Rousseau;N57WRWCXTB9WYD69C;;Website Payment;Completed;EUR;9,99;-0,64;9,35;ORD-502975
07/06/2026;12:05:59;GMT;José García;L0BK26SRBDWCVE794;;Website Payment;Completed;EUR;9,99;-0,64;9,35;ORD-503363
07/06/2026;12:19:01;GMT;Agnès Rousseau;LHER94M1S0JQ9A4LC;;Website Payment;Completed;EUR;4,99;-0,49;4,50;ORD-502981
07/06/2026;12:51:51;GMT;María Álvarez;YHVKZ20YYVS55D33H;;Website Payment;Completed;EUR;24,99;-1,07;23,92;ORD-502432
07/06/2026;12:52:24;GMT;José García;PTNPYUQ3JX30EKG2R;;Website Payment;Completed;EUR;9,99;-0,64;9,35;ORD-502135
07/06/2026;13:05:36;GMT;Agnès Rousseau;XABGYZCD3759WLRGN;;Website Payment;Completed;EUR;24,99;-1,07;23,92;ORD-503833
07/06/2026;13:22:22;GMT;Renée Böhm;8QUABBN2YK1YE9DWZ;;Website Payment;Completed;EUR;9,99;-0,64;9,35;ORD-502161
07/06/2026;13:26:51;GMT;María Álvarez;5FB66C7FVY5E00WXU;;Website Payment;Completed;EUR;9,99;-0,64;9,35;ORD-502365
07/06/2026;13:39:25;GMT;Søren Kjær;J4EEAGCBCKJ2YNAUM;;Website Payment;Completed;EUR;9,99;-0,64;9,35;ORD-503562
07/06/2026;13:43:40;GMT;Nuño Ibáñez;A6S859QSEVLE56HR2;;Website Payment;Denied;GBP;8,99;0,00;0,00;ORD-502297
07/06/2026;14:00:42;GMT;François Dubois;4YBD4Z89DGZU2EEB9;;Website Payment;Completed;EUR;24,99;-1,07;23,92;ORD-502771
07/06/2026;14:07:29;GMT;François Dubois;J941DKBGHKZAPND5Z;;Website Payment;Denied;EUR;9,99;0,00;0,00;ORD-502996
07/06/2026;14:29:27;GMT;Søren Kjær;6CCU989MX91UUKW7A;;Website Payment;Completed;EUR;59,99;-2,09;57,90;ORD-503458
07/06/2026;14:40:58;GMT;Nuño Ibáñez;F800BHKBNXWBBGQGU;;Website Payment;Completed;EUR;9,99;-0,64;9,35;ORD-502336
07/06/2026;14:47:34;GMT;Nuño Ibáñez;TV8CJGTR0ADP7HK2F;;Website Payment;Completed;EUR;59,99;-2,09;57,90;ORD-502723
07/06/2026;14:50:59;GMT;François Dubois;MSUGSEV0C1MRPC5TT;;Website Payment;Completed;EUR;9,99;-0,64;9,35;ORD-502767
07/06/2026;15:03:14;GMT;María Álvarez;UB8LNEWLEQ5W565DL;;Website Payment;Completed;EUR;9,99;-0,64;9,35;ORD-503706
07/06/2026;15:03:25;GMT;Agnès Rousseau;VGZ42AL4PCAQHCX1H;;Website Payment;Completed;EUR;9,99;-0,64;9,35;ORD-503861
07/06/2026;15:08:18;GMT;Jürgen Müller;DDLAGM7MEZ6RAQ1UM;;Website Payment;Completed;EUR;59,99;-2,09;57,90;ORD-502436
07/06/2026;15:12:13;GMT;Renée Böhm;Y4LDFDLAUQ75XR9X1;;Website Payment;Completed;EUR;9,99;-0,64;9,35;ORD-503402
07/06/2026;15:32:07;GMT;François Dubois;7XXCFCT9XE6APBXNW;;Website Payment;Completed;GBP;21,99;-0,94;21,05;ORD-503376
07/06/2026;15:37:13;GMT;María Álvarez;5DUQ6WXZXH5KK7P6M;;Website Payment;Denied;GBP;8,99;0,00;0,00;ORD-503116
07/06/2026;16:04:16;GMT;Nuño Ibáñez;BBRX89RE8LMNBQHL0;;Website Payment;Completed;GBP;54,99;-1,89;53,10;ORD-503616
07/06/2026;16:21:56;GMT;Nuño Ibáñez;Z21CVPS2F19MN31HB;;Website Payment;Completed;EUR;9,99;-0,64;9,35;ORD-502753
07/06/2026;16:37:54;GMT;Céline Marchand;GBHSL74URHV69J0V8;;Website Payment;Completed;GBP;8,99;-0,56;8,43;ORD-502777
07/06/2026;16:41:11;GMT;Jürgen Müller;082EC1L59QHHMFZQV;;Website Payment;Completed;GBP;8,99;-0,56;8,43;ORD-503178
07/06/2026;16:41:16;GMT;Jürgen Müller;1SZMYK0171EG92MH1;;Website Payment;Completed;EUR;24,99;-1,07;23,92;ORD-502638
07/06/2026;17:10:35;GMT;Renée Böhm;MJY2T3JBTCMYZZFW3;;Website Payment;Completed;EUR;59,99;-2,09;57,90;ORD-502292
07/06/2026;17:21:44;GMT;Émilie Laurent;DZ1AC0UJJSUZE0C2M;;Website Payment;Completed;EUR;9,99;-0,64;9,35;ORD-502896
07/06/2026;18:02:24;GMT;María Álvarez;KGKA3H6H1W2477Z55;;Website Payment;Completed;GBP;8,99;-0,56;8,43;ORD-502875
07/06/2026;18:08:35;GMT;Émilie Laurent;37GGAABMAGZH4ZUF4;;Website Payment;Completed;EUR;24,99;-1,07;23,92;ORD-502274
07/06/2026;18:11:11;GMT;Renée Böhm;S4QQP79GJ3AYXYDS1;;Website Payment;Completed;EUR;9,99;-0,64;9,35;ORD-502960
07/06/2026;18:31:18;GMT;Émilie Laurent;8WQUT2Y5GR674US9F;;Website Payment;Completed;EUR;9,99;-0,64;9,35;ORD-503685
07/06/2026;18:51:05;GMT;Søren Kjær;DVN8HDJQGPG45V0CG;;Website Payment;Completed;GBP;8,99;-0,56;8,43;ORD-502988
07/06/2026;18:51:48;GMT;Émilie Laurent;2DNE0ALCHQ5JWBVHZ;;Website Payment;Completed;GBP;4,49;-0,43;4,06;ORD-503256
07/06/2026;19:07:50;GMT;Nuño Ibáñez;SJ6YSGL876TLYXV0L;;Website Payment;Completed;EUR;9,99;-0,64;9,35;ORD-503863
07/06/2026;19:10:19;GMT;Émilie Laurent;YWLMQTAD8SHFAR5DZ;;Website Payment;Completed;EUR;9,99;-0,64;9,35;ORD-503330
07/06/2026;19:11:10;GMT;Jürgen Müller;REN2J06EQHJDMFF97;;Website Payment;Completed;EUR;4,99;-0,49;4,50;ORD-503579
07/06/2026;19:26:54;GMT;François Dubois;KSUUDW5XUKMCMSRBH;;Website Payment;Completed;EUR;9,99;-0,64;9,35;ORD-502263
07/06/2026;19:34:45;GMT;Nuño Ibáñez;T7Z28KAAWA7STJVPD;;Website Payment;Completed;EUR;24,99;-1,07;23,92;ORD-503605
07/06/2026;19:47:21;GMT;Agnès Rousseau;H8PEEXW52D0EJRVFH;;Website Payment;Completed;EUR;9,99;-0,64;9,35;ORD-503422
07/06/2026;19:53:29;GMT;François Dubois;P4RJX83TLBMBDKYWZ;;Website Payment;Completed;EUR;9,99;-0,64;9,35;ORD-503615
08/06/2026;07:42:14;GMT;Agnès Rousseau;KSRNPRMLDUGKYVTPR;;Website Payment;Completed;GBP;54,99;-1,89;53,10;ORD-502311
08/06/2026;08:10:32;GMT;José García;8H66N6N0EBMT1NAKL;;Website Payment;Completed;EUR;9,99;-0,64;9,35;ORD-502553
08/06/2026;08:20:47;GMT;Renée Böhm;R73N7F74526XFPYE8;;Website Payment;Completed;GBP;8,99;-0,56;8,43;ORD-502354
08/06/2026;09:12:36;GMT;Céline Marchand;HYQM0EY9WNFYKDEHV;;Website Payment;Completed;EUR;24,99;-1,07;23,92;ORD-502729
08/06/2026;09:16:15;GMT;Céline Marchand;PHVMR1JBVRQNCFN2J;;Website Payment;Completed;EUR;24,99;-1,07;23,92;ORD-503152
08/06/2026;09:21:35;GMT;François Dubois;ECZZHJLM80NTXFH1P;;Website Payment;Completed;EUR;9,99;-0,64;9,35;ORD-503838
08/06/2026;09:45:49;GMT;Céline Marchand;E0M85AMZ9WCW8E0EP;;Website Payment;Denied;GBP;8,99;0,00;0,00;ORD-503001
08/06/2026;09:50:37;GMT;François Dubois;39AAYUHNC991KFZ33;;Website Payment;Completed;EUR;9,99;-0,64;9,35;ORD-502238
08/06/2026;09:57:52;GMT;Émilie Laurent;X2NA7PVK4H0H6LF7Z;;Website Payment;Completed;GBP;21,99;-0,94;21,05;ORD-502378
08/06/2026;10:53:01;GMT;Nuño Ibáñez;LZ7FYKXNCJKAKCADQ;;Website Payment;Completed;EUR;9,99;-0,64;9,35;ORD-502229
08/06/2026;11:19:44;GMT;Agnès Rousseau;P1CP6NXC2A1ZNAJAV;;Website Payment;Completed;EUR;9,99;-0,64;9,35;ORD-502339
08/06/2026;11:34:17;GMT;Agnès Rousseau;WB9D2PMCVFQJL6AUF;;Website Payment;Completed;EUR;9,99;-0,64;9,35;ORD-503059
08/06/2026;11:37:44;GMT;Jürgen Müller;DS75BGHYEAVWZXVSV;;Website Payment;Completed;EUR;9,99;-0,64;9,35;ORD-503054
08/06/2026;12:06:39;GMT;Émilie Laurent;RW6TVXN9GCYMG411T;;Website Payment;Completed;GBP;8,99;-0,56;8,43;ORD-503748
08/06/2026;12:26:15;GMT;François Dubois;LY4G7HM578YSH1173;;Website Payment;Completed;EUR;59,99;-2,09;57,90;ORD-502646
08/06/2026;12:30:25;GMT;Jürgen Müller;PSZ28TP9QXCFGB8UY;;Website Payment;Completed;EUR;9,99;-0,64;9,35;ORD-503710
08/06/2026;12:32:22;GMT;Émilie Laurent;LSUD27AYUZGASPYB7;;Website Payment;Completed;EUR;9,99;-0,64;9,35;ORD-503405
08/06/2026;12:48:05;GMT;Émilie Laurent;81YTGS8UQ2XLDZ74C;;Website Payment;Completed;EUR;9,99;-0,64;9,35;ORD-503155
08/06/2026;12:49:51;GMT;Céline Marchand;YG2QCDAR0JDRZNPCA;;Website Payment;Completed;GBP;4,49;-0,43;4,06;ORD-503275
08/06/2026;12:57:09;GMT;María Álvarez;QJ1WX5WKQ60T2SSTL;;Website Payment;Completed;EUR;9,99;-0,64;9,35;ORD-503561
08/06/2026;13:19:11;GMT;Céline Marchand;5USE21NXTVRA0PQEZ;;Website Payment;Completed;GBP;21,99;-0,94;21,05;ORD-503610
08/06/2026;13:21:08;GMT;Jürgen Müller;EBGSTF43L9WU0J5Q8;;Website Payment;Completed;EUR;9,99;-0,64;9,35;ORD-503167
08/06/2026;13:28:15;GMT;Jürgen Müller;HXEHSYG0UYE7PP26K;;Website Payment;Completed;EUR;24,99;-1,07;23,92;ORD-502461
08/06/2026;13:29:22;GMT;Jürgen Müller;ZPR1970055PANKD08;;Website Payment;Completed;EUR;9,99;-0,64;9,35;ORD-502831
08/06/2026;13:41:49;GMT;Søren Kjær;BNN1S17GL0R6UHU8D;;Website Payment;Completed;EUR;9,99;-0,64;9,35;ORD-502379
08/06/2026;13:55:24;GMT;Émilie Laurent;CUQLGGU4D4BSK7QML;;Website Payment;Completed;EUR;4,99;-0,49;4,50;ORD-502271
08/06/2026;13:59:49;GMT;François Dubois;H8EPV5MPFLGGCT7RM;EV0CMRKLHY2Z9F3WY;Refund;Refunded;EUR;-9,99;0,00;-9,99;ORD-503715
08/06/2026;14:00:24;GMT;Agnès Rousseau;ERANL2J0G4DCCHL6G;;Website Payment;Completed;EUR;9,99;-0,64;9,35;ORD-503300
08/06/2026;14:01:41;GMT;José García;MVBUB4KEWCT5S595B;;Website Payment;Completed;EUR;9,99;-0,64;9,35;ORD-502676
08/06/2026;14:31:15;GMT;Émilie Laurent;ZCVZSWHV6RGF8V6LU;;Website Payment;Completed;EUR;9,99;-0,64;9,35;ORD-502582
08/06/2026;14:41:48;GMT;Jürgen Müller;7EV78PPP7YBXG2VV8;;Website Payment;Completed;EUR;24,99;-1,07;23,92;ORD-503184
08/06/2026;15:15:37;GMT;Céline Marchand;BWCK3ZDMNFFWNF0LJ;;Website Payment;Completed;EUR;9,99;-0,64;9,35;ORD-502213
08/06/2026;15:17:57;GMT;François Dubois;9643VU84QR4J513MD;;Website Payment;Completed;EUR;9,99;-0,64;9,35;ORD-502695
08/06/2026;15:19:58;GMT;Nuño Ibáñez;SHNJXZHWGS06FK5DB;;Website Payment;Completed;EUR;9,99;-0,64;9,35;ORD-503823
08/06/2026;15:30:46;GMT;Søren Kjær;A1CHDTT4D6HDY5H63;;Website Payment;Completed;EUR;9,99;-0,64;9,35;ORD-502555
08/06/2026;15:59:42;GMT;Nuño Ibáñez;LZPNGBSSG2G9V1SNU;;Website Payment;Completed;GBP;8,99;-0,56;8,43;ORD-503374
08/06/2026;16:04:45;GMT;Nuño Ibáñez;CBJCFSQLQG7P3MXFN;;Website Payment;Completed;EUR;59,99;-2,09;57,90;ORD-502721
08/06/2026;16:15:11;GMT;Renée Böhm;B4QHR72W1G5APSQM4;;Website Payment;Completed;EUR;59,99;-2,09;57,90;ORD-502758
08/06/2026;16:24:21;GMT;José García;YREHYY0P1160P2H48;;Website Payment;Completed;GBP;8,99;-0,56;8,43;ORD-503433
08/06/2026;16:31:48;GMT;Céline Marchand;WY6Q6PEYXKCHS6MY5;5L09Y5MKL1M88783A;Refund;Refunded;EUR;-9,99;0,00;-9,99;ORD-503515
08/06/2026;16:50:35;GMT;Nuño Ibáñez;FZNJSTEFFUQCG7VM0;;Website Payment;Completed;EUR;9,99;-0,64;9,35;ORD-503409
08/06/2026;17:41:07;GMT;François Dubois;TVW7RP6A6R6SFM0ZW;;Website Payment;Completed;EUR;24,99;-1,07;23,92;ORD-502338
08/06/2026;17:55:56;GMT;François Dubois;G7PMDEXP3ESYQ123Z;;Website Payment;Completed;EUR;9,99;-0,64;9,35;ORD-503134
08/06/2026;18:00:13;GMT;Nuño Ibáñez;M6R194DZRU76DT9JA;;Website Payment;Completed;EUR;9,99;-0,64;9,35;ORD-503745
08/06/2026;18:01:13;GMT;Renée Böhm;807RKA0YJVAU4AGFQ;;Website Payment;Completed;EUR;9,99;-0,64;9,35;ORD-503140
08/06/2026;18:21:50;GMT;Céline Marchand;5G9Q33ADMLB3198Q4;;Website Payment;Completed;GBP;54,99;-1,89;53,10;ORD-503818
08/06/2026;18:34:23;GMT;Jürgen Müller;E8HPL6JULPHW7X9K2;;Website Payment;Completed;EUR;24,99;-1,07;23,92;ORD-502310
08/06/2026;18:55:46;GMT;Søren Kjær;4799TDSYAF2X3PS9C;;Website Payment;Completed;GBP;8,99;-0,56;8,43;ORD-502459
08/06/2026;18:59:29;GMT;Nuño Ibáñez;3XQMH3WEH6X54V630;;Website Payment;Completed;EUR;9,99;-0,64;9,35;ORD-503487
08/06/2026;19:21:47;GMT;Jürgen Müller;SCQANE7NL5XRYT8DX;;Website Payment;Completed;EUR;9,99;-0,64;9,35;ORD-502324
08/06/2026;19:22:45;GMT;Renée Böhm;EUZXUN42P7881D9QH;;Website Payment;Denied;EUR;4,99;0,00;0,00;ORD-502251
08/06/2026;19:22:57;GMT;Émilie Laurent;CRTGVB0U3FEQJ7XFS;;Website Payment;Completed;GBP;4,49;-0,43;4,06;ORD-502850
08/06/2026;19:31:25;GMT;Céline Marchand;UQ0UB25WNL99LFVBJ;;Website Payment;Completed;EUR;4,99;-0,49;4,50;ORD-502639
08/06/2026;19:32:33;GMT;François Dubois;1D0FZCQJN4U84R4JP;;Website Payment;Completed;EUR;9,99;-0,64;9,35;ORD-503452
08/06/2026;20:02:45;GMT;José García;982F9WJX7MZX20CDS;;Website Payment;Completed;EUR;9,99;-0,64;9,35;ORD-502727
08/06/2026;20:21:10;GMT;Søren Kjær;T77DGCF45SW2W11GS;;Website Payment;Completed;EUR;24,99;-1,07;23,92;ORD-503636
09/06/2026;07:17:04;GMT;María Álvarez;TMBVKS1ZPD1D4P8N7;;Website Payment;Completed;EUR;9,99;-0,64;9,35;ORD-502110
09/06/2026;08:19:45;GMT;François Dubois;4EY5JF5JZJX541PSE;;Website Payment;Completed;EUR;24,99;-1,07;23,92;ORD-502469
09/06/2026;08:44:06;GMT;Jürgen Müller;3WGQBTE4RDFV8WVXY;;Website Payment;Denied;EUR;9,99;0,00;0,00;ORD-503148
09/06/2026;08:58:36;GMT;Émilie Laurent;D464LZB861JYNQH4L;;Website Payment;Completed;EUR;59,99;-2,09;57,90;ORD-503475
09/06/2026;09:11:20;GMT;María Álvarez;W3KNM33XTAF219CEX;;Website Payment;Completed;EUR;24,99;-1,07;23,92;ORD-503424
09/06/2026;09:31:04;GMT;Céline Marchand;MZ92NYGGVMSZS8ZH5;;Website Payment;Completed;EUR;4,99;-0,49;4,50;ORD-503199
09/06/2026;09:37:47;GMT;Nuño Ibáñez;CZRAL7GU25PEJUSTY;;Website Payment;Denied;EUR;9,99;0,00;0,00;ORD-503897
09/06/2026;09:59:04;GMT;María Álvarez;KC55WS8ZJWT36T130;;Website Payment;Completed;EUR;9,99;-0,64;9,35;ORD-503718
09/06/2026;10:00:52;GMT;Søren Kjær;46WS45MN02503K2D1;;Website Payment;Completed;EUR;4,99;-0,49;4,50;ORD-503598
09/06/2026;10:06:44;GMT;Renée Böhm;SFYA3F1KL0MQWGW5D;;Website Payment;Denied;EUR;9,99;0,00;0,00;ORD-502670
09/06/2026;10:10:39;GMT;Søren Kjær;GQR0WDWWFX7QDM0Q7;;Website Payment;Completed;EUR;9,99;-0,64;9,35;ORD-503457
09/06/2026;10:18:13;GMT;Renée Böhm;Z9AL0WB2LD51CE7F9;;Website Payment;Completed;GBP;8,99;-0,56;8,43;ORD-503188
09/06/2026;10:35:40;GMT;Céline Marchand;7UXVULLMKTBUNQ5EV;;Website Payment;Completed;EUR;24,99;-1,07;23,92;ORD-502597
09/06/2026;10:42:41;GMT;Nuño Ibáñez;9ZMAR6PR8VX39P2ST;;Website Payment;Completed;EUR;59,99;-2,09;57,90;ORD-503645
09/06/2026;10:57:27;GMT;Agnès Rousseau;56AC32KDB07HUMKN1;;Website Payment;Completed;EUR;9,99;-0,64;9,35;ORD-502181
09/06/2026;10:59:11;GMT;Émilie Laurent;ATNDQ81U1KSDJMMLG;;Website Payment;Completed;EUR;9,99;-0,64;9,35;ORD-503027
09/06/2026;11:16:30;GMT;Céline Marchand;5G4NMF3MFLG1QTZUG;;Website Payment;Completed;EUR;24,99;-1,07;23,92;ORD-503381
09/06/2026;11:16:34;GMT;Jürgen Müller;YVYBR19X9EB72PDV2;;Website Payment;Completed;EUR;9,99;-0,64;9,35;ORD-502812
09/06/2026;11:24:37;GMT;Jürgen Müller;YRJV1LL56YZN0WN0V;;Website Payment;Completed;EUR;9,99;-0,64;9,35;ORD-503539
09/06/2026;11:27:17;GMT;Agnès Rousseau;HGMMY4ET99AS17CPE;;Website Payment;Completed;EUR;9,99;-0,64;9,35;ORD-502315
09/06/2026;11:47:03;GMT;Céline Marchand;KX8WQN2CFHL4QK1R6;;Website Payment;Completed;EUR;9,99;-0,64;9,35;ORD-503286
09/06/2026;11:49:48;GMT;José García;36FZ0351YXX1NZJHG;;Website Payment;Completed;EUR;24,99;-1,07;23,92;ORD-503654
09/06/2026;11:56:04;GMT;Nuño Ibáñez;QK3N6XFBT5WND2EG1;;Website Payment;Completed;EUR;9,99;-0,64;9,35;ORD-502531
09/06/2026;11:57:40;GMT;Émilie Laurent;QZFYLWYBTWKT08TNX;;Website Payment;Completed;EUR;9,99;-0,64;9,35;ORD-502441
09/06/2026;13:06:22;GMT;François Dubois;4FA7YRSUVWPV3BQS2;;Website Payment;Completed;EUR;9,99;-0,64;9,35;ORD-503208
09/06/2026;13:12:35;GMT;Nuño Ibáñez;9PQSY1RF92C2WCHSJ;;Website Payment;Completed;EUR;9,99;-0,64;9,35;ORD-503333
09/06/2026;13:22:06;GMT;Agnès Rousseau;RWS0X1D9NCBBLSA5U;;Website Payment;Completed;EUR;24,99;-1,07;23,92;ORD-502770
09/06/2026;13:30:14;GMT;María Álvarez;627Z8LASF33TVLMG2;;Website Payment;Completed;EUR;24,99;-1,07;23,92;ORD-502431
09/06/2026;14:10:12;GMT;Émilie Laurent;1728T7JKTWRYUDCB5;;Website Payment;Completed;EUR;9,99;-0,64;9,35;ORD-502672
09/06/2026;14:14:40;GMT;Céline Marchand;9STVFJKCMBS9WFGL0;;Website Payment;Completed;EUR;59,99;-2,09;57,90;ORD-502450
09/06/2026;14:16:28;GMT;Nuño Ibáñez;32M1ZPH4N1MFT3ZQ2;;Website Payment;Completed;EUR;9,99;-0,64;9,35;ORD-502287
09/06/2026;14:16:32;GMT;Jürgen Müller;E1S5GM53MADVCFUZZ;;Website Payment;Completed;EUR;9,99;-0,64;9,35;ORD-502483
09/06/2026;14:18:04;GMT;Søren Kjær;V73WP7A0MFFTGLN3A;;Website Payment;Completed;EUR;9,99;-0,64;9,35;ORD-502234
09/06/2026;14:23:19;GMT;François Dubois;E8N76UQ09NRU0JFAZ;;Website Payment;Completed;EUR;24,99;-1,07;23,92;ORD-503469
09/06/2026;14:37:13;GMT;Agnès Rousseau;HZJ2MM0HC8WYT5E6W;;Website Payment;Completed;EUR;9,99;-0,64;9,35;ORD-503328
09/06/2026;14:45:29;GMT;Søren Kjær;Y4T7T80R861M0B4KQ;;Website Payment;Completed;EUR;9,99;-0,64;9,35;ORD-503359
09/06/2026;15:19:55;GMT;Renée Böhm;V7STPAGENXF65HFCK;;Website Payment;Completed;EUR;24,99;-1,07;23,92;ORD-502568
09/06/2026;15:30:12;GMT;María Álvarez;MJM1C9VJ3ZVTSSUEK;;Website Payment;Completed;EUR;9,99;-0,64;9,35;ORD-502606
09/06/2026;16:17:43;GMT;Émilie Laurent;TP5TEA7K4CLFNY71G;;Website Payment;Completed;EUR;4,99;-0,49;4,50;ORD-503111
09/06/2026;16:18:53;GMT;Jürgen Müller;LTGTUC24FQL36DS2W;;Website Payment;Completed;EUR;4,99;-0,49;4,50;ORD-502579
09/06/2026;16:23:00;GMT;Céline Marchand;B4YBV7WU3QGMA7Z0K;;Website Payment;Completed;EUR;9,99;-0,64;9,35;ORD-503484
09/06/2026;16:36:35;GMT;María Álvarez;LS135CBR0QAV9QCTB;;Website Payment;Completed;EUR;24,99;-1,07;23,92;ORD-503200
09/06/2026;16:42:21;GMT;Nuño Ibáñez;3X8MSWT2603H71LD8;;Website Payment;Completed;EUR;9,99;-0,64;9,35;ORD-503617
09/06/2026;17:22:37;GMT;María Álvarez;1S2CQFFVMQN9E4X1H;;Website Payment;Completed;EUR;9,99;-0,64;9,35;ORD-502471
09/06/2026;17:51:47;GMT;Nuño Ibáñez;4981MZ5N4T2MM11SD;;Website Payment;Completed;GBP;8,99;-0,56;8,43;ORD-502570
09/06/2026;18:23:23;GMT;Renée Böhm;B4JLTR96HUMEA3489;;Website Payment;Completed;EUR;9,99;-0,64;9,35;ORD-503746
09/06/2026;18:24:29;GMT;Émilie Laurent;2FASGFNLBCXWNQXB3;;Website Payment;Completed;EUR;24,99;-1,07;23,92;ORD-503164
09/06/2026;18:28:38;GMT;José García;Z0YBAFZ7YJJQGQYRC;;Website Payment;Completed;EUR;59,99;-2,09;57,90;ORD-502505
09/06/2026;18:54:48;GMT;José García;UT4ZT7UNT25K8EU9A;;Website Payment;Completed;GBP;4,49;-0,43;4,06;ORD-502295
09/06/2026;19:13:32;GMT;Agnès Rousseau;6CWAL7AM2ZCJMHWDY;;Website Payment;Completed;EUR;24,99;-1,07;23,92;ORD-502430
09/06/2026;19:19:14;GMT;Émilie Laurent;LWYW4F5FRFVR6EAB8;;Website Payment;Completed;EUR;59,99;-2,09;57,90;ORD-502255
10/06/2026;07:57:47;GMT;Nuño Ibáñez;X453L45THT4EG9MQC;;Website Payment;Completed;GBP;8,99;-0,56;8,43;ORD-503414
10/06/2026;08:17:22;GMT;Jürgen Müller;2YDC5FW3WM9M3E3JG;;Website Payment;Denied;EUR;9,99;0,00;0,00;ORD-502943
10/06/2026;08:27:25;GMT;Émilie Laurent;VHETJK3AW0JMYYMJP;;Website Payment;Completed;GBP;21,99;-0,94;21,05;ORD-502785
10/06/2026;08:27:26;GMT;Nuño Ibáñez;NDVXWGLTMSS6LZEYU;;Website Payment;Completed;EUR;9,99;-0,64;9,35;ORD-503763
10/06/2026;08:43:43;GMT;Nuño Ibáñez;SN0LZRA7PC6KDVVPW;;Website Payment;Completed;EUR;9,99;-0,64;9,35;ORD-503629
10/06/2026;09:11:51;GMT;Jürgen Müller;GYN5BY5MSS6NZ188R;;Website Payment;Denied;EUR;9,99;0,00;0,00;ORD-503244
10/06/2026;09:12:12;GMT;Søren Kjær;E6CUY7FRAFL373GQX;;Website Payment;Completed;GBP;21,99;-0,94;21,05;ORD-503390
10/06/2026;09:25:58;GMT;María Álvarez;XQ32411R8DW650YAH;;Website Payment;Completed;EUR;9,99;-0,64;9,35;ORD-502122
10/06/2026;09:30:11;GMT;Nuño Ibáñez;RAKQ9P39DHFYNESU0;;Website Payment;Completed;EUR;9,99;-0,64;9,35;ORD-502754
10/06/2026;09:41:23;GMT;Agnès Rousseau;7BWNVCQ18G7Q53TJN;;Website Payment;Completed;EUR;59,99;-2,09;57,90;ORD-502698
10/06/2026;09:42:56;GMT;Nuño Ibáñez;CKZ7PZL593XUZRSQP;;Website Payment;Denied;EUR;9,99;0,00;0,00;ORD-503024
10/06/2026;09:48:29;GMT;François Dubois;FFH1ZFW5NLW2AZWUL;;Website Payment;Completed;GBP;8,99;-0,56;8,43;ORD-503037
10/06/2026;10:06:17;GMT;Émilie Laurent;2QSCK4QTHQUZQ74W5;;Website Payment;Completed;EUR;4,99;-0,49;4,50;ORD-502809
10/06/2026;10:11:54;GMT;José García;RSLTZWK89CSQEPJR6;;Website Payment;Completed;EUR;9,99;-0,64;9,35;ORD-503299
10/06/2026;10:14:00;GMT;Céline Marchand;YLU6F175STS5M7GG2;;Website Payment;Completed;EUR;24,99;-1,07;23,92;ORD-507806
10/06/2026;10:19:33;GMT;Agnès Rousseau;QGFV4U573KWTV9YEX;;Website Payment;Completed;EUR;59,99;-2,09;57,90;ORD-502273
10/06/2026;10:37:02;GMT;Nuño Ibáñez;2GH9ELKM2SPB7WEJJ;;Website Payment;Completed;EUR;24,99;-1,07;23,92;ORD-502167
10/06/2026;10:44:48;GMT;Émilie Laurent;G9A1MWQS1212MA8PC;;Website Payment;Completed;EUR;9,99;-0,64;9,35;ORD-502421
10/06/2026;10:49:25;GMT;José García;E3S2XCKTL5VPHRD4Q;;Website Payment;Completed;EUR;9,99;-0,64;9,35;ORD-503875
10/06/2026;11:06:54;GMT;Renée Böhm;KJU9RD7F22RVBVR1U;;Website Payment;Completed;GBP;8,99;-0,56;8,43;ORD-502564
10/06/2026;11:11:48;GMT;Céline Marchand;V9H6YQZB0MYTY2650;;Website Payment;Completed;EUR;9,99;-0,64;9,35;ORD-502380
10/06/2026;11:23:32;GMT;François Dubois;B6HT672BD0LKUKEKU;;Website Payment;Completed;EUR;9,99;-0,64;9,35;ORD-502742
10/06/2026;11:33:52;GMT;Nuño Ibáñez;X4SW68ZVRC9A0MPAD;;Website Payment;Completed;EUR;4,99;-0,49;4,50;ORD-503862
10/06/2026;11:45:15;GMT;José García;G25LBTE7SGQRSVJY1;;Website Payment;Completed;EUR;9,99;-0,64;9,35;ORD-502517
10/06/2026;12:23:18;GMT;Søren Kjær;2CU3E9G5SLSUC90V1;;Website Payment;Completed;EUR;9,99;-0,64;9,35;ORD-502489
10/06/2026;12:27:23;GMT;François Dubois;ZDFF37MFW48YXW6SB;;Website Payment;Completed;EUR;9,99;-0,64;9,35;ORD-502177
10/06/2026;12:27:51;GMT;Émilie Laurent;WLXCW5ASHPA7VGTRE;;Website Payment;Completed;EUR;24,99;-1,07;23,92;ORD-502327
10/06/2026;12:45:44;GMT;Agnès Rousseau;2AZ6YQLHC4KQAUMQD;;Website Payment;Completed;EUR;9,99;-0,64;9,35;ORD-503482
10/06/2026;12:52:18;GMT;Céline Marchand;MZ6SQQLPLDPXZT9KL;;Website Payment;Completed;EUR;9,99;-0,64;9,35;ORD-503410
10/06/2026;12:58:06;GMT;François Dubois;DWQZ7RZDSURHX1K8U;;Website Payment;Completed;EUR;9,99;-0,64;9,35;ORD-503747
10/06/2026;13:03:44;GMT;María Álvarez;1R9BX9U1LZM50VV42;;Website Payment;Completed;EUR;24,99;-1,07;23,92;ORD-503588
10/06/2026;13:16:06;GMT;Céline Marchand;HYKDS9XXYWBEQ6CQQ;;Website Payment;Completed;EUR;24,99;-1,07;23,92;ORD-503449
10/06/2026;13:26:44;GMT;Émilie Laurent;PVQ9VGZ4AP70MN640;;Website Payment;Completed;EUR;59,99;-2,09;57,90;ORD-503211
10/06/2026;13:28:28;GMT;Renée Böhm;EK41E8C0H4AACDK8Q;;Website Payment;Completed;EUR;24,99;-1,07;23,92;ORD-502525
10/06/2026;13:33:08;GMT;Agnès Rousseau;G0JANNPPK09FAWB6V;;Website Payment;Completed;EUR;9,99;-0,64;9,35;ORD-503399
10/06/2026;14:01:24;GMT;María Álvarez;USHEGSCV0D8TKBY0X;;Website Payment;Completed;EUR;9,99;-0,64;9,35;ORD-502737
10/06/2026;14:20:33;GMT;Nuño Ibáñez;UUXG6Z1HMSD76GKV5;;Website Payment;Completed;EUR;9,99;-0,64;9,35;ORD-503341
10/06/2026;14:26:34;GMT;Émilie Laurent;BMYEQHCBTRV39EL68;;Website Payment;Completed;EUR;9,99;-0,64;9,35;ORD-503070
10/06/2026;14:33:41;GMT;Jürgen Müller;HSFVDB7LP10ET7ZPD;;Website Payment;Completed;EUR;59,99;-2,09;57,90;ORD-503860
10/06/2026;14:39:22;GMT;Nuño Ibáñez;2YNU58M837FK767GF;;Website Payment;Completed;EUR;9,99;-0,64;9,35;ORD-503664
10/06/2026;14:40:07;GMT;Émilie Laurent;YHDLU0HHSYZF2AHG8;;Website Payment;Completed;EUR;24,99;-1,07;23,92;ORD-502445
10/06/2026;14:49:05;GMT;Céline Marchand;G8YVMG1RBMAY7UW8B;;Website Payment;Completed;EUR;9,99;-0,64;9,35;ORD-502890
10/06/2026;14:59:53;GMT;Émilie Laurent;B06E1YAJM30N7J19R;;Website Payment;Completed;EUR;24,99;-1,07;23,92;ORD-502662
10/06/2026;15:12:01;GMT;José García;6GQQT9ZM0F71FLWQ2;;Website Payment;Completed;EUR;24,99;-1,07;23,92;ORD-502138
10/06/2026;15:44:33;GMT;Émilie Laurent;GU65PMHYFRZN69LSD;;Website Payment;Completed;EUR;4,99;-0,49;4,50;ORD-502217
10/06/2026;15:51:05;GMT;François Dubois;L9KY0Z9X286K2NBQP;;Website Payment;Completed;EUR;9,99;-0,64;9,35;ORD-502528
10/06/2026;15:52:12;GMT;Céline Marchand;52Y6Y1FSPL0CTGG4Y;;Website Payment;Completed;EUR;24,99;-1,07;23,92;ORD-503466
10/06/2026;16:13:40;GMT;María Álvarez;E0PDS8QK4R2EGL6ET;;Website Payment;Denied;EUR;9,99;0,00;0,00;ORD-502834
10/06/2026;16:25:59;GMT;Søren Kjær;L3ENP1CHC31DT0HZ4;;Website Payment;Denied;EUR;9,99;0,00;0,00;ORD-503377
10/06/2026;16:50:51;GMT;Renée Böhm;EQ48EKKS1GTQTF2BM;;Website Payment;Completed;EUR;59,99;-2,09;57,90;ORD-503102
10/06/2026;17:06:33;GMT;José García;6YMTTTDSG97XZQC66;;Website Payment;Completed;EUR;9,99;-0,64;9,35;ORD-503267
10/06/2026;17:20:11;GMT;Émilie Laurent;TW0HTFY9P20DABESV;;Website Payment;Completed;EUR;59,99;-2,09;57,90;ORD-503119
10/06/2026;17:32:28;GMT;Nuño Ibáñez;HM43KYB9LFS5W69HB;;Website Payment;Completed;EUR;59,99;-2,09;57,90;ORD-503564
10/06/2026;17:34:41;GMT;Jürgen Müller;PR3MGRPA8VB9HPRD1;;Website Payment;Completed;EUR;9,99;-0,64;9,35;ORD-503560
10/06/2026;17:37:34;GMT;Renée Böhm;C6K2XHJTEVV1N2GGE;;Website Payment;Completed;EUR;9,99;-0,64;9,35;ORD-502351
10/06/2026;17:46:55;GMT;Nuño Ibáñez;A7JXRHY7DZ102EB58;;Website Payment;Completed;EUR;59,99;-2,09;57,90;ORD-503760
10/06/2026;17:56:03;GMT;María Álvarez;USMQRE102KPPU2UW2;;Website Payment;Completed;EUR;24,99;-1,07;23,92;ORD-502665
10/06/2026;17:59:24;GMT;María Álvarez;KGKVAS2U7VGASQK8U;;Website Payment;Completed;EUR;9,99;-0,64;9,35;ORD-502962
10/06/2026;18:04:31;GMT;Céline Marchand;LG4CAE5MDWU10DVSC;;Website Payment;Completed;EUR;9,99;-0,64;9,35;ORD-503096
10/06/2026;18:27:54;GMT;Jürgen Müller;RPCEBW875RR6E2C7S;;Website Payment;Denied;EUR;9,99;0,00;0,00;ORD-503895
10/06/2026;18:29:19;GMT;Émilie Laurent;W0ECGEHRY5VTG5QV6;;Website Payment;Completed;EUR;9,99;-0,64;9,35;ORD-502433
10/06/2026;18:50:03;GMT;Émilie Laurent;FMU836LXYYEPC75SN;;Website Payment;Completed;EUR;24,99;-1,07;23,92;ORD-503239
10/06/2026;19:11:54;GMT;Agnès Rousseau;EAVMU0XKJMA5CHKFX;;Website Payment;Completed;EUR;9,99;-0,64;9,35;ORD-503680
10/06/2026;19:15:35;GMT;Céline Marchand;KTB1REV3JBXGP04WG;;Website Payment;Completed;EUR;9,99;-0,64;9,35;ORD-503738
11/06/2026;07:34:00;GMT;Agnès Rousseau;56LDX3FH6S9QLWTXP;;Website Payment;Denied;EUR;24,99;0,00;0,00;ORD-503589
11/06/2026;08:31:17;GMT;Nuño Ibáñez;1NHSXXGLSVM0VJE8J;;Website Payment;Denied;GBP;8,99;0,00;0,00;ORD-502871
11/06/2026;09:18:18;GMT;Émilie Laurent;RS39XZHCJSUSJ8RWW;;Website Payment;Denied;EUR;24,99;0,00;0,00;ORD-503662
11/06/2026;09:20:35;GMT;José García;KQDMB5YE30GH1X2M4;;Website Payment;Completed;GBP;54,99;-1,89;53,10;ORD-503372
11/06/2026;09:33:07;GMT;Søren Kjær;HYHMMEX47TE764C3E;;Website Payment;Completed;GBP;8,99;-0,56;8,43;ORD-503877
11/06/2026;09:33:27;GMT;Nuño Ibáñez;60J9LQNMY30LD3LHT;;Website Payment;Completed;EUR;9,99;-0,64;9,35;ORD-502107
11/06/2026;09:47:07;GMT;Søren Kjær;KS60J401L6V172MF1;;Website Payment;Completed;EUR;24,99;-1,07;23,92;ORD-503327
11/06/2026;09:51:02;GMT;María Álvarez;Y1BJYJ2MJELY5H55G;;Website Payment;Completed;EUR;9,99;-0,64;9,35;ORD-502442
11/06/2026;10:01:31;GMT;Nuño Ibáñez;5QZC1RL2RZ72Y2RGF;;Website Payment;Completed;EUR;9,99;-0,64;9,35;ORD-502879
11/06/2026;10:14:54;GMT;Nuño Ibáñez;VGNMXRTSKKQWFRBMS;;Website Payment;Completed;EUR;59,99;-2,09;57,90;ORD-502437
11/06/2026;10:16:22;GMT;Søren Kjær;FGDGR7STHE25FR0WQ;;Website Payment;Completed;GBP;8,99;-0,56;8,43;ORD-502237
11/06/2026;10:16:31;GMT;Jürgen Müller;WHN2GX6AGKN77QAQM;;Website Payment;Completed;EUR;9,99;-0,64;9,35;ORD-502583
11/06/2026;10:16:56;GMT;Céline Marchand;H07UUJTERVBDNQBSZ;;Website Payment;Completed;EUR;24,99;-1,07;23,92;ORD-503691
11/06/2026;10:28:33;GMT;François Dubois;Z0LX4RYJD5CPCAW3S;;Website Payment;Completed;GBP;54,99;-1,89;53,10;ORD-502423
11/06/2026;10:42:22;GMT;Émilie Laurent;RXP5CC9Z23BKM3FU7;;Website Payment;Completed;EUR;9,99;-0,64;9,35;ORD-502383
11/06/2026;10:53:51;GMT;María Álvarez;U6WFUHGBMC7E1XNKG;;Website Payment;Completed;GBP;8,99;-0,56;8,43;ORD-502449
11/06/2026;11:03:11;GMT;Émilie Laurent;EY6TJ7AQU4PQS7SCW;;Website Payment;Completed;EUR;9,99;-0,64;9,35;ORD-502347
11/06/2026;11:43:28;GMT;José García;ET3DND0MWGGVA32B2;;Website Payment;Completed;EUR;9,99;-0,64;9,35;ORD-502118
11/06/2026;11:44:35;GMT;María Álvarez;K4MR80ZABAE3LE4N9;;Website Payment;Completed;EUR;24,99;-1,07;23,92;ORD-502718
11/06/2026;11:46:52;GMT;María Álvarez;6SY7KJKWNGA10ML8N;;Website Payment;Completed;EUR;9,99;-0,64;9,35;ORD-503802
11/06/2026;12:18:00;GMT;José García;QELQ59LRDWUNR7DRM;;Website Payment;Completed;EUR;24,99;-1,07;23,92;ORD-503659
11/06/2026;12:28:06;GMT;José García;JKAWXJ8STPU93NRT2;;Website Payment;Completed;EUR;9,99;-0,64;9,35;ORD-502192
11/06/2026;12:29:56;GMT;María Álvarez;LGAAGD97YYTV315JX;;Website Payment;Completed;EUR;24,99;-1,07;23,92;ORD-503090
11/06/2026;12:45:57;GMT;Nuño Ibáñez;YGA65MKVQQ950QY0J;;Website Payment;Completed;EUR;9,99;-0,64;9,35;ORD-503075
11/06/2026;13:03:56;GMT;Renée Böhm;5EVT4PPQAFHXFYQJR;;Website Payment;Completed;EUR;9,99;-0,64;9,35;ORD-502314
11/06/2026;13:12:51;GMT;José García;Y760P57D5V00RNYS2;;Website Payment;Completed;EUR;9,99;-0,64;9,35;ORD-503554
11/06/2026;13:15:59;GMT;María Álvarez;AP82UGX881KYRH0Y7;;Website Payment;Completed;EUR;59,99;-2,09;57,90;ORD-503156
11/06/2026;13:17:52;GMT;Céline Marchand;4FHUJRUMZE7S44P98;;Website Payment;Completed;EUR;24,99;-1,07;23,92;ORD-502172
11/06/2026;13:29:36;GMT;François Dubois;LC2HDL0GQLGZP3YM9;;Website Payment;Completed;EUR;9,99;-0,64;9,35;ORD-502692
11/06/2026;13:31:26;GMT;Nuño Ibáñez;E07C0KARL67KU6NSL;;Website Payment;Denied;EUR;9,99;0,00;0,00;ORD-502519
11/06/2026;13:52:50;GMT;Céline Marchand;AMSE7F2MFADWBYBKE;;Website Payment;Completed;EUR;24,99;-1,07;23,92;ORD-502586
11/06/2026;13:59:15;GMT;Renée Böhm;LRHYXK4UCCV40CPB3;;Website Payment;Completed;EUR;9,99;-0,64;9,35;ORD-502266
11/06/2026;14:03:51;GMT;Søren Kjær;HYXTC6YDKBFX9AUHT;;Website Payment;Completed;EUR;9,99;-0,64;9,35;ORD-503176
11/06/2026;14:08:47;GMT;Renée Böhm;XMQDCKH1DQGUENJ6Y;;Website Payment;Completed;EUR;24,99;-1,07;23,92;ORD-502933
11/06/2026;14:09:27;GMT;François Dubois;35HXCR2R7XCBF9X1P;;Website Payment;Completed;EUR;9,99;-0,64;9,35;ORD-503130
11/06/2026;14:12:13;GMT;Nuño Ibáñez;FDD433FMKJ18UUQY8;;Website Payment;Completed;EUR;4,99;-0,49;4,50;ORD-502650
11/06/2026;14:29:58;GMT;Céline Marchand;8JR0EQK0XBT73SWJ1;;Website Payment;Completed;EUR;59,99;-2,09;57,90;ORD-502219
11/06/2026;14:35:50;GMT;Jürgen Müller;1XHZ4UQ0MP5W1U5ZE;;Website Payment;Completed;GBP;21,99;-0,94;21,05;ORD-502243
11/06/2026;14:47:08;GMT;María Álvarez;X11HGDJAYDRQ7F89V;;Website Payment;Completed;GBP;8,99;-0,56;8,43;ORD-502677
11/06/2026;14:49:08;GMT;François Dubois;V5D049M7X2HHU1TWL;;Website Payment;Completed;EUR;9,99;-0,64;9,35;ORD-502154
11/06/2026;14:56:09;GMT;François Dubois;SL5JLK8WLC0V3CC9Z;;Website Payment;Completed;EUR;9,99;-0,64;9,35;ORD-502953
11/06/2026;15:04:08;GMT;María Álvarez;34EY6HVPRYJH7NFYG;;Website Payment;Denied;EUR;24,99;0,00;0,00;ORD-503310
11/06/2026;15:08:40;GMT;Céline Marchand;T8HE4ZFB9BGWEJ5GJ;;Website Payment;Completed;EUR;9,99;-0,64;9,35;ORD-503215
11/06/2026;15:09:14;GMT;Søren Kjær;C2SG37JUCB6F1H6HH;;Website Payment;Completed;EUR;9,99;-0,64;9,35;ORD-503468
11/06/2026;15:23:09;GMT;Jürgen Müller;A4NKPV6MZ9DWXP6R8;;Website Payment;Completed;EUR;4,99;-0,49;4,50;ORD-502125
11/06/2026;15:26:55;GMT;Nuño Ibáñez;R46VEDQ2DBD8R8EED;;Website Payment;Completed;EUR;9,99;-0,64;9,35;ORD-502123
11/06/2026;15:56:04;GMT;José García;XGM1HD33ERH1YKA8E;;Website Payment;Completed;EUR;4,99;-0,49;4,50;ORD-502808
11/06/2026;15:57:11;GMT;Renée Böhm;DLJ3MNW6ZMAXYBZWS;;Website Payment;Completed;EUR;9,99;-0,64;9,35;ORD-502992
11/06/2026;16:49:18;GMT;María Álvarez;PZK40UKZEALDXA8R2;;Website Payment;Completed;EUR;9,99;-0,64;9,35;ORD-502922
11/06/2026;17:03:58;GMT;François Dubois;FWCJB9TPG0105UBS9;;Website Payment;Completed;EUR;24,99;-1,07;23,92;ORD-503520
11/06/2026;17:06:04;GMT;Renée Böhm;QZFF9UMPB6ZE7TY78;;Website Payment;Completed;GBP;21,99;-0,94;21,05;ORD-503578
11/06/2026;17:52:20;GMT;Céline Marchand;HVN22BLEN6K9KANB0;;Website Payment;Completed;EUR;24,99;-1,07;23,92;ORD-502356
11/06/2026;18:07:55;GMT;Jürgen Müller;G5KZMM3ADFPYTJMQB;;Website Payment;Completed;EUR;9,99;-0,64;9,35;ORD-502984
11/06/2026;18:16:37;GMT;Agnès Rousseau;YX06T8JVG6AQS73KK;;Website Payment;Completed;EUR;24,99;-1,07;23,92;ORD-502929
11/06/2026;18:47:16;GMT;Émilie Laurent;SRTU5JSVZ0HCLQG6K;;Website Payment;Completed;EUR;9,99;-0,64;9,35;ORD-503274
11/06/2026;19:00:59;GMT;Agnès Rousseau;4AJLTZUBGYYPEU4QD;;Website Payment;Completed;GBP;8,99;-0,56;8,43;ORD-502228
11/06/2026;19:02:02;GMT;Søren Kjær;VHN0M3V01VCT6JCM3;;Website Payment;Completed;EUR;9,99;-0,64;9,35;ORD-502159
11/06/2026;19:15:37;GMT;Émilie Laurent;M8L9TL8Z6W2UHQ4KW;;Website Payment;Completed;EUR;4,99;-0,49;4,50;ORD-503400
11/06/2026;19:27:24;GMT;Søren Kjær;DM5C8H86PD43J4SS1;;Website Payment;Completed;EUR;9,99;-0,64;9,35;ORD-503883
12/06/2026;07:41:12;GMT;María Álvarez;4A7UD5HCJ38QAJ94A;;Website Payment;Completed;EUR;9,99;-0,64;9,35;ORD-502744
12/06/2026;07:56:44;GMT;Céline Marchand;M7P4GS95W2CYDHG20;;Website Payment;Completed;GBP;8,99;-0,56;8,43;ORD-503011
12/06/2026;08:12:11;GMT;François Dubois;AL4TV02XQYJLTJX0T;;Website Payment;Completed;GBP;8,99;-0,56;8,43;ORD-503198
12/06/2026;08:21:46;GMT;Céline Marchand;P8APYTWT95PBWJVRJ;;Website Payment;Completed;EUR;9,99;-0,64;9,35;ORD-503565
12/06/2026;08:24:38;GMT;Renée Böhm;LPVNM3C7JE8T7HADJ;;Website Payment;Completed;EUR;9,99;-0,64;9,35;ORD-502909
12/06/2026;08:47:14;GMT;Jürgen Müller;VDSHZY1DZ0EVBBAV2;;Website Payment;Completed;EUR;24,99;-1,07;23,92;ORD-503373
12/06/2026;09:19:44;GMT;Céline Marchand;C94GLQ9ESVB0CWKF5;;Website Payment;Denied;GBP;8,99;0,00;0,00;ORD-503902
12/06/2026;09:53:28;GMT;Céline Marchand;DBFQTAHWTZ9T30WD7;;Website Payment;Denied;EUR;59,99;0,00;0,00;ORD-503227
12/06/2026;10:04:00;GMT;Émilie Laurent;32EAC1M9RP7YS0E1S;;Website Payment;Completed;EUR;59,99;-2,09;57,90;ORD-502221
12/06/2026;10:22:53;GMT;José García;QR8NQVUD9L8T2AR29;;Website Payment;Completed;EUR;9,99;-0,64;9,35;ORD-502406
12/06/2026;10:27:49;GMT;Søren Kjær;8VUB63LTLY957J7BG;;Website Payment;Completed;EUR;9,99;-0,64;9,35;ORD-503700
12/06/2026;10:36:58;GMT;Jürgen Müller;BD59LWVF3TWQ1AFR4;;Website Payment;Completed;EUR;9,99;-0,64;9,35;ORD-502376
12/06/2026;10:48:56;GMT;José García;JPYQ9JAFK63Y1YLDH;;Website Payment;Completed;EUR;9,99;-0,64;9,35;ORD-502824
12/06/2026;10:59:25;GMT;Céline Marchand;0BQ5HGC6LBQZWUL8Z;;Website Payment;Completed;EUR;24,99;-1,07;23,92;ORD-503131
12/06/2026;11:25:46;GMT;Céline Marchand;BZJVKWP5TQ0ZJPQ9A;;Website Payment;Completed;EUR;4,99;-0,49;4,50;ORD-503357
12/06/2026;11:29:34;GMT;Renée Böhm;XSMAQYDD0FX42P4PX;;Website Payment;Completed;EUR;9,99;-0,64;9,35;ORD-503574
12/06/2026;11:39:20;GMT;Søren Kjær;BTD5MVW7S9UXED1E8;;Website Payment;Denied;EUR;9,99;0,00;0,00;ORD-503016
12/06/2026;11:43:30;GMT;Søren Kjær;ZMNTMATP1GUNXW5ZA;;Website Payment;Completed;EUR;24,99;-1,07;23,92;ORD-502989
12/06/2026;12:25:00;GMT;Céline Marchand;52FLACU126X30HPWW;;Website Payment;Completed;EUR;9,99;-0,64;9,35;ORD-503533
12/06/2026;12:26:13;GMT;Émilie Laurent;CL6TF5W51GF7WEV9Y;;Website Payment;Completed;EUR;9,99;-0,64;9,35;ORD-502533
12/06/2026;12:32:31;GMT;José García;HDZ1S5ZKBME0BDBMP;;Website Payment;Completed;GBP;8,99;-0,56;8,43;ORD-503353
12/06/2026;12:43:46;GMT;José García;4TUWH9DZG8BRL19YS;;Website Payment;Completed;EUR;59,99;-2,09;57,90;ORD-503866
12/06/2026;12:57:41;GMT;José García;SHZB13ZSPGD1KG4DM;;Website Payment;Completed;EUR;24,99;-1,07;23,92;ORD-503055
12/06/2026;13:12:52;GMT;Nuño Ibáñez;3CDL0PZAR9VLKD623;;Website Payment;Completed;EUR;9,99;-0,64;9,35;ORD-503646
12/06/2026;13:35:11;GMT;François Dubois;SVMF7MHZJMST2Y6XH;;Website Payment;Denied;GBP;21,99;0,00;0,00;ORD-502316
12/06/2026;13:39:18;GMT;Renée Böhm;X9VRHCC2VJEZ7FK69;;Website Payment;Completed;GBP;8,99;-0,56;8,43;ORD-502691
12/06/2026;13:46:51;GMT;François Dubois;L3N5RVTF2K3B3SK5Y;;Website Payment;Completed;EUR;9,99;-0,64;9,35;ORD-502618
12/06/2026;14:09:53;GMT;Jürgen Müller;C39WR3W504ZQAZ900;;Website Payment;Denied;EUR;24,99;0,00;0,00;ORD-503727
12/06/2026;14:20:15;GMT;José García;MR0Q3AYR5NA0M6J60;;Website Payment;Completed;EUR;9,99;-0,64;9,35;ORD-502939
12/06/2026;14:31:30;GMT;Céline Marchand;EEK6CLXZ7JMVWH3ZF;;Website Payment;Denied;GBP;54,99;0,00;0,00;ORD-503264
12/06/2026;15:02:51;GMT;Jürgen Müller;65WX6VZ7P0ECPZWR9;;Website Payment;Completed;EUR;9,99;-0,64;9,35;ORD-502536
12/06/2026;15:11:30;GMT;Jürgen Müller;3Y99RQH85LFY5HL8X;;Website Payment;Completed;GBP;21,99;-0,94;21,05;ORD-503585
12/06/2026;15:15:55;GMT;Renée Böhm;T50YJW8K8HRULTF85;;Website Payment;Completed;EUR;4,99;-0,49;4,50;ORD-502438
12/06/2026;15:39:04;GMT;Renée Böhm;QNE422BVCG62KYPSF;;Website Payment;Completed;EUR;59,99;-2,09;57,90;ORD-502231
12/06/2026;16:01:24;GMT;Søren Kjær;N8GC2MP48LB0BMSZW;;Website Payment;Completed;EUR;59,99;-2,09;57,90;ORD-503213
12/06/2026;16:10:26;GMT;Jürgen Müller;GKS7D2768QEBMF8LV;;Website Payment;Denied;GBP;4,49;0,00;0,00;ORD-502576
12/06/2026;17:30:35;GMT;Søren Kjær;6TB417BWE4F9M8UML;;Website Payment;Completed;GBP;4,49;-0,43;4,06;ORD-502598
12/06/2026;17:39:33;GMT;Agnès Rousseau;QDWPXYJZCS6H7TLJC;;Website Payment;Denied;EUR;24,99;0,00;0,00;ORD-502373
12/06/2026;17:45:04;GMT;José García;4E8E7BLK6VR8R32YH;;Website Payment;Completed;EUR;59,99;-2,09;57,90;ORD-503046
12/06/2026;18:06:57;GMT;Céline Marchand;DFEXMCPTVGJ1GA669;;Website Payment;Denied;EUR;59,99;0,00;0,00;ORD-502156
12/06/2026;18:11:55;GMT;María Álvarez;2CG6EF9WJZXQTVSXZ;;Website Payment;Denied;EUR;9,99;0,00;0,00;ORD-502325
12/06/2026;18:22:09;GMT;Renée Böhm;B0KTDY1809RNKY064;;Website Payment;Completed;EUR;59,99;-2,09;57,90;ORD-502305
12/06/2026;18:24:51;GMT;María Álvarez;6SLX0YEE7LFPNS3Z9;;Website Payment;Completed;EUR;9,99;-0,64;9,35;ORD-502776
12/06/2026;18:41:11;GMT;Agnès Rousseau;YDKJ9H027R6TS4Q07;;Website Payment;Completed;EUR;9,99;-0,64;9,35;ORD-502841
12/06/2026;18:43:32;GMT;Jürgen Müller;9BDEH3K8R3PAUAQZ9;;Website Payment;Completed;EUR;4,99;-0,49;4,50;ORD-502317
12/06/2026;18:49:09;GMT;María Álvarez;ZM6UXN9HL1ERH18ZC;;Website Payment;Completed;EUR;9,99;-0,64;9,35;ORD-502502
12/06/2026;19:28:28;GMT;Jürgen Müller;3WGK83DCMV5TJ3M0Z;;Website Payment;Completed;EUR;9,99;-0,64;9,35;ORD-502130
12/06/2026;20:03:40;GMT;Céline Marchand;XLLGYXH74F2AGPY8J;;Website Payment;Completed;EUR;59,99;-2,09;57,90;ORD-503631
13/06/2026;09:16:28;GMT;María Álvarez;K82MMX0GTL53Q3CSH;;Website Payment;Completed;GBP;8,99;-0,56;8,43;ORD-502475
13/06/2026;09:22:18;GMT;Jürgen Müller;NEDZ4N3QW6MLJ83E0;;Website Payment;Completed;EUR;9,99;-0,64;9,35;ORD-503149
13/06/2026;09:32:44;GMT;Renée Böhm;TFBT5DFXW84U2F7V4;;Website Payment;Completed;EUR;24,99;-1,07;23,92;ORD-503511
13/06/2026;09:42:56;GMT;Søren Kjær;761MC7T1JUAA6J39W;;Website Payment;Completed;EUR;9,99;-0,64;9,35;ORD-503529
13/06/2026;09:44:40;GMT;María Álvarez;R34N7EJF7BT8E9ELJ;;Website Payment;Completed;EUR;9,99;-0,64;9,35;ORD-502551
13/06/2026;10:08:31;GMT;Søren Kjær;X485GX8VXFWS4S14C;;Website Payment;Completed;EUR;4,99;-0,49;4,50;ORD-502509
13/06/2026;10:12:07;GMT;Renée Böhm;FRVYM8P6HK7SQ17UW;;Website Payment;Denied;EUR;9,99;0,00;0,00;ORD-503061
13/06/2026;10:28:47;GMT;Søren Kjær;N2XNS5N3CLRT2ZUGB;;Website Payment;Completed;EUR;59,99;-2,09;57,90;ORD-502155
13/06/2026;10:39:52;GMT;Nuño Ibáñez;JLPWZA1292DTU4N63;;Website Payment;Completed;EUR;9,99;-0,64;9,35;ORD-503716
13/06/2026;10:44:11;GMT;María Álvarez;T4WQK0Q2QCLZEU8HG;;Website Payment;Completed;EUR;9,99;-0,64;9,35;ORD-503302
13/06/2026;10:59:01;GMT;Jürgen Müller;800NABHD2EFTKFCZQ;;Website Payment;Completed;EUR;59,99;-2,09;57,90;ORD-503848
13/06/2026;11:14:34;GMT;Jürgen Müller;R3B85SBPALYU7ZV8T;;Website Payment;Completed;EUR;9,99;-0,64;9,35;ORD-503807
13/06/2026;11:37:54;GMT;Céline Marchand;Y13J28MVGZ5PDLU6X;;Website Payment;Completed;EUR;59,99;-2,09;57,90;ORD-503444
13/06/2026;11:44:16;GMT;Céline Marchand;LFTSWG8B2QUPR063X;;Website Payment;Completed;EUR;9,99;-0,64;9,35;ORD-502415
13/06/2026;11:54:34;GMT;Céline Marchand;QCQ8US918AWDBZR25;;Website Payment;Completed;EUR;9,99;-0,64;9,35;ORD-503811
13/06/2026;11:58:32;GMT;José García;UCZF3XRSPW4ZZ507S;;Website Payment;Completed;GBP;21,99;-0,94;21,05;ORD-503084
13/06/2026;12:11:42;GMT;José García;P3YSFM4NPGPMF87VR;;Website Payment;Denied;EUR;24,99;0,00;0,00;ORD-502269
13/06/2026;12:28:46;GMT;Céline Marchand;BES2RSWBP3HZR0P1B;;Website Payment;Completed;EUR;59,99;-2,09;57,90;ORD-502930
13/06/2026;12:35:44;GMT;María Álvarez;WLU41ZX95J6RNHLAA;;Website Payment;Completed;EUR;9,99;-0,64;9,35;ORD-502701
13/06/2026;12:36:21;GMT;Céline Marchand;ZC4XYU3L4SLHZ3SWA;;Website Payment;Completed;EUR;9,99;-0,64;9,35;ORD-503571
13/06/2026;12:49:08;GMT;Agnès Rousseau;211DNVPJ0D2QDMP9D;;Website Payment;Completed;EUR;59,99;-2,09;57,90;ORD-502640
13/06/2026;12:53:16;GMT;José García;9D8AKWL7SYTL139ZV;;Website Payment;Completed;EUR;9,99;-0,64;9,35;ORD-503301
13/06/2026;12:53:26;GMT;Émilie Laurent;NUBHMG73LRBPQTF45;;Website Payment;Completed;EUR;24,99;-1,07;23,92;ORD-502165
13/06/2026;13:01:04;GMT;Nuño Ibáñez;QT8NRJ8HGS3WCZ6LZ;;Website Payment;Completed;EUR;9,99;-0,64;9,35;ORD-503095
13/06/2026;13:06:47;GMT;Émilie Laurent;9R09N7PYWDAPA567E;;Website Payment;Completed;EUR;59,99;-2,09;57,90;ORD-503162
13/06/2026;13:07:35;GMT;Jürgen Müller;67R3CP5VTGK1N353B;;Website Payment;Denied;EUR;9,99;0,00;0,00;ORD-503722
13/06/2026;13:24:49;GMT;Søren Kjær;VM09HP87GQ00BZ8FG;;Website Payment;Completed;EUR;24,99;-1,07;23,92;ORD-502206
13/06/2026;13:25:13;GMT;María Álvarez;KUASKVFDQDCN8JFLV;;Website Payment;Completed;EUR;9,99;-0,64;9,35;ORD-502133
13/06/2026;13:32:45;GMT;José García;6TPCEK24ZTA0HME8J;;Website Payment;Completed;GBP;54,99;-1,89;53,10;ORD-503193
13/06/2026;14:27:09;GMT;Søren Kjær;ZT2N19M24EV1LR355;;Website Payment;Completed;EUR;24,99;-1,07;23,92;ORD-503739
13/06/2026;14:48:33;GMT;Agnès Rousseau;BVD0D2SV3LCGPR0FW;;Website Payment;Completed;GBP;8,99;-0,56;8,43;ORD-503479
13/06/2026;15:15:53;GMT;Renée Böhm;CGNF5NU4XL0U3ZDQU;;Website Payment;Completed;EUR;24,99;-1,07;23,92;ORD-503851
13/06/2026;15:38:24;GMT;Jürgen Müller;6HLPEZ4L3K8K6B09K;;Website Payment;Completed;EUR;4,99;-0,49;4,50;ORD-503451
13/06/2026;15:40:25;GMT;Nuño Ibáñez;GB6AQ8XGQMQEEWNW9;;Website Payment;Completed;EUR;24,99;-1,07;23,92;ORD-503104
13/06/2026;15:47:48;GMT;Émilie Laurent;87D7QCLMFP1WWPZVV;UT4ZT7UNT25K8EU9A;Refund;Refunded;GBP;-4,49;0,00;-4,49;ORD-502295
13/06/2026;15:51:52;GMT;Søren Kjær;WGDTYZG83N1UJZZX6;;Website Payment;Completed;EUR;24,99;-1,07;23,92;ORD-502507
13/06/2026;16:09:34;GMT;María Álvarez;8Y8S0WDQTHC23Z0SN;;Website Payment;Completed;EUR;9,99;-0,64;9,35;ORD-503819
13/06/2026;16:11:32;GMT;Émilie Laurent;T93HUS3ARFER87FM8;;Website Payment;Completed;EUR;9,99;-0,64;9,35;ORD-502728
13/06/2026;16:12:51;GMT;Renée Böhm;36QEABKH6TETZ7T34;;Website Payment;Completed;EUR;9,99;-0,64;9,35;ORD-502731
13/06/2026;16:24:34;GMT;François Dubois;FK1XPL24B50UDYN1N;;Website Payment;Completed;EUR;9,99;-0,64;9,35;ORD-502294
13/06/2026;16:47:16;GMT;José García;ZHYW09NQQ75T2WG7W;;Website Payment;Completed;EUR;9,99;-0,64;9,35;ORD-503620
13/06/2026;16:51:30;GMT;Jürgen Müller;G94VF6RMAU1TUX7MB;;Website Payment;Completed;EUR;24,99;-1,07;23,92;ORD-503121
13/06/2026;16:59:37;GMT;Renée Böhm;YJQF78G02TTTRXXKS;;Website Payment;Completed;EUR;59,99;-2,09;57,90;ORD-503657
13/06/2026;17:13:53;GMT;Renée Böhm;CYY0QM5L1EQ6U39AN;;Website Payment;Completed;EUR;9,99;-0,64;9,35;ORD-502594
13/06/2026;17:22:35;GMT;Agnès Rousseau;ZFU5DLC6P7GQP6589;;Website Payment;Completed;EUR;9,99;-0,64;9,35;ORD-502973
13/06/2026;18:08:33;GMT;Agnès Rousseau;PRXV60JLDZ72QLH2W;;Website Payment;Completed;EUR;24,99;-1,07;23,92;ORD-502854
13/06/2026;18:11:48;GMT;Agnès Rousseau;LJTKASEP3GGUYBT6J;;Website Payment;Completed;EUR;4,99;-0,49;4,50;ORD-503503
13/06/2026;18:12:19;GMT;François Dubois;377T5K1FV98NEQRAG;;Website Payment;Completed;GBP;8,99;-0,56;8,43;ORD-503635
13/06/2026;18:29:58;GMT;María Álvarez;C1EWKVG1K5QBEN1QF;;Website Payment;Completed;EUR;9,99;-0,64;9,35;ORD-502361
13/06/2026;18:35:33;GMT;Renée Böhm;7MET4RH9WDHMNHBZW;;Website Payment;Completed;GBP;8,99;-0,56;8,43;ORD-503782
13/06/2026;18:44:16;GMT;Nuño Ibáñez;936CZG7SJ6S2XNNUZ;;Website Payment;Completed;EUR;4,99;-0,49;4,50;ORD-503601
13/06/2026;18:45:15;GMT;María Álvarez;0G4BLTB2D31U1GTY7;;Website Payment;Denied;GBP;4,49;0,00;0,00;ORD-503599
13/06/2026;18:54:04;GMT;Renée Böhm;YVD4776D3P17W81LN;;Website Payment;Completed;EUR;4,99;-0,49;4,50;ORD-503801
13/06/2026;18:54:41;GMT;Jürgen Müller;QQEY32NBWT3QF6CHP;;Website Payment;Completed;GBP;21,99;-0,94;21,05;ORD-502298
13/06/2026;19:18:33;GMT;José García;JZRRLB0Q3X4JZDD3P;;Website Payment;Completed;EUR;9,99;-0,64;9,35;ORD-503432
13/06/2026;19:25:56;GMT;José García;FNCQUFC6G3ZEH6HV3;;Website Payment;Completed;EUR;24,99;-1,07;23,92;ORD-502869
13/06/2026;19:36:19;GMT;Søren Kjær;8XUMZGS6ZDRXT1ACM;;Website Payment;Completed;GBP;54,99;-1,89;53,10;ORD-503535
13/06/2026;19:39:54;GMT;María Álvarez;VVT3GVA4JTMA0UZ8P;;Website Payment;Completed;EUR;9,99;-0,64;9,35;ORD-503581
13/06/2026;19:49:30;GMT;Renée Böhm;89ZRSCQR3HGW9KZ6V;;Website Payment;Completed;EUR;24,99;-1,07;23,92;ORD-502769
13/06/2026;19:54:20;GMT;Renée Böhm;RWRCW2RMEYHEEP2TQ;;Website Payment;Completed;EUR;24,99;-1,07;23,92;ORD-502827
13/06/2026;20:25:23;GMT;José García;7BYP7HVMTC69JDADJ;;Website Payment;Completed;GBP;8,99;-0,56;8,43;ORD-503109
14/06/2026;07:21:45;GMT;Agnès Rousseau;0KZ4TUN958N627198;;Website Payment;Completed;EUR;24,99;-1,07;23,92;ORD-502632
14/06/2026;07:22:06;GMT;Nuño Ibáñez;L2NB5EM5AC2QAP0HQ;;Website Payment;Completed;EUR;9,99;-0,64;9,35;ORD-502948
14/06/2026;07:52:33;GMT;Émilie Laurent;5092CFSQR26BMPTZR;;Website Payment;Denied;EUR;9,99;0,00;0,00;ORD-503099
14/06/2026;07:53:37;GMT;Renée Böhm;C0BW23VF89Q81L8VV;;Website Payment;Completed;GBP;8,99;-0,56;8,43;ORD-503343
14/06/2026;08:12:53;GMT;Agnès Rousseau;Z6BHKUKKH9VMPYMXH;;Website Payment;Denied;EUR;9,99;0,00;0,00;ORD-502385
14/06/2026;08:34:08;GMT;Émilie Laurent;E4UMM60CG75YBX7XN;;Website Payment;Completed;GBP;8,99;-0,56;8,43;ORD-503817
14/06/2026;08:35:52;GMT;Søren Kjær;TD90ST333G4SDE0N0;;Website Payment;Denied;EUR;24,99;0,00;0,00;ORD-503254
14/06/2026;08:39:20;GMT;José García;XXSL4MT8Y9N4X2JR0;;Website Payment;Completed;EUR;24,99;-1,07;23,92;ORD-503762
14/06/2026;08:46:32;GMT;Céline Marchand;JA0A0RPX6P2GQTMUM;21A8CD6GC8RDFY0CA;Refund;Refunded;EUR;-9,99;0,00;-9,99;ORD-502914
14/06/2026;09:14:01;GMT;François Dubois;6KT7NK650S7WND0W1;;Website Payment;Completed;EUR;59,99;-2,09;57,90;ORD-503602
14/06/2026;09:23:00;GMT;Nuño Ibáñez;YYEE5S6XRYNLDL8FH;;Website Payment;Completed;EUR;9,99;-0,64;9,35;ORD-503002
14/06/2026;09:29:17;GMT;Émilie Laurent;1QG7BW3RTPFK9TNL5;;Website Payment;Completed;EUR;24,99;-1,07;23,92;ORD-503174
14/06/2026;09:31:32;GMT;Jürgen Müller;W5Q82ZU0HZUYJ9Z4W;;Website Payment;Completed;EUR;4,99;-0,49;4,50;ORD-503872
14/06/2026;09:41:40;GMT;François Dubois;XRN4FGWNC3Y995KQL;;Website Payment;Completed;EUR;9,99;-0,64;9,35;ORD-502147
14/06/2026;09:44:29;GMT;Jürgen Müller;1731H07RMVQEY2RR3;;Website Payment;Completed;EUR;24,99;-1,07;23,92;ORD-502265
14/06/2026;10:05:44;GMT;Nuño Ibáñez;TB84D8C3MH2EBJ6QB;;Website Payment;Completed;EUR;9,99;-0,64;9,35;ORD-503791
14/06/2026;10:09:37;GMT;Nuño Ibáñez;4VCNLM4WFQFLRPLDL;;Website Payment;Denied;EUR;24,99;0,00;0,00;ORD-503630
14/06/2026;10:14:45;GMT;Søren Kjær;CJ81SFGPY77LZTJRS;;Website Payment;Completed;EUR;24,99;-1,07;23,92;ORD-502697
14/06/2026;10:36:15;GMT;Jürgen Müller;KVGSLQVYSKFSG963C;;Website Payment;Denied;EUR;59,99;0,00;0,00;ORD-503517
14/06/2026;10:45:58;GMT;Nuño Ibáñez;NGKJ4R2WFWBXYB7XL;FWCJB9TPG0105UBS9;Refund;Refunded;EUR;-24,99;0,00;-24,99;ORD-503520
14/06/2026;10:46:37;GMT;José García;2QA36Y8A8K6NQEC3J;;Website Payment;Completed;EUR;9,99;-0,64;9,35;ORD-503640
14/06/2026;10:48:44;GMT;José García;9ZFJ70JBMFY3R9AFD;;Website Payment;Completed;EUR;9,99;-0,64;9,35;ORD-502370
14/06/2026;11:01:17;GMT;François Dubois;AMZ2S4B6DMCWP3MF5;;Website Payment;Completed;EUR;9,99;-0,64;9,35;ORD-502544
14/06/2026;11:02:30;GMT;Céline Marchand;XDRQGKC9MEGY9A1SC;;Website Payment;Completed;EUR;9,99;-0,64;9,35;ORD-502635
14/06/2026;11:02:50;GMT;Søren Kjær;QCTARYLHA9ZJN200Y;;Website Payment;Completed;EUR;59,99;-2,09;57,90;ORD-503022
14/06/2026;11:14:39;GMT;Jürgen Müller;RYPEL8FVA5LM2DK7H;;Website Payment;Completed;EUR;9,99;-0,64;9,35;ORD-502915
14/06/2026;11:40:41;GMT;José García;RPSGF99UQFLS1VP4T;;Website Payment;Completed;EUR;9,99;-0,64;9,35;ORD-503690
14/06/2026;12:03:50;GMT;Agnès Rousseau;038GZAT6ABRWUXHSS;;Website Payment;Denied;EUR;24,99;0,00;0,00;ORD-502205
14/06/2026;12:08:25;GMT;Nuño Ibáñez;ZAD0H6Z4EYYYCU26B;;Website Payment;Completed;EUR;59,99;-2,09;57,90;ORD-503500
14/06/2026;12:13:46;GMT;María Álvarez;SF93BGK17HGG29A2F;;Website Payment;Denied;EUR;9,99;0,00;0,00;ORD-502751
14/06/2026;12:17:47;GMT;José García;PTMK4Q1334W62J5RJ;;Website Payment;Completed;EUR;24,99;-1,07;23,92;ORD-503478
14/06/2026;12:39:45;GMT;Agnès Rousseau;9ZKLC9ZGFZRY6MJXK;;Website Payment;Completed;EUR;9,99;-0,64;9,35;ORD-502404
14/06/2026;12:42:39;GMT;Nuño Ibáñez;YYZCQY6ZK3SU30E0Y;;Website Payment;Completed;EUR;9,99;-0,64;9,35;ORD-502969
14/06/2026;12:49:38;GMT;Jürgen Müller;56S7JFEKNHBT5MGFF;;Website Payment;Completed;EUR;59,99;-2,09;57,90;ORD-502214
14/06/2026;12:55:56;GMT;Renée Böhm;EYFVB7KBSQUBGSDBZ;;Website Payment;Completed;EUR;24,99;-1,07;23,92;ORD-502645
14/06/2026;13:44:02;GMT;Agnès Rousseau;KKSMCVMS80H1ZHAGJ;;Website Payment;Completed;EUR;24,99;-1,07;23,92;ORD-502852
14/06/2026;13:58:29;GMT;Agnès Rousseau;XQDF76LXGE5F04LPS;;Website Payment;Completed;EUR;24,99;-1,07;23,92;ORD-502300
14/06/2026;14:03:52;GMT;Céline Marchand;Z2YFPVYWY6MC3WE2S;;Website Payment;Completed;EUR;9,99;-0,64;9,35;ORD-502774
14/06/2026;14:04:39;GMT;María Álvarez;CN5RQYZ25KPDKTMW2;;Website Payment;Completed;EUR;9,99;-0,64;9,35;ORD-503052
14/06/2026;14:05:44;GMT;María Álvarez;FV64SDM6KYVJQM67H;;Website Payment;Denied;EUR;24,99;0,00;0,00;ORD-503521
14/06/2026;14:15:59;GMT;Céline Marchand;LGRDYGAUJWMZ2X1UL;;Website Payment;Denied;EUR;9,99;0,00;0,00;ORD-503810
14/06/2026;14:26:28;GMT;Agnès Rousseau;5KCMJC8ABV0283H7A;;Website Payment;Completed;EUR;9,99;-0,64;9,35;ORD-502330
14/06/2026;14:39:45;GMT;Agnès Rousseau;CEYXUFHPRHXYGPW7T;;Website Payment;Completed;EUR;9,99;-0,64;9,35;ORD-503830
14/06/2026;14:45:38;GMT;José García;4DPPBL80DLJP1LUUA;;Website Payment;Completed;EUR;9,99;-0,64;9,35;ORD-503295
14/06/2026;15:07:47;GMT;Jürgen Müller;YYUNEX39MQNE29PTL;;Website Payment;Completed;GBP;8,99;-0,56;8,43;ORD-503438
14/06/2026;15:11:02;GMT;Émilie Laurent;12J7HSMVETK3ZYMEB;;Website Payment;Completed;EUR;9,99;-0,64;9,35;ORD-503891
14/06/2026;15:50:07;GMT;Nuño Ibáñez;K6YWWQX6X8DGDMGNR;;Website Payment;Completed;EUR;9,99;-0,64;9,35;ORD-502335
14/06/2026;15:51:07;GMT;Søren Kjær;575C8G8MP5AU0XEJQ;;Website Payment;Completed;EUR;24,99;-1,07;23,92;ORD-503431
14/06/2026;15:53:00;GMT;María Álvarez;MF6VLH965M7ZG6QU9;;Website Payment;Completed;EUR;9,99;-0,64;9,35;ORD-503485
14/06/2026;15:53:48;GMT;José García;D1MEDS0E426QNR4X5;;Website Payment;Completed;EUR;9,99;-0,64;9,35;ORD-503168
14/06/2026;16:01:09;GMT;María Álvarez;ZDA2L1UPFF0K1892L;;Website Payment;Completed;EUR;9,99;-0,64;9,35;ORD-503632
14/06/2026;16:30:32;GMT;Søren Kjær;HQHBYU0WUYVMHLK3G;;Website Payment;Completed;EUR;9,99;-0,64;9,35;ORD-503105
14/06/2026;16:33:38;GMT;José García;GFV98GQQF9UPQT5XZ;;Website Payment;Completed;EUR;59,99;-2,09;57,90;ORD-502127
14/06/2026;17:12:40;GMT;Jürgen Müller;XJXRZE2HSVT0C9C0Q;;Website Payment;Completed;EUR;9,99;-0,64;9,35;ORD-503498
14/06/2026;17:23:50;GMT;François Dubois;C7S1ANN74ZNZC7960;;Website Payment;Completed;EUR;24,99;-1,07;23,92;ORD-502434
14/06/2026;17:44:21;GMT;Søren Kjær;J7HN36DW3KNPPKQ7F;;Website Payment;Completed;GBP;8,99;-0,56;8,43;ORD-502580
14/06/2026;17:44:34;GMT;María Álvarez;UC3ZTKGJVGE8YBZWP;;Website Payment;Completed;GBP;8,99;-0,56;8,43;ORD-502666
14/06/2026;18:01:14;GMT;José García;W0ZDVGN4EEJNZAZ8T;;Website Payment;Completed;EUR;4,99;-0,49;4,50;ORD-502956
14/06/2026;18:08:29;GMT;François Dubois;PPKA8E6VWQ4H1XN0J;;Website Payment;Completed;EUR;9,99;-0,64;9,35;ORD-503769
14/06/2026;18:11:20;GMT;Nuño Ibáñez;WNUNWGM95PV3DYNK6;;Website Payment;Completed;GBP;21,99;-0,94;21,05;ORD-502248
14/06/2026;18:34:38;GMT;Nuño Ibáñez;760U1KX04YURHPLHH;;Website Payment;Completed;GBP;8,99;-0,56;8,43;ORD-502611
14/06/2026;18:36:15;GMT;Jürgen Müller;6FQHU2TEFKDX1LGQA;;Website Payment;Completed;EUR;9,99;-0,64;9,35;ORD-502523
14/06/2026;18:54:09;GMT;Agnès Rousseau;EECXDWTGH0S8HJWJN;;Website Payment;Completed;GBP;21,99;-0,94;21,05;ORD-502491
14/06/2026;18:54:23;GMT;María Álvarez;BPQD2DZD5Z4KTQJX1;;Website Payment;Completed;EUR;9,99;-0,64;9,35;ORD-503491
14/06/2026;19:03:46;GMT;Céline Marchand;6BZNSHJ3F545L720K;;Website Payment;Completed;EUR;59,99;-2,09;57,90;ORD-502787
14/06/2026;19:10:44;GMT;François Dubois;C1BXJX8RMY9D2LAF0;;Website Payment;Completed;EUR;4,99;-0,49;4,50;ORD-502657
14/06/2026;19:10:59;GMT;Renée Böhm;5K4BDU6N77TZEZC8V;;Website Payment;Completed;EUR;4,99;-0,49;4,50;ORD-502997
14/06/2026;19:41:42;GMT;Renée Böhm;3X3AXM7PQA13W8JDS;;Website Payment;Completed;EUR;24,99;-1,07;23,92;ORD-502413
14/06/2026;19:47:01;GMT;François Dubois;H8BYH8VHVEHCHFFM6;;Website Payment;Completed;EUR;9,99;-0,64;9,35;ORD-502264
14/06/2026;20:20:38;GMT;Jürgen Müller;FP6600QW9049DGF7D;;Website Payment;Completed;EUR;24,99;-1,07;23,92;ORD-502593
15/06/2026;07:58:58;GMT;Agnès Rousseau;306QNRHKTL4LFXRMC;;Website Payment;Completed;GBP;21,99;-0,94;21,05;ORD-502173
15/06/2026;08:14:45;GMT;Jürgen Müller;T6KXR6H35QBTC0H0S;;Website Payment;Completed;EUR;9,99;-0,64;9,35;ORD-502623
15/06/2026;08:23:21;GMT;Agnès Rousseau;YUKFFARCXB0D90MXF;;Website Payment;Completed;GBP;54,99;-1,89;53,10;ORD-503062
15/06/2026;08:40:20;GMT;Nuño Ibáñez;YUQHZBRPG3FDYTPCR;;Website Payment;Completed;EUR;9,99;-0,64;9,35;ORD-503306
15/06/2026;08:56:05;GMT;Søren Kjær;MRPSYJE80UF35DKT9;;Website Payment;Completed;EUR;9,99;-0,64;9,35;ORD-503324
15/06/2026;09:03:11;GMT;Nuño Ibáñez;X3DS3P1PLM284ZUT7;;Website Payment;Completed;EUR;9,99;-0,64;9,35;ORD-502778
15/06/2026;09:06:05;GMT;Jürgen Müller;346MRN4PDZV9EPC2E;;Website Payment;Completed;GBP;54,99;-1,89;53,10;ORD-503417
15/06/2026;09:09:04;GMT;Nuño Ibáñez;8N4LT2XD34USPZ3X2;;Website Payment;Completed;EUR;9,99;-0,64;9,35;ORD-503627
15/06/2026;09:28:24;GMT;Nuño Ibáñez;RBQWTUNZJ3P33JV7E;;Website Payment;Completed;GBP;21,99;-0,94;21,05;ORD-502363
15/06/2026;09:39:47;GMT;Jürgen Müller;CEFHS52BFR26UWR2Y;;Website Payment;Completed;EUR;9,99;-0,64;9,35;ORD-503276
15/06/2026;10:10:05;GMT;María Álvarez;Q31S0RBP85MDJ7Z4R;;Website Payment;Completed;EUR;9,99;-0,64;9,35;ORD-503835
15/06/2026;10:28:09;GMT;María Álvarez;A8P0GBWKGA6N52WJC;;Website Payment;Completed;EUR;24,99;-1,07;23,92;ORD-503436
15/06/2026;10:33:08;GMT;François Dubois;FEEZG1STG3Z9C0TPZ;;Website Payment;Denied;EUR;24,99;0,00;0,00;ORD-502258
15/06/2026;10:48:47;GMT;Émilie Laurent;VZFQTGKPDPMF2HETC;;Website Payment;Denied;GBP;21,99;0,00;0,00;ORD-502899
15/06/2026;11:02:28;GMT;José García;TSRFSPNHH1ANF5H3E;;Website Payment;Completed;EUR;9,99;-0,64;9,35;ORD-503284
15/06/2026;11:17:08;GMT;François Dubois;XTMR2E8DHEP4A67VT;;Website Payment;Completed;EUR;9,99;-0,64;9,35;ORD-503403
15/06/2026;11:36:04;GMT;Søren Kjær;YE7AJPXCAEC8YR14S;;Website Payment;Completed;EUR;9,99;-0,64;9,35;ORD-503614
15/06/2026;11:40:35;GMT;José García;YA2CB6PHHCM1MFYL9;;Website Payment;Completed;EUR;4,99;-0,49;4,50;ORD-502350
15/06/2026;11:44:40;GMT;Agnès Rousseau;5992N6J37CPZLYS91;;Website Payment;Completed;EUR;59,99;-2,09;57,90;ORD-503303
15/06/2026;11:47:05;GMT;José García;MEUQG4SDJV6LYX3ZC;;Website Payment;Completed;GBP;8,99;-0,56;8,43;ORD-503754
15/06/2026;11:47:41;GMT;François Dubois;AMPGWFB1SQ56HAHLL;;Website Payment;Completed;EUR;59,99;-2,09;57,90;ORD-503904
15/06/2026;11:59:53;GMT;María Álvarez;UJJGXK063PBYMYR0C;;Website Payment;Completed;EUR;24,99;-1,07;23,92;ORD-502671
15/06/2026;12:01:45;GMT;Émilie Laurent;EPDEAWGVWSZ5K22VW;;Website Payment;Completed;EUR;24,99;-1,07;23,92;ORD-503064
15/06/2026;12:14:42;GMT;Nuño Ibáñez;A5SGM5CXFDM4PS928;;Website Payment;Denied;EUR;59,99;0,00;0,00;ORD-503337
15/06/2026;12:31:39;GMT;Agnès Rousseau;A8ME9YFXGFG7Z99VX;;Website Payment;Completed;EUR;24,99;-1,07;23,92;ORD-502196
15/06/2026;13:15:24;GMT;Jürgen Müller;XGBXH2B4QB1DCBDV0;;Website Payment;Completed;GBP;8,99;-0,56;8,43;ORD-503163
15/06/2026;13:17:38;GMT;José García;N21ZBQYQ7HUYGW5V3;;Website Payment;Denied;EUR;9,99;0,00;0,00;ORD-502249
15/06/2026;13:19:30;GMT;Søren Kjær;LQT7DJ1TSY5JQMNY3;;Website Payment;Completed;EUR;59,99;-2,09;57,90;ORD-503780
15/06/2026;13:26:32;GMT;Renée Böhm;XDXZT2DDGMNA2YKSE;;Website Payment;Completed;EUR;9,99;-0,64;9,35;ORD-503294
15/06/2026;13:27:19;GMT;Jürgen Müller;AZY7E986CAMNNQ63R;;Website Payment;Completed;EUR;24,99;-1,07;23,92;ORD-503347
15/06/2026;13:37:18;GMT;Agnès Rousseau;LF49M2JJAGN93LVWY;;Website Payment;Completed;GBP;21,99;-0,94;21,05;ORD-503329
15/06/2026;13:42:23;GMT;Agnès Rousseau;6ZESEVKXDG5PES9Y2;;Website Payment;Completed;GBP;8,99;-0,56;8,43;ORD-503824
15/06/2026;13:50:48;GMT;José García;4RL743HBURYV7YN7L;;Website Payment;Completed;GBP;54,99;-1,89;53,10;ORD-503235
15/06/2026;14:11:25;GMT;Jürgen Müller;EHS7CTMJJ1Y0GZSY1;;Website Payment;Completed;EUR;9,99;-0,64;9,35;ORD-503297
15/06/2026;14:31:00;GMT;François Dubois;FE2E773E96H67KV00;;Website Payment;Completed;EUR;9,99;-0,64;9,35;ORD-503790
15/06/2026;14:32:44;GMT;Nuño Ibáñez;BQ6M3PBQN1UWFGQBA;;Website Payment;Completed;EUR;59,99;-2,09;57,90;ORD-503527
15/06/2026;14:36:24;GMT;Renée Böhm;DBNZ0EW7DZ28CCPSE;;Website Payment;Completed;EUR;9,99;-0,64;9,35;ORD-502567
15/06/2026;14:57:22;GMT;François Dubois;URNXC2ZMU0JFX7NQ9;;Website Payment;Denied;GBP;54,99;0,00;0,00;ORD-503534
15/06/2026;15:01:53;GMT;Renée Böhm;35ZB8LWW5JENTGKNY;;Website Payment;Completed;EUR;24,99;-1,07;23,92;ORD-503609
15/06/2026;15:40:16;GMT;José García;JYLKQL5J4YCFXFNEQ;;Website Payment;Completed;EUR;59,99;-2,09;57,90;ORD-502458
15/06/2026;15:53:39;GMT;Søren Kjær;SRLJ5HPRSEVHEATWB;;Website Payment;Completed;EUR;24,99;-1,07;23,92;ORD-502907
15/06/2026;16:18:30;GMT;Søren Kjær;DHZ325SX9W1WN8U36;;Website Payment;Completed;EUR;9,99;-0,64;9,35;ORD-503128
15/06/2026;16:55:33;GMT;Agnès Rousseau;N3LV0TC1Q5NBZRW1E;;Website Payment;Completed;EUR;9,99;-0,64;9,35;ORD-503089
15/06/2026;17:01:14;GMT;Søren Kjær;AE96SPEKGK8EWKM5J;;Website Payment;Completed;EUR;9,99;-0,64;9,35;ORD-503005
15/06/2026;17:25:58;GMT;José García;PWG3YNLF3KHC4V9W8;;Website Payment;Completed;EUR;9,99;-0,64;9,35;ORD-502369
15/06/2026;17:31:07;GMT;François Dubois;4N2HP27M81HSM3JTL;;Website Payment;Completed;EUR;9,99;-0,64;9,35;ORD-502488
15/06/2026;17:42:10;GMT;Renée Böhm;KV142HRFRH539GWCQ;;Website Payment;Completed;EUR;9,99;-0,64;9,35;ORD-503091
15/06/2026;17:52:45;GMT;Jürgen Müller;HAP1UJF1FTHPZNM6T;;Website Payment;Completed;EUR;24,99;-1,07;23,92;ORD-503502
15/06/2026;17:57:35;GMT;Émilie Laurent;FS863C15G7WXHXAZ8;;Website Payment;Completed;EUR;9,99;-0,64;9,35;ORD-503653
15/06/2026;18:16:21;GMT;José García;EU6EFH17NAGTKS3WR;;Website Payment;Denied;EUR;9,99;0,00;0,00;ORD-502746
15/06/2026;18:28:36;GMT;Agnès Rousseau;PCQ6T352HEQFW8MUL;;Website Payment;Completed;EUR;59,99;-2,09;57,90;ORD-503113
15/06/2026;18:39:23;GMT;José García;2R7QY25ZX0APM4G0D;;Website Payment;Completed;EUR;4,99;-0,49;4,50;ORD-503172
15/06/2026;18:58:56;GMT;Céline Marchand;F13UX0VGYVRMJE6FA;;Website Payment;Completed;GBP;4,49;-0,43;4,06;ORD-503352
15/06/2026;19:09:14;GMT;Agnès Rousseau;F9Z06U4YKS066YQ7N;;Website Payment;Completed;EUR;59,99;-2,09;57,90;ORD-503197
15/06/2026;19:30:21;GMT;Nuño Ibáñez;6VNUKJ5W37CY115AC;;Website Payment;Completed;EUR;9,99;-0,64;9,35;ORD-502157
15/06/2026;19:41:15;GMT;Renée Böhm;EMKTBSDZF07ASD4R3;;Website Payment;Completed;EUR;9,99;-0,64;9,35;ORD-503010
15/06/2026;19:52:06;GMT;Søren Kjær;84WPRH1JEYST9LR5P;;Website Payment;Completed;EUR;9,99;-0,64;9,35;ORD-503153
16/06/2026;07:51:35;GMT;François Dubois;GMSDSK1NCJJL78KHK;;Website Payment;Completed;EUR;9,99;-0,64;9,35;ORD-503023
16/06/2026;07:55:13;GMT;Émilie Laurent;Q956HXAR7YCB363WZ;;Website Payment;Completed;EUR;24,99;-1,07;23,92;ORD-502334
16/06/2026;08:13:16;GMT;Céline Marchand;WDHHL99KEV7RS5LTV;;Website Payment;Completed;EUR;59,99;-2,09;57,90;ORD-503832
16/06/2026;08:27:30;GMT;François Dubois;C7HV5AEAGPCCWZUY1;;Website Payment;Completed;GBP;8,99;-0,56;8,43;ORD-502978
16/06/2026;08:27:45;GMT;Jürgen Müller;9685X2GE9GCV6HMEN;;Website Payment;Completed;GBP;21,99;-0,94;21,05;ORD-502566
16/06/2026;08:56:38;GMT;Nuño Ibáñez;XCYBPQV774CA58SEU;;Website Payment;Completed;EUR;24,99;-1,07;23,92;ORD-502765
16/06/2026;09:06:11;GMT;Céline Marchand;HS60F7Q78DT27KRE8;;Website Payment;Completed;EUR;9,99;-0,64;9,35;ORD-502408
16/06/2026;09:08:18;GMT;François Dubois;7F18X70DDJXQB9W2L;;Website Payment;Completed;EUR;9,99;-0,64;9,35;ORD-502588
16/06/2026;09:12:12;GMT;Émilie Laurent;WTZZBLHKJBKP0AG1G;;Website Payment;Completed;EUR;24,99;-1,07;23,92;ORD-503288
16/06/2026;09:20:14;GMT;Jürgen Müller;EXBVGJBDZ9Q0TE8KH;;Website Payment;Denied;EUR;9,99;0,00;0,00;ORD-503783
16/06/2026;09:21:42;GMT;María Álvarez;46BAEJM8G8EDG5P1T;;Website Payment;Completed;EUR;59,99;-2,09;57,90;ORD-502999
16/06/2026;09:26:33;GMT;François Dubois;QH3BGBQUCQ7X8M85Z;;Website Payment;Completed;EUR;24,99;-1,07;23,92;ORD-502348
16/06/2026;09:32:45;GMT;François Dubois;EHSFQHJVE57L1KNL4;;Website Payment;Completed;EUR;59,99;-2,09;57,90;ORD-503258
16/06/2026;09:41:21;GMT;François Dubois;6U9VEY6SGQWBDLDS7;;Website Payment;Completed;EUR;4,99;-0,49;4,50;ORD-503551
16/06/2026;10:11:08;GMT;María Álvarez;Q31M127K36X673KYR;;Website Payment;Completed;EUR;9,99;-0,64;9,35;ORD-502232
16/06/2026;10:17:03;GMT;José García;CAZ8GE6YWXMV0Z8H8;;Website Payment;Completed;GBP;8,99;-0,56;8,43;ORD-502176
16/06/2026;10:19:34;GMT;Søren Kjær;HVENTB74KCFLJ55FA;;Website Payment;Completed;EUR;9,99;-0,64;9,35;ORD-503069
16/06/2026;10:32:00;GMT;Céline Marchand;E0RTDA3N6XGF1YNLJ;;Website Payment;Completed;EUR;59,99;-2,09;57,90;ORD-507776
16/06/2026;10:32:31;GMT;François Dubois;KD814XD3TUMBXHJ00;;Website Payment;Completed;EUR;9,99;-0,64;9,35;ORD-503815
16/06/2026;10:33:04;GMT;Agnès Rousseau;T44B8JKTMQ3YHXPW3;;Website Payment;Completed;EUR;9,99;-0,64;9,35;ORD-503404
16/06/2026;10:33:06;GMT;Céline Marchand;ZJKDNKLN2PYJCJYZF;;Website Payment;Completed;EUR;9,99;-0,64;9,35;ORD-502545
16/06/2026;10:57:25;GMT;Agnès Rousseau;S3YWEZLTQ3Q54NS7Y;;Website Payment;Completed;EUR;59,99;-2,09;57,90;ORD-502524
16/06/2026;11:07:34;GMT;María Álvarez;UXB2WWTW50ZG5Q9UW;;Website Payment;Completed;GBP;21,99;-0,94;21,05;ORD-503196
16/06/2026;11:10:14;GMT;María Álvarez;RND9PNZEVE1YBJJ5R;;Website Payment;Completed;EUR;4,99;-0,49;4,50;ORD-502209
16/06/2026;11:11:05;GMT;François Dubois;47BVL7RVURKV2KW96;;Website Payment;Completed;GBP;4,49;-0,43;4,06;ORD-503707
16/06/2026;11:24:25;GMT;François Dubois;PU2XQR1KYTWZMN6EL;;Website Payment;Completed;EUR;24,99;-1,07;23,92;ORD-503543
16/06/2026;11:29:29;GMT;François Dubois;VE33ZVZCNGY7HTGUP;;Website Payment;Completed;EUR;9,99;-0,64;9,35;ORD-503734
16/06/2026;11:37:57;GMT;Renée Böhm;8YQ4R4A3Y7F4ZFUZU;;Website Payment;Completed;EUR;59,99;-2,09;57,90;ORD-502113
16/06/2026;11:49:38;GMT;François Dubois;1XJVV87T20NFTNK8U;;Website Payment;Completed;EUR;9,99;-0,64;9,35;ORD-503736
16/06/2026;12:08:37;GMT;Émilie Laurent;J06SSHJDVXD04TBGZ;;Website Payment;Denied;EUR;4,99;0,00;0,00;ORD-503217
16/06/2026;12:15:44;GMT;José García;QLKAMQLVQ9WT5AJ19;;Website Payment;Completed;EUR;9,99;-0,64;9,35;ORD-503316
16/06/2026;12:19:51;GMT;José García;DX5V0JHE0GQBBVJ2M;;Website Payment;Completed;EUR;59,99;-2,09;57,90;ORD-503401
16/06/2026;12:22:02;GMT;François Dubois;LGK8UMSRWM76C30ZX;;Website Payment;Completed;EUR;24,99;-1,07;23,92;ORD-502864
16/06/2026;12:55:05;GMT;Céline Marchand;PMS3BP6ZS678BQBNW;;Website Payment;Completed;EUR;24,99;-1,07;23,92;ORD-502796
16/06/2026;12:57:30;GMT;Renée Böhm;6H8UYMLGM08HTS6CU;;Website Payment;Completed;EUR;9,99;-0,64;9,35;ORD-503216
16/06/2026;12:59:49;GMT;Jürgen Müller;T0RLKMH1G7QD7EN9U;;Website Payment;Denied;EUR;59,99;0,00;0,00;ORD-503100
16/06/2026;13:11:25;GMT;Céline Marchand;KYSAUAUMFDLA6MZL7;;Website Payment;Completed;EUR;59,99;-2,09;57,90;ORD-502270
16/06/2026;13:20:27;GMT;Renée Böhm;5YT7BMHCEYKNPNAGD;;Website Payment;Completed;EUR;9,99;-0,64;9,35;ORD-503175
16/06/2026;14:02:37;GMT;José García;L3TYHB9GEW3P7QH9U;;Website Payment;Completed;EUR;9,99;-0,64;9,35;ORD-502474
16/06/2026;14:13:46;GMT;Céline Marchand;VDYRNXGXGKVZH3SCV;;Website Payment;Completed;GBP;54,99;-1,89;53,10;ORD-503638
16/06/2026;14:14:27;GMT;Agnès Rousseau;TU3MC9U7UP8UT2CCM;;Website Payment;Completed;EUR;59,99;-2,09;57,90;ORD-503882
16/06/2026;14:27:54;GMT;Agnès Rousseau;6N2A0PA0DKPHRNFBC;;Website Payment;Completed;GBP;21,99;-0,94;21,05;ORD-502811
16/06/2026;14:28:59;GMT;Søren Kjær;PZM65D6T0K8QF5S1P;;Website Payment;Completed;EUR;9,99;-0,64;9,35;ORD-502702
16/06/2026;14:39:21;GMT;Nuño Ibáñez;XXMUGUGG7644J2586;;Website Payment;Completed;GBP;8,99;-0,56;8,43;ORD-503406
16/06/2026;14:39:58;GMT;José García;9GZ7ZTEE4VD9WH5CD;;Website Payment;Completed;GBP;8,99;-0,56;8,43;ORD-502388
16/06/2026;14:55:18;GMT;Céline Marchand;LE95RLB5L7SDUKEE9;;Website Payment;Completed;EUR;24,99;-1,07;23,92;ORD-503234
16/06/2026;15:04:06;GMT;Agnès Rousseau;E8LZRENYK3AT12ZM3;;Website Payment;Completed;GBP;8,99;-0,56;8,43;ORD-502387
16/06/2026;15:23:48;GMT;François Dubois;K2G96Q713S4HV1QA9;;Website Payment;Completed;EUR;59,99;-2,09;57,90;ORD-503145
16/06/2026;15:25:24;GMT;María Álvarez;BQP9WGP4WSBSKB5HH;;Website Payment;Completed;EUR;9,99;-0,64;9,35;ORD-502241
16/06/2026;16:08:37;GMT;Søren Kjær;JBP5NNBH0ZHBQGGKP;;Website Payment;Completed;EUR;9,99;-0,64;9,35;ORD-502513
16/06/2026;16:12:58;GMT;Céline Marchand;VDLAY2Y3474BC7N4U;;Website Payment;Denied;EUR;9,99;0,00;0,00;ORD-503157
16/06/2026;16:14:28;GMT;María Álvarez;393YJJ8V2T30F8KU8;;Website Payment;Completed;EUR;9,99;-0,64;9,35;ORD-502252
16/06/2026;16:50:19;GMT;Céline Marchand;AQL76TMG8WZL5BU4A;;Website Payment;Completed;EUR;9,99;-0,64;9,35;ORD-503278
16/06/2026;16:54:08;GMT;Émilie Laurent;WSXJQZTSZCHY8ELER;;Website Payment;Completed;EUR;9,99;-0,64;9,35;ORD-502307
16/06/2026;17:01:33;GMT;Nuño Ibáñez;36JA8FHKD8KUS7D47;;Website Payment;Completed;GBP;54,99;-1,89;53,10;ORD-502141
16/06/2026;17:07:09;GMT;Nuño Ibáñez;7T3EA97LV75H8AE2R;;Website Payment;Completed;EUR;24,99;-1,07;23,92;ORD-503481
16/06/2026;17:09:27;GMT;Renée Böhm;FTXPK6LDGXZAYKJ7R;;Website Payment;Completed;EUR;59,99;-2,09;57,90;ORD-502823
16/06/2026;17:14:45;GMT;José García;K6ZWWGZVGXC9FQK6L;;Website Payment;Completed;EUR;9,99;-0,64;9,35;ORD-503186
16/06/2026;17:24:05;GMT;Jürgen Müller;D5YP8PJUMZWCKGF4G;;Website Payment;Completed;GBP;8,99;-0,56;8,43;ORD-503345
16/06/2026;17:30:08;GMT;Renée Böhm;MLLSBBGVG8UD69Y29;;Website Payment;Completed;EUR;24,99;-1,07;23,92;ORD-503505
16/06/2026;17:41:39;GMT;Agnès Rousseau;WDQ1WG381WRTBDY62;;Website Payment;Completed;EUR;59,99;-2,09;57,90;ORD-503522
16/06/2026;17:43:20;GMT;Søren Kjær;KBKV7EJ21RHRNA267;;Website Payment;Completed;EUR;9,99;-0,64;9,35;ORD-502600
16/06/2026;17:57:27;GMT;José García;3K8FT8DETX85RTX3Y;;Website Payment;Completed;EUR;59,99;-2,09;57,90;ORD-503828
16/06/2026;17:57:28;GMT;Agnès Rousseau;1MNKGJ723CH9B51VR;;Website Payment;Completed;EUR;24,99;-1,07;23,92;ORD-503194
16/06/2026;17:57:36;GMT;Nuño Ibáñez;CQ2MCHAVATQKM5SDT;;Website Payment;Completed;EUR;9,99;-0,64;9,35;ORD-503137
16/06/2026;18:02:54;GMT;Søren Kjær;R4U7D3Q0014PDE9ES;;Website Payment;Completed;EUR;24,99;-1,07;23,92;ORD-502895
16/06/2026;18:10:21;GMT;Émilie Laurent;GPSTAL0XKM744VSRG;;Website Payment;Completed;EUR;9,99;-0,64;9,35;ORD-503854
16/06/2026;18:14:31;GMT;Émilie Laurent;VW4GV2KB5YVLDJ970;;Website Payment;Completed;EUR;9,99;-0,64;9,35;ORD-503855
16/06/2026;18:30:27;GMT;Agnès Rousseau;R8ASLS73JFP9BNHMU;;Website Payment;Completed;EUR;4,99;-0,49;4,50;ORD-502534
16/06/2026;18:32:31;GMT;José García;522B12L147567Z1GP;;Website Payment;Completed;EUR;9,99;-0,64;9,35;ORD-502715
16/06/2026;18:35:20;GMT;Renée Böhm;D6HPZ5SJEZYB84TLF;;Website Payment;Completed;GBP;8,99;-0,56;8,43;ORD-502707
16/06/2026;18:55:12;GMT;María Álvarez;6BZWRPWT7RATV7FRF;;Website Payment;Completed;EUR;59,99;-2,09;57,90;ORD-503428
16/06/2026;19:06:06;GMT;Søren Kjær;7WHLQWBA6J2ELHFLL;;Website Payment;Completed;GBP;4,49;-0,43;4,06;ORD-503182
16/06/2026;19:14:07;GMT;Nuño Ibáñez;VLEVALNLC37PD22J5;;Website Payment;Completed;EUR;24,99;-1,07;23,92;ORD-503842
16/06/2026;19:33:12;GMT;Jürgen Müller;SBZ1MRHRA0N9YB2JW;;Website Payment;Completed;GBP;8,99;-0,56;8,43;ORD-502974
16/06/2026;19:34:46;GMT;Jürgen Müller;FUA2B8PNM7RLV70WS;;Website Payment;Completed;GBP;21,99;-0,94;21,05;ORD-502602
16/06/2026;19:38:05;GMT;María Álvarez;28H6T97P4EA2RQHVJ;;Website Payment;Completed;EUR;59,99;-2,09;57,90;ORD-502730
17/06/2026;07:53:03;GMT;Émilie Laurent;6KHLM7K2R4N1YHF8L;;Website Payment;Completed;EUR;4,99;-0,49;4,50;ORD-502798
17/06/2026;08:01:18;GMT;Jürgen Müller;4CJCA2P4EPA7MY8YY;;Website Payment;Completed;EUR;9,99;-0,64;9,35;ORD-502820
17/06/2026;08:22:37;GMT;Céline Marchand;C3LYHH2ZRGFPYNYSH;;Website Payment;Denied;EUR;9,99;0,00;0,00;ORD-503462
17/06/2026;08:56:06;GMT;Jürgen Müller;099S3VAA0KSLSE9TN;;Website Payment;Completed;EUR;9,99;-0,64;9,35;ORD-502913
17/06/2026;09:01:36;GMT;Renée Böhm;2QB9QVY88Q2UE6SJP;;Website Payment;Completed;EUR;9,99;-0,64;9,35;ORD-502891
17/06/2026;09:30:21;GMT;Søren Kjær;PMR7TH6WU0NLGSHSU;;Website Payment;Completed;EUR;4,99;-0,49;4,50;ORD-503366
17/06/2026;09:30:31;GMT;Agnès Rousseau;Z2FZDLKE4998K9H5D;;Website Payment;Completed;GBP;8,99;-0,56;8,43;ORD-503393
17/06/2026;10:26:53;GMT;Émilie Laurent;CDT7EFU32B8561LMY;;Website Payment;Completed;EUR;59,99;-2,09;57,90;ORD-503247
17/06/2026;10:54:01;GMT;Jürgen Müller;9XR9U39XBJD9MZC6V;;Website Payment;Completed;EUR;9,99;-0,64;9,35;ORD-502512
17/06/2026;11:18:01;GMT;Émilie Laurent;CGXEEG0ZNULPBXPZZ;;Website Payment;Completed;EUR;9,99;-0,64;9,35;ORD-503112
17/06/2026;11:23:36;GMT;Agnès Rousseau;KZBYFJLJFLWHMNCZ9;;Website Payment;Completed;EUR;9,99;-0,64;9,35;ORD-502120
17/06/2026;11:24:26;GMT;Céline Marchand;XMNSJEE0HBKY9FJD5;;Website Payment;Completed;EUR;9,99;-0,64;9,35;ORD-502748
17/06/2026;12:10:44;GMT;Jürgen Müller;8G7LDQ55DYM7PHVUG;;Website Payment;Denied;EUR;9,99;0,00;0,00;ORD-503289
17/06/2026;12:14:48;GMT;María Álvarez;A003C5GZYM95GJJ6F;;Website Payment;Denied;EUR;9,99;0,00;0,00;ORD-502656
17/06/2026;12:25:46;GMT;Renée Böhm;9MKT2QWTD1KLZKZKH;;Website Payment;Completed;EUR;9,99;-0,64;9,35;ORD-502398
17/06/2026;12:36:42;GMT;José García;X58N5B8Y2EXM9MW7Q;;Website Payment;Completed;EUR;9,99;-0,64;9,35;ORD-503661
17/06/2026;13:14:04;GMT;Émilie Laurent;ERVB1F136BLSNGU9Q;;Website Payment;Completed;EUR;24,99;-1,07;23,92;ORD-503354
17/06/2026;13:27:22;GMT;Renée Böhm;2A1BHR8S94XY3QWBC;;Website Payment;Completed;EUR;24,99;-1,07;23,92;ORD-502377
17/06/2026;13:30:09;GMT;Søren Kjær;WXNLHCR364B26XP52;;Website Payment;Denied;EUR;59,99;0,00;0,00;ORD-502848
17/06/2026;14:14:14;GMT;Jürgen Müller;TE1PP4AKFH3DVKN2G;;Website Payment;Completed;EUR;9,99;-0,64;9,35;ORD-502615
17/06/2026;14:18:48;GMT;Nuño Ibáñez;8CJTBFTZVHX6S7Y4K;;Website Payment;Denied;EUR;9,99;0,00;0,00;ORD-502321
17/06/2026;14:30:25;GMT;Nuño Ibáñez;MZMH1BJXU8UXAUX9W;;Website Payment;Completed;EUR;24,99;-1,07;23,92;ORD-502990
17/06/2026;14:41:04;GMT;Søren Kjær;KDQY8L4HP2Y66BPDX;V73WP7A0MFFTGLN3A;Refund;Refunded;EUR;-9,99;0,00;-9,99;ORD-502234
17/06/2026;14:58:22;GMT;Agnès Rousseau;B5DMQSSJG8BKVE4NL;;Website Payment;Completed;EUR;9,99;-0,64;9,35;ORD-502585
17/06/2026;15:02:12;GMT;Agnès Rousseau;MC9LZN41V8BYBZF35;;Website Payment;Completed;EUR;9,99;-0,64;9,35;ORD-502937
17/06/2026;15:21:02;GMT;Søren Kjær;97LUBZNWXHY98VANH;;Website Payment;Completed;EUR;9,99;-0,64;9,35;ORD-503618
17/06/2026;15:44:22;GMT;Nuño Ibáñez;6CU0R4ZS80AP6NG0B;;Website Payment;Completed;EUR;24,99;-1,07;23,92;ORD-503624
17/06/2026;15:58:37;GMT;Céline Marchand;N2V5AYPXUFA5WLS6H;;Website Payment;Completed;EUR;59,99;-2,09;57,90;ORD-503886
17/06/2026;16:13:04;GMT;Émilie Laurent;RYRU8ZUDGWADM4FKW;;Website Payment;Completed;EUR;9,99;-0,64;9,35;ORD-502625
17/06/2026;16:21:07;GMT;Émilie Laurent;8ZQ14U2YAVNC83HG5;;Website Payment;Completed;EUR;24,99;-1,07;23,92;ORD-502577
17/06/2026;16:24:24;GMT;François Dubois;GHADFYYQ74FKS7DCL;;Website Payment;Completed;EUR;9,99;-0,64;9,35;ORD-502552
17/06/2026;16:26:43;GMT;Émilie Laurent;NV2C4F6TJ7W7LFHME;;Website Payment;Denied;EUR;4,99;0,00;0,00;ORD-502762
17/06/2026;16:30:04;GMT;Agnès Rousseau;2T6KETWXNUCDGSY5T;;Website Payment;Completed;GBP;8,99;-0,56;8,43;ORD-503658
17/06/2026;16:37:24;GMT;José García;BZZNLTW5YNA3M2M2U;;Website Payment;Completed;EUR;9,99;-0,64;9,35;ORD-502443
17/06/2026;16:38:19;GMT;Céline Marchand;JRURCUSXH0E7ECH0E;;Website Payment;Completed;EUR;4,99;-0,49;4,50;ORD-503506
17/06/2026;16:54:08;GMT;José García;9NM70NGQG6KFT9SXW;;Website Payment;Completed;EUR;9,99;-0,64;9,35;ORD-502484
17/06/2026;17:16:53;GMT;Émilie Laurent;A8Z3TNFNX85RBU6TT;;Website Payment;Completed;EUR;9,99;-0,64;9,35;ORD-503179
17/06/2026;17:24:48;GMT;José García;F6W6SPWSTX816FX67;;Website Payment;Completed;EUR;59,99;-2,09;57,90;ORD-502844
17/06/2026;17:30:25;GMT;María Álvarez;PHMUPUZAFUN1DZGSM;;Website Payment;Completed;EUR;59,99;-2,09;57,90;ORD-503634
17/06/2026;17:43:15;GMT;Agnès Rousseau;WRUSZ73F863PAL8X9;;Website Payment;Completed;EUR;59,99;-2,09;57,90;ORD-502390
17/06/2026;17:57:45;GMT;François Dubois;YXX7416B9EYEA8LTU;;Website Payment;Completed;EUR;9,99;-0,64;9,35;ORD-502456
17/06/2026;17:58:39;GMT;José García;YDG7JJYCFBVETUCBF;;Website Payment;Completed;EUR;9,99;-0,64;9,35;ORD-503218
17/06/2026;18:25:37;GMT;Nuño Ibáñez;5CTXRC03HCC53CB73;;Website Payment;Completed;EUR;9,99;-0,64;9,35;ORD-503732
17/06/2026;18:27:41;GMT;María Álvarez;UM0C0ESQSJ13AQ5DJ;;Website Payment;Completed;EUR;4,99;-0,49;4,50;ORD-502447
17/06/2026;18:29:11;GMT;Renée Böhm;QH8S3M4N5HYJPPUM9;;Website Payment;Completed;EUR;9,99;-0,64;9,35;ORD-502374
17/06/2026;18:50:02;GMT;José García;6434GU7ZBJKG0XEGB;;Website Payment;Denied;EUR;9,99;0,00;0,00;ORD-503387
17/06/2026;19:02:28;GMT;Céline Marchand;G2TEV502KFFJYKD3G;;Website Payment;Completed;EUR;24,99;-1,07;23,92;ORD-503340
17/06/2026;19:10:01;GMT;Céline Marchand;1G0STJQTCY7WKMX5V;;Website Payment;Completed;EUR;24,99;-1,07;23,92;ORD-503548
17/06/2026;19:39:04;GMT;Émilie Laurent;68PZ8AJ5WC1MDG25E;;Website Payment;Completed;GBP;4,49;-0,43;4,06;ORD-503642
17/06/2026;19:49:28;GMT;Søren Kjær;7NA8SA3PCQ692F3N0;;Website Payment;Completed;EUR;9,99;-0,64;9,35;ORD-503593
17/06/2026;19:53:04;GMT;Agnès Rousseau;LZQS5SVZ5XV0VB98U;;Website Payment;Completed;GBP;8,99;-0,56;8,43;ORD-503794
17/06/2026;20:19:32;GMT;François Dubois;8JRCJYP05DS2W03U2;;Website Payment;Completed;EUR;9,99;-0,64;9,35;ORD-503326
17/06/2026;20:37:52;GMT;Renée Böhm;SJAGEV6HJT0BZXZVL;;Website Payment;Completed;EUR;24,99;-1,07;23,92;ORD-502557
18/06/2026;07:50:20;GMT;José García;P1P3AFTB2HZTSESHL;;Website Payment;Completed;EUR;24,99;-1,07;23,92;ORD-503687
18/06/2026;08:17:01;GMT;Céline Marchand;QC9EB9PNST86CSTRP;;Website Payment;Completed;EUR;24,99;-1,07;23,92;ORD-503206
18/06/2026;08:20:45;GMT;José García;9AVYXHN575GUMJSBK;;Website Payment;Completed;EUR;59,99;-2,09;57,90;ORD-502542
18/06/2026;08:30:58;GMT;José García;7YH1E7AKNC64XD8C0;;Website Payment;Completed;EUR;9,99;-0,64;9,35;ORD-503161
18/06/2026;08:36:09;GMT;Jürgen Müller;4Q0JVS21BF1UA1L9M;;Website Payment;Completed;EUR;59,99;-2,09;57,90;ORD-503277
18/06/2026;08:38:48;GMT;Jürgen Müller;GNTZRV0DSA7HSK02Y;;Website Payment;Completed;EUR;24,99;-1,07;23,92;ORD-503446
18/06/2026;08:38:58;GMT;José García;YYDBWWMDTYS9LPRKA;;Website Payment;Denied;EUR;9,99;0,00;0,00;ORD-502636
18/06/2026;08:46:26;GMT;José García;PCHJBA5U529Q86PNG;;Website Payment;Completed;EUR;59,99;-2,09;57,90;ORD-502291
18/06/2026;08:55:46;GMT;Renée Böhm;BVKUL92WEC6AP4NCW;;Website Payment;Completed;EUR;9,99;-0,64;9,35;ORD-502971
18/06/2026;08:59:22;GMT;Céline Marchand;DL57MZEMNVQXNVL6Q;;Website Payment;Completed;EUR;9,99;-0,64;9,35;ORD-503577
18/06/2026;09:08:14;GMT;Nuño Ibáñez;B1PN8WCXYSM77BCH9;9XUUMNT8FLZL3D891;Refund;Refunded;EUR;-24,99;0,00;-24,99;ORD-502853
18/06/2026;09:31:06;GMT;Søren Kjær;UZP9GRE0S2LXV8AAK;;Website Payment;Completed;EUR;59,99;-2,09;57,90;ORD-502522
18/06/2026;09:37:02;GMT;François Dubois;PXQLFBBP2ACXQ513V;;Website Payment;Completed;EUR;9,99;-0,64;9,35;ORD-503694
18/06/2026;09:39:54;GMT;Renée Böhm;Q0H0PNSXQLXWHCYB3;;Website Payment;Completed;EUR;9,99;-0,64;9,35;ORD-503847
18/06/2026;09:41:55;GMT;Agnès Rousseau;4X1H0FBVMA47TFX36;;Website Payment;Completed;EUR;9,99;-0,64;9,35;ORD-503210
18/06/2026;10:13:08;GMT;Nuño Ibáñez;XQT0NFNTQ8HEVJSTM;;Website Payment;Completed;EUR;24,99;-1,07;23,92;ORD-503008
18/06/2026;10:24:39;GMT;Émilie Laurent;4D75HDX1GUSZ4UF10;;Website Payment;Completed;EUR;9,99;-0,64;9,35;ORD-503412
18/06/2026;10:26:49;GMT;Jürgen Müller;LE32BM02X14BU0Q83;;Website Payment;Completed;EUR;4,99;-0,49;4,50;ORD-502546
18/06/2026;10:38:02;GMT;François Dubois;UL0UYHXECU08MRH9M;;Website Payment;Completed;EUR;9,99;-0,64;9,35;ORD-502859
18/06/2026;10:39:39;GMT;Nuño Ibáñez;9CS45RG9G9DB9U219;;Website Payment;Completed;EUR;4,99;-0,49;4,50;ORD-503085
18/06/2026;10:46:32;GMT;Søren Kjær;9BY0V8T61PFF7SMBT;;Website Payment;Completed;EUR;59,99;-2,09;57,90;ORD-503349
18/06/2026;10:57:10;GMT;Nuño Ibáñez;GE4380AEFGNS3ZQ4F;;Website Payment;Completed;EUR;9,99;-0,64;9,35;ORD-502424
18/06/2026;10:58:01;GMT;François Dubois;YQWM6JKDATPPCX9SP;;Website Payment;Completed;EUR;9,99;-0,64;9,35;ORD-503768
18/06/2026;11:24:33;GMT;José García;FH1RT2YV3N72ZT5TS;;Website Payment;Completed;EUR;9,99;-0,64;9,35;ORD-502550
18/06/2026;11:25:40;GMT;José García;7B1299XEPC1R7GC1D;;Website Payment;Completed;EUR;9,99;-0,64;9,35;ORD-502951
18/06/2026;11:34:23;GMT;Nuño Ibáñez;H1799SK9D00EHSXZP;;Website Payment;Completed;EUR;4,99;-0,49;4,50;ORD-503035
18/06/2026;11:34:36;GMT;François Dubois;XN9SFKJP4AVQXAJTE;;Website Payment;Completed;EUR;59,99;-2,09;57,90;ORD-502983
18/06/2026;11:49:15;GMT;Agnès Rousseau;BJ5GMA16JRU9R04MS;;Website Payment;Completed;EUR;9,99;-0,64;9,35;ORD-503342
18/06/2026;12:10:41;GMT;Renée Böhm;KN1W4FKT4CNS767HT;;Website Payment;Completed;EUR;59,99;-2,09;57,90;ORD-502906
18/06/2026;12:13:38;GMT;Agnès Rousseau;UKFKW3SU05SB3H2UH;;Website Payment;Completed;EUR;59,99;-2,09;57,90;ORD-502183
18/06/2026;12:18:14;GMT;Jürgen Müller;KNHPJ1SFJCPA02U4U;;Website Payment;Completed;EUR;9,99;-0,64;9,35;ORD-503248
18/06/2026;12:22:33;GMT;Søren Kjær;DWWVRPMTEXDRH1LLH;;Website Payment;Completed;EUR;4,99;-0,49;4,50;ORD-503650
18/06/2026;12:40:28;GMT;José García;QQP4X9GPMF9J7AMZ3;;Website Payment;Completed;EUR;9,99;-0,64;9,35;ORD-503740
18/06/2026;12:48:54;GMT;Renée Böhm;DZ4NS2XUTNKF7RPKA;;Website Payment;Denied;EUR;9,99;0,00;0,00;ORD-502402
18/06/2026;13:34:58;GMT;Jürgen Müller;VPT2U8E1CF7YGFX4V;;Website Payment;Completed;EUR;9,99;-0,64;9,35;ORD-502530
18/06/2026;13:38:50;GMT;Céline Marchand;GKZR88GZT5057A5XU;;Website Payment;Completed;EUR;9,99;-0,64;9,35;ORD-503260
18/06/2026;14:33:36;GMT;Nuño Ibáñez;NJ0HYQK8LVY47Q51A;;Website Payment;Completed;EUR;9,99;-0,64;9,35;ORD-502144
18/06/2026;14:35:51;GMT;Renée Böhm;RMSF0JVBNP599BUPD;;Website Payment;Completed;EUR;24,99;-1,07;23,92;ORD-502326
18/06/2026;14:39:53;GMT;Renée Böhm;TG0NR6R426QVS4TJY;;Website Payment;Completed;EUR;4,99;-0,49;4,50;ORD-502375
18/06/2026;15:03:03;GMT;Jürgen Müller;0JT7D5034BG9BJZBY;;Website Payment;Completed;EUR;59,99;-2,09;57,90;ORD-503004
18/06/2026;15:22:58;GMT;Søren Kjær;ERZ4ZL1HLRU8VWAF4;;Website Payment;Completed;EUR;59,99;-2,09;57,90;ORD-503360
18/06/2026;15:29:37;GMT;Nuño Ibáñez;ZA7ADQLGUR3WF3HHE;;Website Payment;Completed;EUR;9,99;-0,64;9,35;ORD-503443
18/06/2026;15:36:04;GMT;Émilie Laurent;Z83T23EGT0DQBWW0J;;Website Payment;Completed;EUR;9,99;-0,64;9,35;ORD-502535
18/06/2026;15:50:21;GMT;François Dubois;7FR6YD0WK0HE7PPHA;;Website Payment;Completed;EUR;4,99;-0,49;4,50;ORD-503889
18/06/2026;16:26:36;GMT;Émilie Laurent;2L2EKCVYRJM9Y8WAZ;;Website Payment;Completed;GBP;54,99;-1,89;53,10;ORD-503136
18/06/2026;16:32:40;GMT;José García;BG7XSTJL7PEQPRYBB;;Website Payment;Completed;GBP;8,99;-0,56;8,43;ORD-502941
18/06/2026;16:33:25;GMT;Renée Böhm;7L57PCME7N4JTTGDJ;;Website Payment;Completed;EUR;4,99;-0,49;4,50;ORD-502690
18/06/2026;16:39:21;GMT;José García;W8DWC2X5ELPYHZWRQ;;Website Payment;Completed;GBP;8,99;-0,56;8,43;ORD-503606
18/06/2026;16:46:51;GMT;Jürgen Müller;G4DTF67EF1JESCKWN;;Website Payment;Completed;EUR;9,99;-0,64;9,35;ORD-502538
18/06/2026;16:55:10;GMT;María Álvarez;33D9ASBRVAR20Y1SD;;Website Payment;Completed;EUR;9,99;-0,64;9,35;ORD-502518
18/06/2026;16:55:36;GMT;Agnès Rousseau;TW4R8L3SC8YUPTY14;;Website Payment;Completed;GBP;8,99;-0,56;8,43;ORD-503504
18/06/2026;17:11:01;GMT;Jürgen Müller;3YSBLL9SDAPP4533A;;Website Payment;Completed;GBP;8,99;-0,56;8,43;ORD-503065
18/06/2026;17:20:22;GMT;Nuño Ibáñez;5BSY4SRJM8AQ55AN5;;Website Payment;Completed;EUR;24,99;-1,07;23,92;ORD-502734
18/06/2026;17:25:08;GMT;Renée Böhm;7Z2Z5WP0CY7LULD75;;Website Payment;Completed;EUR;9,99;-0,64;9,35;ORD-503857
18/06/2026;17:33:50;GMT;Nuño Ibáñez;22A9WP524428A9HGA;;Website Payment;Completed;EUR;9,99;-0,64;9,35;ORD-502607
18/06/2026;17:45:02;GMT;Agnès Rousseau;88LEAB05E15H8KNS0;;Website Payment;Completed;EUR;24,99;-1,07;23,92;ORD-502236
18/06/2026;17:56:01;GMT;Nuño Ibáñez;74UWWTRATQF0Y60WL;;Website Payment;Completed;EUR;9,99;-0,64;9,35;ORD-503735
18/06/2026;18:01:17;GMT;José García;5LU39M4J535GYV1LC;;Website Payment;Completed;EUR;9,99;-0,64;9,35;ORD-503893
18/06/2026;18:55:37;GMT;Céline Marchand;GYWVP3M3MFLK4W9R1;;Website Payment;Completed;EUR;9,99;-0,64;9,35;ORD-503142
18/06/2026;19:10:14;GMT;Nuño Ibáñez;BGH9M1PWUY9H0TJCP;;Website Payment;Completed;EUR;9,99;-0,64;9,35;ORD-503752
18/06/2026;19:23:34;GMT;José García;H5K8VZZ75U0KVF525;;Website Payment;Completed;GBP;8,99;-0,56;8,43;ORD-503826
18/06/2026;19:28:06;GMT;Søren Kjær;3KWEVDY2DS7YK5FUL;;Website Payment;Completed;EUR;9,99;-0,64;9,35;ORD-503042
19/06/2026;07:36:15;GMT;Émilie Laurent;V3HZNFBZSB3KWXSJF;;Website Payment;Completed;GBP;21,99;-0,94;21,05;ORD-502828
19/06/2026;08:03:16;GMT;Renée Böhm;UZGRXGGCRT56ST51N;;Website Payment;Completed;EUR;9,99;-0,64;9,35;ORD-503696
19/06/2026;08:35:58;GMT;Nuño Ibáñez;3HWSC841BMBRBL7TX;;Website Payment;Completed;EUR;59,99;-2,09;57,90;ORD-502726
19/06/2026;08:55:01;GMT;Céline Marchand;37568ZVEJWGFU9FVA;;Website Payment;Completed;EUR;9,99;-0,64;9,35;ORD-502920
19/06/2026;08:58:43;GMT;Søren Kjær;NQH328CDFUEKQM65V;;Website Payment;Denied;EUR;9,99;0,00;0,00;ORD-502396
19/06/2026;09:06:45;GMT;José García;JBTQ5P06QW38JM0C1;;Website Payment;Completed;EUR;9,99;-0,64;9,35;ORD-502830
19/06/2026;09:09:05;GMT;Jürgen Müller;D8PVRD7J5VX8EZUSH;;Website Payment;Completed;EUR;59,99;-2,09;57,90;ORD-503322
19/06/2026;09:11:58;GMT;Émilie Laurent;TZ1GXDSHJV1JPL4RC;;Website Payment;Completed;EUR;9,99;-0,64;9,35;ORD-503067
19/06/2026;09:13:24;GMT;Renée Böhm;6ZGMJHSQRBWHKJ4S9;;Website Payment;Completed;EUR;9,99;-0,64;9,35;ORD-502888
19/06/2026;09:19:03;GMT;Jürgen Müller;VFERSY3SD1YA4HP6J;;Website Payment;Completed;GBP;21,99;-0,94;21,05;ORD-503056
19/06/2026;10:13:26;GMT;Céline Marchand;F55R9M0JPJ4UST0SF;;Website Payment;Completed;EUR;9,99;-0,64;9,35;ORD-502855
19/06/2026;10:17:42;GMT;Céline Marchand;RJ91PXDQ4N4HTHDAL;;Website Payment;Completed;EUR;9,99;-0,64;9,35;ORD-503425
19/06/2026;10:33:54;GMT;Renée Böhm;GRY9S89005FM97SBL;Y13J28MVGZ5PDLU6X;Refund;Refunded;EUR;-59,99;0,00;-59,99;ORD-503444
19/06/2026;10:44:50;GMT;José García;GBKM117TX25P4TRH5;;Website Payment;Completed;EUR;24,99;-1,07;23,92;ORD-503045
19/06/2026;11:05:08;GMT;Nuño Ibáñez;7C8V0NGARVUMF9K8M;;Website Payment;Completed;EUR;9,99;-0,64;9,35;ORD-502804
19/06/2026;11:22:58;GMT;Søren Kjær;0AR85QR63YUHZLBCY;;Website Payment;Completed;EUR;9,99;-0,64;9,35;ORD-502681
19/06/2026;11:36:07;GMT;Agnès Rousseau;EEZCZSSNE5CL4K8FG;;Website Payment;Completed;EUR;9,99;-0,64;9,35;ORD-503839
19/06/2026;11:37:54;GMT;François Dubois;A483VR2YZ15U33QJQ;;Website Payment;Completed;EUR;4,99;-0,49;4,50;ORD-502794
19/06/2026;12:11:36;GMT;Agnès Rousseau;YJT97G9G9TU6P6EX1;;Website Payment;Completed;EUR;9,99;-0,64;9,35;ORD-502360
19/06/2026;12:13:58;GMT;Renée Böhm;J2UXZXGHR79TBV29A;;Website Payment;Completed;EUR;9,99;-0,64;9,35;ORD-503612
19/06/2026;12:17:25;GMT;Émilie Laurent;W8W76MWZ896Y3E198;;Website Payment;Completed;EUR;9,99;-0,64;9,35;ORD-502664
19/06/2026;12:25:30;GMT;Agnès Rousseau;7KYJVEBT3KDMQ6MSQ;;Website Payment;Completed;EUR;9,99;-0,64;9,35;ORD-503287
19/06/2026;12:26:09;GMT;François Dubois;V146H1RDQXXRU4TLH;;Website Payment;Completed;EUR;24,99;-1,07;23,92;ORD-503781
19/06/2026;12:26:47;GMT;Nuño Ibáñez;VFWU5LNGWHK69A1YR;;Website Payment;Completed;EUR;9,99;-0,64;9,35;ORD-502301
19/06/2026;12:28:19;GMT;María Álvarez;LNJJ3VYL0G6FQSGF5;;Website Payment;Completed;EUR;59,99;-2,09;57,90;ORD-503350
19/06/2026;12:29:27;GMT;José García;G7RBMSUHKD05DMX57;;Website Payment;Completed;EUR;24,99;-1,07;23,92;ORD-502306
19/06/2026;12:42:28;GMT;Agnès Rousseau;EEFNN8FFSKM5Z217Z;;Website Payment;Completed;EUR;9,99;-0,64;9,35;ORD-503173
19/06/2026;12:43:00;GMT;Renée Böhm;J9E6DXGQ1NVDKQWC1;;Website Payment;Completed;EUR;4,99;-0,49;4,50;ORD-502340
19/06/2026;12:43:45;GMT;Émilie Laurent;KKGJ01MHZ9B0CAFKE;;Website Payment;Completed;EUR;9,99;-0,64;9,35;ORD-503570
19/06/2026;12:58:52;GMT;Søren Kjær;8CV86R5G94RGQNWDW;;Website Payment;Completed;EUR;9,99;-0,64;9,35;ORD-502493
19/06/2026;13:29:07;GMT;Søren Kjær;8N8P896X8VY1GCU7P;;Website Payment;Denied;EUR;9,99;0,00;0,00;ORD-502478
19/06/2026;13:31:29;GMT;Céline Marchand;D1UUWC9KUUZTXPAJQ;;Website Payment;Completed;EUR;9,99;-0,64;9,35;ORD-502189
19/06/2026;13:38:50;GMT;Søren Kjær;EQ2BU8G3YZ7MQ4CSN;;Website Payment;Completed;EUR;59,99;-2,09;57,90;ORD-502337
19/06/2026;13:42:13;GMT;François Dubois;5X5QY0ZABHW48DMYU;;Website Payment;Completed;EUR;9,99;-0,64;9,35;ORD-503586
19/06/2026;13:49:31;GMT;Agnès Rousseau;GKAZTB192HL4R43T9;;Website Payment;Completed;EUR;24,99;-1,07;23,92;ORD-503775
19/06/2026;13:56:19;GMT;José García;XE763HVQZEYLU71P8;;Website Payment;Completed;EUR;9,99;-0,64;9,35;ORD-503030
19/06/2026;13:58:43;GMT;Nuño Ibáñez;HXQHBUNRPHETZCBKA;;Website Payment;Completed;EUR;9,99;-0,64;9,35;ORD-503379
19/06/2026;14:34:45;GMT;Émilie Laurent;9EEQ3T1EWEGAQCPSG;;Website Payment;Denied;EUR;24,99;0,00;0,00;ORD-502286
19/06/2026;14:35:33;GMT;François Dubois;NRDDEZ8470U56RHQF;;Website Payment;Completed;EUR;24,99;-1,07;23,92;ORD-502846
19/06/2026;14:37:16;GMT;Jürgen Müller;D515EU6UA67NFV476;;Website Payment;Completed;EUR;9,99;-0,64;9,35;ORD-502419
19/06/2026;14:43:57;GMT;José García;761058PTZ91VSVVAM;;Website Payment;Completed;EUR;4,99;-0,49;4,50;ORD-503083
19/06/2026;14:59:57;GMT;Nuño Ibáñez;9SX9B6C5Y7WRR6TS9;;Website Payment;Completed;EUR;4,99;-0,49;4,50;ORD-503325
19/06/2026;15:27:16;GMT;Céline Marchand;YKWLBEXTM4PDHFTWC;;Website Payment;Completed;EUR;9,99;-0,64;9,35;ORD-503250
19/06/2026;15:40:11;GMT;José García;U3RJW3QBNYV5QW1RJ;;Website Payment;Completed;EUR;9,99;-0,64;9,35;ORD-502958
19/06/2026;15:41:17;GMT;Renée Böhm;7VNS17YKP1Q7HMDRZ;;Website Payment;Completed;EUR;9,99;-0,64;9,35;ORD-502968
19/06/2026;15:41:48;GMT;José García;9A6WPMDU16ENJYQQU;;Website Payment;Completed;EUR;9,99;-0,64;9,35;ORD-503034
19/06/2026;16:20:26;GMT;Émilie Laurent;GATMB6NJKMKK3GT67;;Website Payment;Completed;EUR;9,99;-0,64;9,35;ORD-503117
19/06/2026;16:21:14;GMT;María Álvarez;7RK8U87SAZQ09W5B6;;Website Payment;Completed;GBP;21,99;-0,94;21,05;ORD-503750
19/06/2026;16:32:10;GMT;Jürgen Müller;PQWUN15E63BGPEFS1;;Website Payment;Completed;EUR;9,99;-0,64;9,35;ORD-503619
19/06/2026;16:34:05;GMT;Jürgen Müller;9BSGUU7039FHMDA0U;DVN8HDJQGPG45V0CG;Refund;Refunded;GBP;-8,99;0,00;-8,99;ORD-502988
19/06/2026;16:42:28;GMT;María Álvarez;00MHBKULMJ867RELP;;Website Payment;Completed;EUR;9,99;-0,64;9,35;ORD-503060
19/06/2026;16:51:20;GMT;Søren Kjær;KN64YAFYRT0T31TB3;;Website Payment;Completed;EUR;9,99;-0,64;9,35;ORD-502259
19/06/2026;16:52:55;GMT;François Dubois;LB94UD1NU9YZW378G;;Website Payment;Completed;EUR;59,99;-2,09;57,90;ORD-502253
19/06/2026;16:53:22;GMT;Jürgen Müller;75FFAFXAL95DU2L1U;ZPR1970055PANKD08;Refund;Refunded;EUR;-9,99;0,00;-9,99;ORD-502831
19/06/2026;17:18:26;GMT;Nuño Ibáñez;UY500S3BGCABG1QWG;;Website Payment;Completed;GBP;8,99;-0,56;8,43;ORD-502392
19/06/2026;17:19:05;GMT;Agnès Rousseau;2SFYBWRBVFCEM794X;;Website Payment;Completed;EUR;59,99;-2,09;57,90;ORD-503497
19/06/2026;17:20:05;GMT;Émilie Laurent;X93CT97LC77N0Q152;;Website Payment;Completed;EUR;9,99;-0,64;9,35;ORD-503331
19/06/2026;17:25:36;GMT;Renée Böhm;7LJ1KA9A1UGC93HRS;;Website Payment;Completed;EUR;9,99;-0,64;9,35;ORD-502706
19/06/2026;17:29:11;GMT;François Dubois;NCBTH3YJ3XH0DG8XH;;Website Payment;Completed;EUR;9,99;-0,64;9,35;ORD-502589
19/06/2026;17:29:17;GMT;Søren Kjær;FD521FTGGDS8PCQJX;;Website Payment;Completed;GBP;21,99;-0,94;21,05;ORD-503879
19/06/2026;17:36:48;GMT;María Álvarez;GQT1HA0Z0W0C20PJS;;Website Payment;Completed;EUR;24,99;-1,07;23,92;ORD-503082
19/06/2026;18:12:01;GMT;Agnès Rousseau;Y8TQ9KSY19U44W6SC;;Website Payment;Completed;EUR;24,99;-1,07;23,92;ORD-503671
19/06/2026;18:28:18;GMT;Søren Kjær;R38P4VFKSNLAW32VZ;;Website Payment;Completed;EUR;9,99;-0,64;9,35;ORD-502470
19/06/2026;18:30:39;GMT;José García;VEN16LWL6T56VSYNQ;;Website Payment;Denied;EUR;9,99;0,00;0,00;ORD-503241
19/06/2026;18:37:16;GMT;Renée Böhm;FWPYC3UJ6Y7FJ1AR6;;Website Payment;Completed;EUR;59,99;-2,09;57,90;ORD-502527
19/06/2026;18:37:29;GMT;Renée Böhm;ASB9QEKL8V34YYPNQ;;Website Payment;Completed;EUR;4,99;-0,49;4,50;ORD-503724
19/06/2026;18:38:01;GMT;Céline Marchand;WQWRQFRH1H24PC3WA;;Website Payment;Completed;EUR;59,99;-2,09;57,90;ORD-503221
19/06/2026;18:49:59;GMT;Émilie Laurent;JSH3SMFW69K0PGY0M;;Website Payment;Completed;EUR;9,99;-0,64;9,35;ORD-503125
19/06/2026;19:11:54;GMT;José García;KFSCJHW836VA86UNJ;;Website Payment;Completed;EUR;9,99;-0,64;9,35;ORD-502341
19/06/2026;19:33:03;GMT;Renée Böhm;8C3F8WC4CQS9M4WQL;;Website Payment;Completed;EUR;59,99;-2,09;57,90;ORD-503019
19/06/2026;19:44:59;GMT;José García;1645JDFQ0CHCH80G1;;Website Payment;Completed;EUR;9,99;-0,64;9,35;ORD-502131
19/06/2026;19:48:55;GMT;Søren Kjær;62RLQ9AFYY2Y5CZTF;;Website Payment;Completed;GBP;8,99;-0,56;8,43;ORD-502714
19/06/2026;20:22:39;GMT;Céline Marchand;4CCT4MPC0Y5DMMAZP;;Website Payment;Completed;GBP;8,99;-0,56;8,43;ORD-503778
19/06/2026;20:36:38;GMT;José García;YVB4BFNAJD1N5Q7PX;;Website Payment;Completed;EUR;24,99;-1,07;23,92;ORD-502993
20/06/2026;07:30:31;GMT;Céline Marchand;XYSRRT7SP226P5ZK0;;Website Payment;Completed;GBP;8,99;-0,56;8,43;ORD-502982
20/06/2026;07:49:39;GMT;Renée Böhm;VX8KGYQ0RFTB56W3Y;;Website Payment;Completed;EUR;24,99;-1,07;23,92;ORD-502290
20/06/2026;07:53:57;GMT;Céline Marchand;8GRMVWQ4V3MQ3PBCJ;;Website Payment;Completed;EUR;4,99;-0,49;4,50;ORD-502554
20/06/2026;08:05:40;GMT;María Álvarez;M5Z159KB4JR3HSUSC;;Website Payment;Completed;EUR;24,99;-1,07;23,92;ORD-502675
20/06/2026;08:15:39;GMT;Céline Marchand;S57J4YDPWWND7Z1QP;;Website Payment;Completed;EUR;59,99;-2,09;57,90;ORD-502516
20/06/2026;08:31:42;GMT;José García;PFYFCA6WM4P8ZAT9J;;Website Payment;Completed;EUR;24,99;-1,07;23,92;ORD-503876
20/06/2026;08:42:10;GMT;Nuño Ibáñez;GS17DJ87XY7BR7MDZ;;Website Payment;Completed;EUR;9,99;-0,64;9,35;ORD-503442
20/06/2026;08:47:16;GMT;Agnès Rousseau;KR0D2JVXRVQNQ0UFX;;Website Payment;Completed;EUR;9,99;-0,64;9,35;ORD-502425
20/06/2026;08:50:49;GMT;Søren Kjær;CQ1X4HLYH5YQHBC5R;;Website Payment;Completed;EUR;9,99;-0,64;9,35;ORD-503647
20/06/2026;08:51:52;GMT;Jürgen Müller;ECNVPD3UFNXGWWEXG;;Website Payment;Denied;EUR;9,99;0,00;0,00;ORD-503202
20/06/2026;09:01:08;GMT;José García;CHN14YTEHQ252AVKG;;Website Payment;Completed;EUR;9,99;-0,64;9,35;ORD-503245
20/06/2026;09:02:32;GMT;José García;VNX6XJL8BJQ5ZN0EP;;Website Payment;Completed;GBP;8,99;-0,56;8,43;ORD-502938
20/06/2026;09:04:43;GMT;Émilie Laurent;VYEHFYZA0QHYX7UZE;;Website Payment;Completed;GBP;8,99;-0,56;8,43;ORD-503757
20/06/2026;09:21:27;GMT;Agnès Rousseau;ZG79J8LQ85Q1C1U4K;;Website Payment;Completed;EUR;24,99;-1,07;23,92;ORD-503160
20/06/2026;09:48:44;GMT;Søren Kjær;RBVXWE9N5EQD6RQQ0;;Website Payment;Completed;EUR;9,99;-0,64;9,35;ORD-502400
20/06/2026;10:13:24;GMT;Céline Marchand;2AHFX9MTFBZ2G9TFJ;;Website Payment;Completed;EUR;9,99;-0,64;9,35;ORD-502481
20/06/2026;10:37:00;GMT;François Dubois;ASTJ4JNBW75KTMCSN;;Website Payment;Completed;EUR;9,99;-0,64;9,35;ORD-502622
20/06/2026;10:37:31;GMT;Jürgen Müller;4NYZTGVSD40HAA0B5;;Website Payment;Completed;EUR;4,99;-0,49;4,50;ORD-502106
20/06/2026;10:38:52;GMT;Jürgen Müller;U5SVCAU6H045DBBB9;;Website Payment;Completed;EUR;59,99;-2,09;57,90;ORD-502802
20/06/2026;11:13:19;GMT;Nuño Ibáñez;J7W4BR3P6JR2KQ6EL;;Website Payment;Completed;EUR;59,99;-2,09;57,90;ORD-502644
20/06/2026;11:13:56;GMT;Céline Marchand;R270L0FEV4ER1GWJZ;;Website Payment;Completed;EUR;9,99;-0,64;9,35;ORD-502849
20/06/2026;11:21:27;GMT;Céline Marchand;R2RZRLQM9D3E8WJW6;;Website Payment;Completed;EUR;9,99;-0,64;9,35;ORD-503367
20/06/2026;11:24:55;GMT;François Dubois;T2ZN1GFK2Y16H0HAJ;;Website Payment;Completed;EUR;59,99;-2,09;57,90;ORD-502224
20/06/2026;11:54:01;GMT;María Álvarez;94489BF0CQ4PNJ5DZ;;Website Payment;Completed;EUR;59,99;-2,09;57,90;ORD-503029
20/06/2026;12:10:14;GMT;Céline Marchand;0DMV7KT6RG1H5YNFB;;Website Payment;Completed;EUR;9,99;-0,64;9,35;ORD-503171
20/06/2026;12:16:34;GMT;Agnès Rousseau;A7QS4PKLEBUXV78QN;;Website Payment;Completed;EUR;9,99;-0,64;9,35;ORD-502344
20/06/2026;12:42:40;GMT;José García;QVLFM1RYN7GPNVY3G;;Website Payment;Completed;EUR;9,99;-0,64;9,35;ORD-502466
20/06/2026;12:56:48;GMT;María Álvarez;PM0DFQR88EP8SVF60;;Website Payment;Completed;EUR;9,99;-0,64;9,35;ORD-503020
20/06/2026;13:00:00;GMT;José García;X2KQRFAWJMU8430TC;YHBCXCT8C0K378SHL;Payment Reversal;Reversed;EUR;-59,99;0,00;-59,99;ORD-507788
20/06/2026;13:12:02;GMT;Nuño Ibáñez;T5604VLXFKYL2KA5W;;Website Payment;Completed;EUR;9,99;-0,64;9,35;ORD-502472
20/06/2026;13:30:57;GMT;Céline Marchand;ZXKZ6RUEK5NCV69Z6;;Website Payment;Completed;EUR;4,99;-0,49;4,50;ORD-502966
20/06/2026;14:02:09;GMT;Jürgen Müller;G8G9JSNCMBQJGXDZZ;;Website Payment;Completed;EUR;4,99;-0,49;4,50;ORD-503445
20/06/2026;14:09:49;GMT;Céline Marchand;TNEQUM7MJ0KVEZ6ZN;;Website Payment;Completed;EUR;59,99;-2,09;57,90;ORD-503493
20/06/2026;14:27:50;GMT;María Álvarez;7FMG4M4KL3Z3LNL8Y;;Website Payment;Completed;EUR;9,99;-0,64;9,35;ORD-503097
20/06/2026;14:31:12;GMT;Renée Böhm;5MWKFW00YW3EV08A7;;Website Payment;Completed;EUR;4,99;-0,49;4,50;ORD-502112
20/06/2026;14:52:27;GMT;Émilie Laurent;9BQNUFF3QRMKQLZFY;;Website Payment;Completed;EUR;59,99;-2,09;57,90;ORD-502246
20/06/2026;14:59:09;GMT;Émilie Laurent;KPPWQNXDSTK73ZXPJ;;Website Payment;Completed;EUR;59,99;-2,09;57,90;ORD-502440
20/06/2026;15:01:31;GMT;Agnès Rousseau;JL06XKSQFEY6TUP28;;Website Payment;Completed;EUR;9,99;-0,64;9,35;ORD-503040
20/06/2026;15:17:58;GMT;Renée Böhm;7TFY7WTAC22WRRLXZ;;Website Payment;Completed;EUR;9,99;-0,64;9,35;ORD-502222
20/06/2026;15:36:02;GMT;Céline Marchand;HENWDFDYVRGCWJJFZ;;Website Payment;Completed;EUR;9,99;-0,64;9,35;ORD-503151
20/06/2026;15:41:40;GMT;Renée Böhm;1H3T2BDT6D6LVAA2H;;Website Payment;Completed;EUR;9,99;-0,64;9,35;ORD-502747
20/06/2026;15:50:36;GMT;Søren Kjær;BW1PRYVZMT441CWFR;;Website Payment;Completed;EUR;59,99;-2,09;57,90;ORD-503280
20/06/2026;16:06:26;GMT;Jürgen Müller;QS8Z6ELB6HL62ZV1Q;;Website Payment;Denied;GBP;54,99;0,00;0,00;ORD-503546
20/06/2026;16:12:19;GMT;Renée Böhm;5TD5LEZFKSKB804EZ;;Website Payment;Completed;EUR;9,99;-0,64;9,35;ORD-502225
20/06/2026;16:15:20;GMT;José García;1ABAV16R8EXE1KKRA;;Website Payment;Denied;EUR;24,99;0,00;0,00;ORD-502799
20/06/2026;16:55:09;GMT;José García;9P365T3Q2FSKD6Z95;;Website Payment;Completed;GBP;8,99;-0,56;8,43;ORD-502129
20/06/2026;16:59:55;GMT;Céline Marchand;F48JX8CH3HC67SM9Y;;Website Payment;Completed;EUR;59,99;-2,09;57,90;ORD-502641
20/06/2026;17:17:34;GMT;François Dubois;ESV5JNXD0KTMNKPK8;UXB2WWTW50ZG5Q9UW;Refund;Refunded;GBP;-21,99;0,00;-21,99;ORD-503196
20/06/2026;17:18:08;GMT;Émilie Laurent;70HA3AYQNRKFTFXQU;;Website Payment;Denied;EUR;9,99;0,00;0,00;ORD-503742
20/06/2026;17:40:33;GMT;Renée Böhm;QFWPGY4B9AJW8WAXD;;Website Payment;Completed;EUR;9,99;-0,64;9,35;ORD-503514
20/06/2026;18:02:25;GMT;Nuño Ibáñez;ZS3V5GXNEJHQX7BNJ;;Website Payment;Denied;GBP;8,99;0,00;0,00;ORD-502119
20/06/2026;18:07:29;GMT;Søren Kjær;QBPLUTB0F8MMAR9QV;;Website Payment;Completed;EUR;59,99;-2,09;57,90;ORD-503753
20/06/2026;18:15:15;GMT;Renée Böhm;YUGY53BLSV4B0ZBDZ;;Website Payment;Completed;EUR;9,99;-0,64;9,35;ORD-502760
20/06/2026;18:19:03;GMT;Agnès Rousseau;6QGQQYREME1ZX0AMV;;Website Payment;Completed;EUR;24,99;-1,07;23,92;ORD-502405
20/06/2026;18:22:16;GMT;Søren Kjær;5QZ87RRUCD6QX5FL2;;Website Payment;Completed;EUR;9,99;-0,64;9,35;ORD-503183
20/06/2026;18:39:53;GMT;María Álvarez;EVRTJ61ATBAUV5TYB;;Website Payment;Completed;EUR;4,99;-0,49;4,50;ORD-503448
20/06/2026;18:48:08;GMT;François Dubois;LAC4BNZWZHNALVY4T;;Website Payment;Completed;EUR;9,99;-0,64;9,35;ORD-503784
20/06/2026;18:58:09;GMT;Céline Marchand;T9395AVKB3TPADN2D;;Website Payment;Completed;EUR;24,99;-1,07;23,92;ORD-502612
20/06/2026;19:12:10;GMT;María Álvarez;2710Q0XMVVRLZ6R3L;;Website Payment;Completed;EUR;9,99;-0,64;9,35;ORD-503335
20/06/2026;19:21:25;GMT;Søren Kjær;B55EP7LVUSWHUNXPE;;Website Payment;Completed;EUR;9,99;-0,64;9,35;ORD-503190
20/06/2026;19:28:56;GMT;Renée Böhm;QQZT9YV2CXU5RLUJS;;Website Payment;Completed;EUR;9,99;-0,64;9,35;ORD-503320
20/06/2026;19:31:06;GMT;María Álvarez;MKB7CYVYFWBRRXX0L;;Website Payment;Completed;GBP;8,99;-0,56;8,43;ORD-502460
20/06/2026;19:38:13;GMT;François Dubois;P47Z6EB9JNH66MS60;;Website Payment;Completed;GBP;8,99;-0,56;8,43;ORD-503799
20/06/2026;20:32:23;GMT;Céline Marchand;HLSV7FFEKV283E9BG;;Website Payment;Completed;EUR;24,99;-1,07;23,92;ORD-502302
20/06/2026;20:32:27;GMT;Jürgen Müller;GGRNKD87GCV702G1F;;Website Payment;Completed;EUR;24,99;-1,07;23,92;ORD-502561
21/06/2026;07:48:28;GMT;José García;ZCW1XXWSZR1XWMBL7;;Website Payment;Completed;EUR;59,99;-2,09;57,90;ORD-502499
21/06/2026;07:51:21;GMT;José García;AQTT8HF8SQTPGWZJL;;Website Payment;Completed;GBP;8,99;-0,56;8,43;ORD-503704
21/06/2026;08:24:04;GMT;Søren Kjær;KSRFKG9CRUSN6H1DY;;Website Payment;Completed;EUR;9,99;-0,64;9,35;ORD-502783
21/06/2026;08:33:21;GMT;Céline Marchand;R46JX0MGPW7037PX3;;Website Payment;Completed;EUR;9,99;-0,64;9,35;ORD-503726
21/06/2026;08:34:21;GMT;Céline Marchand;LYDVA7YGTKNENES6G;;Website Payment;Completed;EUR;59,99;-2,09;57,90;ORD-503459
21/06/2026;08:38:37;GMT;José García;R3UKYGEDT19YW8HDC;;Website Payment;Completed;EUR;9,99;-0,64;9,35;ORD-503837
21/06/2026;09:10:28;GMT;Renée Böhm;NDG117C69AMK7XWGD;;Website Payment;Completed;EUR;24,99;-1,07;23,92;ORD-503569
21/06/2026;09:12:35;GMT;Céline Marchand;X3HE44K76HUSUFW2T;;Website Payment;Completed;EUR;9,99;-0,64;9,35;ORD-503135
21/06/2026;09:34:14;GMT;Jürgen Müller;BW1HUQCH116AGAE0U;;Website Payment;Denied;EUR;24,99;0,00;0,00;ORD-503207
21/06/2026;09:36:55;GMT;Renée Böhm;AA2J65X5GJ9V4BEGE;;Website Payment;Completed;EUR;9,99;-0,64;9,35;ORD-502735
21/06/2026;09:52:39;GMT;José García;Y4TA21562XDBAFVK8;;Website Payment;Completed;EUR;4,99;-0,49;4,50;ORD-503021
21/06/2026;10:06:20;GMT;Renée Böhm;TBKWYE7LD5SRKGBM5;;Website Payment;Completed;EUR;9,99;-0,64;9,35;ORD-503890
21/06/2026;10:14:25;GMT;Émilie Laurent;AMN1YWVHADUH53UXY;;Website Payment;Completed;GBP;8,99;-0,56;8,43;ORD-503873
21/06/2026;10:25:53;GMT;María Álvarez;P06X56SG1XK691MBT;;Website Payment;Completed;GBP;21,99;-0,94;21,05;ORD-503765
21/06/2026;10:57:16;GMT;Émilie Laurent;Y6P6YREHBLMDATDEN;;Website Payment;Completed;EUR;9,99;-0,64;9,35;ORD-503792
21/06/2026;11:03:21;GMT;Nuño Ibáñez;T2DBDNJPLCYFU2V1J;;Website Payment;Completed;EUR;9,99;-0,64;9,35;ORD-503795
21/06/2026;11:10:24;GMT;José García;6GHVZ0VZQBJPLVSV5;;Website Payment;Completed;EUR;9,99;-0,64;9,35;ORD-503669
21/06/2026;11:11:51;GMT;Céline Marchand;9KUWWRTY1Y1XNA3QU;;Website Payment;Completed;EUR;9,99;-0,64;9,35;ORD-502508
21/06/2026;11:34:19;GMT;François Dubois;UJ6WYN15SSX4V9FAG;;Website Payment;Completed;GBP;8,99;-0,56;8,43;ORD-503368
21/06/2026;11:46:24;GMT;Renée Böhm;95L3C6GPANBF84XQD;;Website Payment;Completed;EUR;9,99;-0,64;9,35;ORD-502821
21/06/2026;11:50:16;GMT;Céline Marchand;58VH5FGUGVH5A6TG5;;Website Payment;Completed;EUR;9,99;-0,64;9,35;ORD-502169
21/06/2026;12:00:29;GMT;Céline Marchand;X1CL04A3A00SWAYC5;;Website Payment;Completed;EUR;59,99;-2,09;57,90;ORD-502931
21/06/2026;12:01:57;GMT;François Dubois;4T1MD6E3MKCJBS85F;;Website Payment;Completed;EUR;9,99;-0,64;9,35;ORD-502936
21/06/2026;12:02:03;GMT;Agnès Rousseau;7ZB9C75X0ZSRKGU24;;Website Payment;Completed;GBP;8,99;-0,56;8,43;ORD-502117
21/06/2026;12:02:19;GMT;Renée Böhm;ZPZ2S32SKMQB7VKBG;;Website Payment;Completed;EUR;9,99;-0,64;9,35;ORD-502603
21/06/2026;12:19:56;GMT;Nuño Ibáñez;QQ67TLPY4E8XJRPM9;;Website Payment;Completed;EUR;9,99;-0,64;9,35;ORD-502740
21/06/2026;12:27:21;GMT;Søren Kjær;RHL444G0EKTAPMMTA;;Website Payment;Completed;GBP;21,99;-0,94;21,05;ORD-502328
21/06/2026;12:41:07;GMT;Agnès Rousseau;EKJW90Z41X0S32LE3;;Website Payment;Completed;EUR;24,99;-1,07;23,92;ORD-502199
21/06/2026;12:44:55;GMT;María Álvarez;RFQ4SF83A6RC2DKEZ;;Website Payment;Completed;EUR;9,99;-0,64;9,35;ORD-502935
21/06/2026;12:46:02;GMT;Jürgen Müller;GJW44Q6Y5ZXD20X0J;;Website Payment;Denied;GBP;21,99;0,00;0,00;ORD-502309
21/06/2026;13:04:34;GMT;François Dubois;VUL7GAK05KTPP8ZED;;Website Payment;Completed;EUR;9,99;-0,64;9,35;ORD-503603
21/06/2026;13:08:00;GMT;Nuño Ibáñez;LR1UA2C6JG0D8R2F6;;Website Payment;Completed;EUR;9,99;-0,64;9,35;ORD-503147
21/06/2026;13:12:56;GMT;François Dubois;QJAKSUJ1XMX34CSUR;;Website Payment;Completed;EUR;9,99;-0,64;9,35;ORD-502515
21/06/2026;13:13:46;GMT;María Álvarez;TM1TD5S0X50YUNL4W;;Website Payment;Denied;GBP;8,99;0,00;0,00;ORD-502654
21/06/2026;13:15:15;GMT;Émilie Laurent;06MVJWWRLY1135R4Y;;Website Payment;Completed;EUR;59,99;-2,09;57,90;ORD-502964
21/06/2026;13:24:51;GMT;Émilie Laurent;KBT14AJ6281R7FB9N;;Website Payment;Completed;EUR;59,99;-2,09;57,90;ORD-503663
21/06/2026;14:03:55;GMT;María Álvarez;2TRTUW82LY15HCP3L;;Website Payment;Completed;EUR;4,99;-0,49;4,50;ORD-503232
21/06/2026;14:23:00;GMT;Agnès Rousseau;3A3C2BY4L1HS34B88;;Website Payment;Completed;EUR;9,99;-0,64;9,35;ORD-503296
21/06/2026;14:24:58;GMT;Émilie Laurent;9J6NQXRJHW4YDTGGN;;Website Payment;Completed;EUR;9,99;-0,64;9,35;ORD-503318
21/06/2026;14:27:00;GMT;Søren Kjær;2RAXTGQ1T1W5VTXS5;;Website Payment;Completed;EUR;9,99;-0,64;9,35;ORD-503165
21/06/2026;14:29:03;GMT;Céline Marchand;051UBZDHYSBUL3XA7;;Website Payment;Completed;EUR;59,99;-2,09;57,90;ORD-502667
21/06/2026;14:51:35;GMT;Agnès Rousseau;H8FXYF5QP49V4USQ4;;Website Payment;Completed;EUR;9,99;-0,64;9,35;ORD-502284
21/06/2026;14:55:01;GMT;Agnès Rousseau;GG1MR5L8SWR6T44ST;;Website Payment;Completed;EUR;59,99;-2,09;57,90;ORD-503026
21/06/2026;15:07:15;GMT;Jürgen Müller;BBG38EP50F969HC83;;Website Payment;Completed;EUR;9,99;-0,64;9,35;ORD-503305
21/06/2026;15:36:45;GMT;Céline Marchand;UVRYV4FJDB52U9NRG;;Website Payment;Completed;EUR;24,99;-1,07;23,92;ORD-502382
21/06/2026;16:13:10;GMT;François Dubois;QG6GH10K2SGB2JZ77;;Website Payment;Completed;EUR;59,99;-2,09;57,90;ORD-503510
21/06/2026;16:15:48;GMT;Céline Marchand;CSF36AN1XC4D1FRLC;;Website Payment;Completed;GBP;8,99;-0,56;8,43;ORD-503900
21/06/2026;16:16:37;GMT;Søren Kjær;734VKD7G8BT4KRN81;;Website Payment;Completed;EUR;4,99;-0,49;4,50;ORD-502174
21/06/2026;16:26:29;GMT;Agnès Rousseau;5RZKNENUS9VZQVL3F;;Website Payment;Completed;EUR;59,99;-2,09;57,90;ORD-502836
21/06/2026;16:27:28;GMT;Émilie Laurent;LE6JUCGJZMV97U16T;;Website Payment;Completed;EUR;59,99;-2,09;57,90;ORD-502658
21/06/2026;16:41:24;GMT;Søren Kjær;J35N6RTTRKXSS3VV0;;Website Payment;Completed;EUR;59,99;-2,09;57,90;ORD-502498
21/06/2026;16:41:50;GMT;Céline Marchand;K9KRJ0QD60EP5N137;;Website Payment;Completed;EUR;24,99;-1,07;23,92;ORD-502647
21/06/2026;16:51:02;GMT;Céline Marchand;7GNZZZNQ7Z07LZBSM;;Website Payment;Completed;EUR;9,99;-0,64;9,35;ORD-502230
21/06/2026;16:54:38;GMT;Céline Marchand;77NM3YP2MKBXJ5WNA;;Website Payment;Completed;EUR;9,99;-0,64;9,35;ORD-502132
21/06/2026;16:59:33;GMT;María Álvarez;CSGT9NDK01QWTMH90;;Website Payment;Completed;EUR;9,99;-0,64;9,35;ORD-503885
21/06/2026;17:01:12;GMT;Søren Kjær;8HG5WPAS9XAZ4GY57;;Website Payment;Completed;EUR;9,99;-0,64;9,35;ORD-503094
21/06/2026;17:17:43;GMT;François Dubois;4QXHQTTS9QGJMGGP8;;Website Payment;Completed;EUR;9,99;-0,64;9,35;ORD-503867
21/06/2026;17:23:41;GMT;Céline Marchand;CZ9YX6QL3UFT42BWU;;Website Payment;Completed;EUR;24,99;-1,07;23,92;ORD-502661
21/06/2026;17:30:00;GMT;François Dubois;QSQPJVPKBJAWWKXSS;;Website Payment;Completed;EUR;24,99;-1,07;23,92;ORD-503098
21/06/2026;18:28:24;GMT;Jürgen Müller;MXLJSXLJ21EKEBYGK;;Website Payment;Completed;EUR;9,99;-0,64;9,35;ORD-502312
21/06/2026;18:30:48;GMT;José García;L6LUGNXZQV44JQBWR;;Website Payment;Completed;EUR;24,99;-1,07;23,92;ORD-503711
21/06/2026;18:45:08;GMT;María Álvarez;K4U9V1UKUDW9C2ZR4;;Website Payment;Completed;EUR;9,99;-0,64;9,35;ORD-503550
21/06/2026;18:51:53;GMT;Émilie Laurent;PBBVB3FD79AREWW7R;;Website Payment;Completed;GBP;8,99;-0,56;8,43;ORD-503592
21/06/2026;19:12:53;GMT;Céline Marchand;VM3Z0N0BLYWZCWN7K;;Website Payment;Completed;GBP;8,99;-0,56;8,43;ORD-503845
21/06/2026;19:17:50;GMT;Nuño Ibáñez;HHX8VM9XW9MDSL59D;;Website Payment;Completed;EUR;9,99;-0,64;9,35;ORD-503489
21/06/2026;19:44:01;GMT;Céline Marchand;W49LAS8WVQEZWH3SS;;Website Payment;Completed;EUR;9,99;-0,64;9,35;ORD-502158
21/06/2026;19:51:38;GMT;María Álvarez;L3AHF2HMY3P8XTWVA;;Website Payment;Completed;GBP;21,99;-0,94;21,05;ORD-502934
21/06/2026;20:03:26;GMT;Agnès Rousseau;QFUS2JTF3SF1FCJ4G;;Website Payment;Completed;EUR;59,99;-2,09;57,90;ORD-502736
21/06/2026;20:23:44;GMT;Søren Kjær;RXGZ5WEUC0BPTA13B;;Website Payment;Completed;EUR;9,99;-0,64;9,35;ORD-502800
22/06/2026;08:10:27;GMT;Émilie Laurent;WDP5VEYJPW71NVXYL;FTXPK6LDGXZAYKJ7R;Refund;Refunded;EUR;-59,99;0,00;-59,99;ORD-502823
22/06/2026;08:23:51;GMT;François Dubois;0MVYQ248LRKDWB88P;;Website Payment;Denied;EUR;9,99;0,00;0,00;ORD-503434
22/06/2026;08:26:03;GMT;Renée Böhm;VN87SHTTKKGA3C96D;;Website Payment;Completed;GBP;8,99;-0,56;8,43;ORD-503495
22/06/2026;08:48:10;GMT;Nuño Ibáñez;FU1KNDR1QQV1ST5L9;;Website Payment;Completed;GBP;8,99;-0,56;8,43;ORD-502289
22/06/2026;09:09:59;GMT;Søren Kjær;XW18ZXX0HR8QN8DTN;;Website Payment;Completed;EUR;9,99;-0,64;9,35;ORD-502190
22/06/2026;09:12:51;GMT;Émilie Laurent;6HXZ54GMLFYGB7R49;;Website Payment;Completed;GBP;21,99;-0,94;21,05;ORD-502970
22/06/2026;09:16:31;GMT;Jürgen Müller;4KCX70GZU93HPAL0U;;Website Payment;Completed;EUR;9,99;-0,64;9,35;ORD-503524
22/06/2026;09:26:22;GMT;María Álvarez;GYQS1M80T3DMQS7SQ;;Website Payment;Denied;EUR;24,99;0,00;0,00;ORD-502752
22/06/2026;09:29:01;GMT;Émilie Laurent;09GPZZYMJPACND5KP;;Website Payment;Completed;EUR;9,99;-0,64;9,35;ORD-502412
22/06/2026;09:32:20;GMT;Agnès Rousseau;SKCU57QCTH9LLAE3R;;Website Payment;Completed;EUR;9,99;-0,64;9,35;ORD-503007
22/06/2026;09:32:22;GMT;Søren Kjær;YFJAJ269UG4CCSWV6;;Website Payment;Completed;EUR;4,99;-0,49;4,50;ORD-502572
22/06/2026;09:38:59;GMT;Søren Kjær;R0Y8BSNCA9Y4Q5VU1;;Website Payment;Completed;EUR;9,99;-0,64;9,35;ORD-502109
22/06/2026;09:54:46;GMT;José García;FHAFVBBG61DVZUVP3;A1CHDTT4D6HDY5H63;Refund;Refunded;EUR;-9,99;0,00;-9,99;ORD-502555
22/06/2026;10:08:46;GMT;Émilie Laurent;1QUKL381UDS6VF85R;;Website Payment;Completed;EUR;24,99;-1,07;23,92;ORD-502203
22/06/2026;10:40:47;GMT;Nuño Ibáñez;DNUE18BYDAJY4B9KC;;Website Payment;Completed;EUR;59,99;-2,09;57,90;ORD-502704
22/06/2026;10:44:39;GMT;Céline Marchand;T87A5H91W6BSQBVKB;;Website Payment;Completed;EUR;24,99;-1,07;23,92;ORD-503532
22/06/2026;10:54:13;GMT;Søren Kjær;DHDLBHPYYSHUXBW2Q;;Website Payment;Completed;GBP;8,99;-0,56;8,43;ORD-503212
22/06/2026;11:08:55;GMT;François Dubois;3J6PJB0T48TNN5C4P;;Website Payment;Completed;EUR;9,99;-0,64;9,35;ORD-503369
22/06/2026;11:10:25;GMT;Émilie Laurent;B17QZUVV44CKQF8AP;;Website Payment;Completed;EUR;9,99;-0,64;9,35;ORD-503144
22/06/2026;11:25:11;GMT;François Dubois;JDFCPTTEXSDWXW5PP;;Website Payment;Completed;EUR;9,99;-0,64;9,35;ORD-503666
22/06/2026;11:44:46;GMT;Céline Marchand;TMLZZPUY9WVJK36AF;;Website Payment;Completed;EUR;9,99;-0,64;9,35;ORD-503471
22/06/2026;11:49:22;GMT;Céline Marchand;M99LFVDVZYUBTS234;;Website Payment;Completed;EUR;9,99;-0,64;9,35;ORD-503252
22/06/2026;11:52:25;GMT;Søren Kjær;KJB95A0UZ2AKRRPL5;;Website Payment;Completed;EUR;9,99;-0,64;9,35;ORD-503058
22/06/2026;11:56:03;GMT;François Dubois;3LCAXNTP4E06B8KPD;;Website Payment;Denied;EUR;4,99;0,00;0,00;ORD-502985
22/06/2026;12:00:55;GMT;Émilie Laurent;V1R16D96XAHFBWPN9;;Website Payment;Completed;EUR;9,99;-0,64;9,35;ORD-503899
22/06/2026;12:32:01;GMT;María Álvarez;RQV64SVCVCZYRJY3M;;Website Payment;Completed;EUR;9,99;-0,64;9,35;ORD-503086
22/06/2026;12:37:27;GMT;Renée Böhm;46RKSM3RHXFR32Y3A;;Website Payment;Denied;EUR;9,99;0,00;0,00;ORD-502457
22/06/2026;12:48:50;GMT;José García;4EAYKULV6R7LM56FK;;Website Payment;Completed;GBP;4,49;-0,43;4,06;ORD-502901
22/06/2026;13:17:51;GMT;Émilie Laurent;RR89XLGBQDWGKJ6CP;;Website Payment;Completed;GBP;54,99;-1,89;53,10;ORD-502150
22/06/2026;13:31:31;GMT;Søren Kjær;DFS93BE7RRM3HZ24Q;;Website Payment;Completed;EUR;9,99;-0,64;9,35;ORD-503430
22/06/2026;13:34:29;GMT;Renée Böhm;MZ6JEF5LLG9A3653B;;Website Payment;Completed;GBP;8,99;-0,56;8,43;ORD-502114
22/06/2026;13:46:19;GMT;Nuño Ibáñez;5RJLYX53MXFALUV7K;;Website Payment;Completed;GBP;8,99;-0,56;8,43;ORD-503675
22/06/2026;14:21:47;GMT;Jürgen Müller;212B0AKUENSYPLV9K;;Website Payment;Completed;EUR;9,99;-0,64;9,35;ORD-503120
22/06/2026;14:23:45;GMT;Renée Böhm;MB71658B60AJQH7EN;;Website Payment;Completed;GBP;8,99;-0,56;8,43;ORD-502278
22/06/2026;14:34:13;GMT;Céline Marchand;A3PKAW2HH72XXWN16;;Website Payment;Completed;EUR;9,99;-0,64;9,35;ORD-502175
22/06/2026;14:37:21;GMT;Émilie Laurent;WAA9C6S39UA9G23S5;;Website Payment;Completed;EUR;24,99;-1,07;23,92;ORD-502368
22/06/2026;15:00:50;GMT;Nuño Ibáñez;PYG6DT8S8N3RFJV4G;22A9WP524428A9HGA;Refund;Refunded;EUR;-9,99;0,00;-9,99;ORD-502607
22/06/2026;15:01:29;GMT;Céline Marchand;26VG5C0Y11NTXB5E0;;Website Payment;Completed;EUR;9,99;-0,64;9,35;ORD-503547
22/06/2026;15:12:44;GMT;Jürgen Müller;YPJLXS1KB8KPVKWWH;;Website Payment;Denied;EUR;9,99;0,00;0,00;ORD-503537
22/06/2026;15:18:40;GMT;Agnès Rousseau;DBKMC4J3PA26ENLQY;;Website Payment;Completed;EUR;9,99;-0,64;9,35;ORD-503336
22/06/2026;15:38:20;GMT;Jürgen Müller;6LZ3KFBRLRW4Y17JK;;Website Payment;Completed;EUR;9,99;-0,64;9,35;ORD-503041
22/06/2026;17:02:50;GMT;Agnès Rousseau;0QGUMQW349G4JEHDA;;Website Payment;Completed;EUR;59,99;-2,09;57,90;ORD-502986
22/06/2026;17:07:01;GMT;François Dubois;LXJ7RU3LD29LX7M70;;Website Payment;Denied;EUR;9,99;0,00;0,00;ORD-502276
22/06/2026;17:29:17;GMT;Renée Böhm;ZREUBLZVD9E147F44;;Website Payment;Completed;GBP;8,99;-0,56;8,43;ORD-503812
22/06/2026;17:35:31;GMT;María Álvarez;WLZKQGQ6NDU6CCY0H;;Website Payment;Completed;EUR;59,99;-2,09;57,90;ORD-503702
22/06/2026;17:41:58;GMT;Émilie Laurent;EHYKQ1J5ND3370K2F;;Website Payment;Completed;EUR;4,99;-0,49;4,50;ORD-503905
22/06/2026;17:44:04;GMT;Céline Marchand;FH2UL8FBAPJXYV6AG;;Website Payment;Denied;EUR;59,99;0,00;0,00;ORD-502743
22/06/2026;17:50:13;GMT;Søren Kjær;G19XSNMAL77RHS8AE;;Website Payment;Completed;EUR;9,99;-0,64;9,35;ORD-502928
22/06/2026;18:04:09;GMT;Jürgen Müller;106M1PUMWS5PF2DVG;;Website Payment;Completed;EUR;59,99;-2,09;57,90;ORD-502304
22/06/2026;18:05:22;GMT;François Dubois;Z1B2Z70RLT1U48448;;Website Payment;Completed;EUR;9,99;-0,64;9,35;ORD-502892
22/06/2026;19:05:07;GMT;Agnès Rousseau;0FR22Q5XHHQEVHKHK;;Website Payment;Completed;EUR;9,99;-0,64;9,35;ORD-502401
22/06/2026;19:05:07;GMT;Céline Marchand;T886759A0172WV6CR;;Website Payment;Completed;GBP;8,99;-0,56;8,43;ORD-503559
22/06/2026;19:10:54;GMT;François Dubois;DKYMK0KEDDYMG0V1T;;Website Payment;Completed;EUR;9,99;-0,64;9,35;ORD-503298
22/06/2026;19:15:03;GMT;François Dubois;TSG4WR4D7Q7JY5NCF;;Website Payment;Completed;EUR;59,99;-2,09;57,90;ORD-503836
22/06/2026;19:16:53;GMT;Émilie Laurent;ECD2XDG2HN5PC9NBX;;Website Payment;Completed;EUR;9,99;-0,64;9,35;ORD-503271
22/06/2026;19:49:41;GMT;Renée Böhm;KMQ816MLT40FR7SCH;;Website Payment;Completed;EUR;9,99;-0,64;9,35;ORD-502510
22/06/2026;20:26:06;GMT;María Álvarez;7NPM0UTR2N4JNAQPA;;Website Payment;Completed;EUR;9,99;-0,64;9,35;ORD-502838
23/06/2026;07:27:36;GMT;Émilie Laurent;9A1QAACURLLBHDCTT;;Website Payment;Completed;EUR;9,99;-0,64;9,35;ORD-503383
23/06/2026;07:37:10;GMT;Jürgen Müller;NENB0AHDE894DAHFW;;Website Payment;Completed;EUR;59,99;-2,09;57,90;ORD-502163
23/06/2026;08:26:13;GMT;Émilie Laurent;ZZKK7QCZC7JEKW5T5;;Website Payment;Completed;EUR;9,99;-0,64;9,35;ORD-503317
23/06/2026;08:30:53;GMT;Nuño Ibáñez;BZAKLLKZ730K2SGU0;;Website Payment;Completed;EUR;9,99;-0,64;9,35;ORD-503797
23/06/2026;08:31:17;GMT;Agnès Rousseau;4BPJJG7B2LAQGBPXG;;Website Payment;Completed;EUR;9,99;-0,64;9,35;ORD-503159
23/06/2026;08:37:28;GMT;María Álvarez;6Z3N7HJZ6C2L9LNWA;;Website Payment;Denied;EUR;4,99;0,00;0,00;ORD-503751
23/06/2026;08:48:36;GMT;Nuño Ibáñez;LKPMWECT2NZN0X19N;;Website Payment;Completed;EUR;59,99;-2,09;57,90;ORD-502609
23/06/2026;09:07:47;GMT;Jürgen Müller;L09LR94TKSEVBEE3X;;Website Payment;Completed;GBP;8,99;-0,56;8,43;ORD-503408
23/06/2026;09:19:14;GMT;Nuño Ibáñez;VG09F2JMWPAEQAGQJ;;Website Payment;Completed;EUR;9,99;-0,64;9,35;ORD-502655
23/06/2026;09:27:42;GMT;Søren Kjær;0BBCWDYQN58G3EQD3;;Website Payment;Completed;EUR;59,99;-2,09;57,90;ORD-503386
23/06/2026;09:33:02;GMT;Agnès Rousseau;VD03JT73VC3CBDV45;;Website Payment;Completed;EUR;59,99;-2,09;57,90;ORD-502166
23/06/2026;09:41:04;GMT;María Álvarez;YHSZ8YF6C98F8B1F6;;Website Payment;Completed;EUR;9,99;-0,64;9,35;ORD-503051
23/06/2026;09:43:39;GMT;Renée Böhm;WCF2HR1FLUXZNBLU0;;Website Payment;Completed;EUR;9,99;-0,64;9,35;ORD-503575
23/06/2026;09:54:58;GMT;Céline Marchand;EHYWAXZP7VM3F7D8P;;Website Payment;Completed;GBP;21,99;-0,94;21,05;ORD-503154
23/06/2026;09:57:32;GMT;Nuño Ibáñez;9QVY9XLFG1X66KGX6;;Website Payment;Completed;EUR;4,99;-0,49;4,50;ORD-503880
23/06/2026;10:24:35;GMT;Agnès Rousseau;37W53TRJ6DZ7MMA8G;;Website Payment;Completed;EUR;9,99;-0,64;9,35;ORD-502842
23/06/2026;10:28:18;GMT;François Dubois;GP2LJR80WGNEG60F4;;Website Payment;Completed;EUR;59,99;-2,09;57,90;ORD-503749
23/06/2026;10:40:24;GMT;Jürgen Müller;PY2ATAHV14M3HE8ZP;;Website Payment;Denied;EUR;24,99;0,00;0,00;ORD-502946
23/06/2026;10:55:18;GMT;Søren Kjær;QY9Z671YTUXFJGUAB;;Website Payment;Completed;EUR;24,99;-1,07;23,92;ORD-502200
23/06/2026;10:55:34;GMT;Émilie Laurent;NJ5U9DRSVNSLXTPUT;;Website Payment;Completed;EUR;9,99;-0,64;9,35;ORD-502870
23/06/2026;11:00:40;GMT;Céline Marchand;QPMWVN1DHSFGK71CU;;Website Payment;Completed;EUR;9,99;-0,64;9,35;ORD-502883
23/06/2026;11:03:20;GMT;Céline Marchand;BYL9ZBKBVB1FXARL9;;Website Payment;Completed;EUR;9,99;-0,64;9,35;ORD-503591
23/06/2026;11:04:23;GMT;Agnès Rousseau;6WCMGHA6H90SS1NH3;;Website Payment;Completed;EUR;59,99;-2,09;57,90;ORD-502446
23/06/2026;11:11:09;GMT;Søren Kjær;3GG6XX1GS6MH31ZGU;;Website Payment;Completed;EUR;9,99;-0,64;9,35;ORD-502282
23/06/2026;11:34:40;GMT;José García;7QKWG0B1613VJVXMH;;Website Payment;Completed;EUR;9,99;-0,64;9,35;ORD-503864
23/06/2026;11:40:48;GMT;María Álvarez;VBF4LF6J4DTWSGEPS;;Website Payment;Completed;GBP;8,99;-0,56;8,43;ORD-503530
23/06/2026;12:10:41;GMT;Agnès Rousseau;THHHB8H5DT0YJ0WSW;;Website Payment;Completed;EUR;4,99;-0,49;4,50;ORD-502308
23/06/2026;12:18:26;GMT;Agnès Rousseau;MKNC0WX178ZEXX56V;;Website Payment;Completed;EUR;9,99;-0,64;9,35;ORD-502659
23/06/2026;12:30:37;GMT;Renée Böhm;BUHNZRU7M4QA1CNDU;;Website Payment;Completed;EUR;9,99;-0,64;9,35;ORD-502950
23/06/2026;12:35:00;GMT;Renée Böhm;V3H85GR7D140UM6HB;;Website Payment;Completed;EUR;24,99;-1,07;23,92;ORD-503195
23/06/2026;12:56:25;GMT;José García;B65QDQ1ZC4N7BMSXJ;;Website Payment;Completed;GBP;4,49;-0,43;4,06;ORD-502668
23/06/2026;13:16:32;GMT;Søren Kjær;TUKPWH83V78WJY5L9;;Website Payment;Completed;EUR;9,99;-0,64;9,35;ORD-502793
23/06/2026;13:21:17;GMT;Émilie Laurent;SKYX8W86WJ93EMQTA;;Website Payment;Completed;EUR;24,99;-1,07;23,92;ORD-503122
23/06/2026;13:36:40;GMT;Jürgen Müller;VQ5ACFSEKNGFJDAJ0;;Website Payment;Completed;EUR;4,99;-0,49;4,50;ORD-502124
23/06/2026;13:44:48;GMT;José García;GHF2VK9MJTXBN590A;;Website Payment;Completed;EUR;24,99;-1,07;23,92;ORD-503123
23/06/2026;13:54:02;GMT;María Álvarez;QHVNT1E51ZCGVQS18;LGK8UMSRWM76C30ZX;Refund;Refunded;EUR;-24,99;0,00;-24,99;ORD-502864
23/06/2026;13:58:06;GMT;María Álvarez;8Q5BY2HFA17E8Q4ST;;Website Payment;Completed;EUR;24,99;-1,07;23,92;ORD-503652
23/06/2026;14:01:09;GMT;Céline Marchand;BA2X65QAND93NW4V7;;Website Payment;Denied;EUR;9,99;0,00;0,00;ORD-503568
23/06/2026;14:20:40;GMT;José García;3VQ2Z2K1X78PPRYX1;;Website Payment;Completed;EUR;59,99;-2,09;57,90;ORD-503421
23/06/2026;14:32:10;GMT;José García;Y2XP7H7LAU1F6U6G5;;Website Payment;Completed;EUR;24,99;-1,07;23,92;ORD-502991
23/06/2026;14:41:28;GMT;Émilie Laurent;NCHA077A8J3SFX84S;;Website Payment;Completed;GBP;8,99;-0,56;8,43;ORD-502451
23/06/2026;15:09:21;GMT;Céline Marchand;6N20U7LGUYU7QVVXE;;Website Payment;Completed;EUR;24,99;-1,07;23,92;ORD-503201
23/06/2026;15:15:48;GMT;José García;T3P64XUFHCNVYJ01E;;Website Payment;Completed;GBP;4,49;-0,43;4,06;ORD-503584
23/06/2026;15:16:31;GMT;José García;0RTAL2SWCV26EF9BQ;;Website Payment;Completed;EUR;4,99;-0,49;4,50;ORD-503103
23/06/2026;15:18:44;GMT;Søren Kjær;N3WZGB9M5RW5JRKXP;;Website Payment;Completed;EUR;9,99;-0,64;9,35;ORD-503269
23/06/2026;15:25:53;GMT;Céline Marchand;YXWNX8CA5KVYUNN9M;;Website Payment;Completed;GBP;8,99;-0,56;8,43;ORD-503656
23/06/2026;15:31:16;GMT;María Álvarez;ECM30J9ME4TPT4AZ7;;Website Payment;Denied;EUR;9,99;0,00;0,00;ORD-503364
23/06/2026;15:55:51;GMT;Nuño Ibáñez;UKGXFZ5GA39WQ37ZV;;Website Payment;Completed;GBP;8,99;-0,56;8,43;ORD-503758
23/06/2026;15:57:02;GMT;Renée Böhm;LGZWXW7YAHZ0HHUR3;;Website Payment;Completed;EUR;9,99;-0,64;9,35;ORD-502880
23/06/2026;16:03:21;GMT;Céline Marchand;WMCM8KKARNVEQMV3E;;Website Payment;Completed;EUR;24,99;-1,07;23,92;ORD-503290
23/06/2026;16:14:50;GMT;Søren Kjær;FNU5RP1SVH9HPC9BN;;Website Payment;Completed;EUR;4,99;-0,49;4,50;ORD-502187
23/06/2026;16:16:47;GMT;Nuño Ibáñez;B8EVHSLYJBBJA3DLB;;Website Payment;Completed;EUR;4,99;-0,49;4,50;ORD-502548
23/06/2026;16:21:54;GMT;Renée Böhm;PEVW968CHE16N6DJ2;KFSCJHW836VA86UNJ;Refund;Refunded;EUR;-5,00;0,00;-5,00;ORD-502341
23/06/2026;16:27:31;GMT;José García;PJDQ3DDF6FKB8G75N;;Website Payment;Completed;EUR;9,99;-0,64;9,35;ORD-503375
23/06/2026;16:50:46;GMT;Agnès Rousseau;YDC1SF4L0P2QAGC24;;Website Payment;Completed;EUR;59,99;-2,09;57,90;ORD-503187
23/06/2026;16:50:51;GMT;Jürgen Müller;QH9T2U40BLL541S7Y;;Website Payment;Completed;EUR;9,99;-0,64;9,35;ORD-502717
23/06/2026;17:06:23;GMT;María Álvarez;83DM1G2APM0J9J0ZX;;Website Payment;Completed;GBP;8,99;-0,56;8,43;ORD-503314
23/06/2026;17:12:47;GMT;François Dubois;HDNMKXCML50Y0REEK;;Website Payment;Completed;EUR;9,99;-0,64;9,35;ORD-502872
23/06/2026;17:27:24;GMT;Søren Kjær;Q8NBD0BRTX9GEBQE8;;Website Payment;Completed;EUR;24,99;-1,07;23,92;ORD-502355
23/06/2026;17:29:57;GMT;Søren Kjær;SZU2UAED24J2UM1KT;;Website Payment;Completed;EUR;9,99;-0,64;9,35;ORD-503185
23/06/2026;17:45:57;GMT;José García;9S0891QE4KR4XPXUR;;Website Payment;Completed;GBP;8,99;-0,56;8,43;ORD-502418
23/06/2026;17:52:13;GMT;María Álvarez;ZN2H2QE5FBX3YARSM;;Website Payment;Completed;EUR;4,99;-0,49;4,50;ORD-503743
23/06/2026;18:03:48;GMT;François Dubois;4YKNBBCUN73ZNKV0S;;Website Payment;Completed;EUR;9,99;-0,64;9,35;ORD-503486
23/06/2026;18:05:50;GMT;Agnès Rousseau;HKKMEJR68KBUSRGDH;;Website Payment;Completed;EUR;59,99;-2,09;57,90;ORD-502682
23/06/2026;18:21:14;GMT;María Álvarez;PBJFW4UU9GR96WFDD;;Website Payment;Completed;GBP;21,99;-0,94;21,05;ORD-503048
23/06/2026;18:31:14;GMT;Céline Marchand;EH5NTLFAJVGWDHCPX;;Website Payment;Completed;EUR;4,99;-0,49;4,50;ORD-502549
23/06/2026;18:34:11;GMT;María Álvarez;WTB6Q6WKLZMAM8FZ0;;Website Payment;Completed;GBP;8,99;-0,56;8,43;ORD-503426
23/06/2026;18:58:57;GMT;Agnès Rousseau;5UN82Q539DDC983CB;;Website Payment;Completed;GBP;8,99;-0,56;8,43;ORD-503672
23/06/2026;19:13:24;GMT;Émilie Laurent;B2LLSCKSLX65DQ3VK;;Website Payment;Completed;GBP;8,99;-0,56;8,43;ORD-503447
23/06/2026;19:26:54;GMT;Nuño Ibáñez;NX66K9XEX4LP06X4F;;Website Payment;Completed;EUR;9,99;-0,64;9,35;ORD-502280
23/06/2026;19:34:49;GMT;María Álvarez;5ZN4K2KKV4H6MBXJ7;;Website Payment;Completed;EUR;9,99;-0,64;9,35;ORD-502532
23/06/2026;20:03:00;GMT;María Álvarez;7KHW7PYRGAGMLMSXV;;Website Payment;Completed;EUR;9,99;-0,64;9,35;ORD-502843
23/06/2026;20:09:34;GMT;Renée Böhm;HM4BJCZBNR63605RM;;Website Payment;Completed;EUR;24,99;-1,07;23,92;ORD-502574
24/06/2026;07:59:36;GMT;Renée Böhm;9XMV0KA73737CS34X;;Website Payment;Completed;EUR;9,99;-0,64;9,35;ORD-503865
24/06/2026;08:37:30;GMT;Céline Marchand;UWLK8YP3N4ZCN0LZ6;;Website Payment;Completed;EUR;9,99;-0,64;9,35;ORD-502660
24/06/2026;08:58:13;GMT;Renée Böhm;G4TTVH4QH9YRTPB6X;;Website Payment;Completed;GBP;8,99;-0,56;8,43;ORD-503388
24/06/2026;09:27:30;GMT;Nuño Ibáñez;YP06EQYC2YBHJMZSY;;Website Payment;Completed;EUR;24,99;-1,07;23,92;ORD-502149
24/06/2026;10:00:04;GMT;Jürgen Müller;6H8C73FL5FW37VHV8;;Website Payment;Completed;EUR;9,99;-0,64;9,35;ORD-502254
24/06/2026;10:09:22;GMT;Céline Marchand;4ZL1JPZC59J3TX6J1;;Website Payment;Completed;GBP;21,99;-0,94;21,05;ORD-502713
24/06/2026;10:12:26;GMT;Jürgen Müller;0QMKULKRPB12JKUY9;;Website Payment;Completed;GBP;21,99;-0,94;21,05;ORD-502965
24/06/2026;10:18:05;GMT;François Dubois;Z289X9NP155PANPWY;;Website Payment;Completed;EUR;4,99;-0,49;4,50;ORD-503009
24/06/2026;10:26:23;GMT;José García;BW94RNFMNFBWCN5QU;;Website Payment;Completed;EUR;24,99;-1,07;23,92;ORD-503641
24/06/2026;10:34:54;GMT;Nuño Ibáñez;PFVNGY5G7MZCY9FQZ;;Website Payment;Completed;GBP;21,99;-0,94;21,05;ORD-502346
24/06/2026;10:39:45;GMT;María Álvarez;FRV7BM1Y0G3Y06QY1;;Website Payment;Completed;EUR;59,99;-2,09;57,90;ORD-502319
24/06/2026;10:42:40;GMT;Renée Böhm;8W5KETJ7DFS8DE2MT;;Website Payment;Completed;GBP;21,99;-0,94;21,05;ORD-503858
24/06/2026;10:47:19;GMT;Renée Böhm;NA5BWXZB3YCM9AVGP;;Website Payment;Completed;EUR;9,99;-0,64;9,35;ORD-502792
24/06/2026;11:14:50;GMT;Søren Kjær;9GMSNGUHND829DGH8;;Website Payment;Completed;EUR;9,99;-0,64;9,35;ORD-503573
24/06/2026;11:22:57;GMT;François Dubois;L5DGNVZYCHCKQYHLM;;Website Payment;Completed;EUR;4,99;-0,49;4,50;ORD-503721
24/06/2026;11:25:08;GMT;Renée Böhm;K3HGTA2BT5ZFTP4SB;;Website Payment;Denied;GBP;54,99;0,00;0,00;ORD-503759
24/06/2026;11:30:01;GMT;Renée Böhm;F0Q6V2D6Y9HAZ0A1R;;Website Payment;Completed;EUR;59,99;-2,09;57,90;ORD-503850
24/06/2026;11:34:45;GMT;José García;3DDA0SEP2U348C366;;Website Payment;Completed;EUR;9,99;-0,64;9,35;ORD-503304
24/06/2026;11:35:55;GMT;Agnès Rousseau;4AW1072BLEDGA3Y97;;Website Payment;Completed;EUR;9,99;-0,64;9,35;ORD-502886
24/06/2026;11:48:15;GMT;Agnès Rousseau;N1DJEPYNX76K2Z92V;;Website Payment;Completed;EUR;9,99;-0,64;9,35;ORD-502599
24/06/2026;11:54:51;GMT;José García;PQBJUQCLFGB40L9VW;;Website Payment;Completed;EUR;9,99;-0,64;9,35;ORD-502170
24/06/2026;12:24:03;GMT;Søren Kjær;1HPZVWZP4NABPVVHV;;Website Payment;Completed;EUR;9,99;-0,64;9,35;ORD-503582
24/06/2026;12:24:26;GMT;José García;FTCD9EGRA876NDQ96;;Website Payment;Completed;GBP;21,99;-0,94;21,05;ORD-503831
24/06/2026;12:32:33;GMT;Jürgen Müller;EERPSQ45GVEGWJCPL;;Website Payment;Completed;EUR;24,99;-1,07;23,92;ORD-502608
24/06/2026;12:45:36;GMT;Agnès Rousseau;2R22DJQK94RP77YNA;;Website Payment;Completed;EUR;9,99;-0,64;9,35;ORD-503334
24/06/2026;12:53:46;GMT;François Dubois;K5T2FVA3ZV8KCNWX1;;Website Payment;Completed;EUR;9,99;-0,64;9,35;ORD-502819
24/06/2026;12:57:36;GMT;Céline Marchand;2KUXA1LT3X9RA7JMK;;Website Payment;Completed;EUR;9,99;-0,64;9,35;ORD-502207
24/06/2026;13:16:32;GMT;Émilie Laurent;DWE5NHDAWA5KGCJAQ;;Website Payment;Completed;EUR;9,99;-0,64;9,35;ORD-503272
24/06/2026;13:33:54;GMT;Nuño Ibáñez;VL2GCS70X5ZY8N9CV;;Website Payment;Denied;EUR;4,99;0,00;0,00;ORD-503012
24/06/2026;13:38:59;GMT;María Álvarez;C2LW2D4XVG6682JU4;;Website Payment;Completed;EUR;59,99;-2,09;57,90;ORD-502761
24/06/2026;13:44:42;GMT;Søren Kjær;E7YFMYQD7395C4RBF;;Website Payment;Completed;EUR;24,99;-1,07;23,92;ORD-503358
24/06/2026;13:44:58;GMT;María Álvarez;C88NDART9FTJFEBWW;;Website Payment;Completed;EUR;9,99;-0,64;9,35;ORD-503572
24/06/2026;13:54:17;GMT;Søren Kjær;YMVW2MLFAVPELNJ2W;;Website Payment;Completed;EUR;59,99;-2,09;57,90;ORD-502693
24/06/2026;14:00:31;GMT;Renée Böhm;5Q2PH59PEMKKSU7HT;;Website Payment;Completed;EUR;24,99;-1,07;23,92;ORD-502520
24/06/2026;14:03:37;GMT;Renée Böhm;Q5Z4BDAWD11WE4Q7B;;Website Payment;Completed;EUR;9,99;-0,64;9,35;ORD-502687
24/06/2026;14:13:04;GMT;María Álvarez;GGC8XVX8UUNATTSWJ;;Website Payment;Completed;EUR;4,99;-0,49;4,50;ORD-502617
24/06/2026;14:13:16;GMT;María Álvarez;ZKPVAHK2CUY6QUZ8J;;Website Payment;Completed;EUR;59,99;-2,09;57,90;ORD-503291
24/06/2026;14:51:25;GMT;Céline Marchand;G62XENT3XA4YTDLCX;;Website Payment;Completed;GBP;21,99;-0,94;21,05;ORD-503262
24/06/2026;14:52:57;GMT;María Álvarez;21ZC9FTQ1S3VWDNLQ;;Website Payment;Completed;EUR;9,99;-0,64;9,35;ORD-502789
24/06/2026;15:04:17;GMT;María Álvarez;FQ39QQS41QYGU49V8;;Website Payment;Completed;EUR;59,99;-2,09;57,90;ORD-503348
24/06/2026;15:33:48;GMT;Jürgen Müller;PWGZRQ4DBBAPZN65M;;Website Payment;Completed;EUR;9,99;-0,64;9,35;ORD-503437
24/06/2026;16:02:35;GMT;Émilie Laurent;Q70A3NNVCQ6PBV23D;;Website Payment;Completed;EUR;9,99;-0,64;9,35;ORD-503044
24/06/2026;16:09:56;GMT;José García;HQHR7AV4GQ1EFGKHE;;Website Payment;Completed;GBP;8,99;-0,56;8,43;ORD-502240
24/06/2026;16:21:25;GMT;Nuño Ibáñez;HF8LTA7DXQV1SC1FQ;;Website Payment;Completed;GBP;4,49;-0,43;4,06;ORD-503177
24/06/2026;16:24:28;GMT;Nuño Ibáñez;QCXELW2XLQH8AE056;;Website Payment;Completed;EUR;24,99;-1,07;23,92;ORD-502428
24/06/2026;16:38:48;GMT;María Álvarez;GEKK3CTJ63YPYMKMR;;Website Payment;Completed;GBP;8,99;-0,56;8,43;ORD-502722
24/06/2026;16:40:31;GMT;Renée Böhm;8BBQA5HE624CPZXUP;;Website Payment;Completed;EUR;9,99;-0,64;9,35;ORD-503587
24/06/2026;17:05:43;GMT;Céline Marchand;0PBSSDJB7LWSKSP6P;;Website Payment;Completed;EUR;9,99;-0,64;9,35;ORD-502299
24/06/2026;17:14:03;GMT;Agnès Rousseau;U9A9X4S7X064QVD0K;;Website Payment;Completed;EUR;24,99;-1,07;23,92;ORD-503018
24/06/2026;17:16:13;GMT;Céline Marchand;6HAEK111VK74QJ6YN;;Website Payment;Completed;GBP;21,99;-0,94;21,05;ORD-502501
24/06/2026;17:18:11;GMT;Søren Kjær;6GASRQS0S7KGNK1R2;;Website Payment;Completed;EUR;59,99;-2,09;57,90;ORD-502455
24/06/2026;17:28:48;GMT;Céline Marchand;EPM41BMMZQK32GHAC;;Website Payment;Completed;EUR;24,99;-1,07;23,92;ORD-503230
24/06/2026;17:38:25;GMT;Søren Kjær;11A42W4QYKLEN9XP4;VHETJK3AW0JMYYMJP;Refund;Refunded;GBP;-11,00;0,00;-11,00;ORD-502785
24/06/2026;18:11:29;GMT;María Álvarez;CK2ZY30NQQLFXWN9J;;Website Payment;Completed;EUR;9,99;-0,64;9,35;ORD-502453
24/06/2026;18:14:19;GMT;Émilie Laurent;WX9FLFJQ7TGUKY49B;;Website Payment;Completed;EUR;9,99;-0,64;9,35;ORD-503852
24/06/2026;18:15:13;GMT;Céline Marchand;VE2B6H1CVBHE2HPF1;;Website Payment;Completed;EUR;24,99;-1,07;23,92;ORD-502911
24/06/2026;18:49:52;GMT;Renée Böhm;S90XDMRH9QRATSPV3;;Website Payment;Completed;EUR;59,99;-2,09;57,90;ORD-503219
24/06/2026;18:50:27;GMT;Søren Kjær;R0LNQLFP4NQZBDTJZ;;Website Payment;Completed;EUR;9,99;-0,64;9,35;ORD-502227
24/06/2026;18:51:33;GMT;Søren Kjær;XNY3HERHR2NRGKTYU;;Website Payment;Denied;EUR;9,99;0,00;0,00;ORD-503407
24/06/2026;18:52:25;GMT;Émilie Laurent;B7Q2Q31X9Z7ZRDF01;;Website Payment;Completed;EUR;9,99;-0,64;9,35;ORD-503512
24/06/2026;18:57:01;GMT;José García;ACRDAZ2TYXBV9C5FK;;Website Payment;Completed;EUR;9,99;-0,64;9,35;ORD-502357
24/06/2026;19:07:39;GMT;Søren Kjær;6V9T9A0XDBDRQMJZL;;Website Payment;Completed;EUR;9,99;-0,64;9,35;ORD-502780
24/06/2026;19:12:31;GMT;José García;7NVGLJAB2RBARBWZY;;Website Payment;Completed;EUR;24,99;-1,07;23,92;ORD-502738
24/06/2026;19:22:25;GMT;Céline Marchand;BX06C5BQCR1SPCQ93;;Website Payment;Completed;EUR;59,99;-2,09;57,90;ORD-503621
24/06/2026;19:22:55;GMT;María Álvarez;YFTVPM3ST5X3D38YK;;Website Payment;Denied;EUR;4,99;0,00;0,00;ORD-502464
24/06/2026;20:25:10;GMT;José García;VCS8BF1ZH6S6WST4X;;Website Payment;Completed;EUR;9,99;-0,64;9,35;ORD-503396
25/06/2026;07:40:54;GMT;José García;5TZ02VMFWQW0AZPT5;;Website Payment;Completed;EUR;24,99;-1,07;23,92;ORD-503490
25/06/2026;08:14:30;GMT;Søren Kjær;9VUJFSCDKHEM2ABRQ;;Website Payment;Denied;EUR;9,99;0,00;0,00;ORD-503859
25/06/2026;08:18:59;GMT;Agnès Rousseau;8KMWTS46XMXFK2GJP;;Website Payment;Completed;EUR;24,99;-1,07;23,92;ORD-503483
25/06/2026;08:27:34;GMT;Jürgen Müller;2Q0GBAZ91XD76JLRW;;Website Payment;Completed;EUR;9,99;-0,64;9,35;ORD-503639
25/06/2026;08:40:15;GMT;Renée Böhm;0A9XJKEU15PXT6VEX;;Website Payment;Denied;EUR;9,99;0,00;0,00;ORD-503523
25/06/2026;08:57:14;GMT;María Álvarez;B1HU96R98ER99JRTS;;Website Payment;Completed;EUR;24,99;-1,07;23,92;ORD-503415
25/06/2026;09:05:51;GMT;José García;BLR219MGXDHKBM0GY;65WX6VZ7P0ECPZWR9;Refund;Refunded;EUR;-9,99;0,00;-9,99;ORD-502536
25/06/2026;09:19:59;GMT;María Álvarez;CJ9WKF0KGMQ6J1GHR;;Website Payment;Completed;EUR;24,99;-1,07;23,92;ORD-502863
25/06/2026;09:23:18;GMT;Jürgen Müller;R3JWC3WEQC135G1MZ;;Website Payment;Completed;EUR;9,99;-0,64;9,35;ORD-502164
25/06/2026;09:38:02;GMT;José García;XDDVYQY6X0Q6MWPXX;;Website Payment;Completed;EUR;24,99;-1,07;23,92;ORD-503770
25/06/2026;09:40:29;GMT;Jürgen Müller;15CYCTZ4YNEG1HJFM;;Website Payment;Completed;EUR;9,99;-0,64;9,35;ORD-502795
25/06/2026;09:42:59;GMT;Søren Kjær;487P191VWE98JM41E;;Website Payment;Completed;EUR;59,99;-2,09;57,90;ORD-503822
25/06/2026;09:55:50;GMT;Émilie Laurent;GTESH4PT1JB60R5MW;;Website Payment;Completed;EUR;24,99;-1,07;23,92;ORD-503846
25/06/2026;10:07:27;GMT;Søren Kjær;F5JJA3UZBEJL2P14Z;;Website Payment;Denied;EUR;9,99;0,00;0,00;ORD-502197
25/06/2026;10:19:39;GMT;Renée Böhm;Z3JPJ904T6F0D4EHK;;Website Payment;Completed;EUR;9,99;-0,64;9,35;ORD-502587
25/06/2026;10:21:53;GMT;Søren Kjær;KS3XTXN6J79EEWE4E;;Website Payment;Denied;EUR;59,99;0,00;0,00;ORD-503180
25/06/2026;10:25:21;GMT;Nuño Ibáñez;UPB2F0E2QHQPLCF45;;Website Payment;Completed;EUR;9,99;-0,64;9,35;ORD-503078
25/06/2026;10:27:13;GMT;Nuño Ibáñez;5ZDLC5YGC5R48V23B;;Website Payment;Completed;EUR;59,99;-2,09;57,90;ORD-503555
25/06/2026;10:27:34;GMT;Agnès Rousseau;RQBVFB01CUEPEKSBW;;Website Payment;Completed;EUR;24,99;-1,07;23,92;ORD-502146
25/06/2026;10:28:25;GMT;Jürgen Müller;S77S4MFKSVAKVJ0MA;;Website Payment;Completed;EUR;9,99;-0,64;9,35;ORD-502233
25/06/2026;10:35:11;GMT;José García;ATREJQQEG4XGHBNLE;;Website Payment;Completed;GBP;8,99;-0,56;8,43;ORD-503435
25/06/2026;10:47:02;GMT;María Álvarez;6GX4Z3A0TTN3QKZK7;;Website Payment;Completed;EUR;9,99;-0,64;9,35;ORD-503251
25/06/2026;10:53:53;GMT;François Dubois;W3Q2HBPUMPT1Z79U7;;Website Payment;Completed;EUR;59,99;-2,09;57,90;ORD-503720
25/06/2026;10:58:33;GMT;Émilie Laurent;4PS10ALGHJTC7H5D7;;Website Payment;Completed;EUR;9,99;-0,64;9,35;ORD-503015
25/06/2026;10:59:07;GMT;José García;2UR42Y6RDB3TFYKD1;;Website Payment;Completed;EUR;24,99;-1,07;23,92;ORD-503688
25/06/2026;11:00:00;GMT;Jürgen Müller;LCESPNBKZNLLA8UBX;YLU6F175STS5M7GG2;Refund;Refunded;EUR;-24,99;0,00;-24,99;ORD-507806
25/06/2026;11:18:07;GMT;José García;RTHNLC4J23VKYJ18C;;Website Payment;Completed;EUR;9,99;-0,64;9,35;ORD-503000
25/06/2026;11:26:09;GMT;Agnès Rousseau;HWXBEG8ZT8YLSP353;;Website Payment;Completed;GBP;8,99;-0,56;8,43;ORD-503087
25/06/2026;11:29:38;GMT;José García;REMQ1CFZC1P0WJ35Q;;Website Payment;Completed;EUR;9,99;-0,64;9,35;ORD-503223
25/06/2026;11:42:08;GMT;José García;8NG3WCZDNM9LLHCHV;;Website Payment;Completed;EUR;9,99;-0,64;9,35;ORD-502115
25/06/2026;11:51:24;GMT;Renée Böhm;XA0GK5A3PWK1CNRXV;;Website Payment;Completed;EUR;59,99;-2,09;57,90;ORD-503695
25/06/2026;11:54:58;GMT;José García;6WCQ9FJCQW6EG4YJH;;Website Payment;Completed;GBP;8,99;-0,56;8,43;ORD-502944
25/06/2026;12:01:53;GMT;François Dubois;C3VCTXNG55Y6THEL1;;Website Payment;Completed;EUR;59,99;-2,09;57,90;ORD-503017
25/06/2026;12:19:51;GMT;Nuño Ibáñez;VGSNUZ2W5LEN5CUA4;;Website Payment;Completed;EUR;59,99;-2,09;57,90;ORD-503450
25/06/2026;12:34:50;GMT;Agnès Rousseau;76Y8KD9R9Q5KG35P0;;Website Payment;Completed;EUR;24,99;-1,07;23,92;ORD-503856
25/06/2026;12:35:02;GMT;Søren Kjær;TAMQZLWT9Z62XYG9N;;Website Payment;Completed;GBP;8,99;-0,56;8,43;ORD-502889
25/06/2026;12:58:24;GMT;François Dubois;48LWBW3H78KKQ59D7;;Website Payment;Completed;EUR;9,99;-0,64;9,35;ORD-502218
25/06/2026;13:00:08;GMT;Søren Kjær;JP7EQX7X9BRA0Y9YV;;Website Payment;Completed;EUR;9,99;-0,64;9,35;ORD-503313
25/06/2026;13:07:25;GMT;Émilie Laurent;0NTPKJJJMNG93B198;;Website Payment;Completed;EUR;9,99;-0,64;9,35;ORD-502367
25/06/2026;13:12:21;GMT;Céline Marchand;UFM2LU0KXN4ZT2XPB;;Website Payment;Completed;EUR;59,99;-2,09;57,90;ORD-503545
25/06/2026;13:16:52;GMT;Søren Kjær;H5KFRTTGKZWYCS4AE;;Website Payment;Completed;EUR;9,99;-0,64;9,35;ORD-503773
25/06/2026;13:27:17;GMT;Émilie Laurent;JKS07CZLT0YZE2E4V;;Website Payment;Completed;EUR;24,99;-1,07;23,92;ORD-503266
25/06/2026;13:38:28;GMT;Søren Kjær;A57VUVYQ4EFQ5CR6S;;Website Payment;Completed;GBP;21,99;-0,94;21,05;ORD-503371
25/06/2026;13:39:16;GMT;Jürgen Müller;2S3J5J70BAQZSJM3R;;Website Payment;Completed;EUR;9,99;-0,64;9,35;ORD-503385
25/06/2026;13:40:53;GMT;Nuño Ibáñez;9LELBPFY51B4UPTZ8;;Website Payment;Completed;EUR;9,99;-0,64;9,35;ORD-502741
25/06/2026;13:47:54;GMT;Renée Böhm;5AL8X0NSQWXQX2M02;;Website Payment;Completed;EUR;59,99;-2,09;57,90;ORD-503081
25/06/2026;13:52:53;GMT;Nuño Ibáñez;DV5X158JN61PNNA62;;Website Payment;Completed;EUR;9,99;-0,64;9,35;ORD-502202
25/06/2026;14:09:58;GMT;José García;3P9P883FJMXSBJD32;C1EWKVG1K5QBEN1QF;Refund;Refunded;EUR;-9,99;0,00;-9,99;ORD-502361
25/06/2026;14:27:00;GMT;Søren Kjær;V53YCF5ZE4RH43FB5;;Website Payment;Completed;EUR;24,99;-1,07;23,92;ORD-502235
25/06/2026;14:44:20;GMT;Émilie Laurent;YSEP2JB5EU03TMMRX;;Website Payment;Completed;EUR;24,99;-1,07;23,92;ORD-503072
25/06/2026;14:46:44;GMT;Émilie Laurent;KSMM0GMDL5Q3P6FM1;;Website Payment;Completed;EUR;24,99;-1,07;23,92;ORD-502803
25/06/2026;15:23:51;GMT;Renée Böhm;DD7VGZKJVESUV1MSP;;Website Payment;Completed;EUR;9,99;-0,64;9,35;ORD-502945
25/06/2026;15:43:25;GMT;Émilie Laurent;4Q8SRSUWS0BKETYVL;;Website Payment;Completed;EUR;9,99;-0,64;9,35;ORD-502494
25/06/2026;16:05:34;GMT;François Dubois;RF57H918ZCLQ3WC3A;;Website Payment;Completed;EUR;9,99;-0,64;9,35;ORD-503141
25/06/2026;16:08:40;GMT;María Álvarez;VZPJ25TJ7XGDQWEHC;;Website Payment;Completed;EUR;9,99;-0,64;9,35;ORD-503717
25/06/2026;16:29:45;GMT;José García;WLKNWTMPX2ETANTVE;;Website Payment;Completed;EUR;59,99;-2,09;57,90;ORD-503829
25/06/2026;16:38:41;GMT;Céline Marchand;WM6ADVL6DGXVYGEB1;;Website Payment;Completed;GBP;8,99;-0,56;8,43;ORD-503257
25/06/2026;16:48:15;GMT;Renée Böhm;2BM1XUQ6V21XLQW8H;;Website Payment;Completed;EUR;24,99;-1,07;23,92;ORD-502358
25/06/2026;17:07:32;GMT;Nuño Ibáñez;WT3RKV8ACX3DXUTTD;;Website Payment;Completed;EUR;9,99;-0,64;9,35;ORD-503699
25/06/2026;17:18:48;GMT;Céline Marchand;J7CCS2N3229BL0YBN;;Website Payment;Completed;EUR;9,99;-0,64;9,35;ORD-503894
25/06/2026;17:19:31;GMT;María Álvarez;7QV83J4PK0A7JMGQG;;Website Payment;Completed;GBP;4,49;-0,43;4,06;ORD-503878
25/06/2026;17:58:32;GMT;María Álvarez;64Z6KA7643NN91ZK6;;Website Payment;Completed;EUR;9,99;-0,64;9,35;ORD-503380
25/06/2026;18:00:07;GMT;José García;H2RX8PRC375KKX0R3;;Website Payment;Completed;EUR;9,99;-0,64;9,35;ORD-503509
25/06/2026;18:04:42;GMT;Søren Kjær;W4MURVC2PC0S3WDLK;;Website Payment;Completed;EUR;24,99;-1,07;23,92;ORD-503279
25/06/2026;18:04:59;GMT;Renée Böhm;SFG92TS8K0ZDHFZ6N;;Website Payment;Completed;EUR;9,99;-0,64;9,35;ORD-503531
25/06/2026;18:07:12;GMT;Émilie Laurent;EHKVTX3K85DK00AUP;;Website Payment;Completed;EUR;24,99;-1,07;23,92;ORD-503420
25/06/2026;18:09:39;GMT;José García;9XE8KB5PFNLWE8YP2;;Website Payment;Completed;EUR;4,99;-0,49;4,50;ORD-502745
25/06/2026;18:10:10;GMT;François Dubois;GV4TYX96X63GAFR87;;Website Payment;Denied;EUR;9,99;0,00;0,00;ORD-502699
25/06/2026;18:33:33;GMT;Renée Böhm;ATTMKFL319LAJU0MB;;Website Payment;Completed;EUR;4,99;-0,49;4,50;ORD-502342
25/06/2026;18:50:58;GMT;Nuño Ibáñez;GAJAFAHTVJ1594K02;;Website Payment;Completed;EUR;24,99;-1,07;23,92;ORD-502818
25/06/2026;19:08:38;GMT;María Álvarez;W8T23SXF2RWE7ULVJ;;Website Payment;Completed;EUR;9,99;-0,64;9,35;ORD-502998
25/06/2026;19:12:35;GMT;Émilie Laurent;KQHUN8JD2YN3QRGR2;;Website Payment;Completed;EUR;9,99;-0,64;9,35;ORD-502285
25/06/2026;19:25:26;GMT;María Álvarez;L7W3T0VWAV1E6HZ26;;Website Payment;Completed;EUR;9,99;-0,64;9,35;ORD-503676
25/06/2026;19:33:02;GMT;José García;43EPR947XNPPPCHST;;Website Payment;Completed;EUR;59,99;-2,09;57,90;ORD-502215
25/06/2026;20:24:18;GMT;François Dubois;NX9B1XD0QYKL0XFC1;;Website Payment;Completed;EUR;59,99;-2,09;57,90;ORD-502711
25/06/2026;20:26:46;GMT;Søren Kjær;SWE38FJ90SBQD085H;;Website Payment;Completed;EUR;9,99;-0,64;9,35;ORD-502111
26/06/2026;07:39:25;GMT;Søren Kjær;0YAD49SPJB6Z8PCUA;;Website Payment;Completed;EUR;9,99;-0,64;9,35;ORD-502757
26/06/2026;07:52:02;GMT;Agnès Rousseau;E3H83808K2P4F2EBY;;Website Payment;Completed;EUR;9,99;-0,64;9,35;ORD-502462
26/06/2026;08:39:57;GMT;Nuño Ibáñez;EKT9QVJAQB7NDSVBN;;Website Payment;Denied;EUR;9,99;0,00;0,00;ORD-502480
26/06/2026;08:45:41;GMT;José García;S4TAPYYQKYWEK8T2T;;Website Payment;Completed;EUR;9,99;-0,64;9,35;ORD-502897
26/06/2026;08:50:32;GMT;Renée Böhm;PFA9NRJRSHPPFJ2Q6;;Website Payment;Completed;EUR;4,99;-0,49;4,50;ORD-502694
26/06/2026;09:03:38;GMT;María Álvarez;2K30DHR1CJHY9NDL2;;Website Payment;Completed;EUR;9,99;-0,64;9,35;ORD-502185
26/06/2026;09:35:15;GMT;Renée Böhm;JRMQKFHYXC4GEW63F;;Website Payment;Completed;EUR;9,99;-0,64;9,35;ORD-503283
26/06/2026;09:59:59;GMT;Søren Kjær;55UL0Q83FQYM26N5S;;Website Payment;Completed;EUR;9,99;-0,64;9,35;ORD-503771
26/06/2026;10:07:43;GMT;Émilie Laurent;3SSRKYGPPGULSXUTM;;Website Payment;Completed;EUR;9,99;-0,64;9,35;ORD-503225
26/06/2026;10:17:17;GMT;Jürgen Müller;N0CV25BCEN9XC13RL;;Website Payment;Completed;GBP;4,49;-0,43;4,06;ORD-502779
26/06/2026;10:26:06;GMT;Émilie Laurent;MA18LZMQG35LZVE04;;Website Payment;Completed;EUR;59,99;-2,09;57,90;ORD-503686
26/06/2026;10:32:00;GMT;Céline Marchand;U1WE2BMXA6X4CC5BJ;;Website Payment;Completed;EUR;24,99;-1,07;23,92;ORD-503714
26/06/2026;10:41:23;GMT;María Álvarez;HC5X3WV0QVEGED2UM;;Website Payment;Completed;EUR;4,99;-0,49;4,50;ORD-503461
26/06/2026;10:41:25;GMT;Renée Böhm;68LBJL8J5EGUAZ8DL;;Website Payment;Completed;GBP;21,99;-0,94;21,05;ORD-503668
26/06/2026;10:44:15;GMT;François Dubois;Y5XVAJXJNC2T2B3DB;;Website Payment;Completed;EUR;59,99;-2,09;57,90;ORD-503439
26/06/2026;10:46:48;GMT;François Dubois;8MDAL564SC0L6CP1T;;Website Payment;Completed;GBP;8,99;-0,56;8,43;ORD-503226
26/06/2026;10:57:18;GMT;Søren Kjær;VRE3Q34WHJES7X0X9;;Website Payment;Completed;EUR;24,99;-1,07;23,92;ORD-503203
26/06/2026;11:03:49;GMT;Renée Böhm;7HUQY7M6UNKXLANPY;;Website Payment;Completed;GBP;8,99;-0,56;8,43;ORD-502186
26/06/2026;11:08:29;GMT;Nuño Ibáñez;KKB1C2EFPQN6N2549;;Website Payment;Completed;EUR;4,99;-0,49;4,50;ORD-503255
26/06/2026;11:17:32;GMT;Renée Böhm;20W509H7R9MUSA4F4;;Website Payment;Completed;EUR;9,99;-0,64;9,35;ORD-503231
26/06/2026;11:19:51;GMT;Jürgen Müller;TPJZARXQ828YJ6XQB;;Website Payment;Completed;EUR;24,99;-1,07;23,92;ORD-502179
26/06/2026;11:32:55;GMT;María Álvarez;UJKEJ3715GZKJELD3;;Website Payment;Completed;GBP;4,49;-0,43;4,06;ORD-502954
26/06/2026;11:48:57;GMT;Nuño Ibáñez;2CD3HB47JYBQQDSEN;;Website Payment;Completed;GBP;21,99;-0,94;21,05;ORD-503698
26/06/2026;11:59:11;GMT;María Álvarez;SBJEKE0PSU8K0328Y;;Website Payment;Completed;EUR;9,99;-0,64;9,35;ORD-503670
26/06/2026;12:16:12;GMT;Céline Marchand;PPMGY8VD8MHL0KRUJ;;Website Payment;Completed;EUR;9,99;-0,64;9,35;ORD-503465
26/06/2026;12:28:40;GMT;Renée Böhm;RKDR258BT0NP8DDSH;;Website Payment;Completed;EUR;24,99;-1,07;23,92;ORD-502759
26/06/2026;12:45:04;GMT;Céline Marchand;2Q5Y5DC42F2Q6NVGT;;Website Payment;Completed;EUR;9,99;-0,64;9,35;ORD-503066
26/06/2026;12:45:47;GMT;Émilie Laurent;6PPL9TSQX31YJYYQX;;Website Payment;Denied;EUR;9,99;0,00;0,00;ORD-503827
26/06/2026;13:04:21;GMT;François Dubois;S7K4ZKCSXYWJ03RK7;;Website Payment;Completed;EUR;9,99;-0,64;9,35;ORD-502148
26/06/2026;13:36:06;GMT;Céline Marchand;N6NN60Y1K5CYSK4VG;;Website Payment;Completed;EUR;24,99;-1,07;23,92;ORD-502521
26/06/2026;13:41:58;GMT;Søren Kjær;9QFP3J46JN37JQKLR;;Website Payment;Completed;EUR;59,99;-2,09;57,90;ORD-503209
26/06/2026;13:45:50;GMT;Renée Böhm;PVQ9QMJ0FN41K16VJ;;Website Payment;Completed;GBP;8,99;-0,56;8,43;ORD-503460
26/06/2026;13:51:28;GMT;Søren Kjær;9VNZHEU7W2B1L3G9H;;Website Payment;Completed;EUR;24,99;-1,07;23,92;ORD-502162
26/06/2026;14:02:11;GMT;Søren Kjær;5KHNU5H43KGZCYNEH;;Website Payment;Completed;GBP;8,99;-0,56;8,43;ORD-502262
26/06/2026;14:03:43;GMT;Søren Kjær;905FQRU99H1R25BA0;;Website Payment;Completed;EUR;24,99;-1,07;23,92;ORD-502283
26/06/2026;14:12:07;GMT;Émilie Laurent;GJUSJXY4PRCCXTXS4;;Website Payment;Completed;EUR;59,99;-2,09;57,90;ORD-503384
26/06/2026;14:18:12;GMT;Jürgen Müller;WBT82HZ30TZHF6S8W;;Website Payment;Denied;EUR;9,99;0,00;0,00;ORD-503536
26/06/2026;14:26:22;GMT;François Dubois;SCXCRKJAVU6C6E9NQ;;Website Payment;Completed;EUR;9,99;-0,64;9,35;ORD-502565
26/06/2026;14:34:17;GMT;José García;12BGNMWGBBH6NAX2G;;Website Payment;Completed;EUR;9,99;-0,64;9,35;ORD-502182
26/06/2026;14:53:58;GMT;Agnès Rousseau;50PZ7CWVR03AA62EH;;Website Payment;Denied;GBP;54,99;0,00;0,00;ORD-502856
26/06/2026;15:00:51;GMT;François Dubois;2F8Q6UM3KU3TD1DSR;;Website Payment;Completed;EUR;4,99;-0,49;4,50;ORD-502486
26/06/2026;15:02:25;GMT;François Dubois;8UDV3TFHT0ZEWEBZZ;;Website Payment;Completed;GBP;8,99;-0,56;8,43;ORD-503814
26/06/2026;15:08:08;GMT;José García;69NGZBALX51TN2X3A;;Website Payment;Completed;EUR;59,99;-2,09;57,90;ORD-502709
26/06/2026;15:18:14;GMT;Céline Marchand;Q1MG1TMC35LH5MSPW;;Website Payment;Completed;EUR;9,99;-0,64;9,35;ORD-503542
26/06/2026;15:25:46;GMT;François Dubois;VS3VEL88T60XUJB4T;;Website Payment;Completed;EUR;9,99;-0,64;9,35;ORD-503681
26/06/2026;15:46:10;GMT;María Álvarez;9EKG8XP54HS9772QU;Y2XP7H7LAU1F6U6G5;Refund;Refunded;EUR;-24,99;0,00;-24,99;ORD-502991
26/06/2026;15:50:10;GMT;Agnès Rousseau;TYJM6G1ZLA59960VQ;;Website Payment;Completed;EUR;9,99;-0,64;9,35;ORD-503796
26/06/2026;15:54:05;GMT;François Dubois;H07YC7Q2Q7V4FZ2WR;;Website Payment;Completed;EUR;24,99;-1,07;23,92;ORD-503204
26/06/2026;15:55:23;GMT;Nuño Ibáñez;16C4PXA0QWM6SG10A;;Website Payment;Completed;EUR;9,99;-0,64;9,35;ORD-503556
26/06/2026;16:07:40;GMT;Nuño Ibáñez;0YQ4EDHE8UBD0EV17;;Website Payment;Completed;EUR;9,99;-0,64;9,35;ORD-503623
26/06/2026;16:13:05;GMT;Céline Marchand;6BUHNNTBA284M8JCF;;Website Payment;Completed;EUR;9,99;-0,64;9,35;ORD-503518
26/06/2026;16:13:46;GMT;Renée Böhm;Y0E6A9L3BPZ1MYY7R;;Website Payment;Denied;EUR;9,99;0,00;0,00;ORD-503583
26/06/2026;16:25:00;GMT;María Álvarez;1HUX9BJ379DKXTFK4;FE2E773E96H67KV00;Refund;Refunded;EUR;-5,00;0,00;-5,00;ORD-503790
26/06/2026;16:29:06;GMT;Émilie Laurent;XYWH74YW09LFMFT59;;Website Payment;Completed;EUR;24,99;-1,07;23,92;ORD-502239
26/06/2026;16:37:50;GMT;Søren Kjær;AFESXNH2AK6WMESAL;;Website Payment;Completed;GBP;8,99;-0,56;8,43;ORD-502847
26/06/2026;16:40:43;GMT;Nuño Ibáñez;5HVH2M8KVCWJ077AU;;Website Payment;Completed;EUR;24,99;-1,07;23,92;ORD-503549
26/06/2026;16:42:41;GMT;José García;XDQ3EENSBKLX337WT;;Website Payment;Completed;EUR;24,99;-1,07;23,92;ORD-502414
26/06/2026;16:45:01;GMT;María Álvarez;ZQZSQ9DHYWEAHE3W0;;Website Payment;Completed;EUR;9,99;-0,64;9,35;ORD-503346
26/06/2026;16:58:39;GMT;Émilie Laurent;T7LMGGM4FHY0NZW5L;;Website Payment;Completed;GBP;8,99;-0,56;8,43;ORD-502845
26/06/2026;17:03:15;GMT;Søren Kjær;AKXGEUTV0B2M494X8;;Website Payment;Completed;GBP;8,99;-0,56;8,43;ORD-503613
26/06/2026;17:11:37;GMT;José García;B60PXRXDM3RUHT30V;;Website Payment;Completed;EUR;59,99;-2,09;57,90;ORD-503205
26/06/2026;17:12:13;GMT;Renée Böhm;AL6MEYPH41U5A1PX9;;Website Payment;Completed;EUR;9,99;-0,64;9,35;ORD-503705
26/06/2026;17:19:31;GMT;Émilie Laurent;2NMK8YXA3LAL2J7C1;;Website Payment;Completed;EUR;9,99;-0,64;9,35;ORD-502604
26/06/2026;17:43:34;GMT;Agnès Rousseau;TUG8GAFKTRW88EU7L;;Website Payment;Completed;EUR;24,99;-1,07;23,92;ORD-503516
26/06/2026;18:10:40;GMT;Søren Kjær;GDMZAG3DA564FYRBZ;;Website Payment;Completed;EUR;4,99;-0,49;4,50;ORD-503519
26/06/2026;18:35:35;GMT;Renée Böhm;FE859CX1SPMVV5KBV;;Website Payment;Completed;EUR;59,99;-2,09;57,90;ORD-503006
26/06/2026;18:47:16;GMT;María Álvarez;SSNA6E1ESBAC1ZJSQ;;Website Payment;Completed;EUR;9,99;-0,64;9,35;ORD-502631
26/06/2026;19:21:08;GMT;Céline Marchand;EFSPA4S0JJB9KFJGP;;Website Payment;Completed;GBP;21,99;-0,94;21,05;ORD-503892
26/06/2026;19:36:13;GMT;José García;CSBANCV3EQUEJHRK0;;Website Payment;Completed;EUR;9,99;-0,64;9,35;ORD-502791
26/06/2026;19:59:59;GMT;José García;XQG175AWKZGS0903H;;Website Payment;Completed;GBP;4,49;-0,43;4,06;ORD-502140
27/06/2026;07:44:28;GMT;Søren Kjær;3NCBV49076KB0DB8K;;Website Payment;Completed;EUR;9,99;-0,64;9,35;ORD-503440
27/06/2026;08:27:02;GMT;François Dubois;Y46M3NSQ2AXZ23WJ8;;Website Payment;Completed;GBP;4,49;-0,43;4,06;ORD-502322
27/06/2026;09:11:14;GMT;José García;T1LLNX9WGP3EUVU76;;Website Payment;Completed;EUR;4,99;-0,49;4,50;ORD-503395
27/06/2026;09:17:07;GMT;Renée Böhm;BRQJTTQMQKVGE151L;;Website Payment;Completed;EUR;9,99;-0,64;9,35;ORD-502389
27/06/2026;09:17:41;GMT;Céline Marchand;RAWSYSS6DKVH1H7KP;;Website Payment;Completed;EUR;24,99;-1,07;23,92;ORD-503755
27/06/2026;09:18:58;GMT;José García;FEB2KQ0FGTFUSH87H;;Website Payment;Completed;EUR;9,99;-0,64;9,35;ORD-503667
27/06/2026;09:20:47;GMT;Jürgen Müller;73ZV2GCG36E9N8NEX;;Website Payment;Completed;EUR;24,99;-1,07;23,92;ORD-503073
27/06/2026;09:36:25;GMT;Émilie Laurent;J8LV2MH5H11ZJR0C4;;Website Payment;Completed;EUR;9,99;-0,64;9,35;ORD-503032
27/06/2026;09:39:46;GMT;Renée Böhm;Y377N7VFSK8Y20PKX;;Website Payment;Completed;EUR;4,99;-0,49;4,50;ORD-502526
27/06/2026;10:09:09;GMT;François Dubois;RPH86CSW6TQREJX19;;Website Payment;Completed;EUR;9,99;-0,64;9,35;ORD-503191
27/06/2026;10:21:10;GMT;Nuño Ibáñez;H0RDY34XKT2YZHAVZ;;Website Payment;Completed;EUR;9,99;-0,64;9,35;ORD-502296
27/06/2026;10:38:16;GMT;François Dubois;45LKA4EQRCDTE8P7L;;Website Payment;Completed;EUR;9,99;-0,64;9,35;ORD-502651
27/06/2026;10:42:22;GMT;Jürgen Müller;WLLMB52BSXPG69UQE;;Website Payment;Completed;GBP;4,49;-0,43;4,06;ORD-503494
27/06/2026;11:10:43;GMT;Søren Kjær;XF7JPNFYA8NMTH75V;;Website Payment;Completed;EUR;9,99;-0,64;9,35;ORD-502329
27/06/2026;11:25:56;GMT;Émilie Laurent;ASV1F1TR7BM2XEHJK;;Website Payment;Completed;EUR;24,99;-1,07;23,92;ORD-502596
27/06/2026;11:32:37;GMT;Jürgen Müller;L5TUV1CZC97ZUW31U;;Website Payment;Denied;EUR;9,99;0,00;0,00;ORD-502345
27/06/2026;11:46:51;GMT;Renée Böhm;NNDYLEC7NQNU3QSKC;;Website Payment;Completed;EUR;24,99;-1,07;23,92;ORD-502876
27/06/2026;11:58:12;GMT;François Dubois;XJABVBGHNBE23MJ73;;Website Payment;Completed;EUR;4,99;-0,49;4,50;ORD-503896
27/06/2026;12:18:51;GMT;François Dubois;LZAPY9U6D91HNA1KZ;;Website Payment;Completed;EUR;9,99;-0,64;9,35;ORD-502772
27/06/2026;12:21:17;GMT;María Álvarez;MPWGCZ1RPKA9B6ET1;;Website Payment;Completed;EUR;4,99;-0,49;4,50;ORD-503887
27/06/2026;12:31:10;GMT;Søren Kjær;2NT7STPS7H7P95RC0;;Website Payment;Denied;GBP;8,99;0,00;0,00;ORD-502712
27/06/2026;13:10:32;GMT;Céline Marchand;PURZXVT79S8DVL1WN;;Website Payment;Completed;EUR;59,99;-2,09;57,90;ORD-502136
27/06/2026;13:11:23;GMT;Søren Kjær;5HDX33GGUVFPESZF8;;Website Payment;Completed;EUR;24,99;-1,07;23,92;ORD-502610
27/06/2026;13:19:43;GMT;Søren Kjær;AZB0MB9DFRG7HD448;;Website Payment;Completed;GBP;8,99;-0,56;8,43;ORD-503869
27/06/2026;13:22:46;GMT;Nuño Ibáñez;3U8C6C2W5QKMWTHH3;;Website Payment;Completed;EUR;59,99;-2,09;57,90;ORD-503106
27/06/2026;13:25:32;GMT;Jürgen Müller;3CTHPUVPKNUXVKV8T;;Website Payment;Completed;EUR;59,99;-2,09;57,90;ORD-502898
27/06/2026;13:33:14;GMT;Søren Kjær;JT95K0JVVYZNXW3DW;;Website Payment;Completed;GBP;8,99;-0,56;8,43;ORD-502349
27/06/2026;13:59:40;GMT;José García;WMCRYW5SYB2SM327U;;Website Payment;Denied;EUR;9,99;0,00;0,00;ORD-503881
27/06/2026;14:06:54;GMT;Jürgen Müller;7WMZ93DM4T3FQV4NW;;Website Payment;Denied;EUR;9,99;0,00;0,00;ORD-503214
27/06/2026;14:13:29;GMT;Jürgen Müller;6WRKZ4UM0DBV1RJ6H;;Website Payment;Completed;EUR;9,99;-0,64;9,35;ORD-503411
27/06/2026;14:35:01;GMT;Søren Kjær;4BU9TJX6B3VPNCAVQ;;Website Payment;Completed;EUR;9,99;-0,64;9,35;ORD-503628
27/06/2026;14:41:47;GMT;Søren Kjær;7QU1HMXU4J9ZGTAVL;;Website Payment;Completed;EUR;59,99;-2,09;57,90;ORD-502686
27/06/2026;15:05:24;GMT;Søren Kjær;UC14F1XGJNSQ9CMEY;;Website Payment;Completed;EUR;9,99;-0,64;9,35;ORD-502902
27/06/2026;15:06:57;GMT;Émilie Laurent;ZGCEJTVXNC2N523MM;;Website Payment;Completed;EUR;59,99;-2,09;57,90;ORD-503031
27/06/2026;15:17:02;GMT;María Álvarez;7LZE4UMCXTJ0QMMRC;;Website Payment;Completed;EUR;9,99;-0,64;9,35;ORD-502837
27/06/2026;15:23:56;GMT;Søren Kjær;BEXCDJZ3HATP636Q9;;Website Payment;Completed;GBP;54,99;-1,89;53,10;ORD-502143
27/06/2026;15:35:06;GMT;Søren Kjær;KW728L7QZ2LHV97Y5;;Website Payment;Completed;GBP;54,99;-1,89;53,10;ORD-502678
27/06/2026;16:07:18;GMT;Agnès Rousseau;7D8U6EEW553XXF85V;LF49M2JJAGN93LVWY;Refund;Refunded;GBP;-11,00;0,00;-11,00;ORD-503329
27/06/2026;16:09:21;GMT;María Álvarez;E7VBYNPURFC6NPLUQ;;Website Payment;Completed;EUR;9,99;-0,64;9,35;ORD-503107
27/06/2026;16:22:27;GMT;Renée Böhm;A1CSTX7TFEKH4J4Q2;;Website Payment;Completed;EUR;9,99;-0,64;9,35;ORD-503115
27/06/2026;16:26:28;GMT;Jürgen Müller;BZYLL9CT06R4312TV;;Website Payment;Completed;EUR;24,99;-1,07;23,92;ORD-502630
27/06/2026;16:40:59;GMT;François Dubois;DK551MBZM27Y8N0EQ;;Website Payment;Completed;EUR;9,99;-0,64;9,35;ORD-502861
27/06/2026;16:42:10;GMT;María Álvarez;QQ39994JKB6FT716X;;Website Payment;Completed;EUR;9,99;-0,64;9,35;ORD-502116
27/06/2026;16:46:31;GMT;Jürgen Müller;3DMP414T66MAXLUNW;;Website Payment;Completed;EUR;4,99;-0,49;4,50;ORD-503138
27/06/2026;17:08:48;GMT;Renée Böhm;UXEC5RGKVYJ1S90QD;;Website Payment;Completed;EUR;24,99;-1,07;23,92;ORD-503282
27/06/2026;17:28:06;GMT;Émilie Laurent;3Z3CLSV6SL0U7ECCV;;Website Payment;Completed;GBP;4,49;-0,43;4,06;ORD-503808
27/06/2026;17:45:57;GMT;Jürgen Müller;8A4URPXHC6U9LWD5W;;Website Payment;Completed;EUR;9,99;-0,64;9,35;ORD-502210
27/06/2026;17:45:59;GMT;Nuño Ibáñez;YNK1GK0Z6H0X4YMHN;;Website Payment;Completed;EUR;24,99;-1,07;23,92;ORD-502797
27/06/2026;18:25:53;GMT;María Álvarez;U4KBG4UAYM7RLM8E9;;Website Payment;Completed;EUR;4,99;-0,49;4,50;ORD-502160
27/06/2026;18:32:45;GMT;Jürgen Müller;FGN2UVTTYHE98NMYV;;Website Payment;Completed;EUR;9,99;-0,64;9,35;ORD-503429
27/06/2026;18:58:15;GMT;Renée Böhm;0YRHGDZ3Q5U1TW7PQ;;Website Payment;Completed;EUR;24,99;-1,07;23,92;ORD-503789
27/06/2026;19:01:33;GMT;Agnès Rousseau;C5NYWK5UFB484QBQ5;;Website Payment;Completed;EUR;9,99;-0,64;9,35;ORD-502247
27/06/2026;19:03:16;GMT;Jürgen Müller;QC83WEFG1MSVAY2GX;;Website Payment;Completed;EUR;9,99;-0,64;9,35;ORD-502877
27/06/2026;19:05:55;GMT;María Álvarez;8T6A9UBVMAULFJQP8;;Website Payment;Completed;EUR;9,99;-0,64;9,35;ORD-503674
27/06/2026;19:06:32;GMT;José García;GQLWCN5DXACP2NUU0;;Website Payment;Completed;EUR;4,99;-0,49;4,50;ORD-502739
27/06/2026;19:18:53;GMT;Nuño Ibáñez;KB2F82W8GP50B7G9M;;Website Payment;Completed;EUR;59,99;-2,09;57,90;ORD-502343
28/06/2026;08:18:40;GMT;Søren Kjær;3WHZATVXSQW6V49CW;;Website Payment;Completed;GBP;21,99;-0,94;21,05;ORD-502839
28/06/2026;08:24:04;GMT;Nuño Ibáñez;F6WHQ7250N7958PDA;;Website Payment;Completed;EUR;9,99;-0,64;9,35;ORD-502417
28/06/2026;08:26:05;GMT;François Dubois;W31YT3GU7T5AC6ACY;;Website Payment;Completed;EUR;4,99;-0,49;4,50;ORD-502755
28/06/2026;08:33:29;GMT;Nuño Ibáñez;7PXPXR0MKQGCX3VSZ;;Website Payment;Completed;GBP;8,99;-0,56;8,43;ORD-502198
28/06/2026;09:17:53;GMT;Agnès Rousseau;SRWWXREK1579WJW3D;;Website Payment;Completed;EUR;9,99;-0,64;9,35;ORD-502674
28/06/2026;09:25:37;GMT;María Álvarez;L3W38JWXV2416E4MH;;Website Payment;Denied;EUR;24,99;0,00;0,00;ORD-503228
28/06/2026;09:49:34;GMT;Céline Marchand;USR1ZKEPDCAK8F27F;;Website Payment;Completed;GBP;8,99;-0,56;8,43;ORD-503825
28/06/2026;09:58:44;GMT;Renée Böhm;2ML7MTD6PSCYSYM6U;;Website Payment;Completed;EUR;24,99;-1,07;23,92;ORD-503361
28/06/2026;10:01:19;GMT;Jürgen Müller;G11140JKDEJ4M4AJX;;Website Payment;Completed;EUR;59,99;-2,09;57,90;ORD-502908
28/06/2026;10:10:08;GMT;Søren Kjær;ABHVF5KH3VKG2AQME;;Website Payment;Completed;EUR;9,99;-0,64;9,35;ORD-503464
28/06/2026;10:43:22;GMT;Agnès Rousseau;J157PMS5UKMSPP0KW;;Website Payment;Completed;EUR;9,99;-0,64;9,35;ORD-503129
28/06/2026;10:56:05;GMT;Céline Marchand;QFVK8VXBXH9SMKBK2;;Website Payment;Completed;EUR;9,99;-0,64;9,35;ORD-502468
28/06/2026;11:14:32;GMT;María Álvarez;E9ZK4W5JJ03CWL5W5;;Website Payment;Denied;EUR;59,99;0,00;0,00;ORD-503076
28/06/2026;11:28:25;GMT;Nuño Ibáñez;6A87B5G1UN32VM6UU;;Website Payment;Completed;EUR;9,99;-0,64;9,35;ORD-503473
28/06/2026;11:29:55;GMT;Renée Böhm;MFWSLXHMHK5PCQ75N;;Website Payment;Completed;EUR;9,99;-0,64;9,35;ORD-503538
28/06/2026;11:46:24;GMT;Agnès Rousseau;QXD8X05H6N1VZ9BTW;;Website Payment;Completed;GBP;8,99;-0,56;8,43;ORD-502683
28/06/2026;11:57:10;GMT;Jürgen Müller;DG60CVEHTUQEFFWNY;;Website Payment;Completed;EUR;9,99;-0,64;9,35;ORD-502613
28/06/2026;12:07:17;GMT;Søren Kjær;XQVG45MXHMKPFLQZ2;;Website Payment;Completed;EUR;9,99;-0,64;9,35;ORD-503259
28/06/2026;12:14:06;GMT;Søren Kjær;SAATK03D0MXU6MLUX;;Website Payment;Completed;GBP;8,99;-0,56;8,43;ORD-503365
28/06/2026;12:36:14;GMT;François Dubois;315KA8ZGRUFY5B5BV;;Website Payment;Completed;EUR;9,99;-0,64;9,35;ORD-502917
28/06/2026;12:43:42;GMT;José García;1P6VVD9D8BT6ZCHXX;;Website Payment;Completed;EUR;9,99;-0,64;9,35;ORD-503049
28/06/2026;12:49:48;GMT;Émilie Laurent;2LGR26AKC8XS0DYHJ;;Website Payment;Completed;EUR;9,99;-0,64;9,35;ORD-503844
28/06/2026;13:02:49;GMT;Søren Kjær;NHG2BR54AD2KPDX73;;Website Payment;Completed;GBP;4,49;-0,43;4,06;ORD-503692
28/06/2026;13:09:08;GMT;François Dubois;67QJV4JAL9SFNH8L6;;Website Payment;Completed;EUR;9,99;-0,64;9,35;ORD-503540
28/06/2026;13:10:59;GMT;María Álvarez;F41LHQ3ZA3AGEUSMM;;Website Payment;Denied;GBP;8,99;0,00;0,00;ORD-503127
28/06/2026;13:30:27;GMT;María Álvarez;CR05KHYZZXAYRPAMD;;Website Payment;Completed;EUR;59,99;-2,09;57,90;ORD-503441
28/06/2026;13:38:46;GMT;Céline Marchand;2V0YMSBMFR9DFVBBB;;Website Payment;Completed;EUR;9,99;-0,64;9,35;ORD-502825
28/06/2026;14:20:33;GMT;Jürgen Müller;C4V9HB9T18XLNPJUT;;Website Payment;Completed;EUR;9,99;-0,64;9,35;ORD-502643
28/06/2026;14:21:47;GMT;Agnès Rousseau;K2GCT0RAE8C2T9M1S;;Website Payment;Completed;EUR;59,99;-2,09;57,90;ORD-502878
28/06/2026;14:23:37;GMT;Nuño Ibáñez;31G9912FAAYQG6ACF;;Website Payment;Completed;EUR;9,99;-0,64;9,35;ORD-503787
28/06/2026;14:26:16;GMT;Renée Böhm;MZ98TCFWC6PYSLR49;;Website Payment;Completed;EUR;59,99;-2,09;57,90;ORD-502352
28/06/2026;14:49:47;GMT;Jürgen Müller;3FT8H8TLWPXGDEQ21;;Website Payment;Completed;EUR;9,99;-0,64;9,35;ORD-503708
28/06/2026;14:52:25;GMT;José García;FUH7DB9L0Y12NC15D;B7Q2Q31X9Z7ZRDF01;Refund;Refunded;EUR;-9,99;0,00;-9,99;ORD-503512
28/06/2026;14:58:03;GMT;Jürgen Müller;0FLVF37V1ZN11UA3P;;Website Payment;Completed;GBP;21,99;-0,94;21,05;ORD-503025
28/06/2026;15:15:00;GMT;Nuño Ibáñez;6F01N568XR1F3BKPL;;Website Payment;Denied;GBP;8,99;0,00;0,00;ORD-502860
28/06/2026;15:17:13;GMT;François Dubois;A6L2DJ8JMLBPCK7GG;;Website Payment;Completed;EUR;9,99;-0,64;9,35;ORD-502926
28/06/2026;15:22:00;GMT;Émilie Laurent;U5MFNK9M9N2SGCAY4;;Website Payment;Completed;GBP;8,99;-0,56;8,43;ORD-502318
28/06/2026;15:36:49;GMT;Jürgen Müller;A1KDY19F5M0B29WYC;;Website Payment;Completed;EUR;59,99;-2,09;57,90;ORD-502571
28/06/2026;15:51:53;GMT;Céline Marchand;MDLBS7BWL8YS1WASD;;Website Payment;Completed;EUR;59,99;-2,09;57,90;ORD-502268
28/06/2026;16:28:13;GMT;Nuño Ibáñez;565YPJMGMD6XVNE5R;;Website Payment;Completed;EUR;4,99;-0,49;4,50;ORD-502492
28/06/2026;16:29:43;GMT;Nuño Ibáñez;GLTDVJY0FGNPLWMPW;;Website Payment;Completed;EUR;9,99;-0,64;9,35;ORD-503507
28/06/2026;16:38:10;GMT;Céline Marchand;5Y1YSNX9AUB8BBF8M;;Website Payment;Completed;GBP;21,99;-0,94;21,05;ORD-503684
28/06/2026;17:18:26;GMT;Nuño Ibáñez;UFZZ2U68NZWEZ57CH;;Website Payment;Completed;EUR;24,99;-1,07;23,92;ORD-502688
28/06/2026;17:34:52;GMT;François Dubois;BD1ABDVEB4HV12ESB;;Website Payment;Completed;EUR;9,99;-0,64;9,35;ORD-502250
28/06/2026;17:42:20;GMT;Agnès Rousseau;HHQJP5G3YBADKH07C;;Website Payment;Completed;GBP;8,99;-0,56;8,43;ORD-502673
28/06/2026;17:42:24;GMT;José García;1VSWA1QS8B2UQNFSH;;Website Payment;Completed;GBP;54,99;-1,89;53,10;ORD-502832
28/06/2026;18:50:01;GMT;Céline Marchand;3MR3N7NK9JSSW8L46;;Website Payment;Completed;EUR;4,99;-0,49;4,50;ORD-503028
28/06/2026;19:09:18;GMT;Nuño Ibáñez;EDVCKNN1BHL4USQD0;;Website Payment;Completed;EUR;24,99;-1,07;23,92;ORD-502281
28/06/2026;19:55:48;GMT;Renée Böhm;F6RFQPR72XBGS12T2;;Website Payment;Completed;EUR;9,99;-0,64;9,35;ORD-503868
28/06/2026;20:27:04;GMT;Agnès Rousseau;B2G9D9U92F1VU4P8L;;Website Payment;Completed;EUR;9,99;-0,64;9,35;ORD-503898
29/06/2026;07:14:31;GMT;Renée Böhm;MD12XN5G5G9856SCR;;Website Payment;Completed;EUR;9,99;-0,64;9,35;ORD-502439
29/06/2026;07:58:43;GMT;Céline Marchand;7RG28CU8W2G02CV1U;;Website Payment;Completed;GBP;8,99;-0,56;8,43;ORD-502957
29/06/2026;08:07:17;GMT;Céline Marchand;DPGWEJZVHBNVY8M3X;;Website Payment;Completed;EUR;24,99;-1,07;23,92;ORD-502539
29/06/2026;08:26:57;GMT;Émilie Laurent;1Y0AKT41AK2NV43RM;;Website Payment;Completed;EUR;59,99;-2,09;57,90;ORD-503677
29/06/2026;08:27:55;GMT;François Dubois;S5A4EW9P1D7522XN9;;Website Payment;Completed;EUR;4,99;-0,49;4,50;ORD-503472
29/06/2026;08:43:16;GMT;Agnès Rousseau;G992REF1TX8NY6CHE;;Website Payment;Completed;EUR;9,99;-0,64;9,35;ORD-503803
29/06/2026;08:48:01;GMT;Céline Marchand;40UCCT7S25QCRY41K;;Website Payment;Completed;EUR;59,99;-2,09;57,90;ORD-502211
29/06/2026;09:19:32;GMT;José García;NAWXBD9JX7JXLTU0C;;Website Payment;Completed;GBP;21,99;-0,94;21,05;ORD-502987
29/06/2026;09:29:23;GMT;Søren Kjær;0YF7YUPX0B1CHT43T;;Website Payment;Completed;EUR;4,99;-0,49;4,50;ORD-502411
29/06/2026;09:45:22;GMT;Agnès Rousseau;VLYHF9YS3BBWFMYEN;;Website Payment;Completed;EUR;59,99;-2,09;57,90;ORD-502422
29/06/2026;10:11:15;GMT;François Dubois;0XZVFA23Z8ZJ9AD31;;Website Payment;Completed;EUR;9,99;-0,64;9,35;ORD-503809
29/06/2026;10:13:30;GMT;Agnès Rousseau;FAKS1JHAWKEWSADF3;;Website Payment;Completed;EUR;4,99;-0,49;4,50;ORD-502719
29/06/2026;10:18:10;GMT;Céline Marchand;A69MZKG9S13W4URV9;;Website Payment;Completed;EUR;24,99;-1,07;23,92;ORD-502495
29/06/2026;10:54:51;GMT;Renée Böhm;T0Z23C9VM7J8L1Z18;;Website Payment;Completed;EUR;9,99;-0,64;9,35;ORD-503270
29/06/2026;11:02:44;GMT;José García;CFXJDBNET6E62PSNY;;Website Payment;Completed;EUR;24,99;-1,07;23,92;ORD-502575
29/06/2026;11:03:38;GMT;María Álvarez;C5HJU0CLUBWN5E0JW;;Website Payment;Completed;EUR;24,99;-1,07;23,92;ORD-503626
29/06/2026;11:10:10;GMT;François Dubois;TY0230KCUA7P37Q6T;;Website Payment;Completed;EUR;9,99;-0,64;9,35;ORD-502479
29/06/2026;11:27:59;GMT;Émilie Laurent;2PQ55YFRP2YEF57NP;;Website Payment;Completed;GBP;4,49;-0,43;4,06;ORD-502184
29/06/2026;11:39:11;GMT;María Álvarez;69HMLLVHQL4M6KCXU;;Website Payment;Completed;EUR;9,99;-0,64;9,35;ORD-502910
29/06/2026;11:45:20;GMT;Jürgen Müller;Z88369AZDMRXMLW0Z;;Website Payment;Completed;EUR;9,99;-0,64;9,35;ORD-503813
29/06/2026;11:49:50;GMT;Jürgen Müller;7KKHTRTKCQZJLUBQ7;;Website Payment;Completed;EUR;9,99;-0,64;9,35;ORD-502171
29/06/2026;12:09:33;GMT;Céline Marchand;V8JVTF3QHEJFEMNAY;;Website Payment;Completed;EUR;9,99;-0,64;9,35;ORD-503553
29/06/2026;12:17:55;GMT;Agnès Rousseau;L60U30FLK6X19LJQZ;;Website Payment;Completed;EUR;59,99;-2,09;57,90;ORD-502680
29/06/2026;12:30:49;GMT;Agnès Rousseau;T9RJ13A5B15DYQ65P;;Website Payment;Completed;EUR;9,99;-0,64;9,35;ORD-502642
29/06/2026;12:36:55;GMT;Jürgen Müller;WUMCG47AEC2DQRZNJ;;Website Payment;Completed;EUR;24,99;-1,07;23,92;ORD-503644
29/06/2026;13:03:15;GMT;Søren Kjær;J275KJMT69WUY3ESR;;Website Payment;Completed;GBP;8,99;-0,56;8,43;ORD-502257
29/06/2026;13:09:21;GMT;José García;W9E8QSS5EALML4SP0;;Website Payment;Completed;GBP;21,99;-0,94;21,05;ORD-502514
29/06/2026;13:36:46;GMT;Nuño Ibáñez;DF7NQCSPX7FZYV5RH;;Website Payment;Completed;EUR;9,99;-0,64;9,35;ORD-503240
29/06/2026;13:50:28;GMT;José García;SQHV1WVQA2PXQGLSC;;Website Payment;Completed;EUR;59,99;-2,09;57,90;ORD-502212
29/06/2026;13:57:41;GMT;Renée Böhm;1PH9FFKAZEB2RNYPN;;Website Payment;Completed;EUR;4,99;-0,49;4,50;ORD-502725
29/06/2026;14:00:06;GMT;Renée Böhm;10PVXBGVPMGMPAVHY;;Website Payment;Completed;GBP;4,49;-0,43;4,06;ORD-502619
29/06/2026;14:05:32;GMT;Nuño Ibáñez;PN4U2B8272382QK3X;;Website Payment;Completed;EUR;9,99;-0,64;9,35;ORD-502885
29/06/2026;14:14:21;GMT;María Álvarez;FCV6B474LZKXNQXSL;;Website Payment;Completed;EUR;9,99;-0,64;9,35;ORD-502773
29/06/2026;14:18:49;GMT;Jürgen Müller;ZVC0J3HQXUVBGX6U7;;Website Payment;Completed;GBP;54,99;-1,89;53,10;ORD-503804
29/06/2026;14:23:45;GMT;Renée Böhm;GKZQEEG24NWZ3K4RV;;Website Payment;Completed;EUR;9,99;-0,64;9,35;ORD-502684
29/06/2026;14:28:22;GMT;Agnès Rousseau;HGL9PB4MRAY3TF19S;;Website Payment;Completed;EUR;9,99;-0,64;9,35;ORD-502689
29/06/2026;14:33:22;GMT;María Álvarez;UKD58JK0HPTXU2ZXZ;;Website Payment;Completed;EUR;24,99;-1,07;23,92;ORD-502293
29/06/2026;14:41:03;GMT;Agnès Rousseau;9P9N7920RUBAVSW1M;;Website Payment;Completed;EUR;24,99;-1,07;23,92;ORD-502806
29/06/2026;14:43:02;GMT;Jürgen Müller;JJX7ZND2YS56QDCA2;;Website Payment;Completed;EUR;9,99;-0,64;9,35;ORD-503820
29/06/2026;14:43:43;GMT;Agnès Rousseau;TV9W61A0361CX7PUF;;Website Payment;Denied;EUR;59,99;0,00;0,00;ORD-502558
29/06/2026;14:45:18;GMT;Jürgen Müller;6W02YMCSAHNT8VTUP;;Website Payment;Completed;GBP;8,99;-0,56;8,43;ORD-502151
29/06/2026;14:53:23;GMT;Søren Kjær;29RC5U1GPY0EJT7JK;;Website Payment;Completed;EUR;9,99;-0,64;9,35;ORD-502621
29/06/2026;15:02:26;GMT;María Álvarez;1KBLE56YBA0QV4Y90;FTCD9EGRA876NDQ96;Refund;Refunded;GBP;-21,99;0,00;-21,99;ORD-503831
29/06/2026;15:03:56;GMT;François Dubois;3AX9E09W9FQR2USB8;;Website Payment;Completed;EUR;9,99;-0,64;9,35;ORD-502395
29/06/2026;16:56:04;GMT;Céline Marchand;3NKKJLPQR5H8KS3W9;;Website Payment;Completed;EUR;9,99;-0,64;9,35;ORD-502178
29/06/2026;17:13:29;GMT;Nuño Ibáñez;N2DTDAYZN6SM2JRGE;;Website Payment;Completed;EUR;9,99;-0,64;9,35;ORD-502260
29/06/2026;17:46:38;GMT;Émilie Laurent;NYX2WM3PJEXD1RYY9;;Website Payment;Completed;EUR;9,99;-0,64;9,35;ORD-503874
29/06/2026;18:15:52;GMT;Søren Kjær;5M3QH1HZYZXZW5TSP;;Website Payment;Completed;EUR;59,99;-2,09;57,90;ORD-502955
29/06/2026;18:18:05;GMT;Céline Marchand;65KDQEP4PK2C50XH9;;Website Payment;Completed;EUR;4,99;-0,49;4,50;ORD-502923
29/06/2026;18:30:29;GMT;Nuño Ibáñez;KYLAA6RSEBBDX99CF;;Website Payment;Completed;EUR;59,99;-2,09;57,90;ORD-502749
29/06/2026;18:38:49;GMT;Renée Böhm;WSDWN84D86GKHMQ4K;;Website Payment;Denied;GBP;8,99;0,00;0,00;ORD-503729
29/06/2026;18:42:04;GMT;Agnès Rousseau;8U7ZPE56DWM7YT0XY;;Website Payment;Completed;GBP;8,99;-0,56;8,43;ORD-502768
29/06/2026;18:43:03;GMT;Agnès Rousseau;CZ8B2WQMBGDZTNDUG;;Website Payment;Completed;EUR;9,99;-0,64;9,35;ORD-502947
29/06/2026;18:56:52;GMT;José García;VE4QDJJDU81WAWR28;;Website Payment;Completed;EUR;9,99;-0,64;9,35;ORD-503733
29/06/2026;19:02:26;GMT;Renée Böhm;22C3X0N15ZP20ZG81;;Website Payment;Denied;EUR;4,99;0,00;0,00;ORD-503114
29/06/2026;19:02:54;GMT;María Álvarez;W8HDXJJNB2BB0HD40;;Website Payment;Completed;EUR;59,99;-2,09;57,90;ORD-503689
29/06/2026;19:28:37;GMT;François Dubois;YK52D1963F03BA2HM;;Website Payment;Completed;EUR;24,99;-1,07;23,92;ORD-503651
29/06/2026;19:35:41;GMT;Émilie Laurent;Y9P6MWU3HQ84Z7UDT;;Website Payment;Completed;EUR;4,99;-0,49;4,50;ORD-502685
29/06/2026;20:32:21;GMT;Renée Böhm;DS0W714BRSPXPV21M;;Website Payment;Completed;EUR;24,99;-1,07;23,92;ORD-503834
30/06/2026;07:24:22;GMT;Jürgen Müller;QP5NA6Z7JYRLZFAEP;;Website Payment;Completed;EUR;59,99;-2,09;57,90;ORD-502220
30/06/2026;08:18:38;GMT;Jürgen Müller;0H1HHMDN1D9KHL7TE;;Website Payment;Completed;EUR;59,99;-2,09;57,90;ORD-503608
30/06/2026;08:30:29;GMT;Jürgen Müller;UZZD0QU28A2JU347V;;Website Payment;Completed;EUR;24,99;-1,07;23,92;ORD-502813
30/06/2026;08:30:44;GMT;María Álvarez;NTJYDV1K8FSKFJGHR;;Website Payment;Completed;EUR;59,99;-2,09;57,90;ORD-502331
30/06/2026;08:55:29;GMT;Søren Kjær;29HM274M0F1MEPULJ;;Website Payment;Completed;EUR;4,99;-0,49;4,50;ORD-502128
30/06/2026;08:59:06;GMT;Renée Böhm;BVLP45613JZWUK351;;Website Payment;Completed;EUR;9,99;-0,64;9,35;ORD-503315
30/06/2026;09:19:09;GMT;Jürgen Müller;FGYQYNMJJ4516BABY;;Website Payment;Completed;EUR;4,99;-0,49;4,50;ORD-502288
30/06/2026;09:50:31;GMT;Søren Kjær;H97XX4ELZUTF3KSKR;;Website Payment;Completed;GBP;21,99;-0,94;21,05;ORD-503413
30/06/2026;10:05:46;GMT;Émilie Laurent;SXKXGK512L7J20VMG;;Website Payment;Completed;GBP;8,99;-0,56;8,43;ORD-503181
30/06/2026;10:08:56;GMT;Céline Marchand;L9KFH05MSQXG1LQFS;;Website Payment;Completed;EUR;9,99;-0,64;9,35;ORD-502781
30/06/2026;10:12:27;GMT;Nuño Ibáñez;ECGR5CBBNXZAR3XMX;;Website Payment;Completed;EUR;59,99;-2,09;57,90;ORD-502653
30/06/2026;10:30:50;GMT;María Álvarez;QGYXPZPGCAU226TJF;;Website Payment;Completed;GBP;8,99;-0,56;8,43;ORD-502381
30/06/2026;10:46:50;GMT;Renée Böhm;VRGXLSYBY7AF8FFJA;;Website Payment;Completed;EUR;59,99;-2,09;57,90;ORD-502569
30/06/2026;11:02:16;GMT;Céline Marchand;FW1HH23FG18LC0X21;;Website Payment;Completed;EUR;9,99;-0,64;9,35;ORD-502420
30/06/2026;11:53:43;GMT;Nuño Ibáñez;9WUUSGRWRCQADZ1DT;;Website Payment;Completed;EUR;59,99;-2,09;57,90;ORD-502332
30/06/2026;12:12:50;GMT;Søren Kjær;LKCJ1A6PJHCCTRYP4;;Website Payment;Completed;EUR;9,99;-0,64;9,35;ORD-503261
30/06/2026;12:14:28;GMT;Nuño Ibáñez;3K8BDV144QPWXJFXF;;Website Payment;Completed;EUR;59,99;-2,09;57,90;ORD-503356
30/06/2026;12:29:18;GMT;Émilie Laurent;VZGU90KA93R07ADSK;;Website Payment;Completed;EUR;59,99;-2,09;57,90;ORD-502393
30/06/2026;12:30:44;GMT;Nuño Ibáñez;UQ4JWX2YMM9VU3ZG9;;Website Payment;Completed;EUR;9,99;-0,64;9,35;ORD-502851
30/06/2026;12:38:51;GMT;Søren Kjær;BJZ1XRG22VCADWSPB;;Website Payment;Completed;EUR;24,99;-1,07;23,92;ORD-503566
30/06/2026;12:46:45;GMT;José García;C4HENZBG7QLJC34FW;;Website Payment;Completed;EUR;24,99;-1,07;23,92;ORD-503590
30/06/2026;12:48:05;GMT;Nuño Ibáñez;553FJ7DU4SPE236VA;;Website Payment;Completed;GBP;4,49;-0,43;4,06;ORD-502581
30/06/2026;12:50:26;GMT;Jürgen Müller;17JMLW89LBVJN2NQW;;Website Payment;Completed;EUR;9,99;-0,64;9,35;ORD-503480
30/06/2026;13:02:23;GMT;Nuño Ibáñez;G1RN168XUKU6GWRJJ;;Website Payment;Completed;EUR;9,99;-0,64;9,35;ORD-502353
30/06/2026;13:04:01;GMT;Émilie Laurent;N6661JNDSPXJ7K334;;Website Payment;Completed;EUR;9,99;-0,64;9,35;ORD-503192
30/06/2026;13:13:29;GMT;José García;80X5CKX58BJP2QX90;;Website Payment;Completed;EUR;9,99;-0,64;9,35;ORD-502942
30/06/2026;13:16:57;GMT;Jürgen Müller;3E4YKFHUCZBJWV796;;Website Payment;Completed;EUR;9,99;-0,64;9,35;ORD-503242
30/06/2026;13:38:11;GMT;Émilie Laurent;EKT0SQCT3WTMCQ0X6;;Website Payment;Completed;EUR;9,99;-0,64;9,35;ORD-503344
30/06/2026;13:45:17;GMT;José García;BG2N20NR2MXZEJNEN;;Website Payment;Denied;EUR;4,99;0,00;0,00;ORD-502193
30/06/2026;13:48:44;GMT;Agnès Rousseau;8UCW2GHX18657DKWB;;Website Payment;Completed;EUR;9,99;-0,64;9,35;ORD-503761
30/06/2026;13:57:00;GMT;Renée Böhm;1YNZ2QSQ30V4EMK09;;Website Payment;Completed;EUR;24,99;-1,07;23,92;ORD-502261
30/06/2026;14:07:10;GMT;Renée Böhm;71HZ9JG5X6AKWYENJ;;Website Payment;Completed;GBP;21,99;-0,94;21,05;ORD-502627
30/06/2026;14:10:47;GMT;Nuño Ibáñez;7VMA4BDQWUTNUK8TZ;;Website Payment;Completed;EUR;9,99;-0,64;9,35;ORD-502543
30/06/2026;14:19:42;GMT;Émilie Laurent;PSE6NPCEY1V7UVSKY;;Website Payment;Completed;EUR;9,99;-0,64;9,35;ORD-502873
30/06/2026;14:40:13;GMT;Søren Kjær;EU34PBEXNBFL2L738;;Website Payment;Completed;EUR;9,99;-0,64;9,35;ORD-503697
30/06/2026;15:05:18;GMT;Céline Marchand;W2DGJM8AJL7VG5UPE;;Website Payment;Completed;GBP;54,99;-1,89;53,10;ORD-502614
30/06/2026;15:23:22;GMT;Jürgen Müller;JVYB681VH151S9ZCU;;Website Payment;Completed;EUR;59,99;-2,09;57,90;ORD-503222
30/06/2026;15:23:26;GMT;Søren Kjær;D3MNSHNBN6EWR8BVZ;;Website Payment;Completed;EUR;4,99;-0,49;4,50;ORD-502874
30/06/2026;15:36:48;GMT;Agnès Rousseau;5LETSUFDGGK6RBYD6;;Website Payment;Completed;EUR;9,99;-0,64;9,35;ORD-502949
30/06/2026;15:37:05;GMT;François Dubois;4RMLB2VRG4C140JAU;;Website Payment;Completed;EUR;4,99;-0,49;4,50;ORD-502921
30/06/2026;15:37:27;GMT;Céline Marchand;T0R33MMRT393NXJ7N;;Website Payment;Completed;EUR;24,99;-1,07;23,92;ORD-503474
30/06/2026;16:02:30;GMT;Céline Marchand;530RAD6161C5EXY2X;;Website Payment;Completed;EUR;9,99;-0,64;9,35;ORD-503362
30/06/2026;16:12:45;GMT;François Dubois;4NJ2Y50S7ED36MZJR;;Website Payment;Completed;EUR;4,99;-0,49;4,50;ORD-502359
30/06/2026;16:33:08;GMT;Nuño Ibáñez;XTGMK0P19WLQVTLXT;;Website Payment;Completed;EUR;24,99;-1,07;23,92;ORD-502578
30/06/2026;16:38:42;GMT;María Álvarez;KNN2C1WJNJBEG5P8C;;Website Payment;Completed;EUR;4,99;-0,49;4,50;ORD-502763
30/06/2026;17:03:25;GMT;Renée Böhm;Z3GUW24NW1109TL0N;;Website Payment;Completed;EUR;24,99;-1,07;23,92;ORD-502490
30/06/2026;17:11:20;GMT;Søren Kjær;H91D07WTB71NQ05S8;;Website Payment;Completed;EUR;9,99;-0,64;9,35;ORD-502226
30/06/2026;17:43:45;GMT;François Dubois;FW48X75XY6EKM182R;;Website Payment;Completed;EUR;9,99;-0,64;9,35;ORD-503382
30/06/2026;17:51:22;GMT;María Álvarez;AVGL17N6BMS7SN6VC;;Website Payment;Completed;EUR;9,99;-0,64;9,35;ORD-502814
30/06/2026;18:17:53;GMT;María Álvarez;HKKK0Y31FCP5HE30X;;Website Payment;Denied;EUR;24,99;0,00;0,00;ORD-503389
30/06/2026;18:28:28;GMT;Renée Böhm;HFYYAF60NRA3QF6LR;;Website Payment;Completed;EUR;9,99;-0,64;9,35;ORD-503679
30/06/2026;18:35:27;GMT;José García;HPF9544RCH21YMM76;;Website Payment;Completed;EUR;4,99;-0,49;4,50;ORD-503238
30/06/2026;19:07:39;GMT;María Álvarez;W3QPLXSJGNE1Y4BX0;;Website Payment;Completed;EUR;9,99;-0,64;9,35;ORD-503648
30/06/2026;19:19:23;GMT;Céline Marchand;ZQEUQ3GQWVBFCXPFY;;Website Payment;Completed;EUR;24,99;-1,07;23,92;ORD-502216
30/06/2026;19:24:29;GMT;Renée Böhm;UZZZY3NWD2WMXYVJ2;;Website Payment;Completed;EUR;24,99;-1,07;23,92;ORD-502905
30/06/2026;19:26:42;GMT;Nuño Ibáñez;NBRP8CD49FJXDKRTR;;Website Payment;Denied;GBP;8,99;0,00;0,00;ORD-503047
30/06/2026;19:47:16;GMT;Agnès Rousseau;CM6563BDHXTSHQKFH;;Website Payment;Completed;EUR;24,99;-1,07;23,92;ORD-502195
30/06/2026;19:48:46;GMT;Søren Kjær;BFTA6M6554GQHLSRC;;Website Payment;Completed;EUR;9,99;-0,64;9,35;ORD-502467
01/07/2026;08:48:18;GMT;Renée Böhm;9U64VESXLKGXBYJWA;;Website Payment;Completed;EUR;4,99;-0,49;4,50;ORD-503925
01/07/2026;08:54:30;GMT;Nuño Ibáñez;781FPU8UPDFKZ2QM5;;Website Payment;Completed;EUR;9,99;-0,64;9,35;ORD-503917
01/07/2026;09:10:53;GMT;María Álvarez;245WHWGNQDGZSJ2TY;;Website Payment;Completed;EUR;9,99;-0,64;9,35;ORD-503934
01/07/2026;09:48:26;GMT;Agnès Rousseau;30JLTEZH89MB61Y8Z;;Website Payment;Completed;GBP;8,99;-0,56;8,43;ORD-503924
01/07/2026;10:18:11;GMT;François Dubois;D39NL6Q6PUDWXMAWQ;;Website Payment;Completed;EUR;9,99;-0,64;9,35;ORD-503946
01/07/2026;10:38:29;GMT;Jürgen Müller;WCMG2E86P5SW2L66Z;;Website Payment;Completed;EUR;24,99;-1,07;23,92;ORD-503932
01/07/2026;10:56:42;GMT;José García;54HJYUZD2K7K33CL0;;Website Payment;Completed;EUR;9,99;-0,64;9,35;ORD-503928
01/07/2026;11:15:44;GMT;Agnès Rousseau;0BE42V2Q189E6JS9B;NTJYDV1K8FSKFJGHR;Refund;Refunded;EUR;-59,99;0,00;-59,99;ORD-502331
01/07/2026;11:26:05;GMT;Søren Kjær;L9W6NQP48B85QGHGH;;Website Payment;Completed;EUR;9,99;-0,64;9,35;ORD-503947
01/07/2026;11:29:14;GMT;François Dubois;Y1NZ0WSU0SYNB9VQ6;7RK8U87SAZQ09W5B6;Refund;Refunded;GBP;-11,00;0,00;-11,00;ORD-503750
01/07/2026;12:40:49;GMT;Céline Marchand;R6VVLZGYETF04FDE2;5ZN4K2KKV4H6MBXJ7;Refund;Refunded;EUR;-5,00;0,00;-5,00;ORD-502532
01/07/2026;14:19:10;GMT;María Álvarez;4THXQ7J6A6RQGSVV8;;Website Payment;Completed;EUR;9,99;-0,64;9,35;ORD-503927
01/07/2026;16:35:20;GMT;Søren Kjær;15NZ57K8RPVQJ9WS7;;Website Payment;Completed;GBP;8,99;-0,56;8,43;ORD-503915
01/07/2026;16:42:06;GMT;Céline Marchand;DVT8CUT49PWZ4BLV1;;Website Payment;Completed;EUR;24,99;-1,07;23,92;ORD-503930
01/07/2026;17:23:06;GMT;Agnès Rousseau;GST9SUNXKBZQJEF53;BVLP45613JZWUK351;Refund;Refunded;EUR;-5,00;0,00;-5,00;ORD-503315
01/07/2026;18:12:07;GMT;Émilie Laurent;3A3TM58T5HP0CVZN5;;Website Payment;Completed;EUR;9,99;-0,64;9,35;ORD-503933
01/07/2026;18:48:56;GMT;Émilie Laurent;2R6SZMK0ZDDDYR5LD;;Website Payment;Completed;EUR;9,99;-0,64;9,35;ORD-503907
02/07/2026;09:43:50;GMT;Céline Marchand;2TSWZYP7RA0L8ZBRM;;Website Payment;Completed;EUR;24,99;-1,07;23,92;ORD-503941
02/07/2026;10:23:06;GMT;Nuño Ibáñez;5VNVC7ZQPY6HN5W3B;;Website Payment;Completed;EUR;9,99;-0,64;9,35;ORD-503942
02/07/2026;10:52:13;GMT;Nuño Ibáñez;3DBXMY8G7JXWHXG22;5ZDLC5YGC5R48V23B;Refund;Refunded;EUR;-59,99;0,00;-59,99;ORD-503555
02/07/2026;11:23:38;GMT;Nuño Ibáñez;FQ39ZRH0GJ4WYXAM7;;Website Payment;Completed;GBP;8,99;-0,56;8,43;ORD-503913
02/07/2026;11:38:40;GMT;Nuño Ibáñez;050RQ8SZB5JWFTTQ4;;Website Payment;Completed;EUR;9,99;-0,64;9,35;ORD-503935
02/07/2026;11:46:40;GMT;Søren Kjær;AP4DCSPPQ7430H4D5;;Website Payment;Completed;EUR;4,99;-0,49;4,50;ORD-503919
02/07/2026;12:11:30;GMT;Céline Marchand;9MUQ2B53EDE0KEALL;;Website Payment;Denied;EUR;24,99;0,00;0,00;ORD-503945
02/07/2026;13:14:15;GMT;Céline Marchand;HMEU92NK27WF3PZQN;;Website Payment;Completed;EUR;9,99;-0,64;9,35;ORD-503912
02/07/2026;13:27:19;GMT;Céline Marchand;B0K9JSPM5B4M9YA50;;Website Payment;Completed;EUR;24,99;-1,07;23,92;ORD-503926
02/07/2026;15:13:29;GMT;Émilie Laurent;JK6R8XHTXRH0UE62P;;Website Payment;Completed;EUR;9,99;-0,64;9,35;ORD-503921
02/07/2026;15:26:11;GMT;Agnès Rousseau;8EKM3TKM67HG7WMLC;;Website Payment;Completed;GBP;8,99;-0,56;8,43;ORD-503948
02/07/2026;16:23:01;GMT;Renée Böhm;9GEWNDQ58L7MBANG8;;Website Payment;Completed;EUR;24,99;-1,07;23,92;ORD-503939
02/07/2026;16:25:18;GMT;Søren Kjær;99CZ713U70L5PKE2W;;Website Payment;Completed;EUR;9,99;-0,64;9,35;ORD-503911
02/07/2026;17:49:41;GMT;José García;UWC14ZV20VHJX7YN9;;Website Payment;Completed;EUR;24,99;-1,07;23,92;ORD-503918
02/07/2026;18:16:33;GMT;Céline Marchand;0KMKSD4D3JV92X5UR;;Website Payment;Completed;GBP;54,99;-1,89;53,10;ORD-503940
02/07/2026;18:40:44;GMT;François Dubois;0Q6T4PCS80N27BY68;;Website Payment;Completed;EUR;4,99;-0,49;4,50;ORD-503938
03/07/2026;09:01:00;GMT;Jürgen Müller;QXUCCRPA1G6VPSGL3;JRMQKFHYXC4GEW63F;Refund;Refunded;EUR;-9,99;0,00;-9,99;ORD-503283
03/07/2026;09:22:48;GMT;François Dubois;QMWZEPDRKPJ1H8901;;Website Payment;Completed;EUR;4,99;-0,49;4,50;ORD-503909
03/07/2026;09:35:07;GMT;Agnès Rousseau;1SL781NPM6041NJ0C;;Website Payment;Completed;EUR;4,99;-0,49;4,50;ORD-503931
03/07/2026;09:37:00;GMT;Céline Marchand;EUM1B13NTC57J1D90;CSF36AN1XC4D1FRLC;Refund;Refunded;GBP;-8,99;0,00;-8,99;ORD-503900
03/07/2026;09:45:54;GMT;Agnès Rousseau;UY0MLVDHRU6YH1ZUE;;Website Payment;Completed;EUR;4,99;-0,49;4,50;ORD-503944
03/07/2026;09:59:52;GMT;Søren Kjær;6K6RXS37HHS9A1SK1;;Website Payment;Completed;EUR;9,99;-0,64;9,35;ORD-503943
03/07/2026;10:48:26;GMT;José García;K2JZQQNJK8C4YMHF4;;Website Payment;Completed;GBP;21,99;-0,94;21,05;ORD-503936
03/07/2026;10:50:40;GMT;Nuño Ibáñez;FZCC0QEX6P9NZR9NF;;Website Payment;Completed;EUR;9,99;-0,64;9,35;ORD-503937
03/07/2026;10:55:50;GMT;Céline Marchand;S8P624FFDV150VP4V;;Website Payment;Completed;GBP;54,99;-1,89;53,10;ORD-503929
03/07/2026;11:13:00;GMT;Søren Kjær;6UH7FDNZ714UFGT5K;BJZ1XRG22VCADWSPB;Refund;Refunded;EUR;-24,99;0,00;-24,99;ORD-503566
03/07/2026;11:16:00;GMT;María Álvarez;5G14G0C3Z8WT8Q4NX;3MR3N7NK9JSSW8L46;Refund;Refunded;EUR;-2,50;0,00;-2,50;ORD-503028
03/07/2026;11:22:03;GMT;Agnès Rousseau;2X3V1GT70A7LMWKC8;;Website Payment;Completed;EUR;9,99;-0,64;9,35;ORD-503914
03/07/2026;12:04:34;GMT;Renée Böhm;D4WF6464DHDBD5SSG;;Website Payment;Completed;EUR;24,99;-1,07;23,92;ORD-503920
03/07/2026;12:24:59;GMT;Nuño Ibáñez;UV08MDU2ATRLD1EJH;R0Y8BSNCA9Y4Q5VU1;Refund;Refunded;EUR;-9,99;0,00;-9,99;ORD-502109
03/07/2026;13:38:53;GMT;María Álvarez;CD4CLTX36E0QYT5D4;;Website Payment;Completed;EUR;9,99;-0,64;9,35;ORD-503922
03/07/2026;13:39:00;GMT;Agnès Rousseau;EJ08SD33Y6SN2FKZN;9QFP3J46JN37JQKLR;Refund;Refunded;EUR;-59,99;0,00;-59,99;ORD-503209
03/07/2026;13:52:00;GMT;Émilie Laurent;GQ5Q85Y2N23A0EKM0;AKXGEUTV0B2M494X8;Refund;Refunded;GBP;-4,50;0,00;-4,50;ORD-503613
03/07/2026;14:03:04;GMT;Søren Kjær;ELR4Q80AL5G5CUMKG;;Website Payment;Completed;EUR;24,99;-1,07;23,92;ORD-503916
03/07/2026;14:23:02;GMT;Renée Böhm;0JBJCBUSVJ3GU6Z2S;;Website Payment;Completed;GBP;21,99;-0,94;21,05;ORD-503908
03/07/2026;15:31:00;GMT;Renée Böhm;XCDEYFDKXMR25UTS9;GAJAFAHTVJ1594K02;Refund;Refunded;EUR;-12,50;0,00;-12,50;ORD-502818
03/07/2026;15:35:47;GMT;Søren Kjær;J3YU8RV9DVVPAQGD6;;Website Payment;Completed;EUR;9,99;-0,64;9,35;ORD-503906
03/07/2026;15:38:54;GMT;Søren Kjær;44AMSUEKAGL89NH9W;5TZ02VMFWQW0AZPT5;Refund;Refunded;EUR;-24,99;0,00;-24,99;ORD-503490
03/07/2026;15:52:50;GMT;Nuño Ibáñez;DR2U0H35EJALAXTN7;;Website Payment;Completed;EUR;9,99;-0,64;9,35;ORD-503950
03/07/2026;15:54:43;GMT;Renée Böhm;U3FFZYHJ2FAQQ8D67;;Website Payment;Completed;EUR;4,99;-0,49;4,50;ORD-503923
03/07/2026;16:39:26;GMT;Agnès Rousseau;KDKK8BZ8E1289PX04;;Website Payment;Completed;GBP;21,99;-0,94;21,05;ORD-503910
03/07/2026;16:59:00;GMT;José García;TMPP3GTVTBWX0373D;487P191VWE98JM41E;Refund;Refunded;EUR;-59,99;0,00;-59,99;ORD-503822
03/07/2026;17:35:47;GMT;François Dubois;NPW1UWMGEYKRS4TPW;;Website Payment;Completed;GBP;4,49;-0,43;4,06;ORD-503949
06/09/2026;12:20:00;GMT;Émilie Laurent;TB26YQYEK9R2G8HQE;;Website Payment;Completed;EUR;9,99;-0,64;9,35;ORD-507783
06/12/2026;12:20:00;GMT;Émilie Laurent;GCV75356TRMG1HNWM;;Website Payment;Completed;EUR;9,99;-0,64;9,35;ORD-507784
